id,question,question_category,number_of_answer,number_of_vote,number_of_view,answer_link,question_tag,answer
p-96-a-0,কোন এনজাইমের দ্বারা কাটা ডিএনএ জোড়া দেওয়া হয়?,জীববিজ্ঞান,4,0,136,https://www.sciencebee.com.bd/qna/24992/%E0%A6%8F%E0%A6%A8%E0%A6%9C%E0%A6%BE%E0%A6%87%E0%A6%AE%E0%A7%87%E0%A6%B0-%E0%A6%A6%E0%A7%8D%E0%A6%AC%E0%A6%BE%E0%A6%B0%E0%A6%BE,"['জোড়া', 'ডিএনএ']",লাইগেজ এনজাইমের দ্বারা কাটা ডিএনএ জোড়া দেওয়া হয়
p-96-a-1,কোন এনজাইমের দ্বারা কাটা ডিএনএ জোড়া দেওয়া হয়?,জীববিজ্ঞান,4,0,136,https://www.sciencebee.com.bd/qna/24992/%E0%A6%8F%E0%A6%A8%E0%A6%9C%E0%A6%BE%E0%A6%87%E0%A6%AE%E0%A7%87%E0%A6%B0-%E0%A6%A6%E0%A7%8D%E0%A6%AC%E0%A6%BE%E0%A6%B0%E0%A6%BE,"['জোড়া', 'ডিএনএ']",লাইগেজ নামক এনজাইম দ্বারা কত্রণকৃত ডিএনএর দুটি প্রান্তে একই কোডিং সম্পন্ন নতুন সিকোয়েন্স কে জোড়া লাগানো হয়।অনেক ধরণের লাইগেজ এনজাইম পাওয়া যায়।
p-96-a-2,কোন এনজাইমের দ্বারা কাটা ডিএনএ জোড়া দেওয়া হয়?,জীববিজ্ঞান,4,0,136,https://www.sciencebee.com.bd/qna/24992/%E0%A6%8F%E0%A6%A8%E0%A6%9C%E0%A6%BE%E0%A6%87%E0%A6%AE%E0%A7%87%E0%A6%B0-%E0%A6%A6%E0%A7%8D%E0%A6%AC%E0%A6%BE%E0%A6%B0%E0%A6%BE,"['জোড়া', 'ডিএনএ']",লাইগেজ এনজাইম দিয়ে কাটা DNA জোড়া দেওয়া হয়
p-96-a-3,কোন এনজাইমের দ্বারা কাটা ডিএনএ জোড়া দেওয়া হয়?,জীববিজ্ঞান,4,0,136,https://www.sciencebee.com.bd/qna/24992/%E0%A6%8F%E0%A6%A8%E0%A6%9C%E0%A6%BE%E0%A6%87%E0%A6%AE%E0%A7%87%E0%A6%B0-%E0%A6%A6%E0%A7%8D%E0%A6%AC%E0%A6%BE%E0%A6%B0%E0%A6%BE,"['জোড়া', 'ডিএনএ']",লাইগেজ এনজাইম ব্যাবহার করে কাটা DNA জোড়া দেওয়া হয়।
p-96-a-4,কোন গ্রুপের রক্তকে সর্বজন গ্রহীতা বলে ?,জীববিজ্ঞান,5,0,145,https://www.sciencebee.com.bd/qna/24990/%E0%A6%97%E0%A7%8D%E0%A6%B0%E0%A7%81%E0%A6%AA%E0%A7%87%E0%A6%B0-%E0%A6%97%E0%A7%8D%E0%A6%B0%E0%A6%B9%E0%A7%80%E0%A6%A4%E0%A6%BE,"['রক্ত', 'গ্রুপ']",AB গ্রুপের রক্তকে সর্বজন গ্রহীতা বলা হয় I
p-96-a-5,কোন গ্রুপের রক্তকে সর্বজন গ্রহীতা বলে ?,জীববিজ্ঞান,5,0,145,https://www.sciencebee.com.bd/qna/24990/%E0%A6%97%E0%A7%8D%E0%A6%B0%E0%A7%81%E0%A6%AA%E0%A7%87%E0%A6%B0-%E0%A6%97%E0%A7%8D%E0%A6%B0%E0%A6%B9%E0%A7%80%E0%A6%A4%E0%A6%BE,"['রক্ত', 'গ্রুপ']",AB রক্তকে সার্বজনীন রক্তগ্রহীতা বলে ।এরা যেকোনো গ্রুপের থেকে রক্ত নিতে পারে ।
p-96-a-6,কোন গ্রুপের রক্তকে সর্বজন গ্রহীতা বলে ?,জীববিজ্ঞান,5,0,145,https://www.sciencebee.com.bd/qna/24990/%E0%A6%97%E0%A7%8D%E0%A6%B0%E0%A7%81%E0%A6%AA%E0%A7%87%E0%A6%B0-%E0%A6%97%E0%A7%8D%E0%A6%B0%E0%A6%B9%E0%A7%80%E0%A6%A4%E0%A6%BE,"['রক্ত', 'গ্রুপ']",যাদের রক্তের গ্রুপ AB তাদেরকে সার্বজনীন গ্রহীতা বলে কারন তারা যেকোনো ব্যক্তিদের থেকে রক্ত নিতে পারে।
p-96-a-7,কোন গ্রুপের রক্তকে সর্বজন গ্রহীতা বলে ?,জীববিজ্ঞান,5,0,145,https://www.sciencebee.com.bd/qna/24990/%E0%A6%97%E0%A7%8D%E0%A6%B0%E0%A7%81%E0%A6%AA%E0%A7%87%E0%A6%B0-%E0%A6%97%E0%A7%8D%E0%A6%B0%E0%A6%B9%E0%A7%80%E0%A6%A4%E0%A6%BE,"['রক্ত', 'গ্রুপ']",AB গ্রুপের রক্তকে সর্বজন গ্রহীতা বলা হয়। এই রক্তের গ্রুপের মানুষ যেকোনো গ্রুপের রক্ত নিতে পারে।
p-96-a-8,কোন গ্রুপের রক্তকে সর্বজন গ্রহীতা বলে ?,জীববিজ্ঞান,5,0,145,https://www.sciencebee.com.bd/qna/24990/%E0%A6%97%E0%A7%8D%E0%A6%B0%E0%A7%81%E0%A6%AA%E0%A7%87%E0%A6%B0-%E0%A6%97%E0%A7%8D%E0%A6%B0%E0%A6%B9%E0%A7%80%E0%A6%A4%E0%A6%BE,"['রক্ত', 'গ্রুপ']",AB group এর রক্তকে সর্বজনীন গ্রহীতা বলে।
p-96-a-9,কে প্রথম রোবট আবিস্কার করেন?,প্রযুক্তি,5,0,170,https://www.sciencebee.com.bd/qna/24988/%E0%A6%AA%E0%A7%8D%E0%A6%B0%E0%A6%A5%E0%A6%AE-%E0%A6%86%E0%A6%AC%E0%A6%BF%E0%A6%B8%E0%A7%8D%E0%A6%95%E0%A6%BE%E0%A6%B0,"['আবিষ্কার', 'আবিষ্কারক']",উইলিয়াম গে ওয়ালটার প্রথম রোবট আবিস্কার করেন
p-96-a-10,কে প্রথম রোবট আবিস্কার করেন?,প্রযুক্তি,5,0,170,https://www.sciencebee.com.bd/qna/24988/%E0%A6%AA%E0%A7%8D%E0%A6%B0%E0%A6%A5%E0%A6%AE-%E0%A6%86%E0%A6%AC%E0%A6%BF%E0%A6%B8%E0%A7%8D%E0%A6%95%E0%A6%BE%E0%A6%B0,"['আবিষ্কার', 'আবিষ্কারক']",প্রথম রোবট আবিষ্কার করেন উইলিয়াম গে ওয়ালটার নামের একজন বিজ্ঞানী ।
p-96-a-11,কে প্রথম রোবট আবিস্কার করেন?,প্রযুক্তি,5,0,170,https://www.sciencebee.com.bd/qna/24988/%E0%A6%AA%E0%A7%8D%E0%A6%B0%E0%A6%A5%E0%A6%AE-%E0%A6%86%E0%A6%AC%E0%A6%BF%E0%A6%B8%E0%A7%8D%E0%A6%95%E0%A6%BE%E0%A6%B0,"['আবিষ্কার', 'আবিষ্কারক']",প্রথম রোবট আবিস্কার করেন উইলিয়াম ওয়াল্টার
p-96-a-12,কে প্রথম রোবট আবিস্কার করেন?,প্রযুক্তি,5,0,170,https://www.sciencebee.com.bd/qna/24988/%E0%A6%AA%E0%A7%8D%E0%A6%B0%E0%A6%A5%E0%A6%AE-%E0%A6%86%E0%A6%AC%E0%A6%BF%E0%A6%B8%E0%A7%8D%E0%A6%95%E0%A6%BE%E0%A6%B0,"['আবিষ্কার', 'আবিষ্কারক']",উইলিয়াম ওয়াল্টার নামক একজন বিজ্ঞানী সর্বপ্রথম রোবট আবিষ্কার করেনll..
p-96-a-13,কে প্রথম রোবট আবিস্কার করেন?,প্রযুক্তি,5,0,170,https://www.sciencebee.com.bd/qna/24988/%E0%A6%AA%E0%A7%8D%E0%A6%B0%E0%A6%A5%E0%A6%AE-%E0%A6%86%E0%A6%AC%E0%A6%BF%E0%A6%B8%E0%A7%8D%E0%A6%95%E0%A6%BE%E0%A6%B0,"['আবিষ্কার', 'আবিষ্কারক']",বিজ্ঞানী উইলিয়াম গে ওয়াল্টার সর্বপ্রথম রোবট আবিষ্কার করেনll..ll..
p-96-a-14,কাঁদুনে গ্যাস এর রাসায়নিক নাম কী?,রসায়ন,5,+1,354,https://www.sciencebee.com.bd/qna/24986/%E0%A6%95%E0%A6%BE%E0%A6%81%E0%A6%A6%E0%A7%81%E0%A6%A8%E0%A7%87-%E0%A6%B0%E0%A6%BE%E0%A6%B8%E0%A6%BE%E0%A6%AF%E0%A6%BC%E0%A6%A8%E0%A6%BF%E0%A6%95,"['গ্যাস', 'gas', 'কাঁদুনে']",কাদুঁনে গ্যাসের রাসায়নিক নাম হলো করপিক্রিন I
p-96-a-15,কাঁদুনে গ্যাস এর রাসায়নিক নাম কী?,রসায়ন,5,+1,354,https://www.sciencebee.com.bd/qna/24986/%E0%A6%95%E0%A6%BE%E0%A6%81%E0%A6%A6%E0%A7%81%E0%A6%A8%E0%A7%87-%E0%A6%B0%E0%A6%BE%E0%A6%B8%E0%A6%BE%E0%A6%AF%E0%A6%BC%E0%A6%A8%E0%A6%BF%E0%A6%95,"['গ্যাস', 'gas', 'কাঁদুনে']","কাঁদুনে গ্যাসের রাসায়নিক নামঃ ক্লোরোপিকরিন।সংকেতঃCl₃C-NO₂ওসি, সিএস, সিআর, সিএন বা ফিনাসিল ক্লোরাইড, ননিভ্যামাইড, ব্রোমোয়াসিটন, জাইলিল ব্রোমিড,পেঁয়াজথেকে সংগৃহীত সাইন-প্রোপ্যানেথিয়াল-এস-অক্সাইড যৌগের সম্বন্বয়ে টিয়ার গ্যাস তৈরী করা হয়।এটি প্রকৃত পক্ষে কোন গ্যাস নয় কয়েক ধরনেররাসায়নিক যৌগেরএকীভূত নামকরণ। প্রকৃতপক্ষে এটি কোনগ্যাসনয়। মিহি গুড়ো পাউডার কিংবাতরলেরঅতি ক্ষুদ্রকণার সমষ্টি নিয়ে এ গ্যাস গঠিত। গুড়োয়ক্ষারজাতীয়রাসায়নিক পদার্থের উপস্থিতি রয়েছে।"
p-96-a-16,কাঁদুনে গ্যাস এর রাসায়নিক নাম কী?,রসায়ন,5,+1,354,https://www.sciencebee.com.bd/qna/24986/%E0%A6%95%E0%A6%BE%E0%A6%81%E0%A6%A6%E0%A7%81%E0%A6%A8%E0%A7%87-%E0%A6%B0%E0%A6%BE%E0%A6%B8%E0%A6%BE%E0%A6%AF%E0%A6%BC%E0%A6%A8%E0%A6%BF%E0%A6%95,"['গ্যাস', 'gas', 'কাঁদুনে']",কাঁদুনে গ্যাসের রাসায়নিক নাম হচ্ছে ক্লোরোপিক্লিন।
p-96-a-17,কাঁদুনে গ্যাস এর রাসায়নিক নাম কী?,রসায়ন,5,+1,354,https://www.sciencebee.com.bd/qna/24986/%E0%A6%95%E0%A6%BE%E0%A6%81%E0%A6%A6%E0%A7%81%E0%A6%A8%E0%A7%87-%E0%A6%B0%E0%A6%BE%E0%A6%B8%E0%A6%BE%E0%A6%AF%E0%A6%BC%E0%A6%A8%E0%A6%BF%E0%A6%95,"['গ্যাস', 'gas', 'কাঁদুনে']","টিয়ার গ্যাস বা কাঁদানে গ্যাস (ইংরেজি: Tear gas) এর অন্য নাম(ক্লোরোপিকরিন) কয়েক ধরনের রাসায়নিক যৌগের একীভূত নামকরণ। প্রকৃতপক্ষে এটি কোন গ্যাস নয়।[১] মিহি গুড়ো পাউডার কিংবা তরলের অতি ক্ষুদ্রকণার সমষ্টি নিয়ে এ গ্যাস গঠিত। গুড়োয় ক্ষারজাতীয় রাসায়নিক পদার্থের উপস্থিতি রয়েছে। এর প্রভাবে চোখে প্রচণ্ড জ্বালা-যন্ত্রণার উপস্থিতি ঘটায়। সাময়িকভাবে টিয়ার গ্যাসের প্রভাবে সর্বোচ্চ ৪৫ মিনিট পর্যন্ত চোখ অন্ধত্বের পর্যায়ে উপনীত হয়। অন্যতম রাসায়নিক অস্ত্র হিসেবে পরিচিত টিয়ার গ্যাসের প্রভাবে মনুষ্য চক্ষুর কর্নিয়ার স্নায়ুগুলো আক্রান্ত হয়। এরফলে অঝোর ধারায় কান্না, ব্যথা, এমনকি অন্ধ হয়ে যাবারও সমূহ সম্ভাবনা থাকে। ওসি, সিএস, সিআর, সিএন বা ফিনাসিল ক্লোরাইড, ননিভ্যামাইড, ব্রোমোয়াসিটন, জাইলিল ব্রোমিড, পেঁয়াজ থেকে সংগৃহীত সাইন-প্রোপ্যানেথিয়াল-এস-অক্সাইড যৌগের সম্বন্বয়ে টিয়ার গ্যাস তৈরী করা হয়।"
p-96-a-18,কাঁদুনে গ্যাস এর রাসায়নিক নাম কী?,রসায়ন,5,+1,354,https://www.sciencebee.com.bd/qna/24986/%E0%A6%95%E0%A6%BE%E0%A6%81%E0%A6%A6%E0%A7%81%E0%A6%A8%E0%A7%87-%E0%A6%B0%E0%A6%BE%E0%A6%B8%E0%A6%BE%E0%A6%AF%E0%A6%BC%E0%A6%A8%E0%A6%BF%E0%A6%95,"['গ্যাস', 'gas', 'কাঁদুনে']",কাঁদুনে গ্যাসের রাসায়নিক নামঃ ক্লোরোপিকরিন।সংকেতঃ Cl₃C-NO₂
p-96-a-19,পারনিসিয়াস অ্যানিমিয়া কোন ভিটামিনের অভাবে ঘটে ?,জীববিজ্ঞান,3,+1,98,https://www.sciencebee.com.bd/qna/24976/%E0%A6%AA%E0%A6%BE%E0%A6%B0%E0%A6%A8%E0%A6%BF%E0%A6%B8%E0%A6%BF%E0%A6%AF%E0%A6%BC%E0%A6%BE%E0%A6%B8,"['অভাব', 'রোগ']",পারনিসিয়াস অ্যানিমিয়া ভিটামিন বি ১২ ভিটামিনের অভাবে ঘটে
p-96-a-20,পারনিসিয়াস অ্যানিমিয়া কোন ভিটামিনের অভাবে ঘটে ?,জীববিজ্ঞান,3,+1,98,https://www.sciencebee.com.bd/qna/24976/%E0%A6%AA%E0%A6%BE%E0%A6%B0%E0%A6%A8%E0%A6%BF%E0%A6%B8%E0%A6%BF%E0%A6%AF%E0%A6%BC%E0%A6%BE%E0%A6%B8,"['অভাব', 'রোগ']",পারনিসিয়াস অ্যানিমিয়া নামক রোগ ভিটামিন বি -১২ এর অভাবে হয়।
p-96-a-21,পারনিসিয়াস অ্যানিমিয়া কোন ভিটামিনের অভাবে ঘটে ?,জীববিজ্ঞান,3,+1,98,https://www.sciencebee.com.bd/qna/24976/%E0%A6%AA%E0%A6%BE%E0%A6%B0%E0%A6%A8%E0%A6%BF%E0%A6%B8%E0%A6%BF%E0%A6%AF%E0%A6%BC%E0%A6%BE%E0%A6%B8,"['অভাব', 'রোগ']",ভিটামিন B-12 এর অভাবে পারনিসিয়াস অ্যানিমিয়া ঘটে থাকে।
p-96-a-22,বৃক্কে প্রতি মিনিটে কত পরিমান রক্ত প্রবাহিত হয়?,জীববিজ্ঞান,3,+2,145,https://www.sciencebee.com.bd/qna/24974/%E0%A6%AC%E0%A7%83%E0%A6%95%E0%A7%8D%E0%A6%95%E0%A7%87-%E0%A6%AA%E0%A7%8D%E0%A6%B0%E0%A6%AC%E0%A6%BE%E0%A6%B9%E0%A6%BF%E0%A6%A4,"['মিনিটে', 'রক্ত']",বৃক্কে প্রতি মিনিটে ১২০০ মিলিলিটার রক্ত প্রবাহিত হয়
p-96-a-23,বৃক্কে প্রতি মিনিটে কত পরিমান রক্ত প্রবাহিত হয়?,জীববিজ্ঞান,3,+2,145,https://www.sciencebee.com.bd/qna/24974/%E0%A6%AC%E0%A7%83%E0%A6%95%E0%A7%8D%E0%A6%95%E0%A7%87-%E0%A6%AA%E0%A7%8D%E0%A6%B0%E0%A6%AC%E0%A6%BE%E0%A6%B9%E0%A6%BF%E0%A6%A4,"['মিনিটে', 'রক্ত']",বৃক্কে প্রতি মিনিটে গড়ে ১০০০ সিসি পরিমাণ রক্ত পরিবাহিত হয়।
p-96-a-24,বৃক্কে প্রতি মিনিটে কত পরিমান রক্ত প্রবাহিত হয়?,জীববিজ্ঞান,3,+2,145,https://www.sciencebee.com.bd/qna/24974/%E0%A6%AC%E0%A7%83%E0%A6%95%E0%A7%8D%E0%A6%95%E0%A7%87-%E0%A6%AA%E0%A7%8D%E0%A6%B0%E0%A6%AC%E0%A6%BE%E0%A6%B9%E0%A6%BF%E0%A6%A4,"['মিনিটে', 'রক্ত']",বৃক্ক প্রতি মিনিটে ১২০০ মিলিমিটার রক্ত প্রবাহিত হয়।বৃক্ক আমাদের রেচন অঙ্গ।যা শিমের বিচির মতো লালচে।
p-96-a-25,বিদ্যুৎ ও টেলিফোনের তার ঝুলিয়ে টানা হয় কেন ?,প্রযুক্তি,2,+1,79,https://www.sciencebee.com.bd/qna/24972/%E0%A6%AC%E0%A6%BF%E0%A6%A6%E0%A7%8D%E0%A6%AF%E0%A7%81%E0%A7%8E-%E0%A6%9F%E0%A7%87%E0%A6%B2%E0%A6%BF%E0%A6%AB%E0%A7%8B%E0%A6%A8%E0%A7%87%E0%A6%B0,"['ঝুলিয়ে', 'বিদ্যুৎ']",বিদ্যুৎ ও টেলিফোনের তার ঝুলিয়ে টানা হয় কারণ শীতকালে তার ঠান্ডায় সংকুচিত হয় বলে।
p-96-a-26,বিদ্যুৎ ও টেলিফোনের তার ঝুলিয়ে টানা হয় কেন ?,প্রযুক্তি,2,+1,79,https://www.sciencebee.com.bd/qna/24972/%E0%A6%AC%E0%A6%BF%E0%A6%A6%E0%A7%8D%E0%A6%AF%E0%A7%81%E0%A7%8E-%E0%A6%9F%E0%A7%87%E0%A6%B2%E0%A6%BF%E0%A6%AB%E0%A7%8B%E0%A6%A8%E0%A7%87%E0%A6%B0,"['ঝুলিয়ে', 'বিদ্যুৎ']",বিদ্যুৎ ও টেলিফোনের তার ঝুলিয়ে টানা হয় কারণ এগুলো শীতকালে ঠান্ডায় সংকুচিত হয়।।
p-96-a-27,উদ্ভিদ কোষ থেকে পানি বাষ্পাকারে বের হয়ে যাওয়ার নিয়মকে কি বলে?,জীববিজ্ঞান,3,+2,109,https://www.sciencebee.com.bd/qna/24968/%E0%A6%AC%E0%A6%BE%E0%A6%B7%E0%A7%8D%E0%A6%AA%E0%A6%BE%E0%A6%95%E0%A6%BE%E0%A6%B0%E0%A7%87,"['হওয়ার-উপায়', 'পড়ে']",উদ্ভিদ কোষ থেকে পানি বাষ্পাকারে বের হয়ে যাওয়ার নিয়মকে প্রস্বেদন বলে
p-96-a-28,উদ্ভিদ কোষ থেকে পানি বাষ্পাকারে বের হয়ে যাওয়ার নিয়মকে কি বলে?,জীববিজ্ঞান,3,+2,109,https://www.sciencebee.com.bd/qna/24968/%E0%A6%AC%E0%A6%BE%E0%A6%B7%E0%A7%8D%E0%A6%AA%E0%A6%BE%E0%A6%95%E0%A6%BE%E0%A6%B0%E0%A7%87,"['হওয়ার-উপায়', 'পড়ে']",উদ্ভিদ কোষ থেকে পানি বাষ্পাকারে বেরিয়ে যাওয়ার নিয়মকে বলা হয় প্রস্বেদন।
p-96-a-29,উদ্ভিদ কোষ থেকে পানি বাষ্পাকারে বের হয়ে যাওয়ার নিয়মকে কি বলে?,জীববিজ্ঞান,3,+2,109,https://www.sciencebee.com.bd/qna/24968/%E0%A6%AC%E0%A6%BE%E0%A6%B7%E0%A7%8D%E0%A6%AA%E0%A6%BE%E0%A6%95%E0%A6%BE%E0%A6%B0%E0%A7%87,"['হওয়ার-উপায়', 'পড়ে']",উদ্ভিদের পাতা বা বিভিন্ন অঙ্গের মধ্যে দিয়ে বাষ্প আকারে বের হয়ে যাওয়া কে প্রসেদ্বন বলে।যা উদ্ভিদের রেচন অঙ্গ হিসেবে কাজ করে।
p-96-a-30,ব্রঙ্কাইটিস কিসের রোগ ?,জীববিজ্ঞান,4,+1,113,https://www.sciencebee.com.bd/qna/24951/%E0%A6%AC%E0%A7%8D%E0%A6%B0%E0%A6%99%E0%A7%8D%E0%A6%95%E0%A6%BE%E0%A6%87%E0%A6%9F%E0%A6%BF%E0%A6%B8,"['রোগ', 'প্রতিরোধ']",ব্রঙ্কাইটিস শ্বাসনালীর রোগ। সাধারণত শিশু ও বয়স্ক ব্যক্তিরা এই রোগে বেশি ভোগে।
p-96-a-31,ব্রঙ্কাইটিস কিসের রোগ ?,জীববিজ্ঞান,4,+1,113,https://www.sciencebee.com.bd/qna/24951/%E0%A6%AC%E0%A7%8D%E0%A6%B0%E0%A6%99%E0%A7%8D%E0%A6%95%E0%A6%BE%E0%A6%87%E0%A6%9F%E0%A6%BF%E0%A6%B8,"['রোগ', 'প্রতিরোধ']",শিশু ও বয়ষ্কদের হয়ে থাকা এ রোগ সাধারণত শ্বাসনালীতে হয়ে থাকে।
p-96-a-32,ব্রঙ্কাইটিস কিসের রোগ ?,জীববিজ্ঞান,4,+1,113,https://www.sciencebee.com.bd/qna/24951/%E0%A6%AC%E0%A7%8D%E0%A6%B0%E0%A6%99%E0%A7%8D%E0%A6%95%E0%A6%BE%E0%A6%87%E0%A6%9F%E0%A6%BF%E0%A6%B8,"['রোগ', 'প্রতিরোধ']",ব্রস্কাইটিস শ্বাস নালীর রোগ। সাধারণত শিশু বয়স্ক ব্যক্তিদের এই রোগ বেশি হয়।নিউমোনিয়া বা অতিরিক্ত ধুমপান করলে এটি হওয়ার বেশি চান্স থাকে।
p-96-a-33,ব্রঙ্কাইটিস কিসের রোগ ?,জীববিজ্ঞান,4,+1,113,https://www.sciencebee.com.bd/qna/24951/%E0%A6%AC%E0%A7%8D%E0%A6%B0%E0%A6%99%E0%A7%8D%E0%A6%95%E0%A6%BE%E0%A6%87%E0%A6%9F%E0%A6%BF%E0%A6%B8,"['রোগ', 'প্রতিরোধ']",ব্রংকাইটিস শ্বাসনালীর রোগ। এটি ট্রাকিয়া ও ব্রংকাসকে সংক্রমিত করে।
p-96-a-34,কমলা লেবুতে কোন অ্যাসিড পাওয়া যায়?,রসায়ন,6,+1,184,https://www.sciencebee.com.bd/qna/24949/%E0%A6%B2%E0%A7%87%E0%A6%AC%E0%A7%81%E0%A6%A4%E0%A7%87-%E0%A6%85%E0%A7%8D%E0%A6%AF%E0%A6%BE%E0%A6%B8%E0%A6%BF%E0%A6%A1,"['কমলা', 'লেবু']",কমলা লেবুতে এসকরবিক অ্যাসিড পাওয়া যায়। টক জাতীয় সকল ফলে সাইট্রিক এসিড থাকে।
p-96-a-35,কমলা লেবুতে কোন অ্যাসিড পাওয়া যায়?,রসায়ন,6,+1,184,https://www.sciencebee.com.bd/qna/24949/%E0%A6%B2%E0%A7%87%E0%A6%AC%E0%A7%81%E0%A6%A4%E0%A7%87-%E0%A6%85%E0%A7%8D%E0%A6%AF%E0%A6%BE%E0%A6%B8%E0%A6%BF%E0%A6%A1,"['কমলা', 'লেবু']",কমলা লেবু যেহেতু এক ধরনের টক জাতীয় ফল।তাই কমলা লেবুতে সাধারণত সাইট্রিক এসিড থাকে।
p-96-a-36,কমলা লেবুতে কোন অ্যাসিড পাওয়া যায়?,রসায়ন,6,+1,184,https://www.sciencebee.com.bd/qna/24949/%E0%A6%B2%E0%A7%87%E0%A6%AC%E0%A7%81%E0%A6%A4%E0%A7%87-%E0%A6%85%E0%A7%8D%E0%A6%AF%E0%A6%BE%E0%A6%B8%E0%A6%BF%E0%A6%A1,"['কমলা', 'লেবু']",কমলা লেবুতে এসকরবিক এবং সাইট্রিক এসিড থাকে ।
p-96-a-37,কমলা লেবুতে কোন অ্যাসিড পাওয়া যায়?,রসায়ন,6,+1,184,https://www.sciencebee.com.bd/qna/24949/%E0%A6%B2%E0%A7%87%E0%A6%AC%E0%A7%81%E0%A6%A4%E0%A7%87-%E0%A6%85%E0%A7%8D%E0%A6%AF%E0%A6%BE%E0%A6%B8%E0%A6%BF%E0%A6%A1,"['কমলা', 'লেবু']",কমলা লেবুতে সাইট্রিক এসিড থাকে ফলে কমলা লেবু খেতে টক লাগে।
p-96-a-38,কমলা লেবুতে কোন অ্যাসিড পাওয়া যায়?,রসায়ন,6,+1,184,https://www.sciencebee.com.bd/qna/24949/%E0%A6%B2%E0%A7%87%E0%A6%AC%E0%A7%81%E0%A6%A4%E0%A7%87-%E0%A6%85%E0%A7%8D%E0%A6%AF%E0%A6%BE%E0%A6%B8%E0%A6%BF%E0%A6%A1,"['কমলা', 'লেবু']",কমলা লেবুর সাইট্রিক ও এসকরবিক এসিড পাওয়া যায়।তবে সব থেকে বেশি পরিমাণে এসকরবিক এসিড পাওয়া যায়।
p-96-a-39,কমলা লেবুতে কোন অ্যাসিড পাওয়া যায়?,রসায়ন,6,+1,184,https://www.sciencebee.com.bd/qna/24949/%E0%A6%B2%E0%A7%87%E0%A6%AC%E0%A7%81%E0%A6%A4%E0%A7%87-%E0%A6%85%E0%A7%8D%E0%A6%AF%E0%A6%BE%E0%A6%B8%E0%A6%BF%E0%A6%A1,"['কমলা', 'লেবু']",কমলা লেবুর সাইট্রিক ও এসকরবিক এসিড পাওয়া যায়। তবে সব থেকে বেশি পরিমাণে এসকরবিক এসিড পাওয়া যায়।।
p-96-a-40,হৃদপিণ্ডের কোন প্রকোষ্ঠের প্রাচীর মোটা হয় ?,জীববিজ্ঞান,3,+2,166,https://www.sciencebee.com.bd/qna/24947/%E0%A6%B9%E0%A7%83%E0%A6%A6%E0%A6%AA%E0%A6%BF%E0%A6%A3%E0%A7%8D%E0%A6%A1%E0%A7%87%E0%A6%B0,"['মোটা', '#biology']",হৃদপিণ্ডের বাম নিলয় প্রকোষ্ঠের প্রাচীর মোটা হয়
p-96-a-41,হৃদপিণ্ডের কোন প্রকোষ্ঠের প্রাচীর মোটা হয় ?,জীববিজ্ঞান,3,+2,166,https://www.sciencebee.com.bd/qna/24947/%E0%A6%B9%E0%A7%83%E0%A6%A6%E0%A6%AA%E0%A6%BF%E0%A6%A3%E0%A7%8D%E0%A6%A1%E0%A7%87%E0%A6%B0,"['মোটা', '#biology']",হৃদপিন্ডের বাম নিলয় অংশের প্রাচীর অধিক মোটা হয়।
p-96-a-42,হৃদপিণ্ডের কোন প্রকোষ্ঠের প্রাচীর মোটা হয় ?,জীববিজ্ঞান,3,+2,166,https://www.sciencebee.com.bd/qna/24947/%E0%A6%B9%E0%A7%83%E0%A6%A6%E0%A6%AA%E0%A6%BF%E0%A6%A3%E0%A7%8D%E0%A6%A1%E0%A7%87%E0%A6%B0,"['মোটা', '#biology']",হ্নদপিন্ডের বাম নিলয়ে প্রকোষ্টের প্রাচীর মোটা হয়।তাকে ট্রাইকাডিয়াম বলে।
p-96-a-43,দেহকলা স্থানে তরল সঞ্চিত হয়ে ফুলে উঠলে তাকে কি বলে ?,জীববিজ্ঞান,2,+1,51,https://www.sciencebee.com.bd/qna/24945/%E0%A6%A6%E0%A7%87%E0%A6%B9%E0%A6%95%E0%A6%B2%E0%A6%BE-%E0%A6%B8%E0%A7%8D%E0%A6%A5%E0%A6%BE%E0%A6%A8%E0%A7%87,"['পদার্থ', 'ভূমিকা']",দেহকলা স্থানে তরল সঞ্চিত হয়ে ফুলে উঠলে তাকে ইডেমা বলে
p-96-a-44,দেহকলা স্থানে তরল সঞ্চিত হয়ে ফুলে উঠলে তাকে কি বলে ?,জীববিজ্ঞান,2,+1,51,https://www.sciencebee.com.bd/qna/24945/%E0%A6%A6%E0%A7%87%E0%A6%B9%E0%A6%95%E0%A6%B2%E0%A6%BE-%E0%A6%B8%E0%A7%8D%E0%A6%A5%E0%A6%BE%E0%A6%A8%E0%A7%87,"['পদার্থ', 'ভূমিকা']",দেহকলা স্থানে তরল সঞ্চিত হয়ে ফুলে উঠলে তাকে বলা হয় ইডেমা।
p-96-a-45,কঠিন পদার্থে তাপ কোন পদ্ধতিতে প্রবাহিত হয়?,পদার্থবিজ্ঞান,2,+1,43,https://www.sciencebee.com.bd/qna/24943/%E0%A6%AA%E0%A6%A6%E0%A7%8D%E0%A6%A7%E0%A6%A4%E0%A6%BF%E0%A6%A4%E0%A7%87-%E0%A6%AA%E0%A7%8D%E0%A6%B0%E0%A6%AC%E0%A6%BE%E0%A6%B9%E0%A6%BF%E0%A6%A4,"['কঠিন', 'পদার্থ']",কঠিন পদার্থে তাপ পরিবহন পদ্ধতিতে প্রবাহিত হয়
p-96-a-46,কঠিন পদার্থে তাপ কোন পদ্ধতিতে প্রবাহিত হয়?,পদার্থবিজ্ঞান,2,+1,43,https://www.sciencebee.com.bd/qna/24943/%E0%A6%AA%E0%A6%A6%E0%A7%8D%E0%A6%A7%E0%A6%A4%E0%A6%BF%E0%A6%A4%E0%A7%87-%E0%A6%AA%E0%A7%8D%E0%A6%B0%E0%A6%AC%E0%A6%BE%E0%A6%B9%E0%A6%BF%E0%A6%A4,"['কঠিন', 'পদার্থ']",কঠিন পদার্থে তাপ পরিবহন পদ্ধতিতে প্রবাহিত হয়।।।
p-96-a-47,মানবদেহে একটি বৃক্কে কতটি ইউরিনিফেরাস নালিকা থাকে?,জীববিজ্ঞান,7,+3,699,https://www.sciencebee.com.bd/qna/24937/%E0%A6%87%E0%A6%89%E0%A6%B0%E0%A6%BF%E0%A6%A8%E0%A6%BF%E0%A6%AB%E0%A7%87%E0%A6%B0%E0%A6%BE%E0%A6%B8,"['নেফ্রন', 'জীববিজ্ঞান']","প্রতিটি বৃক্কে ১০ লক্ষ করে ইউরিনিফেরাস নালিকা থাকে যার কার্যকরী একক হচ্ছে নেফ্রন। ৮৫% নালিকা থাকে কর্টেক্সে এবং ১৫% নালিকা থাকে মেডুলায়। (অর্থাৎ মোট নেফ্রনের সংখ্যা প্রায় ২০ লক্ষ)ইউরিনিফেরাস নালিকা দু’টি প্রধান অংশে বিভক্ত, যথা:নেফ্রন (যেখানে মূত্র উৎপন্ন হয়)সংগ্রাহী নালিকা। [রেনাল পেলভিস (মূত্রনালীর উর্ধ্বপ্রান্তে অবস্থিত ফানেলাকার অংশ)-এ মূত্র বয়ে নিয়ে যায়]"
p-96-a-48,মানবদেহে একটি বৃক্কে কতটি ইউরিনিফেরাস নালিকা থাকে?,জীববিজ্ঞান,7,+3,699,https://www.sciencebee.com.bd/qna/24937/%E0%A6%87%E0%A6%89%E0%A6%B0%E0%A6%BF%E0%A6%A8%E0%A6%BF%E0%A6%AB%E0%A7%87%E0%A6%B0%E0%A6%BE%E0%A6%B8,"['নেফ্রন', 'জীববিজ্ঞান']",মানবদেহে একটি বৃক্কে কতটি ইউরিনিফেরাস নালিকা থাকে প্রায় ১০ লক্ষ টি!
p-96-a-49,মানবদেহে একটি বৃক্কে কতটি ইউরিনিফেরাস নালিকা থাকে?,জীববিজ্ঞান,7,+3,699,https://www.sciencebee.com.bd/qna/24937/%E0%A6%87%E0%A6%89%E0%A6%B0%E0%A6%BF%E0%A6%A8%E0%A6%BF%E0%A6%AB%E0%A7%87%E0%A6%B0%E0%A6%BE%E0%A6%B8,"['নেফ্রন', 'জীববিজ্ঞান']",প্রতিটি বৃক্কে ১০ লক্ষ করে ইউরিনিফেরাস নালিকা থাকে যার কার্যকারী একক হচ্ছে নেফ্রন। ৮৫% নালিকা থাকে কর্টেক্সে এবং ১৫ নালিকা থাকে মেডুলা।মোট নেফ্রনের সংখ্যা ২০ লক্ষ।
p-96-a-50,মানবদেহে একটি বৃক্কে কতটি ইউরিনিফেরাস নালিকা থাকে?,জীববিজ্ঞান,7,+3,699,https://www.sciencebee.com.bd/qna/24937/%E0%A6%87%E0%A6%89%E0%A6%B0%E0%A6%BF%E0%A6%A8%E0%A6%BF%E0%A6%AB%E0%A7%87%E0%A6%B0%E0%A6%BE%E0%A6%B8,"['নেফ্রন', 'জীববিজ্ঞান']",মানবদেহে একটি বৃক্কে 10 লক্ষাধিক ইউরিনিফেরাস নালিকা থাকে!!!
p-96-a-51,মানবদেহে একটি বৃক্কে কতটি ইউরিনিফেরাস নালিকা থাকে?,জীববিজ্ঞান,7,+3,699,https://www.sciencebee.com.bd/qna/24937/%E0%A6%87%E0%A6%89%E0%A6%B0%E0%A6%BF%E0%A6%A8%E0%A6%BF%E0%A6%AB%E0%A7%87%E0%A6%B0%E0%A6%BE%E0%A6%B8,"['নেফ্রন', 'জীববিজ্ঞান']",মানবদেহের একটি বৃক্কে দশ লক্ষেরও অধিক ইউরিনিফেরাস নালিকা থাকে!!!
p-96-a-52,মানবদেহে একটি বৃক্কে কতটি ইউরিনিফেরাস নালিকা থাকে?,জীববিজ্ঞান,7,+3,699,https://www.sciencebee.com.bd/qna/24937/%E0%A6%87%E0%A6%89%E0%A6%B0%E0%A6%BF%E0%A6%A8%E0%A6%BF%E0%A6%AB%E0%A7%87%E0%A6%B0%E0%A6%BE%E0%A6%B8,"['নেফ্রন', 'জীববিজ্ঞান']",একজন মানুষের দেহে একটি বৃক্কে দশ লক্ষেরও অধিক ইউরেনাস নালিকা থাকে!!!
p-96-a-53,মানবদেহে একটি বৃক্কে কতটি ইউরিনিফেরাস নালিকা থাকে?,জীববিজ্ঞান,7,+3,699,https://www.sciencebee.com.bd/qna/24937/%E0%A6%87%E0%A6%89%E0%A6%B0%E0%A6%BF%E0%A6%A8%E0%A6%BF%E0%A6%AB%E0%A7%87%E0%A6%B0%E0%A6%BE%E0%A6%B8,"['নেফ্রন', 'জীববিজ্ঞান']",একজন মানুষের দেহের একটি বৃক্কে প্রায় দশ লক্ষেরও বেশি ইউরিনিফেরাস নালিকা থাকে!!!
p-96-a-54,দৃশ্যমান আলোতে কোন রং আলোতে তরঙ্গ দৈর্ঘ্য বেশি হয়?,রসায়ন,3,+3,108,https://www.sciencebee.com.bd/qna/24922/%E0%A6%A6%E0%A7%83%E0%A6%B6%E0%A7%8D%E0%A6%AF%E0%A6%AE%E0%A6%BE%E0%A6%A8-%E0%A6%A6%E0%A7%88%E0%A6%B0%E0%A7%8D%E0%A6%98%E0%A7%8D%E0%A6%AF,"['তরঙ্গ', 'চোখ', 'রাসায়নিক']",দৃশ্যমান আলোতে লাল রং আলোতে তরঙ্গ দৈর্ঘ্য বেশি হয়
p-96-a-55,দৃশ্যমান আলোতে কোন রং আলোতে তরঙ্গ দৈর্ঘ্য বেশি হয়?,রসায়ন,3,+3,108,https://www.sciencebee.com.bd/qna/24922/%E0%A6%A6%E0%A7%83%E0%A6%B6%E0%A7%8D%E0%A6%AF%E0%A6%AE%E0%A6%BE%E0%A6%A8-%E0%A6%A6%E0%A7%88%E0%A6%B0%E0%A7%8D%E0%A6%98%E0%A7%8D%E0%A6%AF,"['তরঙ্গ', 'চোখ', 'রাসায়নিক']",দৃশ্যমান আলোকরশ্মির মধ্যে লাল আলোর তরঙ্গ দৈর্ঘ্য সবচেয়ে বেশি ।
p-96-a-56,দৃশ্যমান আলোতে কোন রং আলোতে তরঙ্গ দৈর্ঘ্য বেশি হয়?,রসায়ন,3,+3,108,https://www.sciencebee.com.bd/qna/24922/%E0%A6%A6%E0%A7%83%E0%A6%B6%E0%A7%8D%E0%A6%AF%E0%A6%AE%E0%A6%BE%E0%A6%A8-%E0%A6%A6%E0%A7%88%E0%A6%B0%E0%A7%8D%E0%A6%98%E0%A7%8D%E0%A6%AF,"['তরঙ্গ', 'চোখ', 'রাসায়নিক']",দৃশ্যমান আলোকরশ্মির মধ্যে লাল আলোর তরঙ্গ দৈর্ঘ্য সবচেয়ে বেশি ।।।
p-96-a-57,বেশি ভিটামিন নিলে শরীরে কি সমস্যা দেখা দেয় ?,স্বাস্থ্য ও চিকিৎসা,3,+3,119,https://www.sciencebee.com.bd/qna/24919/%E0%A6%AD%E0%A6%BF%E0%A6%9F%E0%A6%BE%E0%A6%AE%E0%A6%BF%E0%A6%A8-%E0%A6%B8%E0%A6%AE%E0%A6%B8%E0%A7%8D%E0%A6%AF%E0%A6%BE,"['সমস্যা', 'শরীর']",বেশি ভিটামিন নিলে মাথা ব্যাথা ও তন্দ্রাচ্ছন্নতা হয়
p-96-a-58,বেশি ভিটামিন নিলে শরীরে কি সমস্যা দেখা দেয় ?,স্বাস্থ্য ও চিকিৎসা,3,+3,119,https://www.sciencebee.com.bd/qna/24919/%E0%A6%AD%E0%A6%BF%E0%A6%9F%E0%A6%BE%E0%A6%AE%E0%A6%BF%E0%A6%A8-%E0%A6%B8%E0%A6%AE%E0%A6%B8%E0%A7%8D%E0%A6%AF%E0%A6%BE,"['সমস্যা', 'শরীর']","উন্নত বিশ্বে প্রায় ৮২ শতাংশ বয়স্ক নারী-পুরুষ বিভিন্ন ধরনের ভিটামিন সম্পূরক বা বড়ি খেয়ে থাকেন। কিন্তু ভিটামিন বেশি খেলে কি কোনো ক্ষতির ঝুঁকি থাকে?সত্যি বলতে কি, প্রায় সব ভিটামিনেরই একটি টক্সিক মাত্রা আছে। এই মাত্রার ওপর ভিটামিন সেবন অবশ্যই ক্ষতিকর। যদিও দুর্ঘটনা ছাড়া এত বেশি মাত্রার ভিটামিন সেবন করা সাধারণত হয়ে ওঠে না। তার পরও শিশুদের মধ্যে দুর্ঘটনাবশত অতিরিক্ত ভিটামিন খেয়ে ফেলাটা একেবারে বিরল নয়। তাই সব ধরনের ওষুধ অবশ্যই শিশুদের নাগালের বাইরে থাকতে হবে। এ ছাড়া বয়স্ক ব্যক্তিদের মধ্যে যাঁদের স্মৃতিভ্রম বা মানসিক রোগ আছে, তাঁরাও অনেক সময় ভুল করে অনেক বেশি মাত্রায় ভিটামিন বড়ি খেয়ে ফেলতে পারেন। দীর্ঘদিন ধরে অকারণে উচ্চমাত্রার ভিটামিন খাওয়া থেকেও বিপদ হতে পারে।ক্যালসিয়াম: অতিরিক্ত ক্যালসিয়াম খেলে রক্তে এর মাত্রা বেড়ে গিয়ে কোষ্ঠকাঠিন্য, কিডনিতে পাথরসহ আরও কিছু সমস্যা দেখা দিতে পারে। দীর্ঘদিন ক্যালসিয়াম ও ভিটামিন ডি একসঙ্গে উচ্চমাত্রায় সেবন করলে অনেক সময় এ সমস্যা দেখা দেয়।ভিটামিন এ: উচ্চমাত্রার ভিটামিন এ সেবন গর্ভবতী নারীদের জন্য বিপজ্জনক। কেননা টক্সিক মাত্রায় ভিটামিন এ অনাগত শিশুর নানা ধরনের জন্মগত ত্রুটির কারণ হতে পারে। এ ছাড়া উচ্চমাত্রার ভিটামিন এ যকৃৎ, হাড় ও ত্বকের ক্ষতি করতে পারে। দুর্ঘটনাবশত হঠাৎ বেশি ভিটামিন এ খেয়ে ফেললে বমি, মাথাব্যথা, ত্বকের সমস্যা হতে পারে।ভিটামিন সি: এক গ্রামের বেশি ভিটামিন সি একসঙ্গে খেয়ে ফেললে ডায়রিয়া হতে পারে। শিশুরা চুষে খাবার ভিটামিন সি লজেন্স বেশি খেয়ে বিপদ ঘটাতে পারে।লৌহ: আয়রন বা লৌহজাতীয় বড়ি গ্যাস্ট্রিকের মাত্রা বাড়িয়ে দেয়, কোষ্ঠকাঠিন্য করতে পারে। থ্যালাসেমিয়া ও জন্মগত হিমোগ্লোবিন ত্রুটি আছে, এমন রোগী আয়রন খেলে যকৃৎ, মস্তিষ্ক ও বিভিন্ন গ্রন্থিতে অতিরিক্ত আয়রন জমে অকার্যকারিতা দেখা দিতে পারে। এদের আয়রন বড়ি খাওয়া নিষেধ। তা ছাড়া বেশি মাত্রায় আয়রন যেকোনো মানুষের পরিপাকতন্ত্রের সমস্যা করতে পারে। শিশুরা বেশি আয়রন খেয়ে ফেললে বিষক্রিয়া পর্যন্ত হতে পারে।জিংক: মাল্টি ভিটামিন বড়িতে জিংক উপাদান থাকে। জিংক একটি প্রয়োজনীয় ও উপকারী উপাদান। কিন্তু অতিরিক্ত জিংক দেহে স্বাভাবিক লৌহ ও কপারের শোষণ কমিয়ে দিয়ে রক্তশূন্যতার সৃষ্টি করতে পারে।ভিটামিন বি: ভিটামিন বি কমপ্লেক্স স্নায়ু ভালো রাখে বলে ধারণা করা হয়। কিন্তু অতিরিক্ত ভিটামিন বি৬ নিজেই স্নায়ুর ক্ষতি করতে সক্ষম।ভিটামিন ডি: মাত্রাতিরিক্ত ভিটামিন ডি, বিশেষ করে কোলেক্যালসিফেরল রক্তে ক্যালসিয়ামের মাত্রা বাড়িয়ে দিতে পারে।ফ্লোরাইড: অনেক সময় পানিতে বা টুথপেস্টে অতিরিক্ত ফ্লুরাইড যোগ করা হয়। ফ্লুরাইড দাঁতের স্বাস্থ্যের জন্য প্রয়োজনীয় হলেও অতিরিক্ত ফ্লুরাইড দাঁতের এনামেলের ক্ষয় করে ও দাঁতকে হলুদ করে। সূত্র: এবিসি হেলথ।"
p-96-a-59,বেশি ভিটামিন নিলে শরীরে কি সমস্যা দেখা দেয় ?,স্বাস্থ্য ও চিকিৎসা,3,+3,119,https://www.sciencebee.com.bd/qna/24919/%E0%A6%AD%E0%A6%BF%E0%A6%9F%E0%A6%BE%E0%A6%AE%E0%A6%BF%E0%A6%A8-%E0%A6%B8%E0%A6%AE%E0%A6%B8%E0%A7%8D%E0%A6%AF%E0%A6%BE,"['সমস্যা', 'শরীর']","এই মাত্রার ওপর ভিটামিন সেবন অবশ্যই ক্ষতিকর। যদিও দুর্ঘটনা ছাড়া এত বেশি মাত্রার ভিটামিন সেবন করা সাধারণত হয়ে ওঠে না। ... এ ছাড়া উচ্চমাত্রার ভিটামিন এ যকৃৎ, হাড় ও ত্বকের ক্ষতি করতে পারে। দুর্ঘটনাবশত হঠাৎ বেশি ভিটামিন এ খেয়ে ফেললে বমি, মাথাব্যথা, ত্বকের সমস্যা হতে পারে।"
p-96-a-60,যে যন্ত্রের সাহায্যে বৃষ্টিপাত পরিমাপ করা হয় তাকে কি বলে ?,পদার্থবিজ্ঞান,3,+1,105,https://www.sciencebee.com.bd/qna/24917/%E0%A6%AF%E0%A6%A8%E0%A7%8D%E0%A6%A4%E0%A7%8D%E0%A6%B0%E0%A7%87%E0%A6%B0-%E0%A6%AC%E0%A7%83%E0%A6%B7%E0%A7%8D%E0%A6%9F%E0%A6%BF%E0%A6%AA%E0%A6%BE%E0%A6%A4,"['যন্ত্র', 'শক্তি']",রেইন গেজ যন্ত্রের সাহায্যে বৃষ্টিপাত পরিমাপ করা হয় I
p-96-a-61,যে যন্ত্রের সাহায্যে বৃষ্টিপাত পরিমাপ করা হয় তাকে কি বলে ?,পদার্থবিজ্ঞান,3,+1,105,https://www.sciencebee.com.bd/qna/24917/%E0%A6%AF%E0%A6%A8%E0%A7%8D%E0%A6%A4%E0%A7%8D%E0%A6%B0%E0%A7%87%E0%A6%B0-%E0%A6%AC%E0%A7%83%E0%A6%B7%E0%A7%8D%E0%A6%9F%E0%A6%BF%E0%A6%AA%E0%A6%BE%E0%A6%A4,"['যন্ত্র', 'শক্তি']",যে যন্ত্রের সাহায্যে বৃষ্টিপাত মাপা হয় তা হচ্ছে রেইন গেজ।
p-96-a-62,যে যন্ত্রের সাহায্যে বৃষ্টিপাত পরিমাপ করা হয় তাকে কি বলে ?,পদার্থবিজ্ঞান,3,+1,105,https://www.sciencebee.com.bd/qna/24917/%E0%A6%AF%E0%A6%A8%E0%A7%8D%E0%A6%A4%E0%A7%8D%E0%A6%B0%E0%A7%87%E0%A6%B0-%E0%A6%AC%E0%A7%83%E0%A6%B7%E0%A7%8D%E0%A6%9F%E0%A6%BF%E0%A6%AA%E0%A6%BE%E0%A6%A4,"['যন্ত্র', 'শক্তি']",যে যন্ত্রের সাহায্যে বৃষ্টিপাত মাপা হয় তা হচ্ছে রেইন গেজ।।
p-96-a-63,“এক্স-রে রশ্মি” কে আবিষ্কার করেন ?,পদার্থবিজ্ঞান,10,+2,336,https://www.sciencebee.com.bd/qna/24915/%E0%A6%B0%E0%A6%B6%E0%A7%8D%E0%A6%AE%E0%A6%BF-%E0%A6%86%E0%A6%AC%E0%A6%BF%E0%A6%B7%E0%A7%8D%E0%A6%95%E0%A6%BE%E0%A6%B0,"['আবিষ্কার', 'আবিষ্কারক']",উইলহেলম কনরাড রন্টজেন “এক্স-রে রশ্মি” আবিষ্কার করেনI
p-96-a-64,“এক্স-রে রশ্মি” কে আবিষ্কার করেন ?,পদার্থবিজ্ঞান,10,+2,336,https://www.sciencebee.com.bd/qna/24915/%E0%A6%B0%E0%A6%B6%E0%A7%8D%E0%A6%AE%E0%A6%BF-%E0%A6%86%E0%A6%AC%E0%A6%BF%E0%A6%B7%E0%A7%8D%E0%A6%95%E0%A6%BE%E0%A6%B0,"['আবিষ্কার', 'আবিষ্কারক']",এক্স- রে মেশিন আবিষ্কার করার জন্য উইলহেলম কনরাড রন্টজেন প্রথম নোবেল পুরস্কার পান।
p-96-a-65,“এক্স-রে রশ্মি” কে আবিষ্কার করেন ?,পদার্থবিজ্ঞান,10,+2,336,https://www.sciencebee.com.bd/qna/24915/%E0%A6%B0%E0%A6%B6%E0%A7%8D%E0%A6%AE%E0%A6%BF-%E0%A6%86%E0%A6%AC%E0%A6%BF%E0%A6%B7%E0%A7%8D%E0%A6%95%E0%A6%BE%E0%A6%B0,"['আবিষ্কার', 'আবিষ্কারক']","রঞ্জন রশ্নি বা এক্স-রে ১৮৯৫ সালে আবিষ্কার করেন উইলহেম কনরাড রেন্টজেন। প্লেন এক্স-রে থেকে শুরু করে, কন্ট্রাস্ট এক্স-রে, সিটি স্ক্যান (plain CT, Contrast CT, Spiral CT,3-D CT reconstruction, Ultrafast CT), পিইটি সিটি (PET-CT) সহ আরো অকেন ক্ষেত্রেই এক্স-রের ব্যবহার ক্রমাগত বৃদ্ধি পাচ্ছে। সবধরনের এঞ্জিওগ্রাম, প্রচলিত (Conventional angiogram), সিটি এঞ্জিওগ্রাম (CT angiogram) এগুলো সবই মূলত এক্স-রে নির্ভর পরীক্ষা। তাই নিশ্চিন্তে বলাই যায় এটার মাধ্যমে ক্যান্সার হওয়ার সম্ভাবনা নাই।"
p-96-a-66,“এক্স-রে রশ্মি” কে আবিষ্কার করেন ?,পদার্থবিজ্ঞান,10,+2,336,https://www.sciencebee.com.bd/qna/24915/%E0%A6%B0%E0%A6%B6%E0%A7%8D%E0%A6%AE%E0%A6%BF-%E0%A6%86%E0%A6%AC%E0%A6%BF%E0%A6%B7%E0%A7%8D%E0%A6%95%E0%A6%BE%E0%A6%B0,"['আবিষ্কার', 'আবিষ্কারক']",১৮৯৫ সালে বিজ্ঞানী রন্টজেন এক্স-রে রশ্নি আবিষ্কার করেন
p-96-a-67,“এক্স-রে রশ্মি” কে আবিষ্কার করেন ?,পদার্থবিজ্ঞান,10,+2,336,https://www.sciencebee.com.bd/qna/24915/%E0%A6%B0%E0%A6%B6%E0%A7%8D%E0%A6%AE%E0%A6%BF-%E0%A6%86%E0%A6%AC%E0%A6%BF%E0%A6%B7%E0%A7%8D%E0%A6%95%E0%A6%BE%E0%A6%B0,"['আবিষ্কার', 'আবিষ্কারক']",এক্স রে আবিষ্কার করেন উইলহেলম কনরাড রন্টজেন।এই আবিষ্কারের জন্য তিনি নোবেল পুরস্কার পান।
p-96-a-68,“এক্স-রে রশ্মি” কে আবিষ্কার করেন ?,পদার্থবিজ্ঞান,10,+2,336,https://www.sciencebee.com.bd/qna/24915/%E0%A6%B0%E0%A6%B6%E0%A7%8D%E0%A6%AE%E0%A6%BF-%E0%A6%86%E0%A6%AC%E0%A6%BF%E0%A6%B7%E0%A7%8D%E0%A6%95%E0%A6%BE%E0%A6%B0,"['আবিষ্কার', 'আবিষ্কারক']",উইলহেলম কনরাড রন্টজেন। তিনিই প্রথম পদার্থবিজ্ঞানে নোবেল পুরষ্কার পান।শুধু তাই নয় তিনিই প্রথম নোবেল বিজয়ী।
p-96-a-69,“এক্স-রে রশ্মি” কে আবিষ্কার করেন ?,পদার্থবিজ্ঞান,10,+2,336,https://www.sciencebee.com.bd/qna/24915/%E0%A6%B0%E0%A6%B6%E0%A7%8D%E0%A6%AE%E0%A6%BF-%E0%A6%86%E0%A6%AC%E0%A6%BF%E0%A6%B7%E0%A7%8D%E0%A6%95%E0%A6%BE%E0%A6%B0,"['আবিষ্কার', 'আবিষ্কারক']",1895 সালে রেন্টন নামক একজন বিজ্ঞানী x-ray রশ্মি আবিষ্কার করেনlll
p-96-a-70,“এক্স-রে রশ্মি” কে আবিষ্কার করেন ?,পদার্থবিজ্ঞান,10,+2,336,https://www.sciencebee.com.bd/qna/24915/%E0%A6%B0%E0%A6%B6%E0%A7%8D%E0%A6%AE%E0%A6%BF-%E0%A6%86%E0%A6%AC%E0%A6%BF%E0%A6%B7%E0%A7%8D%E0%A6%95%E0%A6%BE%E0%A6%B0,"['আবিষ্কার', 'আবিষ্কারক']",বিজ্ঞানী রেন্টাল 1895 সালে সর্বপ্রথম এক্স রে রশ্মি আবিষ্কার করেনlll
p-96-a-71,“এক্স-রে রশ্মি” কে আবিষ্কার করেন ?,পদার্থবিজ্ঞান,10,+2,336,https://www.sciencebee.com.bd/qna/24915/%E0%A6%B0%E0%A6%B6%E0%A7%8D%E0%A6%AE%E0%A6%BF-%E0%A6%86%E0%A6%AC%E0%A6%BF%E0%A6%B7%E0%A7%8D%E0%A6%95%E0%A6%BE%E0%A6%B0,"['আবিষ্কার', 'আবিষ্কারক']",উইলহেলম কনরাড রন্টজেন “এক্স-রে রশ্মি” আবিষ্কার করেন।।
p-96-a-72,“এক্স-রে রশ্মি” কে আবিষ্কার করেন ?,পদার্থবিজ্ঞান,10,+2,336,https://www.sciencebee.com.bd/qna/24915/%E0%A6%B0%E0%A6%B6%E0%A7%8D%E0%A6%AE%E0%A6%BF-%E0%A6%86%E0%A6%AC%E0%A6%BF%E0%A6%B7%E0%A7%8D%E0%A6%95%E0%A6%BE%E0%A6%B0,"['আবিষ্কার', 'আবিষ্কারক']","আমরা ডিকশনারিতে সার্চ দিলে বা বাংলা অর্থ খোঁজ করলে এক্স-রে এর অর্থ পায় রঞ্জন রশ্মি। প্রকৃতপক্ষে এক্স-রে এর অপর নাম রঞ্জন রশ্মি করা হয়েছিল এক্স-রে এর আবিষ্কারক জার্মান পদার্থবিদ উইলহেম রঞ্জনের নামানুসারে। তাহলে চলুন একটু জেনে নেওয়া যাক এক্স-রে এর ইতিহাস। ক্যাথোড রশ্মি অনেক আগেই আবিষ্কৃত হয়েছিল। তবে আবিষ্কার হলেও এর সঠিক ব্যবহার কেউ জানতো না। ১৮৯৫ সালে জার্মান পদার্থবিদ উইলহেম রঞ্জন একটি কালো কাগজে ঢাকা গ্লাস টিউবে ক্যাথোড রশ্মি চালিয়ে পরীক্ষা করছিলেন। তার উদ্দেশ্য ছিল কাঁচ থেকে ক্যাথোড-রে বের হয় কিনা পরীক্ষা করা।এমন সময় একটি মজার ঘটনা ঘটে গেল। রঞ্জন লক্ষ্য করলেন কিছু দুরে এক ধরণের আলো দেখা যাচ্ছে। তিনি প্রথমে ভাবলেন হয়তো কাঠবোর্ড ফেটে গিয়ে এই রশ্মি বের হচ্ছে। কিন্তু কোথাও কোন ছিদ্র নেই। তিনি ভাল করে লক্ষ্য করে দেখলেন, ক্যাথোড রশ্মি কাঠবোর্ড ভেদ করে বের হচ্ছে। এমন সময় রঞ্জনের মাথায় বিচিত্র একটি আইডিয়া চলে এলো- তিনি ভাবলেন, যে রশ্মি কার্ডবোর্ড ভেদ করে বের হতে পারছে তা মানবদেহকে কেন ভেদ করতে পারবে না?ঠিক তখনি রঞ্জন তার স্ত্রীকে ডেকে এনে স্ত্রীর হাত সামনে রেখে পরীক্ষা চালালেন। এই পরীক্ষায় তিনি যে ফলাফল পেলেন তা মানুষের চিন্তাধারাকে পাল্টে এক নতুন ইতিহাস তৈরি করলো। প্রথমবারের মতো কোন রকম কাটাছেঁড়া না করেই মানবদেহের কঙ্কালের ফটোগ্রাফিক ইমেজ তৈরি করলেন। রঞ্জনের স্ত্রী নিজের কঙ্কালের ছবি দেখে আঁতকে উঠে বলেছিলেন, “আমি যেন সাক্ষাৎ মৃত্যুকে দেখতে পাচ্ছি চোখের সামনে!আর সেই থেকে মানুষের কোন অঙ্গ বা সম্পুর্ণ কঙ্কালের ছবি তুলতে এক্স-রে ব্যবহার করা হয়। এক্স-রে রশ্মি মুলত এমন একটি তড়িৎ চৌম্বক বিকিরণ যার তরঙ্গদৈর্ঘ্য টেন ইনভার্স টেন মিটার। এটি সাধারণ আলোর চেয়ে তুলনামুলক অনেক কম। তরঙ্গদৈর্ঘ্য কম থাকার কারণে এটি যে কোনো পদার্থকে খুব সহজেই ভেদ করতে পারে। পরবর্তীতে এক্স-রে এর আবিষ্কারক উইলহেম রঞ্জনের নাম অনুসারে অনেকেই এক্স-রে কে রঞ্জন রশ্মি বলে থাকেন। এই এক্স-রে আবিষ্কারের কারণেই উইলহেম রঞ্জন পদার্থ বিজ্ঞানে প্রথম নবেল পুরষ্কার লাভ করেন।"
p-96-a-73,কোন গ্রন্থি হরমোন উৎপাদন করে না?,জীববিজ্ঞান,7,+2,175,https://www.sciencebee.com.bd/qna/24913/%E0%A6%97%E0%A7%8D%E0%A6%B0%E0%A6%A8%E0%A7%8D%E0%A6%A5%E0%A6%BF-%E0%A6%89%E0%A7%8E%E0%A6%AA%E0%A6%BE%E0%A6%A6%E0%A6%A8,"['হরমোন', 'insulin', 'শরীর']",মানুষের শরীরে প্লীহা গ্রন্থি হরমোন উৎপাদন করে না I
p-96-a-74,কোন গ্রন্থি হরমোন উৎপাদন করে না?,জীববিজ্ঞান,7,+2,175,https://www.sciencebee.com.bd/qna/24913/%E0%A6%97%E0%A7%8D%E0%A6%B0%E0%A6%A8%E0%A7%8D%E0%A6%A5%E0%A6%BF-%E0%A6%89%E0%A7%8E%E0%A6%AA%E0%A6%BE%E0%A6%A6%E0%A6%A8,"['হরমোন', 'insulin', 'শরীর']",প্লীহা গ্রন্থি মানবদেহে হরমোন উৎপন্ন করে না।
p-96-a-75,কোন গ্রন্থি হরমোন উৎপাদন করে না?,জীববিজ্ঞান,7,+2,175,https://www.sciencebee.com.bd/qna/24913/%E0%A6%97%E0%A7%8D%E0%A6%B0%E0%A6%A8%E0%A7%8D%E0%A6%A5%E0%A6%BF-%E0%A6%89%E0%A7%8E%E0%A6%AA%E0%A6%BE%E0%A6%A6%E0%A6%A8,"['হরমোন', 'insulin', 'শরীর']",মানবদেহের প্লীহা গ্রন্থি হরমোন উৎপন্ন করে না।
p-96-a-76,কোন গ্রন্থি হরমোন উৎপাদন করে না?,জীববিজ্ঞান,7,+2,175,https://www.sciencebee.com.bd/qna/24913/%E0%A6%97%E0%A7%8D%E0%A6%B0%E0%A6%A8%E0%A7%8D%E0%A6%A5%E0%A6%BF-%E0%A6%89%E0%A7%8E%E0%A6%AA%E0%A6%BE%E0%A6%A6%E0%A6%A8,"['হরমোন', 'insulin', 'শরীর']",মানবদেহে প্লীহা গ্রন্থি হরমোন উৎপন্ন করে না।
p-96-a-77,কোন গ্রন্থি হরমোন উৎপাদন করে না?,জীববিজ্ঞান,7,+2,175,https://www.sciencebee.com.bd/qna/24913/%E0%A6%97%E0%A7%8D%E0%A6%B0%E0%A6%A8%E0%A7%8D%E0%A6%A5%E0%A6%BF-%E0%A6%89%E0%A7%8E%E0%A6%AA%E0%A6%BE%E0%A6%A6%E0%A6%A8,"['হরমোন', 'insulin', 'শরীর']",মানবদেহে যে গ্রন্থি হরমোন উৎপাদন করে না তা হচ্ছে প্লীহা গ্রন্থি।
p-96-a-78,কোন গ্রন্থি হরমোন উৎপাদন করে না?,জীববিজ্ঞান,7,+2,175,https://www.sciencebee.com.bd/qna/24913/%E0%A6%97%E0%A7%8D%E0%A6%B0%E0%A6%A8%E0%A7%8D%E0%A6%A5%E0%A6%BF-%E0%A6%89%E0%A7%8E%E0%A6%AA%E0%A6%BE%E0%A6%A6%E0%A6%A8,"['হরমোন', 'insulin', 'শরীর']",মানুষের শরীরে প্লীহা গ্রন্থি হরমোন উৎপাদন করে না।।
p-96-a-79,কোন গ্রন্থি হরমোন উৎপাদন করে না?,জীববিজ্ঞান,7,+2,175,https://www.sciencebee.com.bd/qna/24913/%E0%A6%97%E0%A7%8D%E0%A6%B0%E0%A6%A8%E0%A7%8D%E0%A6%A5%E0%A6%BF-%E0%A6%89%E0%A7%8E%E0%A6%AA%E0%A6%BE%E0%A6%A6%E0%A6%A8,"['হরমোন', 'insulin', 'শরীর']",মানবদেহের প্লীহা গ্রন্থি থেকে।ধন্যবাদ।
p-96-a-80,"আমরা বেঁচে থাকার জন্য বায়ুমণ্ডল থেকে অক্সিজেন গ্রহণ করি। কিন্তু বায়ুমণ্ডলে তো আরও অনেক ধরনের বিষাক্ত গ্যাস যেমন কার্বন ডাই-অক্সাইড (CO2), কার্বন মনোক্সাইড (CO) ইত্যাদি থাকে। শ্বাস গ্রহণের সময় এগুলোও কি আমাদের দেহে প্রবেশ করে?",প্রাণিবিদ্যা,1,+3,95,https://www.sciencebee.com.bd/qna/24911/%E0%A6%AC%E0%A6%BE%E0%A7%9F%E0%A7%81%E0%A6%AE%E0%A6%A3%E0%A7%8D%E0%A6%A1%E0%A6%B2%E0%A7%87,"['বিষাক্ত', 'গ্যাস']","The air we breathe: three vital respiratory gases and the red blood cell: oxygen, nitric oxide, and carbon dioxide. Transfusion."
