id,question,question_category,number_of_answer,number_of_vote,number_of_view,answer_link,question_tag,answer
p-409-a-0,Eye care on korleo ki মোবাইল এর আলো ক্ষতি করে,জীববিজ্ঞান,1,+12,704,https://www.sciencebee.com.bd/qna/7525/korleo-%E0%A6%AE%E0%A7%8B%E0%A6%AC%E0%A6%BE%E0%A6%87%E0%A6%B2,"['মোবাইল', 'চোখ', 'ক্ষতি']",Eye care on করলে মোবাইল এর নীল রশ্মি রং পরিবর্তন করে।এর ফলে চোখের ক্ষতি হয় না তবে বেশিক্ষণ মোবাইল ব্যবহার এ ক্ষতি হবে
p-409-a-1,বাতাসে কেন বস্তু নড়ে,পদার্থবিজ্ঞান,1,+12,130,https://www.sciencebee.com.bd/qna/7524/%E0%A6%AC%E0%A6%BE%E0%A6%A4%E0%A6%BE%E0%A6%B8%E0%A7%87-%E0%A6%AC%E0%A6%B8%E0%A7%8D%E0%A6%A4%E0%A7%81,"['বায়ুপ্রবাহ', 'বস্তু']",বাতাসের গ্যাসীয় মোলিকিউল গুলো গতিপ্রাপ্ত হলে বস্তুর গায়ে ধাক্কা দেয় যার ফলে বস্তু নড়ে।
p-409-a-2,পানির কোনো রং কেন নেই,রসায়ন,3,+12,144,https://www.sciencebee.com.bd/qna/7523/%E0%A6%AA%E0%A6%BE%E0%A6%A8%E0%A6%BF%E0%A6%B0-%E0%A6%95%E0%A7%8B%E0%A6%A8%E0%A7%8B-%E0%A6%95%E0%A7%87%E0%A6%A8,[],এখানে দেখুন :https://www.sciencebee.com.bd/qna/595/%E0%A6%AA%E0%A6%BE%E0%A6%A8%E0%A6%BF%E0%A6%B0-%E0%A6%B0%E0%A6%82-%E0%A6%A8%E0%A7%87%E0%A6%87-%E0%A6%95%E0%A7%87%E0%A6%A8
p-409-a-3,পানির কোনো রং কেন নেই,রসায়ন,3,+12,144,https://www.sciencebee.com.bd/qna/7523/%E0%A6%AA%E0%A6%BE%E0%A6%A8%E0%A6%BF%E0%A6%B0-%E0%A6%95%E0%A7%8B%E0%A6%A8%E0%A7%8B-%E0%A6%95%E0%A7%87%E0%A6%A8,[],https://www.sciencebee.com.bd/qna/7523/%E0%A6%AA%E0%A6%BE%E0%A6%A8%E0%A6%BF%E0%A6%B0-%E0%A6%95%E0%A7%8B%E0%A6%A8%E0%A7%8B-%E0%A6%95%E0%A7%87%E0%A6%A8
p-409-a-4,পানির কোনো রং কেন নেই,রসায়ন,3,+12,144,https://www.sciencebee.com.bd/qna/7523/%E0%A6%AA%E0%A6%BE%E0%A6%A8%E0%A6%BF%E0%A6%B0-%E0%A6%95%E0%A7%8B%E0%A6%A8%E0%A7%8B-%E0%A6%95%E0%A7%87%E0%A6%A8,[],https://www.sciencebee.com.bd/qna/595/%E0%A6%AA%E0%A6%BE%E0%A6%A8%E0%A6%BF%E0%A6%B0-%E0%A6%B0%E0%A6%82-%E0%A6%A8%E0%A7%87%E0%A6%87-%E0%A6%95%E0%A7%87%E0%A6%A8
p-409-a-5,আগুন কখনো হলুদ কখনো লাল রঙের হয় কেন?,রসায়ন,2,+12,314,https://www.sciencebee.com.bd/qna/7521/%E0%A6%86%E0%A6%97%E0%A7%81%E0%A6%A8-%E0%A6%95%E0%A6%96%E0%A6%A8%E0%A7%8B-%E0%A6%B9%E0%A6%B2%E0%A7%81%E0%A6%A6,"['আগুন', 'হলুদ', 'লাল']","A Bm Mahaiuddinমোমবাতির মোম আর চুলার মিথেন বা বিউটেন হলো হাইড্রোকার্বন। এই অণুগুলো তাপের কারণে কার্বন ও হাইড্রোজেন পরমাণুতে বিয়োজিত হয়ে যায় এবং অক্সিজেন পরমাণুর সাথে কার্বন-ডাই-অক্সাইড ও পানি উৎপন্ন করে। হাইড্রোকার্বন ও অক্সিজেনের বন্ধন শক্তি কার্বন-ডাই-অক্সাইড ও পানির শক্তির চেয়ে বেশি, তাই এ বিক্রিয়ায় শক্তি নির্গত হয়। এই শক্তিতে পরমাণুগুলোর ইলেকট্রন উপরের শক্তিস্তরে চলে যায় এবং নিচের স্তরে আসার সময় নীল আলো বিকিরণ করে। এখানে প্রায় ৩০০০ ডিগ্রি সেলসিয়াস তাপমাত্রা উৎপন্ন হয়। এটাই complete combustion. গ্যাস বার্নারে আর মোমবাতির গোড়ায় এই ধরনের আগুন তৈরি হয়। জ্বালানির কার্বন সংখ্যা বেশি হলে complete combustion ঘটতে পারে না। অবশিষ্ট পরমাণুগুলো রিং আকৃতির Polycyclic Aromatic Hydrocarbon এবং পরে ‘সুট’(soot) গঠন করে। সুট মূলত কার্বন পরমাণুর স্তূপ। এই পরমাণুগুলোর তাপে উত্তেজিত হয়ে কমলাটে হলুদ আলো বিকিরণ করে। এখানে প্রায় ১০০০-১২০০ ডিগ্রি সেলসিয়াস তাপমাত্রা উৎপন্ন হয়। এই প্রক্রিয়াকে Incandescence বলে। এটি এক প্রকার Black-body Radiation. মোমবাতির উপরের অংশে, কেরোসিন, পেট্রোল, ডিজেলে বা কাঠে এ ধরনের আগুন তৈরি হয়। প্রসঙ্গত, Incomplete Combustion-এ কার্বন মনোক্সাইড ও অন্যান্য জটিল যৌগ উৎপন্ন হয়, এগুলো এবং অবশিষ্ট হাইড্রোকার্বনগুলো ধোঁয়া হিসেবে পরিচিত। Complete combustion-এ ধোঁয়া হয় না। এছাড়া জ্বালানী ও পরিবেশভেদে লাল ও সাদা শিখাও তৈরি হতে পারে। এখানে যথাক্রমে প্রায় ৫০০ ও ১৫০০ ডিগ্রি সেলসিয়াস তাপমাত্রা উৎপন্ন হতে পারে। আবার কখনো কখনো জ্বালানী কঠিন হলে শিখা ছাড়াও জ্বলে, যেমন, সিগারেটের আগুন। সেক্ষেত্রে কার্বন মনোক্সাইড বেশি উৎপন্ন হয়।[১] অতএব, আগুনের শিখা হতে পারে নীল, লাল, কমলা, হলুদ, সাদা রং এর। এটা নির্ভর করে তাপমাত্রা ও কি পোড়ানো হচ্ছে তার উপর। এটা হচ্ছে রাসায়নিক বিক্রিয়ার ফল।[২] আপনি কমলা রঙ দেখতে পারবেন শিখায় Na+ এর কারনে। নীল দেখতে পারবেন C আর H পোড়ানোর ফলে, লাল দেখতে পারবেন Li+ আর সবুজ Cu++ এর ফলে ।"
p-409-a-6,আগুন কখনো হলুদ কখনো লাল রঙের হয় কেন?,রসায়ন,2,+12,314,https://www.sciencebee.com.bd/qna/7521/%E0%A6%86%E0%A6%97%E0%A7%81%E0%A6%A8-%E0%A6%95%E0%A6%96%E0%A6%A8%E0%A7%8B-%E0%A6%B9%E0%A6%B2%E0%A7%81%E0%A6%A6,"['আগুন', 'হলুদ', 'লাল']",এখানে।https://www.sciencebee.com.bd/qna/7521/%E0%A6%86%E0%A6%97%E0%A7%81%E0%A6%A8-%E0%A6%95%E0%A6%96%E0%A6%A8%E0%A7%8B-%E0%A6%B9%E0%A6%B2%E0%A7%81%E0%A6%A6
p-409-a-7,মাইক এর কারণে আওয়াজ বেশি কেন শোনা যায়,পদার্থবিজ্ঞান,1,+13,95,https://www.sciencebee.com.bd/qna/7520/%E0%A6%95%E0%A6%BE%E0%A6%B0%E0%A6%A3%E0%A7%87-%E0%A6%86%E0%A6%93%E0%A7%9F%E0%A6%BE%E0%A6%9C,[],"There could be many reasons why your microphone is producing unwanted noise. It could be room background noise, an electrical problem or a problem with your cables. Try checking all your cables are firmly in place or swapping them with another cable to see if the problem still continues."
p-409-a-8,নতুন বইয়ের পাতায় ঘ্রাণ কপন পাওয়া যায়,রসায়ন,2,+10,295,https://www.sciencebee.com.bd/qna/7519/%E0%A6%AC%E0%A6%87%E0%A7%9F%E0%A7%87%E0%A6%B0-%E0%A6%AA%E0%A6%BE%E0%A6%A4%E0%A6%BE%E0%A7%9F,"['বই', 'পাতা', 'রঙ']","Nishat Tasnimনতুন বইয়ের ঘ্রাণ হয় বইয়ের কাগজে ব্যবহৃত রাসায়নিক, কালি এবং বই ছাপার জন্য ব্যবহৃত বিভিন্ন ধরনের উদ্বায়ী রায়াসনিক উপাদান থেকে। নতুন বইয়ের কাগজ প্রক্রিয়াকরণ এর সময় তন্তুগুলো কাগজের উপযোগী করে তুলতে ব্যবহার করা হয় নানা রাসায়নিক উপাদান। যেমনঃ অম্লতার জন্য সোডিয়াম হাইড্রোক্সাইড। আবার কাগজের তন্তুগুলোকে ধোয়া হয় অনেক রাসায়নিক উপাদানে। এছাড়া কাগজে কালি বাঁধানোর জন্য ব্যবহার করা হয় কিছু জৈব কো-পলিমার। যেমন: ভিনাইল অ্যাসিটেট ইথিলিন। কাগজে ব্লিচিং এজেন্ট হিসেবে হাইড্রোজেন পারঅক্সাইড ব্যবহার করা হয়, তাছাড়া কাগজে আছে অ্যালকাইল কেটিন ডাইমার। নতুন বইয়ের ঘ্রাণ এর কারণ হচ্ছে কাগজ তৈরিতে ব্যবহৃত জটিল উদ্বায়ী রাসায়নিক গুলোর বিক্রিয়া। তাছাড়া অনেকের পুরানো বইয়ের ঘ্রাণও ভালো লাগে। পুরানো বইয়ের ঘ্রাণের জন্য দায়ী হাজার রকমের জৈব যৌগ৷ পুরানো বইয়ের ঘ্রাণ হয় সাধারণত সেলুলোজ ও লিগনিন এর ভাঙনের ফলে। আবার সময়ের সাথে সাথে বইয়ের পাতা হলুদ হয়ে যাওয়ার জন্যও দায়ী লিগনিন। কাগজ সাধারণত কাঠ দিয়ে তৈরি এবং কাঠে আছে লিগনিন ও সেলুলোজ। সেলুলোজের কাজ হচ্ছে কাগজে লিগনিন এর তন্তুগুলোকে ধরে রাখা। কাগজের লিগনিন অক্সিজেনের সংস্পর্শে এসে বিক্রিয়া করে তৈরি করে অম্ল। এই অম্ল সেলুলোজকে ভেঙে ফলে, যার জন্য বইয়ের পাতা হলুদ হয়ে যায়। সময়ের সাথে এই অম্লীয় উপাদানগুলোর উপস্থিতিতে অ্যাসিড হাইড্রোলাইসিস বিক্রিয়া ঘটতে থাকে এবং উদ্বায়ী জৈব যৌগ তৈরি হয় যা পুরাতন বইয়ে ঘ্রাণের সৃষ্টি করে। এইসব বিক্রিয়ার ফলে এমন কিছু রাসায়নিক তৈরি হয় যার গন্ধ অনেকটা ভ্যানিলা, ঘাস ও আমন্ডের মতো হয়। আমাদের নাকের ভিতরে আছে গন্ধ-অনুভতি বহনকারী ৪০০ রিসেপ্টর বা গ্রাহক-কোষ। এই গ্রাহক কোষ তৈরি করে এক ধরনের আঠালো মিউকাস যা গন্ধের অনুভূতি সৃষ্টি করে এমন উপাদান আটকে যায়। তারপর নাকের গ্রাহক কোষগুলো মস্তিষ্কে সংকেত পাঠায় যার জন্য ঘ্রাণ অনুভূত হয়।"
p-409-a-9,নতুন বইয়ের পাতায় ঘ্রাণ কপন পাওয়া যায়,রসায়ন,2,+10,295,https://www.sciencebee.com.bd/qna/7519/%E0%A6%AC%E0%A6%87%E0%A7%9F%E0%A7%87%E0%A6%B0-%E0%A6%AA%E0%A6%BE%E0%A6%A4%E0%A6%BE%E0%A7%9F,"['বই', 'পাতা', 'রঙ']","নতুন বইয়ের ঘ্রাণ হয় বইয়ের কাগজে ব্যবহৃত রাসায়নিক, কালি এবং বই ছাপার জন্য ব্যবহৃত বিভিন্ন ধরনের উদ্বায়ী রায়াসনিক উপাদান থেকে। নতুন বইয়ের কাগজ প্রক্রিয়াকরণ এর সময় তন্তুগুলো কাগজের উপযোগী করে তুলতে ব্যবহার করা হয় নানা রাসায়নিক উপাদান। যেমনঃ অম্লতার জন্য সোডিয়াম হাইড্রোক্সাইড। আবার কাগজের তন্তুগুলোকে ধোয়া হয় অনেক রাসায়নিক উপাদানে। এছাড়া কাগজে কালি বাঁধানোর জন্য ব্যবহার করা হয় কিছু জৈব কো পলিমার। যেমন: ভিনাইল অ্যাসিটেট ইথিলিন। কাগজে ব্লিচিং এজেন্ট হিসেবে হাইড্রোজেন পারঅক্সাইড ব্যবহার করা হয়, তাছাড়া কাগজে আছে অ্যালকাইল কেটিন ডাইমার। নতুন বইয়ের ঘ্রাণ এর কারণ হচ্ছে কাগজ তৈরিতে ব্যবহৃত জটিল উদ্বায়ী রাসায়নিক গুলোর বিক্রিয়া। তাছাড়া অনেকের পুরানো বইয়ের ঘ্রাণও ভালো লাগে।"
p-409-a-10,"সমকামিতার কী কোনো ফল হয় মানে X,Y আর X,Y সেক্স ক্রোমোজোম এর ফলপ কি কিছু হয়",জীববিজ্ঞান,1,+10,298,https://www.sciencebee.com.bd/qna/7512/%E0%A6%B8%E0%A6%AE%E0%A6%95%E0%A6%BE%E0%A6%AE%E0%A6%BF%E0%A6%A4%E0%A6%BE%E0%A6%B0-%E0%A6%95%E0%A7%8D%E0%A6%B0%E0%A7%8B%E0%A6%AE%E0%A7%8B%E0%A6%9C%E0%A7%8B%E0%A6%AE,[],সমকামিতার কোনো ফল নেই এটা মনোত্তাত্তিক ব্যাপার।
p-409-a-11,কোকা কোলার কী কোনো Secret Formula আছে,তত্ত্ব ও গবেষণা,1,+11,131,https://www.sciencebee.com.bd/qna/7511/secret-formula,[],না নেই।আরো জানতেএখানে ক্লিক করুন
p-409-a-12,পড়ার সময় পড়তে পড়তে আমাদের মাথা সামনে পিছনে দুলতে থাকে কেন,আইকিউ,2,+11,208,https://www.sciencebee.com.bd/qna/7510/%E0%A6%86%E0%A6%AE%E0%A6%BE%E0%A6%A6%E0%A7%87%E0%A6%B0-%E0%A6%B8%E0%A6%BE%E0%A6%AE%E0%A6%A8%E0%A7%87,"['মাথা', 'পড়া']","]এই মাথা নড়াচড়া ঘাড়ের গতিবেগ বৃদ্ধি করে এবং টেক্সট বা লেখাটি বারবার পড়া হয়, অনেকের কৌশল এটি পড়া মুখস্থ করার । আপনি বরং মাথা না নাড়িয়ে চোখ নাড়ান। আপনি যদি একটি অবিরাম গতিতে পড়ার চেষ্টা করেন তবে আপনার ঘাড়ে আঘাত লাগবেই। পরিবর্তে আপনার চোখ সরান। শব্দের পিছনে না তাকানোর অনুশীলন করুন।"
p-409-a-13,পড়ার সময় পড়তে পড়তে আমাদের মাথা সামনে পিছনে দুলতে থাকে কেন,আইকিউ,2,+11,208,https://www.sciencebee.com.bd/qna/7510/%E0%A6%86%E0%A6%AE%E0%A6%BE%E0%A6%A6%E0%A7%87%E0%A6%B0-%E0%A6%B8%E0%A6%BE%E0%A6%AE%E0%A6%A8%E0%A7%87,"['মাথা', 'পড়া']","মাথা নড়াচড়া ঘাড়ের গতিবেগ বৃদ্ধি করে এবং টেক্সট বা লেখাটি বারবার পড়া হয়, অনেকের কৌশল এটি পড়া মুখস্থ করার । আপনি বরং মাথা না নাড়িয়ে চোখ নাড়ান। আপনি যদি একটি অবিরাম গতিতে পড়ার চেষ্টা করেন তবে আপনার ঘাড়ে আঘাত লাগবেই। পরিবর্তে আপনার চোখ সরান। শব্দের পিছনে না তাকানোর অনুশীলন করুন।"
p-409-a-14,কম্পিউটার এর আশপাশে কেন পানীয় রাখতে নিষেধ করা হয়,প্রযুক্তি,1,+11,108,https://www.sciencebee.com.bd/qna/7509/%E0%A6%95%E0%A6%AE%E0%A7%8D%E0%A6%AA%E0%A6%BF%E0%A6%89%E0%A6%9F%E0%A6%BE%E0%A6%B0-%E0%A6%86%E0%A6%B6%E0%A6%AA%E0%A6%BE%E0%A6%B6%E0%A7%87,['computer'],"কম্পিউটার এর আশেপাশে চা, কফি বা কোল্ড ড্রিঙ্কস ইত্যাদি পানীয় রাখতে নিষেধ করা হয়।কারণ, অসাবধাণতাবশতঃ হাত লেগে পানীয় কম্পিউটারের যন্ত্রাংশের উপর পড়ে গেলে তা কম্পিউটারের ক্ষতি সাধন করতে পারে। এছাড়াও কম্পিউটারের যন্ত্রাংশের উপর পানীয় পড়ে শুকিয়ে গেলে তা উঠানো অসম্ভব হয়ে পড়ে ।"
p-409-a-15,মোবাইল এর উপর পানি পড়লে কী ক্ষতি হয়?,প্রযুক্তি,1,+11,190,https://www.sciencebee.com.bd/qna/7508/%E0%A6%AE%E0%A7%8B%E0%A6%AC%E0%A6%BE%E0%A6%87%E0%A6%B2-%E0%A6%95%E0%A7%8D%E0%A6%B7%E0%A6%A4%E0%A6%BF,"['মোবাইল', 'পানি']","মোবাইল যদি স্প্লাশ প্রুফ হয়, তবে মোবাইলের ওপর পানির ছিটা পড়লে ক্ষণিকের জন্য মোবাইল হ্যাং করা ছাড়া মেজর কোনো প্রব্লেম দেখা দেবে না। সাধারনত ফ্লাগশিপ ফোনগুলো IP68 water & dust resistant হয়ে থাকে বিধায় পানিতে এদের প্রায় আধ ঘণ্টা পর্যন্ত চুবিয়ে রাখলেও কোনো সমস্যা দেখা দেয় না। আর ফ্লাগশিপ কিলার ফোনগুলো সাধারনত স্প্লাশ প্রুফ হয়ে থাকে।অন্যদিকে, নর্মাল ফোনগুলোতে পানির ছিটা পড়লে বা পানি বিভিন্ন ছিদ্র যেমন স্পিকার কিংবা মাউথপিস ইত্যাদি দিয়ে ঢুকে গেলে তা মোবাইলের পুরো হার্ডওয়্যার সিস্টেমকেই অচল করে দিতে পারে। মূলত মোবাইলে তখন পানি ঢুকে তা প্রসেসরকে অচল করে দিতে পারে, ফলে মোবাইলে বিভিন্ন ধরনের সমস্যা যেমন ডিসপ্লে নষ্ট, স্পিকার নষ্ট এমনকি ক্যামেরা সিস্টেমও নষ্ট হয়ে যেতে পারে। তাই নর্মাল বাজেট ফোনগুলোকে পানির থেকে বাঁচিয়ে অতি সাবধানতার সাথে ব্যবহার করা উচিত।© Hasan Saikat"
p-409-a-16,থার্মোমিটার কীভাবে কাজ করে,পদার্থবিজ্ঞান,2,+11,123,https://www.sciencebee.com.bd/qna/7506/%E0%A6%A5%E0%A6%BE%E0%A6%B0%E0%A7%8D%E0%A6%AE%E0%A7%8B%E0%A6%AE%E0%A6%BF%E0%A6%9F%E0%A6%BE%E0%A6%B0,['থার্মোমিটার'],"থার্মোমিটারের উভয় প্রান্তে একটি গ্লাসের নল থাকে এবং আংশিকভাবে পারদ বা অ্যালকোহলের মতো তরল দিয়ে ভরা থাকে। থার্মোমিটারের বাল্বের চারপাশের তাপমাত্রা গরম হওয়ার সাথে সাথে কাচের নলটিতে তরলটি বেড়ে যায়। গ্লাস টিউবটি একটি ব্যাকবোর্ডে মাউন্ট করা থাকে যা ডিগ্রি / ফারেনহাইট নামে পরিচিত ইউনিটে চিহ্নিত থাকে। এটি গরম হয়ে গেলে, থার্মোমিটারের ভিতরে তরলটি নলটিতে প্রসারিত হবে এবং বৃদ্ধি পাবে। এবং এর বিপরীতটি ঘটে যখন এটি ঠান্ডা হয়। থার্মোমিটারের তাপমাত্রা টিউবটিতে তরলটির স্তর এবং এটির মধ্য দিয়ে তাপমাত্রার স্কেলের সংখ্যা খুঁজে বের করে হিসেব করা হয়। বেশি গরম এ অ্যালকোহল ব্যবহার হয় না।"
p-409-a-17,থার্মোমিটার কীভাবে কাজ করে,পদার্থবিজ্ঞান,2,+11,123,https://www.sciencebee.com.bd/qna/7506/%E0%A6%A5%E0%A6%BE%E0%A6%B0%E0%A7%8D%E0%A6%AE%E0%A7%8B%E0%A6%AE%E0%A6%BF%E0%A6%9F%E0%A6%BE%E0%A6%B0,['থার্মোমিটার'],"থার্মোমিটারের উভয় প্রান্তে একটি গ্লাসের নল থাকে এবং আংশিকভাবে পারদ বা অ্যালকোহলের মতো তরল দিয়ে ভরা থাকে। থার্মোমিটারের বাল্বের চারপাশের তাপমাত্রা গরম হওয়ার সাথে সাথে কাচের নলটিতে তরলটি বেড়ে যায়। গ্লাস টিউবটি একটি ব্যাকবোর্ডে মাউন্ট করা থাকে যা ডিগ্রি / ফারেনহাইট নামে পরিচিত ইউনিটে চিহ্নিত থাকে। এটি গরম হয়ে গেলে, থার্মোমিটারের ভিতরে তরলটি নলটিতে প্রসারিত হবে এবং বৃদ্ধি পাবে। এবং এর বিপরীতটি ঘটে যখন এটি ঠান্ডা হয়। থার্মোমিটারের তাপমাত্রা টিউবটিতে তরলটির স্তর এবং এটির মধ্য দিয়ে তাপমাত্রার স্কেলের সংখ্যা খুঁজে বের করে হিসেব করা হয়।"
p-409-a-18,"Good Fat (butter,olive oil,mustered oil)এর কি কি ক্ষতিকর দিক আছে",স্বাস্থ্য ও চিকিৎসা,2,+11,254,https://www.sciencebee.com.bd/qna/7505/mustered-%E0%A6%95%E0%A7%8D%E0%A6%B7%E0%A6%A4%E0%A6%BF%E0%A6%95%E0%A6%B0,"['চর্বি', 'ক্ষতি']","/শরীরে যাদের বাড়তি মেদ রয়েছে তাদের অনৈকেরই লো-ফ্যাট বা ফ্যাট মুক্ত খাবার খাওয়ার নির্দেশনা দেন চিকিৎসকরা। তাদের ক্ষেত্রে মাখন এড়িয়ে চলা যেতে পারে। স্বাভাবিক স্বাস্থের মানুষের পক্ষে সামান্য মাখন খাওয়া বাড়তি ঝুঁকি তৈরি করবে না বলেই মনে করেন গবেষকরা। এ কারণে মাখন খাওয়া উচিত কি না, এ প্রশ্নের উত্তর নির্ভর করছে প্রশ্নকর্তার স্বাস্থ্যের ওপর। তার স্বাস্থ্য যদি মেদবহুল ও কোনো কারণে ঝুঁকিপূর্ণ হয় তাহলে তা খাওয়া যাবে না। অন্যদিকে স্বাভাবিক স্বাস্থ্যের মানুষের পরিমিত মাখন খেলে তেমন কোনো স্বাস্থ্যঝুঁকি নেই।অলিভ অয়েল থেকে কী ধরণের পার্শ্ব প্রতিক্রিয়া হতে পারে৷ ১. ত্বকে পার্শ্ব প্রতিক্রিয়া অলিভ অয়েল থেকে অ্যালার্জি হতে পারে অনেকেরই ৷ অলিভ বা জলপাইয়ে সমস্যা থাকলে তা অ্য়ালার্জির কারণ হয়ে দেখা দিতে পারে, যার থেকে ত্বকে ব়্যাশ বা এগজিমা জাতীয় সমস্যা হতে পারে ৷ এমন পরিস্থিতি দেখা দিলে দেরি না করে চিকিৎসকের শরণাপন্ন হতে হবে ৷২. স্বাস্থ্য়ে পার্শ্ব প্রতিক্রিয়াঅলিভ অয়েলে থাকা প্রচুর পরিমাণে ক্যালোরি হৃদরোগের ঝুঁকি বাড়িয়ে দিতে পারে ৷ মনে রাখবেন প্রতিদিন দুই টেবিল চামচের বেশি এই তেল ব্য়বহার করবেন না ৷আপনি যদি ডায়াবেটিক রোগী হন তাহলে অলিভ অয়েল ব্য়বহারের আগে অবশ্য়ই চিকিৎসকের পরামর্শ নিন ৷মাত্রাতিরিক্ত অলিভ অয়েল ব্য়বহারে রক্তচাপ অনিয়ন্ত্রিত হয়ে পড়তে পারে, এছাড়া গলব্লাডার ব্লকেজসহ অন্যান্য় সমস্য়ার সৃষ্টি হতে পারে৷ অতিরিক্ত মাত্রায় অলিভ অয়েল ব্য়বহারে বেড়ে যেতে পারে আপনার ওজনও ৷ তাই এই তেল নিয়মিত নির্দিষ্ট পরিমাণে ব্য়বহার করতে হবে ৷শরীরে কোনও ক্ষতস্থানে কোনওভাবেই এই তেল লাগাবেন না ভুল করেও ৷ নাহলে সমস্যা বাড়তে পারে ৷২০ থেকে ৩০ সেকেন্ডের বেশি অলিভ অয়েল গরম করবেন না ৷ নাহলে এর সমস্ত গুণ চলে গিয়ে এটি শরীরের উপকারে তো আসবেই না, উল্টে বিপদ বাড়বে ৷"
p-409-a-19,"Good Fat (butter,olive oil,mustered oil)এর কি কি ক্ষতিকর দিক আছে",স্বাস্থ্য ও চিকিৎসা,2,+11,254,https://www.sciencebee.com.bd/qna/7505/mustered-%E0%A6%95%E0%A7%8D%E0%A6%B7%E0%A6%A4%E0%A6%BF%E0%A6%95%E0%A6%B0,"['চর্বি', 'ক্ষতি']",এটি পড়ুন:https://www.sciencebee.com.bd/qna/7505/mustered-%E0%A6%95%E0%A7%8D%E0%A6%B7%E0%A6%A4%E0%A6%BF%E0%A6%95%E0%A6%B0
p-409-a-20,আমাদের ঘুম আসে কেন?সব প্রাণীর কি ঘুম আসে?,চিন্তা ও দক্ষতা,2,+13,425,https://www.sciencebee.com.bd/qna/7504/%E0%A6%86%E0%A6%AE%E0%A6%BE%E0%A6%A6%E0%A7%87%E0%A6%B0-%E0%A6%AA%E0%A7%8D%E0%A6%B0%E0%A6%BE%E0%A6%A3%E0%A7%80%E0%A6%B0,"['ঘুম', 'প্রাণী', 'মানুষ']","ঘুম গবেষকেরা এ ব্যাপারে একমত হয়েছেন যে, শরীর ও মনের শক্তি পুনঃসঞ্চয় করতে ঘুমের প্রয়োজন হয়। তা ছাড়া সব ধরনের শারীরবৃত্তীয় কাজের মধ্যে সমতারক্ষার জন্যও ঘুমানো দরকার। একেবারে সাম্প্রতিক গবেষণালব্ধ তথ্য থেকে জানা যাচ্ছে, স্মৃতি ধরে রাখতে, আবেগকে ঠিকভাবে পরিচালিত করতে এবং সর্বোপরি মনঃসংযোগ বাড়াতে ঘুমের গুরুত্বপূর্ণ ভূমিকা আছে। এ ছাড়াও স্বাভাবিক হরমোন নিঃসরণ করতে, শরীরের রোগ প্রতিরোধ ক্ষমতা বাড়াতে, পুষ্টি ও ওজন নিয়ন্ত্রণ করতে এবং স্নায়ুতন্ত্রের স্বাভাবিক কাজকর্ম বজায় রাখতেও ঘুমের দরকার হয়।সমস্ত স্তন্যপায়ী ও পাখি এবং বহু সরীসৃপ, উভচর ও মাছেদের জীবনচক্রে ঘুমানোর প্রক্রিয়া লক্ষ্য করা গেছে। মানুষ ও অন্যান্য স্তন্যপায়ী এবং অন্য বেশ কিছু প্রানীর (যেমন, কিছু প্রজাতির মাছ, পাখি, পিঁপড়ে) অস্তিত্ব রক্ষারজন্যেও নিয়মিত ঘুম আবশ্যক। শীতঘুম, কোমা কিংবা অজ্ঞান অবস্থার চেয়ে খুব সহজেই ঘুমন্ত অবস্থা থেকে জাগ্রত অবস্থায় ফেরত আসা যায়। উদাহরণ সরূপ বলা যায়, তীব্র আলো বা জোরালো শব্দের মতো পরিবেশগত পরিবর্তনে আমাদের ঘুম ভেঙে গেলেও বাকি অবস্থাগুলি অব্যাহত থাকে।"
p-409-a-21,আমাদের ঘুম আসে কেন?সব প্রাণীর কি ঘুম আসে?,চিন্তা ও দক্ষতা,2,+13,425,https://www.sciencebee.com.bd/qna/7504/%E0%A6%86%E0%A6%AE%E0%A6%BE%E0%A6%A6%E0%A7%87%E0%A6%B0-%E0%A6%AA%E0%A7%8D%E0%A6%B0%E0%A6%BE%E0%A6%A3%E0%A7%80%E0%A6%B0,"['ঘুম', 'প্রাণী', 'মানুষ']",এটি দেখুন:https://www.sciencebee.com.bd/qna/7504/%E0%A6%86%E0%A6%AE%E0%A6%BE%E0%A6%A6%E0%A7%87%E0%A6%B0-%E0%A6%AA%E0%A7%8D%E0%A6%B0%E0%A6%BE%E0%A6%A3%E0%A7%80%E0%A6%B0
p-409-a-22,"সম্প্রতি Google LLC এর G-Mail,Drive appদুটির Update এসেছে তবে সবাই কেন সেটা পাচ্ছে না?",প্রযুক্তি,1,+11,156,https://www.sciencebee.com.bd/qna/7503/%E0%A6%B8%E0%A6%AE%E0%A7%8D%E0%A6%AA%E0%A7%8D%E0%A6%B0%E0%A6%A4%E0%A6%BF-app%E0%A6%A6%E0%A7%81%E0%A6%9F%E0%A6%BF%E0%A6%B0,"['গুগল', 'update']",software ভার্সনের উপর ডিপেন্ড করে খুব শীঘ্রই আপডেট ভার্সন সবাই পেয়ে যাবেন।
p-409-a-23,ডাইনোসর আর মুরগির মধ্যে কী সম্পর্ক?,প্রাণিবিদ্যা,2,+11,366,https://www.sciencebee.com.bd/qna/7502/%E0%A6%A1%E0%A6%BE%E0%A6%87%E0%A6%A8%E0%A7%8B%E0%A6%B8%E0%A6%B0-%E0%A6%B8%E0%A6%AE%E0%A7%8D%E0%A6%AA%E0%A6%B0%E0%A7%8D%E0%A6%95,"['প্রাণী', 'ডাইনোসর', 'মুরগি']","প্রায় ৬৫ মিলিয়ন বছরের পুরনো Tyrannosaurus Rex বা টি রেক্সের DNA এর সাথে বর্তমানের ২১ টি প্রজাতির প্রাণীর DNA এর সিকোয়েন্স ম্যাচ করানো হয়। সবথেকে আশ্চর্যের বিষয়, এই ২১ টি প্রাণীর মধ্যে সবথেকে কাছের হলো মোরগ। এমন কী তথ্য প্রমাণ অনুযায়ী ডাইনোসর সরীসৃপ বা রেপটাইল শ্রেণীর অন্তর্ভুক্ত হলেও তাদের সাথে মোরগদের জেনেটিক সাদৃশ্য অনেক বেশি।ডাইনোসরের থেকে মোরগের এই অপ্রত্যাশিত বিবর্তনের স্বপক্ষে আরও একটি প্রমাণ দেওয়া যায়। Bhart-Anjan Bhullar, হার্ভার্ডের এক গবেষক একটি গবেষণা পরিচালনা করেছিলেন। মোরগের ভ্রূণ থেকে কিছুটা স্যাম্পল নিয়ে তিনি তাতে নির্দিষ্ট কতগুলো জিন পরিবর্তন করে দেন। নতুন অপত্য যে স্যাম্পলটি সৃষ্টি হয়েছিল তার সাথে ডাইনোসরের অবিশ্বাস্য রকমের সাদৃশ্য খুঁজে পাওয়া যায়। এমনকী এই ভাবে যে মোরগ গুলোর সৃষ্টি হয়েছিল তাদের চঞ্চুর সাথে ডাইনোসরের চঞ্চুর মিলও ছিল লক্ষ্য করার মতো। একবার কল্পনা করুন, যদি আরও কোনো জেনেটিক মডিফিকেশন তিনি করতেন তাহলে অবশ্যই আমরা মোরগ থেকে টি রেক্স সৃষ্টি করতে সক্ষম হতাম। Bhullar অবশ্য জুরাসিক পার্ক সিনেমার মতো বিবর্তনকে উল্টোপথে চালনা করে ডাইনোসর সৃষ্টি করতে চাননি। কিন্তু তাঁর মতে মোরগ থেকে টি রেক্সকে জেনেটিক মডিফিকেশনের মাধ্যমে ফিরিয়ে আনা অবশ্যই সম্ভব। ""This isn’t theoretical. I’m not talking half a century here, I’m talking decades. It’s going to happen.”"
p-409-a-24,ডাইনোসর আর মুরগির মধ্যে কী সম্পর্ক?,প্রাণিবিদ্যা,2,+11,366,https://www.sciencebee.com.bd/qna/7502/%E0%A6%A1%E0%A6%BE%E0%A6%87%E0%A6%A8%E0%A7%8B%E0%A6%B8%E0%A6%B0-%E0%A6%B8%E0%A6%AE%E0%A7%8D%E0%A6%AA%E0%A6%B0%E0%A7%8D%E0%A6%95,"['প্রাণী', 'ডাইনোসর', 'মুরগি']",এই নিন।https://www.sciencebee.com.bd/qna/7502/%E0%A6%A1%E0%A6%BE%E0%A6%87%E0%A6%A8%E0%A7%8B%E0%A6%B8%E0%A6%B0-%E0%A6%B8%E0%A6%AE%E0%A7%8D%E0%A6%AA%E0%A6%B0%E0%A7%8D%E0%A6%95
p-409-a-25,আচ্ছা মরিচ খেলে বা ঝাল জাতীয় কিছু খেলে যখন ঝাল লাগে আমার মাথা চুলকায় কেনো???,স্বাস্থ্য ও চিকিৎসা,1,+10,451,https://www.sciencebee.com.bd/qna/7501/%E0%A6%86%E0%A6%9A%E0%A7%8D%E0%A6%9B%E0%A6%BE-%E0%A6%9A%E0%A7%81%E0%A6%B2%E0%A6%95%E0%A6%BE%E0%A7%9F,['ঝাল'],ঝালতাহল বুজতে হবে আপনার ঝালে এলার্জি আছে।এধরনের এলার্জি কে খাদ্য জনিত এলার্জি বলা হয়।একেক লোকের একেক খাদ্যে এলার্জি থাকে।যেমন আমার মরিচে এলার্জি।
p-409-a-26,কলা কেন বাঁকা হয়?,জীববিজ্ঞান,2,+7,566,https://www.sciencebee.com.bd/qna/7498/%E0%A6%95%E0%A6%B2%E0%A6%BE-%E0%A6%95%E0%A7%87%E0%A6%A8-%E0%A6%AC%E0%A6%BE%E0%A6%81%E0%A6%95%E0%A6%BE,['কলা'],"Nishat Tasnim-সে হিসেবে অন্যান্য বৃক্ষ বা ফলের মতো কলার পাতা ও ফল গ্র্যাভিটির জন্য নিচে ঝুলে থাকতো। কিন্তু কলাগাছ ট্রপিকাল রেইনফরেস্ট বৃক্ষ। কলা সূর্যালোকের দিকে বৃদ্ধি পায়, তাই সুর্যালোক পাওয়ার জন্য কলার কুড়ি থেকে ফল পর্যন্ত জিওট্রপিজম গ্র্যাভিটির বিপরীত দিকে বৃদ্ধি পায়। একে নেগেটিভ জিওট্রপিজম বলে। আবার বৃদ্ধির একটা পর্যায়ে গ্র্যাভিটির কিছু টানে সামান্য মাটির দিকে বাঁকা হয়ে যায়। যার জন্য কলা বাঁকা হয়ে বৃদ্ধি পায়।বৃক্ষের ও ফলের বৃদ্ধি ফটোট্রপিজম ও গ্র্যাভিটিজম বা জিওট্রপিজম ও অক্সিন হরমোনের উপর নির্ভর করে।"
p-409-a-27,কলা কেন বাঁকা হয়?,জীববিজ্ঞান,2,+7,566,https://www.sciencebee.com.bd/qna/7498/%E0%A6%95%E0%A6%B2%E0%A6%BE-%E0%A6%95%E0%A7%87%E0%A6%A8-%E0%A6%AC%E0%A6%BE%E0%A6%81%E0%A6%95%E0%A6%BE,['কলা'],কারণ কলা সূর্যের দিকে থাকে। সুত্রঃ প্রথম আলো
p-409-a-28,যারা বুড়ো বয়সে বাচ্চাদের মতো আচরণ করে তাদের Phsychological age কম কিন্তু এছাড়া কি তাদের কোনো বৈজ্ঞানিক নাম আছে?,মনোবিজ্ঞান,2,+10,192,https://www.sciencebee.com.bd/qna/7494/phsychological,"['মন', 'মনোবিজ্ঞান', 'বয়স', 'বৈজ্ঞানিক']","এ রোগের একটি নামআছে  , সেটি হলোImmature Personality Disorder"
p-409-a-29,যারা বুড়ো বয়সে বাচ্চাদের মতো আচরণ করে তাদের Phsychological age কম কিন্তু এছাড়া কি তাদের কোনো বৈজ্ঞানিক নাম আছে?,মনোবিজ্ঞান,2,+10,192,https://www.sciencebee.com.bd/qna/7494/phsychological,"['মন', 'মনোবিজ্ঞান', 'বয়স', 'বৈজ্ঞানিক']",এ রোগটির একটি নাম আছে। নামটি হলো Immature Personality Disorder
p-409-a-30,আমাদের দেহ থেকে ঘাম কেন বের হয়,স্বাস্থ্য ও চিকিৎসা,3,+10,364,https://www.sciencebee.com.bd/qna/7486/%E0%A6%86%E0%A6%AE%E0%A6%BE%E0%A6%A6%E0%A7%87%E0%A6%B0-%E0%A6%A5%E0%A7%87%E0%A6%95%E0%A7%87,"['ঘাম', 'গ্লুকোজ']","ঘাম হয় আমাদের শরীরকে ঠাণ্ডা করার জন্য। যখন আমরা কোন গরম তাপমাত্রার স্থানে থাকি কিংবা কায়িক পরিশ্রমের কারণে আমাদের শরীরের তাপমাত্রা বেড়ে যায় তখন আমাদের গা বেয়ে ঘাম ঝরতে থাকে। এ ঘামে যে পানি থাকে তা বাতাসে বষ্পীভূত হয়ে আমাদের শরীরের তাপমাত্রা কমিয়ে দেয়। আর তার ফলে আমরা ঠাণ্ডা অনুভব করি। যেহেতু ঘাম থেকে পানি উড়ে যায় সেহেতু এরপর আমাদের ত্বকে ঘামে থাকা বিভিন্ন লবণ পড়ে থাকে। এসব লবণের কারণেই ঘামের স্বাদ লবণাক্ত হয়। এছাড়া অনেক সময় দুশ্চিন্তা, চাপ ইত্যাদি কারণেও ঘাম হতে পারে। একজন পূর্ণবয়স্ক মানুষের দেহ থেকে ঘণ্টায় সর্বোচ্চ ২-৪ লিটার ঘাম নির্গত হতে পারে (দিনে ১০-১৪ লিটার)।Source : researchgate , shikkhasova"
p-409-a-31,আমাদের দেহ থেকে ঘাম কেন বের হয়,স্বাস্থ্য ও চিকিৎসা,3,+10,364,https://www.sciencebee.com.bd/qna/7486/%E0%A6%86%E0%A6%AE%E0%A6%BE%E0%A6%A6%E0%A7%87%E0%A6%B0-%E0%A6%A5%E0%A7%87%E0%A6%95%E0%A7%87,"['ঘাম', 'গ্লুকোজ']",ঘাম হয় আমাদের শরীরকে ঠাণ্ডা করার জন্য। যখন আমরা কোন গরম তাপমাত্রার স্থানে থাকি কিংবা কায়িক পরিশ্রমের কারণে আমাদের শরীরের তাপমাত্রা বেড়ে যায় তখন আমাদের গা বেয়ে ঘাম ঝরতে থাকে। এ ঘামে যে পানি থাকে তা বাতাসে বষ্পীভূত হয়ে আমাদের শরীরের তাপমাত্রা কমিয়ে দেয়। আর তার ফলে আমরা ঠাণ্ডা অনুভব করি।
p-409-a-32,আমাদের দেহ থেকে ঘাম কেন বের হয়,স্বাস্থ্য ও চিকিৎসা,3,+10,364,https://www.sciencebee.com.bd/qna/7486/%E0%A6%86%E0%A6%AE%E0%A6%BE%E0%A6%A6%E0%A7%87%E0%A6%B0-%E0%A6%A5%E0%A7%87%E0%A6%95%E0%A7%87,"['ঘাম', 'গ্লুকোজ']","যেহেতু ঘাম থেকে পানি উড়ে যায় সেহেতু এরপর আমাদের ত্বকে ঘামে থাকা বিভিন্ন লবণ পড়ে থাকে। এসব লবণের কারণেই ঘামের স্বাদ লবণাক্ত হয়। এছাড়া অনেক সময় দুশ্চিন্তা, চাপ ইত্যাদি কারণেও ঘাম হতে পারে। একজন পূর্ণবয়স্ক মানুষের দেহ থেকে ঘণ্টায় সর্বোচ্চ ২-৪ লিটার ঘাম নির্গত হতে পারে (দিনে ১০-১৪ লিটার)।Source: researchgate, shikkhasova"
