id,question,question_category,number_of_answer,number_of_vote,number_of_view,answer_link,question_tag,answer
p-140-a-0,Astraphobia কি?,স্বাস্থ্য ও চিকিৎসা,2,0,77,https://www.sciencebee.com.bd/qna/20825/astraphobia,"['astraphobia', 'কি']",Astraphobia হল বজ্রপাতের প্রতি ভয়। এ ফোবিয়ায় আক্রান্ত মানুষ বজ্রপাত দেখলে অনেক আতঙ্কিত হয়ে পড়ে।
p-140-a-1,Astraphobia কি?,স্বাস্থ্য ও চিকিৎসা,2,0,77,https://www.sciencebee.com.bd/qna/20825/astraphobia,"['astraphobia', 'কি']","Astraphobia is an intense fear of thunder and lightning. The phobia is more common in children, but it can last into adulthood. Astraphobia often also affects animals. People with astraphobia feel extreme anxiety or debilitating fear when preparing for a thunderstorm."
p-140-a-2,Hemophobia কি?,স্বাস্থ্য ও চিকিৎসা,2,0,73,https://www.sciencebee.com.bd/qna/20823/hemophobia,"['hemophobia', 'মানুষ']",Hemophobia হল রক্তের প্রতি থাকা ভয়। এ ফোবিয়ায় আক্রান্ত মানুষ রক্ত দেখলে আতঙ্কগ্রস্ত হয়ে পড়ে।
p-140-a-3,Hemophobia কি?,স্বাস্থ্য ও চিকিৎসা,2,0,73,https://www.sciencebee.com.bd/qna/20823/hemophobia,"['hemophobia', 'মানুষ']",The term for the irrational fear of blood is hemophobia. It falls under the category of &ldquo;specific phobia&rdquo; with the specifier of blood-injection-injury (BII) phobia in the new edition of the Diagnostic and Statistical Manual of Mental Disorders (DSM-5).
p-140-a-4,Aerophobia বলতে কি বোঝায়?,মনোবিজ্ঞান,2,0,65,https://www.sciencebee.com.bd/qna/20814/aerophobia,"['aerophobia', 'বলতে']",Aerophobia হলো  মানুষের বিমানে চড়ার বা উড়ার ফোবিয়া।
p-140-a-5,Aerophobia বলতে কি বোঝায়?,মনোবিজ্ঞান,2,0,65,https://www.sciencebee.com.bd/qna/20814/aerophobia,"['aerophobia', 'বলতে']",আকাশপথ এ অর্থাৎ বিমানে চড়ে চলাচল করার ভীতিকেই Aerophobia বলা হয়।
p-140-a-6,Acrophobia বলতে কি বুঝায়?,মনোবিজ্ঞান,2,+1,123,https://www.sciencebee.com.bd/qna/20813/acrophobia,"['acrophobia', 'বোঝায়']","অনেক বেশি উঁচু জায়গায় উঠে গেলে আমরা অনেকেই ভয় পাই। বিশেষত সেখান থেকে পড়ে যাওয়ার আশঙ্কা থাকলে বা সেখানে নিরাপত্তা কম থাকলে এটা প্রায় সবারই হয়। তবে, কারও কারও ক্ষেত্রে এটা প্রবল। একে উচ্চতা ভীতি (Acrophobia) বলে। প্রবল উচ্চতা ভীতি আছে এমন কেউ কোনো কারণে অতিরিক্ত উচ্চতায় উঠে গেলে তাদের প্যানিক অ্যাটাক হওয়ার আশঙ্কা থাকে। দ্রুত সেখান থেকে সরিয়ে নিতে না পারলে অতিরিক্ত অস্থিরতায় তারা অসুস্থ হয়ে যেতে পারেন। উচ্চতা ভীতিও সাধারণত ছেলেদের তুলনায় মেয়েদের মধ্যে বেশি দেখা যায়।"
p-140-a-7,Acrophobia বলতে কি বুঝায়?,মনোবিজ্ঞান,2,+1,123,https://www.sciencebee.com.bd/qna/20813/acrophobia,"['acrophobia', 'বোঝায়']",উঁচু স্থানে ওঠার এবং উচ্চতা সম্পর্কিত ভয়কে Acrophobia বলে।
p-140-a-8,উৎক্ষেপতলের ওপরে যোগাযোগ উপগ্রহকে কিরকম অবস্থায় আছে বলে মনে হয়?,পদার্থবিজ্ঞান,1,+3,107,https://www.sciencebee.com.bd/qna/20812/%E0%A6%89%E0%A7%8E%E0%A6%95%E0%A7%8D%E0%A6%B7%E0%A7%87%E0%A6%AA%E0%A6%A4%E0%A6%B2%E0%A7%87%E0%A6%B0,"['যোগাযোগ', 'উপগ্রহ']",সমান্তরালভাবে থাকে।এন্টেনা ভূমি অভিমুখে থাকে
p-140-a-9,কোন ঋতুতে সূর্যের চারিদিকে পৃথিবীর রৈখিক বেগ বেশি হয় আর কোন ঋতুতে কম হয় এবং কেন?,পদার্থবিজ্ঞান,1,+1,153,https://www.sciencebee.com.bd/qna/20811/%E0%A6%B8%E0%A7%82%E0%A6%B0%E0%A7%8D%E0%A6%AF%E0%A7%87%E0%A6%B0-%E0%A6%9A%E0%A6%BE%E0%A6%B0%E0%A6%BF%E0%A6%A6%E0%A6%BF%E0%A6%95%E0%A7%87,"['ঋতু', 'সূর্য']","উত্তর: উত্তর গোলার্ধে যখন শীতকাল/দক্ষিণ গোলার্ধে যখন গ্রীষ্মকাল তখন পৃথিবীর রৈখিক বেগ সর্বাধিক এবং উত্তর গোলার্ধে যখন গ্রীষ্মকাল/দক্ষিণ গোলার্ধে যখন শীতকাল  তখন পৃথিবীর রৈখিক বেগ সর্বনিম্ন হয়।ব্যাখা:​​আমরা জানি সূর্যের চারদিকে পৃথিবী উপবৃত্তাকার পথে ঘুরছে( উপবৃত্তের ২টি ফোকাস থাকে এর মধ্যে পৃথিবী সূর্যকে যেকোনো একটি ফোকাসে রেখে প্রদক্ষিণ করে) [1]পৃথিবী তার ঘূর্ণনের সময় যখন সূর্যের একদম কাছাকাছি আসে(অনুসূর) তখন উত্তর গোলার্ধে শীতকাল এবং দক্ষিণ গোলার্ধে গ্রীষ্মকাল হয় আর পৃথিবী তার ঘূর্ণনের সময় যখন সূর্য থেকে সর্বাধিক দূরত্বে থাকে (অপসূর) তখন উত্তর গোলার্ধে গ্রীষ্মকাল এবং দক্ষিণ গোলার্ধে শীতকাল হয়। [2][3]এখন কেপলার এর সূত্র থেকে আমরা জানি সূর্য এবং একটি গ্রহ কে সংযোগকারী রেখা গ্রহের আবর্তনের সাথে সাথে সমান সময়ে সমান ক্ষেত্রফল অতিক্রম করে। অর্থাৎ আরও সরলভাবে বলতে গেলে পৃথিবী যখন সর্বাধিক দূরত্বে থাকবে তখন এর রৈখিক গতি সর্বনিম্ন হবে আর সর্বনিম্ন দূরত্বে রৈখিক গতি সর্বাধিক হবে। [1]এছাড়া কৌনিক ভরবেগের সংরক্ষণ সূত্র দিয়েও এটা বুঝা যায়। কৌনিক ভরবেগের সংরক্ষণ সূত্র অনুযায়ী,mvr=mv'r'vr=v'r'এখন যদি r<r' হয় তাহলে v>v' হবে।যেখানে r ও v হচ্ছে উত্তর গোলার্ধে যখন শীতকাল /দক্ষিণ গোলার্ধে যখন গ্রীষ্মকাল সে সময়ে সূর্য থেকে পৃথিবীর দূরত্ব এবং রৈখিক বেগ ও r' ও v' হচ্ছে উত্তর গোলার্ধে যখন গ্রীষ্মকাল /দক্ষিণ গোলার্ধে যখন শীতকাল  সে সময়ে সূর্য থেকে পৃথিবীর দূরত্ব এবং রৈখিক বেগ।[4]তাই উত্তর গোলার্ধে যখন শীতকাল/দক্ষিণ গোলার্ধে যখন গ্রীষ্মকাল তখন পৃথিবীর রৈখিক বেগ সর্বাধিক এবং উত্তর গোলার্ধে যখন গ্রীষ্মকাল/দক্ষিণ গোলার্ধে যখন শীতকাল  তখন পৃথিবীর রৈখিক বেগ সর্বনিম্ন হয়।Reference:[1].https://openstax.org/books/university-physics-volume-1/pages/13-5-keplers-laws-of-planetary-motion[2].https://myfuturepoint.blogspot.com/2021/07/blog-post_81.html?m=1[3]. https:///stock-illustration-earth-rotation-changing-seasons-vector-realistic-image56111880[4].https://www.google.com/imgres?imgurl=https%3A%2F%2Fupload.wikimedia.org%2Fwikipedia%2Fcommons%2Fthumb%2Ff%2Ff0%2FSeasons1.svg%2F620px-Seasons1.svg.png&imgrefurl=https%3A%2F%2Fen.wikipedia.org%2Fwiki%2FEarth%2527s_orbit&tbnid=6XTJMIT8CgkaM&vet=1&docid=4_acBU8tZBVVyM&w=620&h=363&hl=en-GB&source=sh%2Fx%2Fim<!--/data/user/0/com.samsung.android.app.notes/files/clipdata/clipdata_bodytext_220502_114553_483.sdocx-->"
p-140-a-10,কোনো উপগ্রহের প্রদক্ষিণ দ্রুতি যদি মুক্তিদ্রুতি অপেক্ষা বেশি হয় তাহলে উপগ্রহটির অবস্থা কি হবে?,পদার্থবিজ্ঞান,1,0,76,https://www.sciencebee.com.bd/qna/20810/%E0%A6%AE%E0%A7%81%E0%A6%95%E0%A7%8D%E0%A6%A4%E0%A6%BF%E0%A6%A6%E0%A7%8D%E0%A6%B0%E0%A7%81%E0%A6%A4%E0%A6%BF,"['মুক্তি', 'বেগ']",সর্বাপেক্ষা কম যে বেগে কোনো বস্তুকে নিক্ষেপ করলে সে আর ফিরে আসেনা তাকে মুক্তিবেগ বলে।এখন যদি কোনো উপগ্রহ তার কক্ষপথে গ্রহটির (যে গ্রহটিকে সে প্রদক্ষিণ করছে) মুক্তদ্রুতির চেয়ে বেশি বেগ অর্জন করে তবে তা গ্রহটি ছেড়ে অধিবৃত্তাকার পথে চলে যাবে।আমরা রেফারেন্স হিসেবে একাদশ-দ্বাদশ শ্রেণির পদার্থবিজ্ঞান ১ম পত্র বই দেখতে পারি।
p-140-a-11,চিনি কেন মিষ্টি লাগে?,সৃজনশীলতা,2,0,162,https://www.sciencebee.com.bd/qna/20799/%E0%A6%9A%E0%A6%BF%E0%A6%A8%E0%A6%BF-%E0%A6%AE%E0%A6%BF%E0%A6%B7%E0%A7%8D%E0%A6%9F%E0%A6%BF,"['চিনি', 'মিষ্টি']","আমাদের জিহ্বায় আছে টেস্টবাড বা স্বাদ গ্রন্থি। এতে বিভিন্ন স্বাদ গ্রহণের রিসেপ্টর আছে। চিনিতে যে হাইড্রোক্সিল গ্রুপ (OH-) থাকে, তা মিষ্টি স্বাদ নেওয়ার রিসেপ্টরের সঙ্গে জুড়ে যায়। এই যুক্ত হওয়ার পদ্ধতির নাম 'হাইড্রোজেন বন্ধন'। এই বন্ধন গঠিত হওয়ার সঙ্গে সঙ্গে স্নায়বিক সিগন্যাল চলে যায় আমাদের মস্তিষ্কে। ফলে আমরা মিষ্টি স্বাদ পাই।সূত্র : কম্পাউন্ড কেমিস্ট্রি, উইকিপিডিয়া, বিবিসি"
p-140-a-12,চিনি কেন মিষ্টি লাগে?,সৃজনশীলতা,2,0,162,https://www.sciencebee.com.bd/qna/20799/%E0%A6%9A%E0%A6%BF%E0%A6%A8%E0%A6%BF-%E0%A6%AE%E0%A6%BF%E0%A6%B7%E0%A7%8D%E0%A6%9F%E0%A6%BF,"['চিনি', 'মিষ্টি']","চিনি বা সুক্রোজ হচ্ছে গ্লুকোজ ও ফ্রুক্টোজ নামক দুই কার্বোহাইড্রেটের সমষ্টি এবং এরাও এক ধরণের মিষ্টি জাতীয় পদার্থ। চিনি মিষ্টি হবার প্রধান কারণ হচ্ছে, চিনিতে হাইড্রক্সিল (OH-) মূলক একটি নির্দিষ্ট বিন্যাসে থাকে যা আমাদের জিহ্বাতে মিষ্টি স্বাদের উদ্রেক ঘটায়। এ কারণেই চিনি মিষ্টি।"
p-140-a-13,ফুটপাতে লাল হলুদ টাইলস কেন?,সৃজনশীলতা,2,0,94,https://www.sciencebee.com.bd/qna/20793/%E0%A6%AB%E0%A7%81%E0%A6%9F%E0%A6%AA%E0%A6%BE%E0%A6%A4%E0%A7%87-%E0%A6%9F%E0%A6%BE%E0%A6%87%E0%A6%B2%E0%A6%B8,"['ফুটপাত', 'লাল', 'হলুদ']","ফুটপাতের বেশির ভাগটাই লাল টাইলসে মোড়া। তার মাঝখানে ফুট দেড়েক চওড়া একটা হলুদ রঙের লাইন চলে গেছে লম্বালম্বি বরাবর। লক্ষ করলে দেখবেন, এই হলুদ লাইনে যে টাইলস ব্যবহার করা হয়েছে, সেগুলো লাল টাইলসের মতো সমতল নয়। হলুদ টাইলসগুলোতে উঁচু স্ট্রাইপ দেওয়া। এর ওপর দিয়ে হাঁটলে পায়ের নিচে উঁচু অনুভূতিটা তৈরি হবে।অনেকে মনে করতে পারেন, ডিজাইনে নতুনত্ব আনতে এমন করা হয়েছে। কিন্তু আসলে হলুদ এই লাইন আর স্ট্রাইপের কারণ আছে। দৃষ্টিপ্রতিবন্ধীরা যাতে ফুটপাত ধরে সহজেই হাঁটতে পারে, তার জন্য এই ব্যবস্থা। শুধু সোজা স্ট্রাইপ দিয়ে দায়িত্ব শেষ করেনি সিটি করপোরেশন কর্তৃপক্ষ। মাঝেমধ্যে হলুদ রঙের টাইলসে ছোট ছোট উঁচু বৃত্ত আছে। যেখানে ফুটপাত ঢালু কিংবা ফুটপাত শেষ, সেখানেই এই উঁচু বৃত্তের টাইলসগুলো বসানো হয়েছে। দৃষ্টিপ্রতিবন্ধীরা এই টাইলসে পা দিয়ে বুঝতে পারবে এখান থেকে ফুটপাত নেমে গেছে কোনো দোকানে বা ভবনে কিংবা মূল সড়কে। কোথায় ফুটপাত শেষ হলো, সেটাও বুঝতে পারবে এই বৃত্তওয়ালা টাইলসে পা দিয়ে।-লেখাটি ২০১৮ সালেরবিজ্ঞানচিন্তার এপ্রিল সংখ্যায় প্রকাশিত"
p-140-a-14,ফুটপাতে লাল হলুদ টাইলস কেন?,সৃজনশীলতা,2,0,94,https://www.sciencebee.com.bd/qna/20793/%E0%A6%AB%E0%A7%81%E0%A6%9F%E0%A6%AA%E0%A6%BE%E0%A6%A4%E0%A7%87-%E0%A6%9F%E0%A6%BE%E0%A6%87%E0%A6%B2%E0%A6%B8,"['ফুটপাত', 'লাল', 'হলুদ']","যদি আপনি একটু খেয়াল করেন তাহলে হয়তো দেখবেন, ঢাকার ফুটপাত গুলোতে দুই পাশে লাল টালি এবং এর মাঝে অবস্থিত হলুদ টালি। কি ভাবছেন? এই হলুদ টালি ফুটপাতের সৌন্দর্য বৃদ্ধির জন্য। আসলে এমনটা নয়। মুলত দৃষ্টি প্রতিবন্ধীদের জন্যই ফুটপাতের এই লাল টালির মাঝে দেওয়া হচ্ছে হলুদ টালি। আর এই হলুদ টাইলসে একটু উচু উচু সোজা স্ট্রাইপ আছে৷ আর এর সাহায্যেই সহজেই পা ফেলে সোজা বরাবর হেঁটে যেতে পারবে একজন দৃষ্টি প্রতিবন্ধী।আবার আপনি যদি আর একটু খেয়াল করেন তাহলে দেখতে পারবেন, যেখানে ফুটপাত ঢালু হয়েছে সেখানে একটা টাইলসে ছয়টি গোলাকার বৃত্ত রয়েছে। আর এই টাইলসের মাধ্যমে একজন দৃষ্টি প্রতিবন্ধী সহজেই বুঝতে পারবে এখানে ফুটপাত নেমে গেছে।দেশের অন্তত ২০ শতাংশই দৃষ্টি প্রতিবন্ধী মোট প্রতিবন্ধী মানুষের মধ্যে। সেই হিসেব দেখা যায় কমপক্ষে ত্রিশ লাখ দৃষ্টি প্রতিবন্ধী রয়েছে আমাদের দেশে। আর দেড় কোটির কম নয় এর সংখ্যা। প্রতি বছর নিজের অজান্তেই অন্ধত্বের অসহায় শিকার হন পাঁচ লাখের মতো মানুষ। আর এদের চলাচলের সুবিধার কথা চিন্তা করেই ফুটপাতগুলোতে নেওয়া হয়েছে এমন ব্যবস্থা।"
p-140-a-15,হাইড্রলিক ব্রেক কিভাবে কাজ করে?,পদার্থবিজ্ঞান,3,+1,271,https://www.sciencebee.com.bd/qna/20792/%E0%A6%B9%E0%A6%BE%E0%A6%87%E0%A6%A1%E0%A7%8D%E0%A6%B0%E0%A6%B2%E0%A6%BF%E0%A6%95-%E0%A6%95%E0%A6%BF%E0%A6%AD%E0%A6%BE%E0%A6%AC%E0%A7%87,"['হাইড্রলিক', 'ব্রেক']","গতিশীল যেকোনো বস্তুর গতিশক্তি থাকে। গতিশক্তি হারিয়ে ফেললে বস্তুটি থেমে যায়। গতিশীল গাড়ি বা যন্ত্রকে থামাতে এই মূলনীতির ওপর ভিত্তি করে ব্রেক সিস্টেম তৈরি করা হয়। ঘণ্টায় ১০০ কিলোমিটার বেগে গতিশীল একটি গাড়ির কথা চিন্তা করুন, ব্রেক পেডেলে শুধু আপনার পায়ের চাপ কোনোভাবে গাড়িটিকে থামাতে পারবে না। তাই গতি কমাতে এই বলের মান বাড়াতে হয়। আধুনিক গাড়িতে হাইড্রোলিক ব্রেকের মাধ্যমে এই বলের মান বাড়ানো হয়।পেডেলে প্রযুক্ত বলকে বহুগুণ বাড়াতে ব্রেকের হাইড্রোলিক সিস্টেম ব্যবহৃত হয়। বিভিন্ন আকারের সিলিন্ডার ও বিভিন্ন প্রবাহী (Fluid) ব্যবহার হয় এতে। অর্থাৎ পেডেলের ওপর প্রযুক্ত বলের মান বাড়িয়ে অতিরিক্ত বলপ্রয়োগ করা হয় ব্রেক প্যাডের ওপর। ব্রেক প্যাড আর ব্রেক ডিস্কের মধ্যকার ঘর্ষণের কারণে তখন গতিশক্তি কমে যায়।"
p-140-a-16,হাইড্রলিক ব্রেক কিভাবে কাজ করে?,পদার্থবিজ্ঞান,3,+1,271,https://www.sciencebee.com.bd/qna/20792/%E0%A6%B9%E0%A6%BE%E0%A6%87%E0%A6%A1%E0%A7%8D%E0%A6%B0%E0%A6%B2%E0%A6%BF%E0%A6%95-%E0%A6%95%E0%A6%BF%E0%A6%AD%E0%A6%BE%E0%A6%AC%E0%A7%87,"['হাইড্রলিক', 'ব্রেক']","কীভাবে ব্রেক পেডেলের ওপর সামান্য চাপ একটি গতিশীল গাড়িকে থামাতে পারে?গতিশীল যেকোনো বস্তুর গতিশক্তি থাকে। গতিশক্তি হারিয়ে ফেললে বস্তুটি থেমে যায়। গতিশীল গাড়ি বা যন্ত্রকে থামাতে এই মূলনীতির ওপর ভিত্তি করে ব্রেক সিস্টেম তৈরি করা হয়। ঘণ্টায় ১০০ কিলোমিটার বেগে গতিশীল একটি গাড়ির কথা চিন্তা করুন, ব্রেক পেডেলে শুধু আপনার পায়ের চাপ কোনোভাবে গাড়িটিকে থামাতে পারবে না। তাই গতি কমাতে এই বলের মান বাড়াতে হয়। আধুনিক গাড়িতে হাইড্রোলিক ব্রেকের মাধ্যমে এই বলের মান বাড়ানো হয়।পেডেলে প্রযুক্ত বলকে বহুগুণ বাড়াতে ব্রেকের হাইড্রোলিক সিস্টেম ব্যবহৃত হয়। বিভিন্ন আকারের সিলিন্ডার ও বিভিন্ন প্রবাহী (Fluid) ব্যবহার হয় এতে। অর্থাৎ পেডেলের ওপর প্রযুক্ত বলের মান বাড়িয়ে অতিরিক্ত বলপ্রয়োগ করা হয় ব্রেক প্যাডের ওপর। ব্রেক প্যাড আর ব্রেক ডিস্কের মধ্যকার ঘর্ষণের কারণে তখন গতিশক্তি কমে যায়।"
p-140-a-17,হাইড্রলিক ব্রেক কিভাবে কাজ করে?,পদার্থবিজ্ঞান,3,+1,271,https://www.sciencebee.com.bd/qna/20792/%E0%A6%B9%E0%A6%BE%E0%A6%87%E0%A6%A1%E0%A7%8D%E0%A6%B0%E0%A6%B2%E0%A6%BF%E0%A6%95-%E0%A6%95%E0%A6%BF%E0%A6%AD%E0%A6%BE%E0%A6%AC%E0%A7%87,"['হাইড্রলিক', 'ব্রেক']","In a hydraulic brake system, when the brake pedal is pressed, a pushrod exerts force on the piston(s) in the master cylinder, causing fluid from the brake fluid reservoir to flow into a pressure chamber through a compensating port."
p-140-a-18,মহাশূন্যে কি নভোচারীর উচ্চতা বেড়ে যায়?,পদার্থবিজ্ঞান,3,0,63,https://www.sciencebee.com.bd/qna/20791/%E0%A6%AE%E0%A6%B9%E0%A6%BE%E0%A6%B6%E0%A7%82%E0%A6%A8%E0%A7%8D%E0%A6%AF%E0%A7%87-%E0%A6%A8%E0%A6%AD%E0%A7%8B%E0%A6%9A%E0%A6%BE%E0%A6%B0%E0%A7%80%E0%A6%B0,"['মানুষ', 'মহাশূন্য']","প্রচলিত অর্থে কারও উচ্চতা বাড়ে না। নভোচারী আবার পৃথিবীতে ফিরে এলে তাঁর আগের উচ্চতা ফিরে পান। নিশ্চয় প্রশ্ন জাগছে, এটা কেন এবং কীভাবে ঘটে? আসলে আমরা যখন পৃথিবীতে থাকি, তখন সব সময় পৃথিবীর মাধ্যাকর্ষণ শক্তি কেন্দ্রের দিকে আমাদের টেনে রাখে। ফলে মেরুদণ্ডের কশেরুকাগুলোর মধ্যবর্তী শূন্যস্থান সংকুচিত হয়ে আসে। কিন্তু মহাকাশে পরিভ্রমণের সময় শূন্য মহাকর্ষ (জিরো গ্র্যাভিটি) অবস্থানে কশেরুকাগুলোর ওপর আপাত কোনো আকর্ষণ বল কাজ করে না। তখন ওগুলো একটু প্রসারিত হয়। ফলে উচ্চতা বাড়ে। শুধু মহাশূন্যেই নয়, আমরা সারা দিন হাঁটি, চলাফেরা করি। এই সময় মাধ্যাকর্ষণের টানে আমাদের উচ্চতা সামান্য কিছু হলেও কমে। রাতে ঘুমের সময় উচ্চতা আবার কিছুটা বাড়ে। মানুষের মেরুদণ্ডে ৩৩টি কশেরুকা। যদি প্রতি জোড়া কশেরুকার মধ্যের ফাঁকা অংশ সামান্য বাড়ে, তাহলেও হয়তো এক ইঞ্চির ভগ্নাংশ পরিমাণ বেড়ে যেতে পারে। মহাশূন্য স্টেশনে নভোচারীদের উচ্চতা এমনকি ৩ শতাংশ পর্যন্ত বাড়তে পারে। আপনার উচ্চতা যদি ৬ ফুট হয়, তাহলে মহাশূন্যে নির্দিষ্ট কক্ষপথে পরিভ্রমণের সময় উচ্চতা ২ ইঞ্চির সামান্য বেশি বাড়তে পারে। সমস্যা হলো, যদি মহাকাশচারীদের পোশাকে (স্পেস স্যুট) এই বাড়তি স্থানের ব্যবস্থা না থাকে, তাহলে বিপদ হতে পারে। শরীরের তুলনায় পোশাকের মাপ ছোট হয়ে যাবে। তাই প্রতিটি স্পেস স্যুট হিসাব করেই তৈরি করা হয়। আবার পৃথিবীতে ফিরে এলে পৃথিবীর মাধ্যাকর্ষণ বলের কারণে উচ্চতা একটু কমে আগের মতোই হয়ে যায়।-আব্দুল কাইয়ুম"
p-140-a-19,মহাশূন্যে কি নভোচারীর উচ্চতা বেড়ে যায়?,পদার্থবিজ্ঞান,3,0,63,https://www.sciencebee.com.bd/qna/20791/%E0%A6%AE%E0%A6%B9%E0%A6%BE%E0%A6%B6%E0%A7%82%E0%A6%A8%E0%A7%8D%E0%A6%AF%E0%A7%87-%E0%A6%A8%E0%A6%AD%E0%A7%8B%E0%A6%9A%E0%A6%BE%E0%A6%B0%E0%A7%80%E0%A6%B0,"['মানুষ', 'মহাশূন্য']",মহাকাশে যাওয়ার পর নভোচারীদের উচ্চতা গড়ে দুই থেকে পাঁচ সেমি বেড়ে যায়। মহাকাশে মাধ্যাকর্ষণ শক্তির অভাবে মানুষের মেরুদণ্ডের হাড় প্রসারিত হওয়ায় এই উচ্চতা বাড়ে। তবে পৃথিবীতে ফেরার পর সেই বাড়তি উচ্চতা কমে নভোচারী স্বাভাবিক উচ্চতায় ফিরে আসেন।
p-140-a-20,মহাশূন্যে কি নভোচারীর উচ্চতা বেড়ে যায়?,পদার্থবিজ্ঞান,3,0,63,https://www.sciencebee.com.bd/qna/20791/%E0%A6%AE%E0%A6%B9%E0%A6%BE%E0%A6%B6%E0%A7%82%E0%A6%A8%E0%A7%8D%E0%A6%AF%E0%A7%87-%E0%A6%A8%E0%A6%AD%E0%A7%8B%E0%A6%9A%E0%A6%BE%E0%A6%B0%E0%A7%80%E0%A6%B0,"['মানুষ', 'মহাশূন্য']",ভোচারীদের উচ্চতা গড়ে দুই থেকে পাঁচ সেমি বেড়ে যেতে দেখা গেছে। মহাকাশে মাধ্যাকর্ষণ শক্তির অভাবে মানুষের মেরুদণ্ডের হাড় প্রসারিত হওয়ায় এই উচ্চতা বাড়ে। তবে পৃথিবীর বায়ুমণ্ডলের স্বাভাবিক আবহাওয়ায় ফিরে এলে তা আবার আগের মতোই হয়ে যায়।
p-140-a-21,France / Germany ক্রিকেট খেলে না কেন?,চিন্তা ও দক্ষতা,1,0,86,https://www.sciencebee.com.bd/qna/20789/germany-%E0%A6%95%E0%A7%8D%E0%A6%B0%E0%A6%BF%E0%A6%95%E0%A7%87%E0%A6%9F,"['ফ্রান্স', 'জার্মানি']","ইউরোপের দেশ ফ্রান্স। ক্রিড়াঙ্গনে ফুটবল খেলুড়ে দেশ হিসেবে ফ্রান্সের বেশ পরিচিতি রয়েছে। তবে ক্রিকেটের ক্ষেত্রে ঠিক উল্টো। ক্রিকেট খেলা যখন আন্তর্জাতিক রূপ লাভ করতে শুরু করেছে সেই সময়টা ছিলো ইউরোপীয় উপনিবেশবাদের যুগ। ইংল্যান্ডের মতো ফ্রান্সও ছিল উপনিবেশবাদী রাষ্ট্র। সে কারণে এই দুই দেশ ছিল পরস্পরের প্রতিদ্বন্দ্বী। ইংল্যান্ডের সংস্কৃতিকে ফরাসিরা ঘৃণার চোখে দেখতো। ফলে শুরু থেকেই ক্রিকেট খেলা ফ্রান্সে জায়গা দখল করতে পারেনি। বিশ শতকের শেষের দিকে সেদেশে ক্রিকেট খেলার প্রচলন শুরু হয়েছে। ২০০১ সালের আইসিসি চ্যাম্পিয়নশিপেও ফ্রান্স ক্রিকেট খেলেছে। এরপর উল্লেখযোগ্য অগ্রগতি হয়নি। এখনও ক্রিকেটকে ইংল্যান্ডের খেলা হিসেবে দেখে দেশটির জনগণ। তবে ইন্টারনেট এবং স্যাটেলাইট টেলিভিশনের বদৌলতে দেশটিতে ক্রিকেট ধীরে ধীরে পুনরায় জনপ্রিয় হতে শুরু করেছে। বিবিসির ২০১০ সালের এক প্রতিবেদনে বলা হয়, দেশটিতে যারা ক্রিকেট খেলে তাদের মধ্যে ৪০ শতাংশ ফরাসি এবং বাকিরা ইংরেজ, পাকিস্তানি, লঙ্কানসহ বিভিন্ন বিদেশি নাগরিক।ক্রিকেট জগতে জার্মানি মোটেও পরিচিত নাম নয়। দেশটিতে ১৮৫০ সালে প্রথম ক্রিকেট ক্লাব স্থাপিত হয়। ১ম বিশ্বযুদ্ধের পর জার্মানির ক্রিকেটে ভাটা পড়ে। নাৎসীদের কট্টর জাতীয়তাবাদের কারণে অনেক ক্রিকেটার ক্রিকেট থেকে ছিটকে পড়ে। দ্বিতীয় বিশ্বযুদ্ধের পূর্বে সর্বশেষ ১৯৩৭ সালে হিটলারের একনায়কতন্ত্রের আমলে ইংলিশ ক্রিকেট দলের সঙ্গে ক্রিকেট খেলে জার্মানি। এরপরই হিটলার জার্মানিতে ক্রিকেট নিষিদ্ধ করেন বলে জানা যায়। দীর্ঘদিন ক্রিকেট থেকে দূরে থাকার কারণে দেশটিতে ক্রিকেট জনপ্রিয় হয়ে ওঠে নি। মূলত তারা এই খেলাটাকে সময়ের অপচয় ভাবে।"
p-140-a-22,হাবের কাজ কি?,চিন্তা ও দক্ষতা,2,0,873,https://www.sciencebee.com.bd/qna/20787/%E0%A6%B9%E0%A6%BE%E0%A6%AC%E0%A7%87%E0%A6%B0-%E0%A6%95%E0%A6%BE%E0%A6%9C-%E0%A6%95%E0%A6%BF,"['হাব', 'কাজ']","দুই-এর অধিক কম্পিউটারের মধ্যে নেটওয়ার্ক তৈরি করতে হলে এমন একটি কেন্দ্রীয় ডিভাইসের দরকার হয়, যা প্রতিটি কম্পিউটারকে সংযুক্ত করতে পারে। এ ডিভাইসকেহাববলে।হাবেরমাধ্যমে কম্পিউটারগুলো পরস্পরের সঙ্গে যুক্ত থাকে। নেটওয়ার্কেহাবব্যবহার করলে তুলনামূলকভাবে খরচ কম হয়।"
p-140-a-23,হাবের কাজ কি?,চিন্তা ও দক্ষতা,2,0,873,https://www.sciencebee.com.bd/qna/20787/%E0%A6%B9%E0%A6%BE%E0%A6%AC%E0%A7%87%E0%A6%B0-%E0%A6%95%E0%A6%BE%E0%A6%9C-%E0%A6%95%E0%A6%BF,"['হাব', 'কাজ']",কম্পিউটার নেটওয়ার্কভুক্ত দুই বা ততোধিক কম্পিউটারের মধ্যে সংযোগকারী ডিভাইসকে হাব বলে। এর মাধ্যমে কম্পিউটারগুলো একে অপরের সাথে যুক্ত থাকে। এর পোর্টের সংখ্যার উপর নির্ভর করে কতগুলো কম্পিউটার সংযোগ দেওয়া যাবে। কম্পিউটারের সংযোগ সংখ্যার উপর হাবের ক্ষমতা নির্ভর করে।।
p-140-a-24,পুরুষ মশা কামড়ায় না কেন?,চিন্তা ও দক্ষতা,4,+2,152,https://www.sciencebee.com.bd/qna/20786/%E0%A6%AA%E0%A7%81%E0%A6%B0%E0%A7%81%E0%A6%B7-%E0%A6%95%E0%A6%BE%E0%A6%AE%E0%A7%9C%E0%A6%BE%E0%A7%9F,"['মশা', 'পুরুষ', 'খাদ্য']",কারণ পুরুষ মশা রক্ত খায় না। এরা খাদ্য হিসেবে বিভিন্ন লতাপাতার রস খেয়ে থাকে।
p-140-a-25,পুরুষ মশা কামড়ায় না কেন?,চিন্তা ও দক্ষতা,4,+2,152,https://www.sciencebee.com.bd/qna/20786/%E0%A6%AA%E0%A7%81%E0%A6%B0%E0%A7%81%E0%A6%B7-%E0%A6%95%E0%A6%BE%E0%A6%AE%E0%A7%9C%E0%A6%BE%E0%A7%9F,"['মশা', 'পুরুষ', 'খাদ্য']","স্ত্রী মশাই রক্ত পান করে, যখন তার পেটে ডিম আসে। রক্তে থাকা প্রোটিন তার ডিম থেকে ফুটে লার্ভা বের হতে সহায়তা করে। মশা যদি রক্ত পান না করে তাহলে তার ডিম থেকে বাচ্চা তৈরি হয় না। পুরুষ মশা রক্ত পান করে না। পুরুষ এবং স্ত্রী মশার মূল খাবার উদ্ভিদ এবং ফলের রস।যেহেতু পুরুষ মশার রক্ত খাওয়ার প্রয়োজন হয় না তাই এরা কামড়ায় না।"
p-140-a-26,পুরুষ মশা কামড়ায় না কেন?,চিন্তা ও দক্ষতা,4,+2,152,https://www.sciencebee.com.bd/qna/20786/%E0%A6%AA%E0%A7%81%E0%A6%B0%E0%A7%81%E0%A6%B7-%E0%A6%95%E0%A6%BE%E0%A6%AE%E0%A7%9C%E0%A6%BE%E0%A7%9F,"['মশা', 'পুরুষ', 'খাদ্য']","অনেকেই মনে করে থাকেন মশার মূল খাবার রক্ত, আসলে বিষয়টি তা নয়। শুধুমাত্র স্ত্রী মশাই রক্ত পান করে, যখন তার পেটে ডিম আসে। রক্তে থাকা প্রোটিন তার ডিম থেকে ফুটে লার্ভা বের হতে সহায়তা করে। মশা যদি রক্ত পান না করে তাহলে তার ডিম থেকে বাচ্চা তৈরি হয় না। পুরুষ মশা রক্ত পান করে না। পুরুষ এবং স্ত্রী মশার মূল খাবার উদ্ভিদ এবং ফলের রস।একটি পূর্ণাঙ্গ স্ত্রী মশা পুরুষের সঙ্গে মিলিত হওয়ার এবং রক্ত খাওয়ার দুই থেকে চার দিনের মাথায় পানি এবং পানির পাত্রে ডিম পাড়ে। ডিমগুলো পানিতে পড়ার তিন থেকে চার দিনের মধ্যে ফুটে লার্ভা বের হয়। লার্ভা পানিতে ছোট্ট পোকার মতো দেখতে এবং চঞ্চলভাবে ঘুরে বেড়ায়। তাপমাত্রা ভেদে লার্ভা অবস্থায় এরা ৭-১০ দিন থাকে। লার্ভা থেকে মশাটি পিউপা তে রূপান্তরিত হয়। পিউপা এক থেকে দুই দিনের মধ্যে পূর্ণাঙ্গ মশাতে রূপান্তরিত হয়।"
p-140-a-27,পুরুষ মশা কামড়ায় না কেন?,চিন্তা ও দক্ষতা,4,+2,152,https://www.sciencebee.com.bd/qna/20786/%E0%A6%AA%E0%A7%81%E0%A6%B0%E0%A7%81%E0%A6%B7-%E0%A6%95%E0%A6%BE%E0%A6%AE%E0%A7%9C%E0%A6%BE%E0%A7%9F,"['মশা', 'পুরুষ', 'খাদ্য']","গবেষণায় দেখা গেছে, স্ত্রী-মশা তাদের ডিম্বাণুর পরিস্ফুটনের মাধ্যমে বংশ বৃদ্ধির জন্য নিজ দেহকে উষ্ণ রাখার প্রয়োজনীয়তা অনুভব করে। এ কারণে তারা তাদের খাদ্য হিসেবে উষ্ণ রক্তবিশিষ্ট প্রাণীদের দংশন করে সে রক্ত পান করে।আর ঠিক একারণেই দেখা যায় বহুল পরিচিত ম্যালেরিয়া রোগটি Anopheles গণভুক্ত বিভিন্ন প্রজাতির মশকীর মাধ্যমেই বিস্তার লাভ করে। তারা তাদের লালায় এ রোগ বহন করে এবং যখন মানুষের রক্তপান করে তখন জীবাণুটি মানুষের রক্ত স্রোতের মধ্য দিয়ে মাত্র ত্রিশ মিনিটেই যকৃতে পৌঁছে যায় আর এভাবেই স্ত্রী মশা&rsquo;র কামড়ে একজন মানুষ ম্যালেরিয়াক্রান্ত হয়।এখন প্রশ্ন থেকে যায় পুরুষ মশারা তবে খাদ্য হিসেবে কী গ্রহণ করে। বিজ্ঞানীর গবেষণায় এ বিষয়টিও স্পষ্ট হয়েছে যে পুরুষ মশারা খুবই সৌখিন প্রজাতির। তারা ফুলের মধু বা এধরণের অন্যান্য উৎস হতে খাবার সংগ্রহ করে এবং কখনোই মানুষকে দংশন করে না।"
p-140-a-28,পানিকে বরফ করলে তার আয়তন বৃদ্ধি পায় কেন?,পদার্থবিজ্ঞান,1,0,120,https://www.sciencebee.com.bd/qna/20776/%E0%A6%AA%E0%A6%BE%E0%A6%A8%E0%A6%BF%E0%A6%95%E0%A7%87-%E0%A6%AC%E0%A7%83%E0%A6%A6%E0%A7%8D%E0%A6%A7%E0%A6%BF,"['আয়তন', 'পানিতে', 'পানি', 'তাপমাত্রা']",তরল পানিকে বরফে রূপান্তরের সময় তাপ অপসারণ করা হয়। ফলে পানির অণুগুলো শক্তি হারাতে থাকে এবং এর স্পন্দনের হার কমে যায়। শক্তি কমে যাওয়ার দরুন এই হাইড্রোজেন বন্ধন ভেঙে যাওয়ার হার কমে যায় এবং অণুগুলির মধ্যে আরও স্থিতিশীল হাইড্রোজেন-বন্ধন তৈরি হতে থাকে।তাপমাত্রা হিমাঙ্কের কাছে পৌঁছে যাওয়ার পরে পানির অণুগুলোর স্ফটিক জাল কাঠামোর কারণে গড় হাইড্রোজেন বন্ডের সংখ্যা সর্বোচ্চ বন্ড সংখ্যা 4 এর কাছাকাছি পৌছায়। এমন স্ফটিক বা ক্রিস্টাল জাল কাঠামোর জন্য তরলে একটি পানির অণু তার পার্শ্ববর্তী সকল পানির অণুর সাথে হাইড্রোজেন বন্ধন গঠন করে। ফলে পানির অণুটি তার পার্শ্ববর্তী সকল পানির অণু থেকে হাইড্রোজেন বন্ডের সমান দূরত্বে অবস্থান করে। ফলে অধিক স্থান উন্মুক্ত বা ফাঁকা রয়ে যায়। ফলে আয়তন বেড়ে যায়।
p-140-a-29,পানিতে চুন মেশালে পানির তাপমাত্রা বাড়তে থাকে কেন?,রসায়ন,2,+1,218,https://www.sciencebee.com.bd/qna/20775/%E0%A6%AA%E0%A6%BE%E0%A6%A8%E0%A6%BF%E0%A6%A4%E0%A7%87-%E0%A6%A4%E0%A6%BE%E0%A6%AA%E0%A6%AE%E0%A6%BE%E0%A6%A4%E0%A7%8D%E0%A6%B0%E0%A6%BE,"['পানি', 'চুন', 'তাপমাত্রা', 'গরম']",চুন পানিতে মেশালে তাপ উৎপন্ন হয়। কারণ চুন ও পানির মোট বন্ধন ভাঙ্গন শক্তির চেয়ে উৎপাদ এর বন্ধন গঠন শক্তি কম। বিক্রিয়কের মোট বন্ধন ভাঙ্গন শক্তি উৎপাদ গঠনে ব্যয় হওয়ার পর অতিরিক্ত শক্তি নির্গত হয়।এ কারণে পানিতে চুন যোগ করলে তাপ উৎপন্ন হয় এবংপানির তাপমাত্রা বেড়ে যায়।
p-140-a-30,পানিতে চুন মেশালে পানির তাপমাত্রা বাড়তে থাকে কেন?,রসায়ন,2,+1,218,https://www.sciencebee.com.bd/qna/20775/%E0%A6%AA%E0%A6%BE%E0%A6%A8%E0%A6%BF%E0%A6%A4%E0%A7%87-%E0%A6%A4%E0%A6%BE%E0%A6%AA%E0%A6%AE%E0%A6%BE%E0%A6%A4%E0%A7%8D%E0%A6%B0%E0%A6%BE,"['পানি', 'চুন', 'তাপমাত্রা', 'গরম']",চুন হলো ক্যালসিয়াম অক্সাইড ( CaO).ক্যালসিয়াম অক্সাইড এ পানি ঢাললে Ca(OH)2 উৎপন্ন হয়।সেই সাথে 63.95 kj/mol তাপ উৎপন্ন হয়।CaO  + 2H2O = Ca(OH)2 + 63.95 kj/molউৎপাদসমূহের মোট অভ্যন্তরীণ শক্তি  যখন বিক্রিয়কসমূহের মোট অভ্যন্তরীণ শক্তি থেকে কম হয় তখন এই তাপ উৎপন্ন হয়
p-140-a-31,পানের সাথে চুন খেলে ঠোঁট লাল হয় কেন?,রসায়ন,1,0,177,https://www.sciencebee.com.bd/qna/20774/%E0%A6%AA%E0%A6%BE%E0%A6%A8%E0%A7%87%E0%A6%B0-%E0%A6%B8%E0%A6%BE%E0%A6%A5%E0%A7%87-%E0%A6%96%E0%A7%87%E0%A6%B2%E0%A7%87,"['চুন', 'ঠোট']",পানেযেচুনখাওয়াহয়তা হলো ক্যালসিয়াম অক্সাইড ( CaO) বা ক্যালসিয়াম হাইড্রো-অক্সাইড Ca(OH)2। যা একটি ক্ষার। এছাড়া চুনে আছে প্যারা অ্যালোন ফেনল যা মুখে এরিকোলিন নামক একটি নারকোটিক অ্যালকালয়েড উৎপন্ন করে।পানেএইচুনব্যবহারের কারণে মুখলাল হয়।
p-140-a-32,হাস মুরগীর ডিম সুস্বাদু হলেও সাপের ডিম সুস্বাদু হয় না কেন?,জীববিজ্ঞান,1,+2,131,https://www.sciencebee.com.bd/qna/20771/%E0%A6%B8%E0%A7%81%E0%A6%B8%E0%A7%8D%E0%A6%AC%E0%A6%BE%E0%A6%A6%E0%A7%81-%E0%A6%B8%E0%A7%81%E0%A6%B8%E0%A7%8D%E0%A6%AC%E0%A6%BE%E0%A6%A6%E0%A7%81,"['মুরগি', 'ত্বক']","আমাদের অনেকের মনেই এই প্রশ্ন এসে থাকে যে,  হাঁস মুরগির ডিম খাওয়া গেলেও সাপের ডিম কেনো খাওয়া যায়না, বা সাপের ডিম কেনো সুস্বাদু হয়না।আসল ব্যাপার হচ্ছে যে, সাপের ডিম খাওয়া যায় এবং সাপের ডিম মুরগির বা হাঁসের ডিমের মতো সুস্বাদুও বলা যায়। ওয়াইল্ড লাইফ ইনফর্মার ওয়েবসাইটের মতে সাপের ডিম অনেকটা মুরগির ডিমের মতোই। সাপের ডিমেও উচ্চ মাত্রার প্রোটিন এবং পুষ্টিকর উপাদান আছে এবং ঠিক যেভাবে মুরগির ডিম রান্না করে খাওয়া হয়, সেভাবেই চাইলে সাপের ডিমও খাওয়া যায়।এই সাপের ডিমের স্বাদ কিছুটা মাছের মতো হয়, আর যেহেতু অনেকেরই সাপের প্রতি এক ধরনের ভয় বা ঘেন্না কাজ করে,তাই বেশিরভাগ মানুষের কাছেই এটার স্বাদ ভালো না লাগাটাই স্বাভাবিক। কিন্তু আমাদের কাছে ভালো না লাগলেও এশিয়া মহাদেশের ভিয়েতনাম, চায়না, জাপানসহ বিশ্বের অনেক দেশেই সাপের ডিম সুস্বাদু খাদ্য হিসেবে বিবেচিত এবং ওসব দেশে মুরগির ডিমের মতো সাপের ডিমও খাওয়া হয়।এছাড়া পুষ্টিবিদদের মতে, সাপের ডিম খাওয়ায় ফলে মানব দেহে কোনো পার্শ্বপ্রতিক্রিয়া সৃষ্টি হওয়ার সম্ভাবনা নেই। এমনকি বিষধর সাপের ডিম খেলেও মানুষ অসুস্থ হবেনা, বরং সাপের বিষ যেহেতু প্রধানত প্রোটিন দিয়ে তৈরি, তাই বিষধর সাপের ডিম খেলে সেই বাড়তি প্রোটিন আমাদের দেহে পুষ্টি পদার্থ হিসেবে শোষিত হবে।তবে সাপের ডিমে সাধারণ মুরগির ডিমের তুলনায় দ্রূত ভ্রুন তৈরি হয়, তাই খাওয়ার আগে নিশ্চিত হয়ে নিতে হবে যে এটা নতুন ডিম, নইলে ডিম খেতে গিয়ে ডিমের মধ্যে সাপের ভ্রুন পাওয়ার সম্ভাবনা রয়েছে।আশা করি প্রশ্নটির সঠিক উত্তর পেয়েছেন।"
p-140-a-33,Na কে পানিতে ছেড়ে দিলে আগুন ধরে কেন?,রসায়ন,1,+2,295,https://www.sciencebee.com.bd/qna/20770/%E0%A6%AA%E0%A6%BE%E0%A6%A8%E0%A6%BF%E0%A6%A4%E0%A7%87-%E0%A6%9B%E0%A7%87%E0%A7%9C%E0%A7%87,"['পানি', 'গরম']",সোডিয়াম ধাতু পানির সংস্পর্শে NaOH  ক্ষার ও H₂ গ্যাস উৎপন্ন করে।2Na + 2H₂O --> 2NaOH + H₂ + তাপএই বিক্রিয়াটি তাপোৎপাদী । বিক্রিয়ায় উৎপন্ন তাপ হাইড্রোজেন এর সাথে জ্বলে ওঠে এবং বিস্ফোরণ ঘটতে পারে। যা বিপদজনক হতে পারে।এইজন্য সোডিয়াম ধাতুর সাথে পানি যোগ করা যায় না।
p-140-a-34,বাথরুমে কেন এত চিন্তা মাথায় আসে?,মনোবিজ্ঞান,3,+1,425,https://www.sciencebee.com.bd/qna/20769/%E0%A6%AC%E0%A6%BE%E0%A6%A5%E0%A6%B0%E0%A7%81%E0%A6%AE%E0%A7%87-%E0%A6%9A%E0%A6%BF%E0%A6%A8%E0%A7%8D%E0%A6%A4%E0%A6%BE,"['বাথরুম', 'চিন্তা']",শরীর থেকে বর্জ্য পদার্থ যখন বের হয়ে যায় তখন এক ধরণের মানসিক শান্তি অনুভব করি।বাথরুম বাকি পরিবেশের থেকে নিরব জায়গা তাই মস্তিষ্ক শান্ত থাকে ফলে বিভিন্ন চিন্তা ও কথা মনে পড়ে।
p-140-a-35,বাথরুমে কেন এত চিন্তা মাথায় আসে?,মনোবিজ্ঞান,3,+1,425,https://www.sciencebee.com.bd/qna/20769/%E0%A6%AC%E0%A6%BE%E0%A6%A5%E0%A6%B0%E0%A7%81%E0%A6%AE%E0%A7%87-%E0%A6%9A%E0%A6%BF%E0%A6%A8%E0%A7%8D%E0%A6%A4%E0%A6%BE,"['বাথরুম', 'চিন্তা']",বাথরুমে কোনো ধরণের কাজ না করার ফলে মস্তিষ্কের কোনো কাজ থাকে না I যার ফলে মস্তিষ্ক বিভিন্ন কথা স্মরণ করিয়ে দেয় I
p-140-a-36,বাথরুমে কেন এত চিন্তা মাথায় আসে?,মনোবিজ্ঞান,3,+1,425,https://www.sciencebee.com.bd/qna/20769/%E0%A6%AC%E0%A6%BE%E0%A6%A5%E0%A6%B0%E0%A7%81%E0%A6%AE%E0%A7%87-%E0%A6%9A%E0%A6%BF%E0%A6%A8%E0%A7%8D%E0%A6%A4%E0%A6%BE,"['বাথরুম', 'চিন্তা']",The bathroom is one of the most suitable places for contemplation. This is because you are quite literally performing THE most straight forward bodily function (in most cases) that requires very little conscious thought. This is provision to think about all kinds of things!
