id,question,question_category,number_of_answer,number_of_vote,number_of_view,answer_link,question_tag,answer
p-385-a-None,বিভিন্ন দেশের ম্যাপের ডিজাইন কিভাবে করা হয়?,বিবিধ,0,+12,30,https://www.sciencebee.com.bd/qna/8804/%E0%A6%AC%E0%A6%BF%E0%A6%AD%E0%A6%BF%E0%A6%A8%E0%A7%8D%E0%A6%A8-%E0%A6%AE%E0%A7%8D%E0%A6%AF%E0%A6%BE%E0%A6%AA%E0%A7%87%E0%A6%B0,[],
p-385-a-0,শীতকালে শরীর কাপে কেন ?,স্বাস্থ্য ও চিকিৎসা,1,+7,469,https://www.sciencebee.com.bd/qna/8798/%E0%A6%B6%E0%A7%80%E0%A6%A4%E0%A6%95%E0%A6%BE%E0%A6%B2%E0%A7%87-%E0%A6%B6%E0%A6%B0%E0%A7%80%E0%A6%B0,[],"শীতকালে শুধু ঠোঁট না, শরীরেও কাপুনি উঠে।এক্ষেত্রে প্রথমত আপনার ত্বকে থাকা স্নায়ু ঠান্ডাটা বুঝতে পারে যা মস্তিষ্ককে সংকেত দেয়। মস্তিষ্কের যেই কোষ এবং অংশগুলো সেই সংকেতটা গ্রহণ করে তা হলো, Lateral Parabrachial Nucleus এবং সেখান থেকে যথাক্রমে Hypothalamus এর Preoptic Area তে প্রেরণ করে। Hypothalamus ই দেহের এই কম্পনটা নির্ধারণ করে। এছাড়াও মস্তিষ্কের এই অংশ আপনার অজান্তেই আপনার জন্য দেহের প্রয়োজনীয় নানা ধরনের কাজ করে থাকে, যেমন: হৃদস্পন্দন, ঘুমের চক্র, শ্বাস গ্রহণ। যদিও এই জিনিসগুলো ইদুরের উপর পরীক্ষা করে জানা গেছে তবে এক্ষেত্রে কিছুটা নিশ্চিত যে ইদুর এবং মানুষের কোনোকিছু অনুভব করার প্রক্রিয়াটা প্রায় একই। তাই বলা যায় যে বার্তাটা মানব মস্তিষ্কের একই অংশে প্রেরিত হয়। যাক, যখন আপনার মস্তিষ্ক ঠান্ডা সম্পর্কে নিশ্চিত হতে পারবে তখন সে আবার দেহে বার্তা পাঠায় দেহের হাত, পায়ের শিরা/ধমনীগুলোকে সংকুচিত হতে থাকে যাকে Vasoconstriction বলা হয়। এর মূল উদ্দেশ্য দেহের ত্বক থেকে রক্তপ্রবাহ মধ্যের দিকে, অর্থাৎ যেখানে গুরুত্বপূর্ণ অঙ্গগুলো থাকে, সেদিকে ধাবিত করা এবং যতটুকু সম্ভব তাপ সঞ্চয় করে রাখা। কারণ, আপনার মস্তিষ্ক অনুযায়ী আপনি একটা হাত কিংবা পা ছাড়া বেঁচে থাকতে পারবেন, কিন্তু লিভার, কিডনি, ফুসফুস কিংবা হৃদপিণ্ড ছাড়া পারবেন না। মূলত রক্তচলাচল ত্বকের দিকে বেশি না থাকার কারণেই শীতের দিনে ত্বক কিছুটা শুষ্ক হয়ে যায়।একই সময়ে আপনার লোমকূপের সাথে সংযুক্ত ছোটো ছোটো পেশীগুলো সংকুচিত হয়ে যায় ফলে স্বাভাবিকভাবে একটু বাঁকা হয়ে নুয়ে থাকা লোমকূপগুলো সোজা হয়ে দাঁড়িয়ে যায়। ফলস্বরূপ, ত্বক হয়ে যায় পালক ছিলা পাখির মত। যাকে বলা যায়, Gooseflesh.পাশাপাশি আপনার দেহ দ্রুত তাপ উৎপন্ন করার জন্য কিছু পন্থা অবলম্বন করে, যেমন: দেহে থাকা ফ্যাট পুড়িয়ে ফেলে এবং দেহ কম্পন করে তথা এই কারনেই শীতকালে ঠোঁটের পাশাপাশি দেহে কাপুনি উঠে।©কোরা"
p-385-a-1,কত বছর বয়সের পর থেকে দাত পড়ে গেলে আর উঠেনা?,স্বাস্থ্য ও চিকিৎসা,1,+13,249,https://www.sciencebee.com.bd/qna/8797/%E0%A6%AC%E0%A7%9F%E0%A6%B8%E0%A7%87%E0%A6%B0-%E0%A6%89%E0%A6%A0%E0%A7%87%E0%A6%A8%E0%A6%BE,[],প্রাকৃতিকভাবে 12 থেকে 13 বছরের মধ্যে ছোটোবেলায় উঠা সব দাঁত পড়ে যায় আর উঠা শুরু করে।এই দাঁত উঠতে অনেক সময় দেরিও হতে পারে।17 বছর বয়সেও এই পড়ে যাওয়া দাঁত উঠতে পারে।অনেকসময় জায়গার অভাবেও দাঁত উঠে না বা অন্য দাঁতের গোড়া দিয়েই উঠতে থাকে।আবার জেনেটিক কারণেও এই দাঁত উঠে না।তবে দাঁত প্রথমবারের মত পড়ে গেলে তা উঠবেই আর যদি না উঠে বা দেরি হয় তবে বুঝতে হবে উপরোক্ত বিষয় এ সমস্যা ছিল।আর একবার পড়ে যাওয়ার পর গজানো দাঁত আবার পড়ে গেলে তা উঠে না।
p-385-a-2,মশা কি শুধু মানুষের রক্তই খায়?,জীববিজ্ঞান,5,+13,172,https://www.sciencebee.com.bd/qna/8796/%E0%A6%AE%E0%A6%BE%E0%A6%A8%E0%A7%81%E0%A6%B7%E0%A7%87%E0%A6%B0-%E0%A6%B0%E0%A6%95%E0%A7%8D%E0%A6%A4%E0%A6%87,[],"hতারা শুধু মানুষের রক্ত নয়, সকল স্তন্যপায়ী প্রানীর রক্তই খায়।http://sciencebee.com.bd/qna/6543/%E0%A6%A8%E0%A6%BF%E0%A6%B0%E0%A7%8D%E0%A6%A6%E0%A6%BF%E0%A6%B7%E0%A7%8D%E0%A6%9F-%E0%A6%97%E0%A7%8D%E0%A6%B0%E0%A7%81%E0%A6%AA%E0%A7%87%E0%A6%B0?show=6543#q6543"
p-385-a-3,মশা কি শুধু মানুষের রক্তই খায়?,জীববিজ্ঞান,5,+13,172,https://www.sciencebee.com.bd/qna/8796/%E0%A6%AE%E0%A6%BE%E0%A6%A8%E0%A7%81%E0%A6%B7%E0%A7%87%E0%A6%B0-%E0%A6%B0%E0%A6%95%E0%A7%8D%E0%A6%A4%E0%A6%87,[],না।তাহলে আর গোয়াল ঘরে গরুকে মশার হাত থেকে বাঁচাতে কয়েল ধরাতে হত না।মশা সাধারণত স্তন্যপায়ী প্রানীদের রক্তপান করে থাকে।
p-385-a-4,মশা কি শুধু মানুষের রক্তই খায়?,জীববিজ্ঞান,5,+13,172,https://www.sciencebee.com.bd/qna/8796/%E0%A6%AE%E0%A6%BE%E0%A6%A8%E0%A7%81%E0%A6%B7%E0%A7%87%E0%A6%B0-%E0%A6%B0%E0%A6%95%E0%A7%8D%E0%A6%A4%E0%A6%87,[],"আসলে পুরুষ মশা কাউকে ই কামড় দেয় না। কামড় দেয় মূলত স্ত্রী মশা। মশকির ডিম পরিস্ফুটন এর সময় উষ্ণ রক্তের দরকার হয়।তাই স্ত্রী মশা গুলো উষ্ণ রক্ত বিশিষ্ট প্রাণীকে কামড়য় এবং রক্ত খায়। মানুষ ছাড়াও গরু, ছাগল, ভেড়া ইত্যাদি উষ্ণ রক্ত বিশিষ্ট প্রাণী।তাই এদের সবাইকে ই মশা কামড় দেয়।"
p-385-a-5,মশা কি শুধু মানুষের রক্তই খায়?,জীববিজ্ঞান,5,+13,172,https://www.sciencebee.com.bd/qna/8796/%E0%A6%AE%E0%A6%BE%E0%A6%A8%E0%A7%81%E0%A6%B7%E0%A7%87%E0%A6%B0-%E0%A6%B0%E0%A6%95%E0%A7%8D%E0%A6%A4%E0%A6%87,[],নিজেদের ডিম ফোটানোর জন্য স্ত্রী মশা সব স্তন্যপায়ী প্রাণীর রক্ত নেয়।
p-385-a-6,মশা কি শুধু মানুষের রক্তই খায়?,জীববিজ্ঞান,5,+13,172,https://www.sciencebee.com.bd/qna/8796/%E0%A6%AE%E0%A6%BE%E0%A6%A8%E0%A7%81%E0%A6%B7%E0%A7%87%E0%A6%B0-%E0%A6%B0%E0%A6%95%E0%A7%8D%E0%A6%A4%E0%A6%87,[],http://sciencebee.com.bd/qna/6543/%E0%A6%A8%E0%A6%BF%E0%A6%B0%E0%A7%8D%E0%A6%A6%E0%A6%BF%E0%A6%B7%E0%A7%8D%E0%A6%9F-%E0%A6%97%E0%A7%8D%E0%A6%B0%E0%A7%81%E0%A6%AA%E0%A7%87%E0%A6%B0?show=6543#q6543
p-385-a-7,ইগো নিয়ন্ত্রনের উপায় ?,স্বাস্থ্য ও চিকিৎসা,2,+10,663,https://www.sciencebee.com.bd/qna/8782/%E0%A6%A8%E0%A6%BF%E0%A7%9F%E0%A6%A8%E0%A7%8D%E0%A6%A4%E0%A7%8D%E0%A6%B0%E0%A6%A8%E0%A7%87%E0%A6%B0,[],"Bahar uddin Sakib:ইগো বিষয়টা আমাদের সম্পর্কের জন্য বিষফোঁড়ার মত। শরীরে কোথাও একটা বিষফোঁড়া হলে প্রথম প্রথম কম ব্যাথা হয়। কিন্তু ক্রমে ক্রমে দেখা যায় এ ব্যাথা প্রকট হতে হতে একসময় শরীরের ঐ অংশটাকেই ক্ষতবিক্ষত করে দেয় তেমনি সম্পর্কে ইগো নামক এই বিষফোঁড়াও প্রকট হতে হতে সম্পর্কটাকেই ক্ষতবিক্ষত করে দেয়। তাই আসুন জেনে নিই কিভাবে এই ইগো নামক বিষফোঁড়া থেকে নিজে বাঁচবেন এবং সম্পর্ককে বাঁচাবেনঃ ১. আপনার প্রিয় মানুষটিকে শ্রদ্ধা করুন। ২. বিনয়ী হতে শিখুন। ৩. নিজের মধ্যে উদার মনোভাব জাগ্রত করুন। ৪. নিজেকে সহজ,সরল ও সাধারণ ভাবুন। ৫.সর্বোপরি মৃত্যুকে ভয় করুন।"
p-385-a-8,ইগো নিয়ন্ত্রনের উপায় ?,স্বাস্থ্য ও চিকিৎসা,2,+10,663,https://www.sciencebee.com.bd/qna/8782/%E0%A6%A8%E0%A6%BF%E0%A7%9F%E0%A6%A8%E0%A7%8D%E0%A6%A4%E0%A7%8D%E0%A6%B0%E0%A6%A8%E0%A7%87%E0%A6%B0,[],"==== অ হং কা র====সংকলনঃ Br Rahul Hossain (Rohol Amin)আপনার ইগো আপনার সফলতার জন্য  সবচেয়ে বড়ো শত্রু !“ইগো” শব্দটির সাথে আমরা কমবেশি সবাই পরিচিত। শব্দটি মূলত ইংরেজী হলেও বাংলায় মোটামুটি প্রচলিত হয়ে গেছে। কেউ যদি জীবনের যে কোন কাজে কারও তুলনায় এগিয়ে যায়,  সেটা হতে পারে ক্লাসে প্রথম হওয়া; হতে পারে ব্যবসায় বা চাকরীতে তুলনামূলক বেশি সফলতা পাওয়া। এসব ব্যাপারে যদি কারও মনে বিন্দুমাত্র হিংসা জন্ম নেয় তাহলে সাধারন ভাবে ধরে নেয়া হয় তার “ইগো প্রবলেম আছে।”তবে এই সমস্যাকে ইগো’র চেয়ে ঈর্ষা বা হিংসা বলা ভাল। ঈর্ষা ইগোর ফলাফলের  একটি অংশ হলেও ইগোর ব্যপ্তি আরও বড়। ""এটা আপনার সম্ভাবনাময় জীবন ও ক্যারিয়ারকে পুরোপুরি শেষ করে দিতে পারে""।তাই ইগো কি, তা ভাল করে জানা, আর তা থেকে বের হয়ে আসাটা ব্যক্তিগত এবং পেশাগ এবং পরকালীন জীবনের জন্য খুবই জরুরী।ইগোর সংজ্ঞা  :-""ইগোর""অনেকগুলো প্রচলিত সংজ্ঞা আছে, বিশেষজ্ঞ রায়ান হলিডের মতে:-  ইগো হচ্ছে “নিজের বড়ত্বের প্রতি একটি অস্বাভাবিক বিশ্বাস। যার সাথে মিশে থাকে অতি অহঙ্কার এবং আত্মকেন্দ্রিক ও স্বার্থপর উচ্চাকাঙ্খা।”আমরা সবাই জানি ইগো একটি খারাপ জিনিস, এবং এটা আমাদের সবার মাঝেই কিছু না কিছু মাত্রায় আছে। আর সেজন্যই এটা নিয়ন্ত্রণের দায়িত্বও আমাদের। ইগো কিভাবে আপনার সফলতায় বাধা দিতে পারে তার কিছু নমুনা।ইগো আপনার বড়ো শত্রু !!১) নিজের প্রতি অস্বাভাবিক ও অবাস্তব উঁচু ধারনা একজন মানুষের সাফল্যের যাত্রাকে পুরোপুরি থামিয়ে দিতে পারে। ইগো আসলে মানুষের মাঝে বাস করা ছোট্ট শয়তানের মত যে একজন মানুষ আসলে যতটা বড়, তাকে তারচেয়েও অনেক বড় হিসেবে ভাবতে শেখায়। তার ফলস্রুতিতে মানুষ তার শ্রম কমিয়ে দেয়।২) যার মাঝে ইগো আছে, সে সত্যিকার বড় হওয়ার আগেই নিজেকে বড় ভাবতে শুরু করে। তার এই ভাবনা তাকে সত্যিকার বড় হওয়ার পথে এগুতে বাধা দেয়।কারনটা খুব স্বাভাবিক, আপনি যদি আগেই ভেবে বসে থাকেন আপনি ইতোমধ্যেই অনেক বড় কিছু করে ফেলেছেন, তবে আর সত্যিকার বড় কিছু করার জন্য কষ্ট করার দরকার মনে করবেন না।৩) ইগো আমাদের সাথে এই খেলাটাই খেলে। ইগো সম্পন্ন মানুষ তার মিথ্যা অহঙ্কার নিয়ে বসে থাকে, আর অন্যরা তাকে টপকে সত্যিকারের বড় হয়ে ওঠে।৪) আবার অনেক মানুষ কিছুটা সফলতা পেয়েই নিজেকে অনেক বড় ভাবতে শুরু করে। তারা মনে করে তাদের আর প্রমান করার কিছু নেই।এই কারনে তারা সামনে চলা আর পরিশ্রম করা বন্ধ করে দেয়। কিন্তু তারা বুঝতেও পারে না যে এই ভুল ধারনাটি না থাকলে তারা আরও অনেক দূর এগিয়ে যেতে পারত ইনশাআল্লাহ । অথবা বুঝলেও সেই সর্বনাশা ইগোর কারনে স্বীকার করতে চায় না।৫) একজন মানুষের মধ্যে যে প্রবল ইগো সমস্যা আছে তার একটি প্রধান লক্ষণ তারা ভুল করেও ভুল স্বীকার করতে চায় না। অনেক সময়ে ভুল বুঝতে পারলেও তারা তা স্বীকার করে না। সেই অস্বীকার যেমন অন্যদের কাছে করে, তেমনি তাদের নিজেদের কাছেও করে। আর ভুল স্বীকার না করলে সেই ভুল শোধরানোও অসম্ভব। একজন ইগো সম্পন্ন মানুষের যদি ইংরেজী গ্রামারে সমস্যা থাকে, এবং আপনি যদি তাকে সেটা ধরিয়ে দিতে যান, তাহলে সে আপনারই ওপর রাগ করবে। পরীক্ষায় নম্বর কম পেলে সেটা হবে শিক্ষকের দোষ, কিন্তু নিজে নিজের জ্ঞান বাড়ানোর কোনও চেষ্টা সে করবে না।মনে রাখবেন :-“পৃথিবীর যাবতীয় বিবাদ, যুদ্ধ আর ব্যর্থতার জন্য যদি মাত্র একটি জিনিসকে দায়ী করা হয় – তা হবে মানুষের ইগো”আপনার কি ইগো আছে বুঝবেন কিভাবে?“কেউ আপনার  ভুল ধরিয়ে দিলে যদি আপনি  অপমান বোধ কর, তবে মনে রেখে আপনার  মাঝে ইগো ভাইরাস আক্রমণ করেছে ”হাফেয ইবনুল ক্বাইয়িম (রহঃ) বলেন, أصُوْلُ الْخَطَايَا كُلِّهَا ثَلاَثَةٌ: الْكِبْرُ وَهُوَ الَّذِيْ أصَارَ إِبْلِيسَ إِلَى مَا أصاره، والْحِرْصُ وَهُوَ الَّذِي أخرج آدم من الْجنَّة، والْحَسَدُ وَهُوَ الَّذِي جرأ أحد بني آدم على أَخِيه، فَمن وقِي شَرَّ هَذِه الثَّلاَثَة فقد وقى الشَّرَّ كله- فالكفر من الْكبر والمعاصي من الْحِرْص وَالْبَغي وَالظُّلم من الْحَسَد- সমস্ত পাপের উৎস হ’ল তিনটি : (১) অহংকার/ ইগো যা ইবলীসের পতন ঘটিয়েছিল। (২) লোভ, যা জান্নাত থেকে আদম-কে বের করে দিয়েছিল। (৩) হিংসা, যা আদম (আঃ)-এর এক সন্তানের বিরুদ্ধে অপর সন্তানকে প্রতিশোধপরায়ণ করে তুলেছিল। যে ব্যক্তি উক্ত তিনটি বস্ত্তর অনিষ্ট থেকে বেঁচে থাকতে পারবে সে যাবতীয় অনিষ্ট থেকে বেঁচে থাকতে পারবে। কেননা কুফরীর মূল উৎস হ’ল ‘ইগো অহংকার’। পাপকর্মের উৎস হ’ল ‘লোভ’। আর বিদ্রোহ ও সীমালংঘনের উৎস হ’ল ‘হিংসা’। (. ইবনুল ক্বাইয়িম, আল-ফাওয়ায়েদ  ৫৮ পৃঃ।)অহংকার ও ইগো  দু’টিই বড়াই ও বড়ত্বের একক উৎস থেকে উৎসারিত। বস্ত্ততঃ এই রোগে যে আক্রান্ত হয়, সে নিজেকে নিজে ধ্বংস করে। তার দ্বারা সমাজ, সংগঠন, রাষ্ট্র এমনকি নিজ পরিবারও ধ্বংস হয়।অহংকারের নিদর্শন সমূহ(১) দম্ভভরে সত্যকে প্রত্যাখ্যান করা : এটাই হ’ল প্রধান নিদর্শন। যা উপরের হাদীছে বর্ণিত হয়েছে।(২) নিজেকে সর্বদা অন্যের চাইতে বড় মনে করা : যেমন ইবলীস আদমের চাইতে নিজেকে বড় মনে করেছিল এবং আল্লাহর অবাধ্য হয়েছিল। সে যুক্তি দিয়েছিল, خَلَقْتَنِي مِنْ نَارٍ وَخَلَقْتَهُ مِنْ طِينٍ ‘আপনি আমাকে আগুন থেকে সৃষ্টি করেছেন এবং আদমকে সৃষ্টি করেছেন মাটি থেকে (আ‘রাফ ৭/১২)।অতএব أَأَسْجُدُ لِمَنْ خَلَقْتَ طِينًا ‘আমি কি তাকে সিজদা করব, যাকে আপনি মাটি দিয়ে সৃষ্টি করেছেন? (ইসরা ১৭/৬১)এই যুক্তি ও অবাধ্যতার শাস্তিস্বরূপ আল্লাহ তাকে বলেন, فَاخْرُجْ مِنْهَا فَإِنَّكَ رَجِيمٌ ‘বের হয়ে যাও এখান থেকে। কেননা তুমি অভিশপ্ত’ (ছোয়াদ ৩৮/৭৬)।ইগো থেকে বাচার উপায় :-পরের পোষ্টে লিখবো ইনশাআল্লাহসংকলন :- ব্রাদার রাহুল হোসেন (রুহুল আমিন)"
p-385-a-9,হরমুজ প্রণালী কি?,বিবিধ,1,+7,167,https://www.sciencebee.com.bd/qna/8781/%E0%A6%B9%E0%A6%B0%E0%A6%AE%E0%A7%81%E0%A6%9C-%E0%A6%AA%E0%A7%8D%E0%A6%B0%E0%A6%A3%E0%A6%BE%E0%A6%B2%E0%A7%80,[],"Firoz Alom:যদি কোন জলরাশি দুটি উপসাগর বা সাগরকে এক করে দেয় তখন তাকে প্রণালী বলে। তেমন একটি প্রনালী হলো হরমুজ যা ইংরেজিতে Strait of Hormuz হিসেবে পরিচিত। ফার্সি ভাষায় একে বলে তাঙ্গেহ- ইয়ে হরমজ। পারস্য উপসাগর ও ওমান উপসাগরকে সংযুক্তকারী এই প্রণালীটি ভৌগলিকভাবে গুরুত্ব বহন করে আসছে দ্বিতীয় বিশ্বযুদ্ধের পর থেকেই। এই সরু জলপথটি আরব দ্বীপে অবস্থিত দেশসমূহ থেকে ইরানকে আলাদা করেছে। সার্বিকভাবে ৫৪ কিলোমিটার বিস্তৃত এ জলপথের সবচেয়ে সরু অংশটি দুই কিলোমিটার প্রশস্ত। এর একপাশে ইরানের দক্ষিণ পশ্চিম উপকূল বন্দর আব্বাস এবং অন্যপাশে ওমান, আরব আমিরাত ও সৌদি আরব অবস্থিত। হরমুজ প্রণালী দিয়ে বিশ্বের মোট ৩০ শতাংশ তেল যাতায়াত করে, যা কিনা সমুদ্র পথে যাতায়াত করা মোট তেলের ৪০ শতাংশ। দৈনিক প্রায় ২০ লাখ ব্যারেল তেল এই প্রণালি দিয়ে রপ্তানি হয়ে থাকে। বিশ্বের বড় কয়েকটি অপরিশোধিত তেল রপ্তানিকারক দেশের ব্যবহৃত জলপথও এই হরমুজ প্রণালী। পারস্য উপসাগরীয় দেশগুলো (কুয়েত, বাহরাইন, ইরান, ইরাক, সংযুক্ত আরব আমিরাত, কাতার এবং সৌদি আরব) তাদের রপ্তানির প্রায় ৮০ শতাংশ তেল হরমুজ প্রণালী দিয়ে সরবরাহ করে থাকে (EIA অনুসারে)।source:quora"
p-385-a-10,দুপুরে খাওয়ার পর এত ঘুম আসে কেন?,স্বাস্থ্য ও চিকিৎসা,1,+5,388,https://www.sciencebee.com.bd/qna/8780/%E0%A6%A6%E0%A7%81%E0%A6%AA%E0%A7%81%E0%A6%B0%E0%A7%87-%E0%A6%96%E0%A6%BE%E0%A6%93%E0%A7%9F%E0%A6%BE%E0%A6%B0,[],"পুষ্টিবিদ ও ফিটনেস বিশেষজ্ঞ লিউক কোটিনহো বলেন, প্রয়োজনের তুলনায় বেশি খেলে শরীরে ইনসুলিনের মাত্রা ওঠানামা করে। যে কোনো খাবার খাওয়ার পরেই রক্তের সুগার নিয়ন্ত্রণের জন্য আপনার প্যানক্রিয়াস ইনসুলিন তৈরি করতে থাকে। বেশি খেলে প্যানক্রিয়াস বেশি ইনসুলিন উৎপন্ন করে। ইনসুলিন বেশি উৎপন্ন হলে দুটো বিষয় ঘটে। শরীরে ঘুমের হরমোন তৈরি হয়। এই হরমোন আপনার মস্তিষ্কে গিয়ে বিপাক প্রক্রিয়ার মাধ্যমে সেরোটোনিন ও মেলাটোনিনে পরিণত হয়। এই মেলাটোনিন হলো ঘুমের হরমোন। পাশাপাশি উচ্চ কার্বোহাইড্রেট সমৃদ্ধ খাবার খেলে একে হজম করতে অনেক শক্তি খরচ হয়। লিউক বলেন, খুব ভারী খাবার খেলে একে হজম করতে শরীরের ৬০ থেকে ৭৫ ভাগ শক্তি ব্যবহৃত হয়। এই শক্তি ক্ষয়ের জন্য আমাদের ঘুম পায়। কেবল উচ্চ কার্বোহাইড্রেট সমৃদ্ধ খাবারের বেলায় এটি ঘটে না, প্রোটিন জাতীয় খাবারের বেলাতেও এটি ঘটে। এই ঘুম কীভাবে এড়াবেন? বেশি প্রোটিন ও বেশি চর্বিজাতীয় খাবার খাওয়া আপনাকে ভোগাবে। অতিরিক্ত খেলে এটি ভাঙতে শরীরের বেশি শক্তি ব্যয় হবে। তাই দুপুরে খুব বেশি খেতে যাবেন না। দুপুরে হালকা খাবার খাওয়া এই ঘুম ঘুম ভাব কমাতে সাহায্য করবে। তবে এরপরও যদি ক্লান্ত ও ঘুম ঘুম ভাব হয়, সেক্ষেত্রে চিকিৎসকের পরামর্শ নিন।এনটিভি"
p-385-a-11,প্রচন্ড রাগ উঠলে কান্না চলে আসে কেন?,স্বাস্থ্য ও চিকিৎসা,2,+8,"1,337",https://www.sciencebee.com.bd/qna/8779/%E0%A6%AA%E0%A7%8D%E0%A6%B0%E0%A6%9A%E0%A6%A8%E0%A7%8D%E0%A6%A1-%E0%A6%95%E0%A6%BE%E0%A6%A8%E0%A7%8D%E0%A6%A8%E0%A6%BE,[],"Nishat Tasnimমানুষের কান্নার বা চোখের পানি তিন ধরনের-১. ব্যাসাল টিয়ার্স ( চোখকে ধুলাবালি থেকে রক্ষা করে এই কান্না)২. রিফ্রেক্স টির্য়াস ( চোখের রিফ্রেশের জন্য এমন কান্না)৩. ইমোশনাল টির্য়াস ( দু:খ কষ্ট অনুভব করার কান্না)ব্যাসাল টিয়ার্স বলতে সাধারণত চোখের ধুলোবালি পরিষ্কারক জলকে বুঝানো হয়। চোখে ধুলো পড়ল আর আপনি চোখটা একটু কচলে নিলেন। এতে যদি আপনার চোখ গড়িয়ে জল বের হয় তবে সেটা ব্যাসাল টিয়ার্স। কম্পিউটার বা মোবাইলকে প্রয়োজনে রিফ্রেশ করে নেন। চোখেও তো রিফ্রেশমেন্ট এর দরকার আছে নাকি! আর এই রিফ্রেশমেন্টের জন্য চোখ থকে যে পানি বের হয় তাই হল রিফ্রেক্স টিয়ার্স। অনেকক্ষণ ধরে আলোর দিকে তাকিয়ে থাকলে বা বেশীক্ষণ অন্ধকারে থাকলে অনেকের চোখ দিয়ে পানি পড়ে থাকে। বিজ্ঞানীদের মতে ইমোশনাল টির্য়াসে খুব বেশি পরিমাণে থাকে ম্যাঙ্গানিজ নামের এক ধরনের লবণ আর প্রোল্যাক্টিন নামের এক ধরনের প্রোটিন। বিজ্ঞানীদের ধারণা, এই দু’টো পদার্থ শরীর থেকে বের হয়ে গেলে মানুষ অনেকটা আরাম বোধ করে। আর তাই মন খারাপ হলে আমরা কাঁদলে আরাম বোধ করি বা নিজেদের মন হাল্কা মনে হয়। আর একটি বিষয় হল,শারীরিক ব্যাথা- যার কারণে আমরা কাঁদি। এটাও সেই মানসিক আবেগ থেকেয তৈরি হয়। তবে মানুষের জন্য সুখবর যে, কষ্ট পেলে বা মন খারাপ থাকলে প্রাণী জগতের একমাত্র তারাই কাদঁতে পারে! ইমোশনাল কান্না শারীরিক ব্যাখার বাইরেও কিছু বলার থাকে। বেশিরভাগ সময় আমরা আবেগীয় কান্না কাঁদি- অন্যের সাথে সখ্যতা বাড়ানোর জন্য বা যোগাযোগ রাখার জন্য। যেমন-প্রিয় মানুষটি যখন কাঁদে তখন আমাদের চোখেও পানি চলে আসে কারণ তার সাথে যোগাযোগ ভাল আমাদের। বাচ্চারা কাঁদে,কারণ কথা শিখার আগে এটাই ভাব প্রকাশের মাধ্যম তাদের কাছে। মানুষেরও হতাশা,ভালবাসা,ভাললাগা,দু:খ,ভয় আর প্রয়োজনের তাগিদে কান্না চলে আসে।যারা ভালবাসার মায়ায় জড়িয়ে আছেন প্রিয় জনের সাথে, তাদের কান্নাটা হয়ে যায় বন্ধন শক্ত রাখা আর নিজেদের দু:খটাকে প্রকাশের সহজ মাধ্যমের জন্য। ভাব প্রকাশের জন্য অনেক ভাষা আছে কিন্তু কান্না সার্বজনীন ভাষা। সবাই এটা বোঝে।"
p-385-a-12,প্রচন্ড রাগ উঠলে কান্না চলে আসে কেন?,স্বাস্থ্য ও চিকিৎসা,2,+8,"1,337",https://www.sciencebee.com.bd/qna/8779/%E0%A6%AA%E0%A7%8D%E0%A6%B0%E0%A6%9A%E0%A6%A8%E0%A7%8D%E0%A6%A1-%E0%A6%95%E0%A6%BE%E0%A6%A8%E0%A7%8D%E0%A6%A8%E0%A6%BE,[],এখানে দেখেন:https://www.sciencebee.com.bd/qna/8779/%E0%A6%AA%E0%A7%8D%E0%A6%B0%E0%A6%9A%E0%A6%A8%E0%A7%8D%E0%A6%A1-%E0%A6%95%E0%A6%BE%E0%A6%A8%E0%A7%8D%E0%A6%A8%E0%A6%BE
p-385-a-13,আমাদের ঘুম আসে কেন ?,স্বাস্থ্য ও চিকিৎসা,2,+8,132,https://www.sciencebee.com.bd/qna/8778/%E0%A6%86%E0%A6%AE%E0%A6%BE%E0%A6%A6%E0%A7%87%E0%A6%B0-%E0%A6%98%E0%A7%81%E0%A6%AE-%E0%A6%86%E0%A6%B8%E0%A7%87,[],"পৃথিবীর সব প্রাণীর ক্ষেত্রেই ঘুম একটি জরুরি প্রক্রিয়া। যা কি না মানুষের ক্ষেত্রে সঠিক শ্বাসক্রিয়া, রক্ত সঞ্চালন, শারীরিক বৃদ্ধি ও সংক্রমণ রোধ করতে সাহায্য করে। শুধু তাই নয়, এই সময় আমাদের শরীরের পাঁচ শতাংশ বেশি রক্ত মস্তিষ্কের দিকে সঞ্চালিত হয়। যখন আমরা ঘুমোই, তখন আমাদের মস্তিষ্কের বিভিন্ন ‘কেন্দ্র’ এক টানা কাজ করে। নিদ্রা আর জাগরণের প্রক্রিয়াটি সঠিক ভাবে চালু রাখার জন্য। প্রতি দিন ২৪ ঘণ্টায় আমরা ১৬ ঘণ্টা জেগে কাটাই আর ৮ ঘণ্টা থাকি ঘুমিয়ে। আর তার জন্য যে ‘কেন্দ্র’টির ভুমিকা সবচেয়ে উল্লেখযোগ্য, সেটি হল- আমাদের মস্তিষ্কের নীচের দিকে থাকা ছোট্ট বাদামের মতো একটি অংশ। যার নাম-‘হাইপোথ্যালামাস (Hypothalamus)’। আমরা জেগে থাকব নাকি ঘুমিয়ে পড়ব, তার অনেকটাই নির্ভর করে ‘হাইপোথ্যালামাস’ আর ‘ব্রেন স্টেম’ নামে দু’টি বিশেষ অংশের ওপরে। মস্তিষ্কের যে দু’টি অংশের কথা বললাম, তার কিছু নিউরন বা স্নায়ুকোষই এই কাজটার জন্য দায়ী। এদের দু’ভাগে ভাগ করা যায়। এর মধ্যে যে স্নায়ুকোষগুলি উত্তেজিত থাকলে আমরা এক টানা ১৬ ঘণ্টা জেগে থাকতে পারি, তারাই তখন ক্রমাগত ‘ঘুম আনার জন্য দায়ী’ স্নায়ুকোষগুলিকে দাবিয়ে রাখে। নানা পরীক্ষা-নিরীক্ষায় দেখা গেছে, মস্তিষ্কের ‘হাইপোথ্যালামাস’ আর ‘ব্রেন স্টেম’-এর বিশেষ কিছু স্নায়ুকোষ উত্তেজনার সঙ্কেত (সিগন্যাল) মস্তিষ্কের ‘হায়ার সেন্টার’ বা ‘কর্টেক্সে’ (মস্তিষ্কের ওপরের অংশটিকে) পাঠাতে থাকে যতক্ষণ আমরা জেগে থাকি বিশেষ ‘রাসায়নিক সংবাদদাতা’ বা ‘কেমিক্যাল নিউরো-ট্রান্সমিটার’-এর মাধ্যমে। মস্তিষ্ককে উত্তেজিত রাখতে গিয়ে ‘হিস্টামিন’ নামে এক ধরনের নিউরো-ট্রান্সমিটার নিঃসরণ করে ‘হাইপোথ্যালামাস’-এর ‘টিউবারো-ম্যামালিয়ারি নিউক্লিয়াস’ বা ‘TMN’ নামে স্নায়ুগুলি থেকে। ঘুমের সময়, ‘হাইপোথ্যালামাস’-এর ‘ঘুমের জন্য দায়ী’ ‘ভেনট্রোল্যাটেরাল প্রি-অপটিক নি‌উক্লিয়াস’ বা, ‘VLPO’ স্নায়ুকোষগুলো উত্তেজিত হয়ে ওঠে। এই সময়টিতে তারা ক্রমাগত ‘জাগিয়ে রাখার’ স্নায়ুকোষগুলোকে পুরোপুরি দাবিয়ে রাখার চেষ্টা চালায়। এভাবে ‘রাসায়নিক বার্তা’র (রাসায়নিক বিক্রিয়ার মাধ্যমে যে বার্তা পাঠানো হয়) মাধ্যমে ‘হাইপোথ্যালামাসে’র ‘TMN’ স্নায়ুকোষগুলোকে ‘জাগ্রত অবস্থা’থেকে ‘নিদ্রা’য় রুপান্তরিত করার সঙ্কেত পাঠায়। এ যেন জোয়ার আর ভাঁটার খেলা! মস্তিষ্কের এই ‘সুইচ’টিই আমাদের ‘নিদ্রা’ আর ‘জাগরণে’র জন্য দায়ী।Source : বিজ্ঞান পত্রিকা"
p-385-a-14,আমাদের ঘুম আসে কেন ?,স্বাস্থ্য ও চিকিৎসা,2,+8,132,https://www.sciencebee.com.bd/qna/8778/%E0%A6%86%E0%A6%AE%E0%A6%BE%E0%A6%A6%E0%A7%87%E0%A6%B0-%E0%A6%98%E0%A7%81%E0%A6%AE-%E0%A6%86%E0%A6%B8%E0%A7%87,[],আমাদের মস্তিষ্ক থেকে মেনাটলিন নামক এক ধরনের হরমোন নিসৃত হয়।যার প্রভাবে আমাদের ঘুম আসে।
p-385-a-15,কুকুর হাঁটার সময় জিব্বা বাইরে রাখে কেন ?,স্বাস্থ্য ও চিকিৎসা,3,+7,182,https://www.sciencebee.com.bd/qna/8777/%E0%A6%B9%E0%A6%BE%E0%A6%81%E0%A6%9F%E0%A6%BE%E0%A6%B0-%E0%A6%9C%E0%A6%BF%E0%A6%AC%E0%A7%8D%E0%A6%AC%E0%A6%BE,[],"Nishat Tasnim-অনেক কুকুরের Hanging Tongue Syndrome থাকে এর জন্য তাদের জিহবা সবসময় ঝুলে থাকে। আবার, গরমের দিনে কুকুরের শরীর উত্তপ্ত থাকে এবং কুকুর অস্বস্তিবােধ করে। কিন্তু কুকুরের জিহ্বার উপর এক প্রকার লালা থাকে। সেই লালা কুকুরের শরীর থেকে বাষ্পীভবনের সুপ্ততাপ শােষণ করে এবং কুকুরের শরীর ঠাণ্ডা হয়। কুকুর স্বস্তি অনুভব করে। সেজন্য কুকুর জিহ্বা বের করে দৌড়ায়।"
p-385-a-16,কুকুর হাঁটার সময় জিব্বা বাইরে রাখে কেন ?,স্বাস্থ্য ও চিকিৎসা,3,+7,182,https://www.sciencebee.com.bd/qna/8777/%E0%A6%B9%E0%A6%BE%E0%A6%81%E0%A6%9F%E0%A6%BE%E0%A6%B0-%E0%A6%9C%E0%A6%BF%E0%A6%AC%E0%A7%8D%E0%A6%AC%E0%A6%BE,[],https://www.sciencebee.com.bd/qna/8530/%E0%A6%95%E0%A7%81%E0%A6%95%E0%A7%81%E0%A6%B0-%E0%A6%9D%E0%A7%81%E0%A6%B2%E0%A6%BF%E0%A7%9F%E0%A7%87?show=8530&fbclid=IwAR2-cc2TVzjmjoBAy6R6PlhCFDSUH9CaxIrPhHCYQVXuff5lMOWRrr__o-E#q8530
p-385-a-17,কুকুর হাঁটার সময় জিব্বা বাইরে রাখে কেন ?,স্বাস্থ্য ও চিকিৎসা,3,+7,182,https://www.sciencebee.com.bd/qna/8777/%E0%A6%B9%E0%A6%BE%E0%A6%81%E0%A6%9F%E0%A6%BE%E0%A6%B0-%E0%A6%9C%E0%A6%BF%E0%A6%AC%E0%A7%8D%E0%A6%AC%E0%A6%BE,[],এখানে দেখেন;https://www.sciencebee.com.bd/qna/8530/%E0%A6%95%E0%A7%81%E0%A6%95%E0%A7%81%E0%A6%B0-%E0%A6%9D%E0%A7%81%E0%A6%B2%E0%A6%BF%E0%A7%9F%E0%A7%87?show=8530&fbclid=IwAR2-cc2TVzjmjoBAy6R6PlhCFDSUH9CaxIrPhHCYQVXuff5lMOWRrr__o-E#q8530
p-385-a-18,অন্যান্য প্রজাতিদের মধ্যে মাসিক কেন দেখা যাই না ?,স্বাস্থ্য ও চিকিৎসা,2,+6,109,https://www.sciencebee.com.bd/qna/8776/%E0%A6%AA%E0%A7%8D%E0%A6%B0%E0%A6%9C%E0%A6%BE%E0%A6%A4%E0%A6%BF%E0%A6%A6%E0%A7%87%E0%A6%B0,[],http://www.sciencebee.com.bd/qna/7261/%E0%A6%AA%E0%A7%8D%E0%A6%B0%E0%A6%BE%E0%A6%A3%E0%A6%BF%E0%A6%B0-%E0%A6%AA%E0%A6%BF%E0%A6%B0%E0%A6%BF%E0%A7%9F%E0%A6%A1?show=7261&fbclid=IwAR0s0DcLCaz-MxH9jAhEQ7Gzu3eFpimSosSGznD1Cr64zw8_Ka2j-BRGmR4#q7261
p-385-a-19,অন্যান্য প্রজাতিদের মধ্যে মাসিক কেন দেখা যাই না ?,স্বাস্থ্য ও চিকিৎসা,2,+6,109,https://www.sciencebee.com.bd/qna/8776/%E0%A6%AA%E0%A7%8D%E0%A6%B0%E0%A6%9C%E0%A6%BE%E0%A6%A4%E0%A6%BF%E0%A6%A6%E0%A7%87%E0%A6%B0,[],এখানে :http://www.sciencebee.com.bd/qna/7261/%E0%A6%AA%E0%A7%8D%E0%A6%B0%E0%A6%BE%E0%A6%A3%E0%A6%BF%E0%A6%B0-%E0%A6%AA%E0%A6%BF%E0%A6%B0%E0%A6%BF%E0%A7%9F%E0%A6%A1?show=7261&fbclid=IwAR0s0DcLCaz-MxH9jAhEQ7Gzu3eFpimSosSGznD1Cr64zw8_Ka2j-BRGmR4#q7261
p-385-a-20,মাদকাসক্তি থেকে মুক্তি পেতে কি কি করতে হবে ?,স্বাস্থ্য ও চিকিৎসা,1,+7,182,https://www.sciencebee.com.bd/qna/8769/%E0%A6%AE%E0%A6%BE%E0%A6%A6%E0%A6%95%E0%A6%BE%E0%A6%B8%E0%A6%95%E0%A7%8D%E0%A6%A4%E0%A6%BF,[],"সম্প্রতি সারা দেশে শুরু হয়েছে মাদকবিরোধী অভিযান। প্রতিদিনই মাদকবিরোধী অভিযানের বিভিন্ন খবর থাকে দৈনিক পত্রিকাগুলোর প্রধান শিরোনাম।নেশাদ্রব্যের আসক্তি থেকে নিজেকে সরিয়ে নিতে নিজের জীবনযাপন পদ্ধতি এবং অভ্যাসে প্রচুর পরিবর্তন আনা প্রয়োজন। নেশাদ্রব্যের আসক্তি কতটা তীব্র তার ওপর নির্ভর করে এই আসক্তি থেকে মুক্তি পাওয়ার বিষয়টি।তবে নেশা থেকে যে মুক্তি পাওয়া যায় না, তা কিন্তু নয়। নেশা থেকে মুক্তির উপায় হচ্ছে আপনার কঠোর মনোবল ও সিদ্ধান্ত। এছাড়া অবশ্যই নেশাজাতীয় যে কোনো দ্রব্য খাওয়া ত্যাগ করতে হবে।⭕আসুন জেনে নেই নেশাদ্রব্যের গ্রাস থেকে নিজেকে রক্ষা করতে যা করবেন।১৷পরিবারের সদস্য, বন্ধুবান্ধব:-বর্তমান নেশা থেকে বাঁচার জন্য নিজেকে অন্য কোনো নেশা যেমন জুয়া খেলা, ধূমপান কিংবা অতিভোজন ইত্যাদির দিকে ঠেলে না দেয়ার বিষয়ে যত্নশীল হোন। এ ব্যাপারে পরিবারের সদস্য, বন্ধুবান্ধব এবং কলিগ বা সহযোগীদের সাহায্য গ্রহণ করুন।২৷মানসিক ও দৈহিক:-নিয়মিত শরীর চর্চার বিষয়ে যত্নশীল হোন। নিয়মিত শরীর চর্চার ফলে শরীর থেকে কিছু রাসায়নিক পদার্থ নির্গত হয় যেটা আপনাকে মানসিক ও দৈহিকভাবে ভালো বোধ দিতে সক্ষম।৩৷নেশা ছাড়তে হবে:-যদি নেশা করা ছেড়ে দেয়ার কারণে আপনার দেহে কোনো অবাঞ্ছিত সমস্যা তৈরি হয়, সেই অজুহাতে আবার নেশা করা শুরু করবেন না। ভালোভাবে মনে করুন এই অবাঞ্ছিত সমস্যার মূল কারণ কী এবং পরবর্তিতে সেই কারণ এড়িয়ে যাওয়ার চেষ্টা করুন।৪৷যাতায়াত :-যেসব জায়গায় গিয়ে আপনি নেশাদ্রব্য সেবন করতেন কিংবা ক্রয় করতেন, সেসব জায়গায় যাতায়াত বন্ধ করুন। যারা নেশাদ্রব্য সেবন করে না তাদের সঙ্গে বন্ধুত্ব গড়ে তোলার চেষ্টা করুন এবং যেসব বন্ধুবান্ধব নেশাদ্রব্য সেবন করে তাদের থেকে দূরে থাকুন।৫৷নিজে নিজের কাছে প্রতিজ্ঞাবদ্ধ:-নেশা ছাড়ার জন্য নিজে নিজের কাছে প্রতিজ্ঞাবদ্ধ হন। নিজের নিজে বলতে শিখুন, আমি আর নেশা করব না।৬৷মনোরোগ বিশেষজ্ঞ:-নেশা ছাড়তে জন্য মনস্থির করার পর একজন ভালো মনোরোগ বিশেষজ্ঞের পরামর্শ নিতে পারে। পরামর্শ মেনে চললে আপনি নেশা ত্যাগ করতে পারবেন। এছাড়া এ সময়ে আপনার শারীরিক চেকআপ প্রয়োজন।বাংলাদেশ মাদক নির্মূল পরিষদ"
p-385-a-21,পানি কম খাওয়া কি লিভারে প্রভাব ফেলতে পারে ?,স্বাস্থ্য ও চিকিৎসা,2,+8,98,https://www.sciencebee.com.bd/qna/8765/%E0%A6%B2%E0%A6%BF%E0%A6%AD%E0%A6%BE%E0%A6%B0%E0%A7%87-%E0%A6%AA%E0%A7%8D%E0%A6%B0%E0%A6%AD%E0%A6%BE%E0%A6%AC,[],"যকৃৎ বা লিভার শরীরে যত ক্ষতিকারক টক্সিন বা বিষ জমে, তা ছেঁকে বের করে দেয়। এই লিভার যদি স্বাভাবিক কর্মক্ষমতা হারায় তাহলে শরীরে জমে যাওয়া বিষ শরীরেই থেকে যাবে। তাতে শরীরের অন্যান্য অঙ্গপ্রত্যঙ্গ একে একে বিকল হতে শুরু করবে। তাই লিভার সুস্থ রাখা অত্যন্ত জরুরি। আর লিভারের সুস্থতার জন্য পেট পরিষ্কার রাখা প্রয়োজন।যকৃৎ বা লিভার সুস্থ রাখতে পর্যাপ্ত পানি পান করুন। দিনে অন্তত ৭-৮ গ্লাস (২.৫ লিটার থেকে ৩ লিটার) পানি পানের অভ্যাস গড়ে তুলুন। শরীরের প্রায় ৭০ শতাংশই পানি। এই পানি শরীরের টক্সিন লিভারের মাধ্যমে ছেঁকে বের করতে সাহায্য করে। শরীরে যখনই পানির অভাব হবে, তখনই লিভারে ও শরীরে টক্সিন জমতে থাকে যা শরীরের অন্যান্য অঙ্গপ্রত্যঙ্গেরও মারাত্মক ক্ষতি করে।©বাংলাদেশ প্রতিদিন"
p-385-a-22,পানি কম খাওয়া কি লিভারে প্রভাব ফেলতে পারে ?,স্বাস্থ্য ও চিকিৎসা,2,+8,98,https://www.sciencebee.com.bd/qna/8765/%E0%A6%B2%E0%A6%BF%E0%A6%AD%E0%A6%BE%E0%A6%B0%E0%A7%87-%E0%A6%AA%E0%A7%8D%E0%A6%B0%E0%A6%AD%E0%A6%BE%E0%A6%AC,[],"যকৃৎ বা লিভার শরীরে যত ক্ষতিকারক টক্সিন বা বিষ জমে, তা ছেঁকে বের করে দেয়। এই লিভার যদি স্বাভাবিক কর্মক্ষমতা হারায় তাহলে শরীরে জমে যাওয়া বিষ শরীরেই থেকে যাবে। তাতে শরীরের অন্যান্য অঙ্গপ্রত্যঙ্গ একে একে বিকল হতে শুরু করবে। তাই লিভার সুস্থ রাখা অত্যন্ত জরুরি। আর লিভারের সুস্থতার জন্য পেট পরিষ্কার রাখা প্রয়োজন।যকৃৎ বা লিভার সুস্থ রাখতে পর্যাপ্ত পানি পান করুন। দিনে অন্তত ৭-৮ গ্লাস (২.৫ লিটার থেকে ৩ লিটার) পানি পানের অভ্যাস গড়ে তুলুন। শরীরের প্রায় ৭০ শতাংশই পানি। এই পানি শরীরের টক্সিন লিভারের মাধ্যমে ছেঁকে বের করতে সাহায্য করে। শরীরে যখনই পানির অভাব হবে, তখনই লিভারে ও শরীরে টক্সিন জমতে থাকে যা শরীরের অন্যান্য অঙ্গপ্রত্যঙ্গেরও মারাত্মক ক্ষতি করে।"
p-385-a-23,আমাদের শরীর চুলকায় কেন ? এর পিছনে কি কোন অণুজীব দায়ী?,স্বাস্থ্য ও চিকিৎসা,4,+13,"1,611",https://www.sciencebee.com.bd/qna/8761/%E0%A6%86%E0%A6%AE%E0%A6%BE%E0%A6%A6%E0%A7%87%E0%A6%B0-%E0%A6%9A%E0%A7%81%E0%A6%B2%E0%A6%95%E0%A6%BE%E0%A7%9F,[],"নাহিদ মজুমদার ·কেন শরীর চুলকায় এ নিয়ে এখনও গবেষণা চলমান। কারণগুলোকে কয়েকভাগে ভাগ করা গেলেও কি মেকানিজমে যে আসলে শরীর চুলকায় তা পুরোপুরি এখনও বোঝা যায়নি।চর্মরোগের কারণেই শরীর চুলকাবে এমনটা নয়।চুলকানির কারণ: ত্বকে থাকা স্নায়ুগ্রন্থি ‘প্রুরিসেপ্টরস’ হল চুলকানি প্রধান কারণ। এই গ্রন্থিগুলো উদ্বেলিত হলে চুলকানোর প্রবল ইচ্ছা দেখা দেয়। সেই সঙ্গে ভূমিকা রাখে শরীরের রোগ প্রতিরোধ ক্ষমতাও, নিঃসরণ করে ‘হিস্টামিনস’ নামক উপাদান যা চুলকানির অনুভূতির সুত্রপাত ঘটায়, জানান নিউ ইয়র্কের ত্বক বিশেষজ্ঞ মেলেনি গ্রোসম্যান।শরীরের ভেতরের অংশ আর বাহ্যিক পৃথিবীর মধ্যকার সুরক্ষা দেয়াল ত্বকে কোনো ধরনের প্রদাহ সৃষ্টি হওয়ার বিষয়টি আপনাকে জানানোর মাধ্যমটি হল এই চুলকানি।জৈব রাসায়নিক উপাদান থেকে চুলকানি: ডা. গ্রোসম্যান বলেন, “অনেক সময় শরীরের অভ্যন্তরীন জৈব রাসায়নিক উপাদান চুলকানির কারণ হতে পারে। যেমন ‘ওপিওয়িডস’ ধরনের ওষুধের পার্শ্বপ্রতিক্রিয়া হিসেবে চুলকানি দেখা দেয়। যার কারণ হল ব্যথা আর চুলকানি এই দুটিতেই সাড়া দেয় এমন স্নায়ু। আবার বৃক্ক ও যকৃতের রোগে আক্রান্তদের মাঝেও চুলকানি দেখা দেয়, যার কারণ শরীরে অত্যধিক বিষাক্ত উপাদান।মনোস্তাত্ত্বিক চুলকানি: ‘সেরোটনিন’ ও ‘নোরেপিনেফ্রিন’ নামক রাসায়নিক উপাদানের নিঃসরণের কারণে চুলকানির সৃষ্টি হতে পারে। সেই সঙ্গে আরও দেখা দিতে পারে মানসিক অস্বস্তি, হতাশা ও মানসিক চাপ। ডা. চার্লস ব্যাখ্যা করেন, “বিবাহ বিচ্ছেদ, প্রিয়জনের মৃত্যু ইত্যাদি শোকাবহ মানসিক চাপের মধ্য দিয়ে যাচ্ছেন এমন ব্যক্তিকে অনেকসময় চুলকানির শিকার হতে দেখা যায়। আবার অতিরিক্ত তাপ বা গরমের কারণেও চুলকানি হয়।” স্নায়বিক চুলকানি: এই ঘটনা বিরল। এক্ষেত্রে ত্বকের কোনো সমস্যাই থাকে না। তবে মস্তিষ্ক এমন সাড়া দেয় যে নির্দিষ্ট কোনো স্থানে চুলকানো প্রয়োজন। মস্তিষ্কের কোনো সমস্যার কারণে এমনটা হতে পারে। শুষ্ক-রুক্ষ ত্বক: “ময়েশ্চারাইজারের অভাবে শুষ্ক ত্বকের চুলকানি দেখা দেয়”, বলেন ডা. চার্লস।আবার বিভিন্ন ব্যাকটেরিয়ার ও ছত্রাক সংক্রমণেও ত্বক চুলকায়।যেমন:* খোস-পাঁচড়া* আর্টিকেরিয়া* বয়স্কদের ত্বকের শুষ্কজনিত চুলকানি* সোরিয়াসিস আক্রান্ত স্থানে চুলকায়* ছত্রাক সংক্রমণ* উকুন* লাইকেন প্লানাস  সারা গায়ে বা শুধু নির্দিষ্ট স্থানে চুলকায়* অ্যাকজিমাচুলকানোর সময় সন্তুষ্টির কারণ: এমনটা হওয়ার প্রধান কারণ হল, যখন আপনি চুলকাচ্ছেন তখন ওই স্থানে প্রাথমিক যে অস্বস্তি অনুভব করছিলেন তা থেকে অন্যমনষ্ক হয়ে যান নতুন সংবেদনশীলতার কারণে।গ্রোসম্যান বলেন, “চুলকানোর সময় আপনি ত্বকের ভিন্ন ধরনের সংবেদনশীলতার সৃষ্টি করছেন। চুলকানোর মাত্রার উপর নির্ভর করবে ব্যথার মাত্রাও। আর সেটাই সাময়িক সময়ের জন্য প্রশান্তি দেয়। এই চুলকানোর কারণেই ওই স্থানে নতুন ক্ষত সৃষ্টি হয়, সংক্রমণ বাড়ে। আর এভাবেই যত বেশি চুলকানি ততই সংক্রমণ ছড়িয়ে পড়তে থাকে।”করণীয়: ডা. গ্রোসম্যান বলেন, “চুলকানি প্রধান নিরাময় হল তার কারণ দূর করা। শুষ্ক ত্বকের ক্ষেত্রে যেসব স্থানে বেশি চুলকানি হয় সেসব স্থানে সাবান ব্যবহার কমাতে হবে। সেই সঙ্গে ওই স্থানগুলোতে ময়েশ্চারাইজার ব্যবহার করতে হবে বেশি। পোকামাকড়ের কামড়ে চুলকানির ক্ষেত্রে সবার আগে পোকামাকড় দমন করতে হবে।তথ্য সূত্র:https://www.jugantor.com/todays-paper/features/stay-well/260491/%E0%A6%B8%E0%A6%AC-%E0%A6%9A%E0%A7%81%E0%A6%B2%E0%A6%95%E0%A6%BE%E0%A6%A8%E0%A6%BF%E0%A6%87-%E0%A6%95%E0%A6%BF-%E0%A6%9A%E0%A6%B0%E0%A7%8D%E0%A6%AE%E0%A6%B0%E0%A7%8B%E0%A6%97এরপরচিকিৎসকের পরামর্শ অনুযায়ী ‘১% হাইড্রোকর্টিসোন অ্যান্টি-ইচ ক্রিম’ কিংবা ‘ক্যালামাইন লোশন’ ব্যবহার করতে হবে। অ্যালার্জিজনীত চুলকানির ক্ষেত্রে চিকিৎসকের পরামর্শ নিয়ে ‘অ্যান্টিহিস্টামিন’ ধরনের ওষুধ সেবন করা যেতে পারে।"
p-385-a-24,আমাদের শরীর চুলকায় কেন ? এর পিছনে কি কোন অণুজীব দায়ী?,স্বাস্থ্য ও চিকিৎসা,4,+13,"1,611",https://www.sciencebee.com.bd/qna/8761/%E0%A6%86%E0%A6%AE%E0%A6%BE%E0%A6%A6%E0%A7%87%E0%A6%B0-%E0%A6%9A%E0%A7%81%E0%A6%B2%E0%A6%95%E0%A6%BE%E0%A7%9F,[],"মেহেদিআমাদের শরীর চুলকায় কেন?এর পিছনে কি কোনও অণুজীব দায়ী?স্ক্যাবিজ: স্ক্যাবিজ এক ধরনের চর্মরোগ, যা জীবাণু দ্বারা সংঘটিত হয়ে থাকে। এর প্রধান লক্ষণ হলো শরীরে চুলকানি হয় ও গুটি গুটি র‌্যাশ ওঠে। উপসর্গগুলো শরীরের বেশিরভাগ অংশে যেমন কব্জি, আঙুলের ভেতর বা কোমরের আশপাশে হতে পারে। রাতের বেলা এই রোগের তীব্রতা আরও বাড়ে। এই রোগ ছোঁয়াচে।সোরিয়াসিস :সোরিয়াসিস ত্বকের একটি প্রদাহজনিত রোগ। এই রোগের কারণেও চুলকানি হয়। নারী-পুরুষ নির্বিশেষে যেকোনো বয়সীরা এ রোগে আক্রান্ত হতে পারে। এটি সংক্রামকফাঙ্গাল ইনফেকশন: এটি হচ্ছে একটি সংক্রামক রোগ। আমাদের আবহাওয়ায় অনেক জীবাণু বসবাস করে, যা আমাদের নিঃশ্বাস-প্রশ্বাসের মধ্য দিয়ে ত্বকে প্রবেশ করে। সাধারণত শরীরের একটি নির্দিষ্ট অঙ্গ প্রথমে আক্রান্ত হয়। এর তৎক্ষণাৎ চিকিৎসা না করা হলে ক্রমশ শরীরের অন্য অংশে ছড়িয়ে পড়তে পারে। যাদের ইমিউন সিস্টেম দুর্বল তারা ঘন ঘন ফাঙ্গাল ইনফেকশনে আক্রান্ত হয়। স্যাঁতসেঁতে আবহাওয়া, তৈলাক্ত ত্বক, পানির সংস্পর্শে বেশিক্ষণ থাকা ইত্যাদি কারণে ফাঙ্গাল ইনফেকশন হয়। এর কারণে ত্বকে চুলকানি হয়, জ্বলুনি বা অস্বস্তি দেখা দেয়। ত্বকে ক্রমশ অস্বাভাবিক লাল আভা দেখা দেয়।লিভারে সমস্যা হলে :একটি অসুস্থ লিভার শরীরের সর্বত্র চুলকানির উদ্রেক করতে পারে। যেমন যখন শরীরে জন্ডিস দেখা যায় আর সঙ্গে চুলকানি হয়, তখন বুঝবেন লিভারের সমস্যার কারণেই এটা হচ্ছে।কিডনির সমস্যায় :কিডনি শরীর থেকে বর্জ্য পদার্থ ও অতিরিক্ত তরল বের করে খনিজ লবণের ভারসাম্য রক্ষা করে। যখন কিডনি রক্তের পুষ্টি উপাদান ও খনিজ লবণের ভারসাম্য রক্ষা করতে পারে না তখন ত্বক শুষ্ক ও ফেটে গিয়ে ত্বকে চুলকানি ও র‌্যাশ তৈরি করতে পারে।এগুলো ছাড়া আরও কিছু কারণে চুলকানি হতে পারে ।যেমন১ঃ ত্বক খুব শুষ্ক হলে, বিশেষ করে ত্বকের ময়েশ্চারাইজার কমে গেলে২ঃ রক্তশূন্যতা হলে২ঃডায়াবেটিস থাকলে৩ঃ হরমোনে সমস্যা থাকলে৪ঃ পানির কারণে চামড়ায় চুুলকানোর সময় বেশি বেশি হিস্টামিন নিঃসরিত হয়। ফলে আরও চুলকাতে ইচ্ছা করে। যাতে করে আরো সমস্যা হতে পারে। সুতরাং বেশি চুল্কানি থেকে বিরত থাকুন।"
p-385-a-25,আমাদের শরীর চুলকায় কেন ? এর পিছনে কি কোন অণুজীব দায়ী?,স্বাস্থ্য ও চিকিৎসা,4,+13,"1,611",https://www.sciencebee.com.bd/qna/8761/%E0%A6%86%E0%A6%AE%E0%A6%BE%E0%A6%A6%E0%A7%87%E0%A6%B0-%E0%A6%9A%E0%A7%81%E0%A6%B2%E0%A6%95%E0%A6%BE%E0%A7%9F,[],"Nishat Tasnimত্বকে থাকা স্নায়ুগ্রন্থি ‘প্রুরিসেপ্টরস’ হল চুলকানি প্রধান কারণ। এই গ্রন্থিগুলো উদ্বেলিত হলে চুলকানোর প্রবল ইচ্ছা দেখা দেয়। সেই সঙ্গে ভূমিকা রাখে শরীরের রোগ প্রতিরোধ ক্ষমতাও, নিঃসরণ করে ‘হিস্টামিনস’ নামক উপাদান যা চুলকানির অনুভূতির সুত্রপাত ঘটায়, জানান নিউ ইয়র্কের ত্বক বিশেষজ্ঞ মেলেনি গ্রোসম্যান। শরীরের ভেতরের অংশ আর বাহ্যিক পৃথিবীর মধ্যকার সুরক্ষা দেয়াল ত্বকে কোনো ধরনের প্রদাহ সৃষ্টি হওয়ার বিষয়টি আপনাকে জানানোর মাধ্যমটি হল এই চুলকানি।জৈব রাসায়নিক উপাদান থেকে চুলকানিঃ- ডা. গ্রোসম্যান বলেন, “অনেক সময় শরীরের অভ্যন্তরীন জৈব রাসায়নিক উপাদান চুলকানির কারণ হতে পারে। যেমন ‘ওপিওয়িডস’ ধরনের ওষুধের পার্শ্বপ্রতিক্রিয়া হিসেবে চুলকানি দেখা দেয়। যার কারণ হল ব্যথা আর চুলকানি এই দুটিতেই সাড়া দেয় এমন স্নায়ু। আবার বৃক্ক ও যকৃতের রোগে আক্রান্তদের মাঝেও চুলকানি দেখা দেয়, যার কারণ শরীরে অত্যধিক বিষাক্ত উপাদান।মনোস্তাত্ত্বিক চুলকানিঃ- ‘সেরোটনিন’ ও ‘নোরেপিনেফ্রিন’ নামক রাসায়নিক উপাদানের নিঃসরণের কারণে চুলকানির সৃষ্টি হতে পারে। সেই সঙ্গে আরও দেখা দিতে পারে মানসিক অস্বস্তি, হতাশা ও মানসিক চাপ।স্নায়বিক চুলকানিঃ- এই ঘটনা বিরল। এক্ষেত্রে ত্বকের কোনো সমস্যাই থাকে না। তবে মস্তিষ্ক এমন সাড়া দেয় যে নির্দিষ্ট কোনো স্থানে চুলকানো প্রয়োজন। মস্তিষ্কের কোনো সমস্যার কারণে এমনটা হতে পারে।"
p-385-a-26,আমাদের শরীর চুলকায় কেন ? এর পিছনে কি কোন অণুজীব দায়ী?,স্বাস্থ্য ও চিকিৎসা,4,+13,"1,611",https://www.sciencebee.com.bd/qna/8761/%E0%A6%86%E0%A6%AE%E0%A6%BE%E0%A6%A6%E0%A7%87%E0%A6%B0-%E0%A6%9A%E0%A7%81%E0%A6%B2%E0%A6%95%E0%A6%BE%E0%A7%9F,[],"ত্বকে থাকা স্নায়ুগ্রন্থি &lsquo;প্রুরিসেপ্টরস&rsquo; হল চুলকানি প্রধান কারণ। এই গ্রন্থিগুলো উদ্বেলিত হলে চুলকানোর প্রবল ইচ্ছা দেখা দেয়। সেই সঙ্গে ভূমিকা রাখে শরীরের রোগ প্রতিরোধ ক্ষমতাও, নিঃসরণ করে &lsquo;হিস্টামিনস&rsquo; নামক উপাদান যা চুলকানির অনুভূতির সুত্রপাত ঘটায়, জানান নিউ ইয়র্কের ত্বক বিশেষজ্ঞ মেলেনি গ্রোসম্যান। শরীরের ভেতরের অংশ আর বাহ্যিক পৃথিবীর মধ্যকার সুরক্ষা দেয়াল ত্বকে কোনো ধরনের প্রদাহ সৃষ্টি হওয়ার বিষয়টি আপনাকে জানানোর মাধ্যমটি হল এই চুলকানি।"
p-385-a-27,ব্রণে থুথু দেওয়া কতটা যৌক্তিক? (অনেকেই দিতে বলে),স্বাস্থ্য ও চিকিৎসা,4,+13,"2,271",https://www.sciencebee.com.bd/qna/8760/%E0%A6%AF%E0%A7%8C%E0%A6%95%E0%A7%8D%E0%A6%A4%E0%A6%BF%E0%A6%95-%E0%A6%85%E0%A6%A8%E0%A7%87%E0%A6%95%E0%A7%87%E0%A6%87,[],ব্রন জীবাণু ও ব্যাকটেরিয়ার সংক্রমণে হয়। মানুষের মুখের লালাতে থাকে লাইসোজাইম নামক জীবাণু নাশক এন্টি বডি। যা জীবাণুনাশক রূপে কাজ করে কাজ করে। তাই ব্রনতে থুতু দিলে ভালো কিন্তু অধিকাংশ ছেলে-মেয়ে থুতু দেয় না।
p-385-a-28,ব্রণে থুথু দেওয়া কতটা যৌক্তিক? (অনেকেই দিতে বলে),স্বাস্থ্য ও চিকিৎসা,4,+13,"2,271",https://www.sciencebee.com.bd/qna/8760/%E0%A6%AF%E0%A7%8C%E0%A6%95%E0%A7%8D%E0%A6%A4%E0%A6%BF%E0%A6%95-%E0%A6%85%E0%A6%A8%E0%A7%87%E0%A6%95%E0%A7%87%E0%A6%87,[],"আমি শুনেছিলাম নাকের পানি,থুথু নয়।"
p-385-a-29,ব্রণে থুথু দেওয়া কতটা যৌক্তিক? (অনেকেই দিতে বলে),স্বাস্থ্য ও চিকিৎসা,4,+13,"2,271",https://www.sciencebee.com.bd/qna/8760/%E0%A6%AF%E0%A7%8C%E0%A6%95%E0%A7%8D%E0%A6%A4%E0%A6%BF%E0%A6%95-%E0%A6%85%E0%A6%A8%E0%A7%87%E0%A6%95%E0%A7%87%E0%A6%87,[],ব্রণে থুতু দেওয়া ভালো কারণ এটা জীবাণুনাশক হিসেবে কাজ করে।
p-385-a-30,ব্রণে থুথু দেওয়া কতটা যৌক্তিক? (অনেকেই দিতে বলে),স্বাস্থ্য ও চিকিৎসা,4,+13,"2,271",https://www.sciencebee.com.bd/qna/8760/%E0%A6%AF%E0%A7%8C%E0%A6%95%E0%A7%8D%E0%A6%A4%E0%A6%BF%E0%A6%95-%E0%A6%85%E0%A6%A8%E0%A7%87%E0%A6%95%E0%A7%87%E0%A6%87,[],মানুষের মুখের লালাতে থাকে লাইসোজাইম নামক জীবাণু নাশক এন্টি বড়ি। যা জীবাণুনাশক রূপে কাজ করে কাজ করে। তাই ব্রনতে থুতু দিলে ভালো কিন্তু অধিকাংশ ছেলে-মেয়ে থুতু দেয় না।
p-385-a-31,চিকিৎসাশাস্ত্রের বিভিন্ন ধরনের প্রতীক কীভাবে আবিষ্কৃত হয়েছে?,মিথোলজি,1,+7,87,https://www.sciencebee.com.bd/qna/8758/%E0%A6%9A%E0%A6%BF%E0%A6%95%E0%A6%BF%E0%A7%8E%E0%A6%B8%E0%A6%BE%E0%A6%B6%E0%A6%BE%E0%A6%B8%E0%A7%8D%E0%A6%A4%E0%A7%8D%E0%A6%B0%E0%A7%87%E0%A6%B0,"['চিকিৎসাশাস্ত্র', 'প্রতীক', 'আবিষ্কার']",বিস্তারিতঃhttps://www.sciencebee.com.bd/daily-science/%e0%a6%9a%e0%a6%bf%e0%a6%95%e0%a6%bf%e0%a7%8e%e0%a6%b8%e0%a6%be%e0%a6%b6%e0%a6%be%e0%a6%b8%e0%a7%8d%e0%a6%a4%e0%a7%8d%e0%a6%b0%e0%a7%87-%e0%a6%aa%e0%a7%8d%e0%a6%b0%e0%a6%a4%e0%a7%80%e0%a6%95/?fbclid=IwAR1PZRcuXQYxTIPD74l2ZzuwbsfabZD7Yx-6NrrHenNFtub5pe3l6x9ejLU
p-385-a-32,আইকিউ কীভাবে যাচাই করা হয়?,আইকিউ,1,+8,206,https://www.sciencebee.com.bd/qna/8756/%E0%A6%86%E0%A6%87%E0%A6%95%E0%A6%BF%E0%A6%89-%E0%A6%95%E0%A7%80%E0%A6%AD%E0%A6%BE%E0%A6%AC%E0%A7%87,"['আইকিউ', 'যাচাই']",এখানে দেখুনঃhttps://blog.sciencebee.com.bd/%e0%a6%86%e0%a6%87%e0%a6%95%e0%a6%bf%e0%a6%89-iq%e0%a6%ae%e0%a7%87%e0%a6%a7%e0%a6%be-%e0%a6%af%e0%a6%be%e0%a6%9a%e0%a6%be%e0%a6%87%e0%a7%9f%e0%a7%87%e0%a6%b0-%e0%a6%89%e0%a6%aa%e0%a6%be%e0%a7%9f/
p-385-a-33,১০ থেকে ১৫ বছর বয়সী কেউ কি ইয়োগা করতে পারবে?,স্বাস্থ্য ও চিকিৎসা,1,+6,118,https://www.sciencebee.com.bd/qna/8754/%E0%A6%87%E0%A7%9F%E0%A7%8B%E0%A6%97%E0%A6%BE-%E0%A6%AA%E0%A6%BE%E0%A6%B0%E0%A6%AC%E0%A7%87,"['ইয়োগা', 'কম', 'বয়েসি']",Nishat Tasnim-জি। ৫/৬ বছর বয়স থেকে শুরু করে জীবনের শেষদিন পর্যন্ত যোগ ব্যায়াম অভ্যাস করা যায়। শুধু প্রয়োজন অনুযায়ী কয়েকটি আসন বেছে নিতে হবে। সব বয়সে সব রকম আসন করা যায় না। অল্পবয়সী ছেলে-মেয়েদের কোন আসন দুইবারের বেশি করা ঠিক নয়। ছেলেদের ১৪/১৫ বছর বয়সের পূর্বে আর মেয়েদের ঋতু প্রতিষ্ঠিত না হওয়া পর্যন্ত প্রাণায়াম ও মুদ্রা অভ্যাস করা উচিত নয়।
p-385-a-34,মানুষ প্রেমে পড়ে কেন?,মনোবিজ্ঞান,2,+9,182,https://www.sciencebee.com.bd/qna/8751/%E0%A6%AE%E0%A6%BE%E0%A6%A8%E0%A7%81%E0%A6%B7-%E0%A6%AA%E0%A7%8D%E0%A6%B0%E0%A7%87%E0%A6%AE%E0%A7%87,"['মানুষ', 'প্রেম']",এখানে দেখুনঃhttps://www.sciencebee.com.bd/daily-science/%E0%A6%AA%E0%A7%8D%E0%A6%B0%E0%A7%87%E0%A6%AE%E0%A6%AD%E0%A6%BE%E0%A6%B2%E0%A6%AC%E0%A6%BE%E0%A6%B8%E0%A6%BE-%E0%A6%86%E0%A6%B0-%E0%A6%95%E0%A6%BF%E0%A6%9B%E0%A7%81-%E0%A6%A8%E0%A6%BE%E0%A6%B9/?fbclid=IwAR3XjeU9CQYRS85eAi9hKlRYktqCwfTWCIQakLSQHWRS3iaNnLtrCVzKI8A
p-385-a-35,মানুষ প্রেমে পড়ে কেন?,মনোবিজ্ঞান,2,+9,182,https://www.sciencebee.com.bd/qna/8751/%E0%A6%AE%E0%A6%BE%E0%A6%A8%E0%A7%81%E0%A6%B7-%E0%A6%AA%E0%A7%8D%E0%A6%B0%E0%A7%87%E0%A6%AE%E0%A7%87,"['মানুষ', 'প্রেম']","Abu Sayed: মানুষ প্রেমে পরে তার জৈবিক কার্যক্রমের অংশহিসেবে। পুরোটাই হরমোন ঘটিত ব্যাপার। গবেষক দল বলছেন যে, কিসপেপটিন নামক আমাদের মস্তিষ্কের এক ধরণের হরমোন বিপরীত লিঙ্গের প্রতি আমাদের আকর্ষণের বিষয়টি নিয়ন্ত্রণ করে। যখন এই হরমোন নিসরিত হয় আমরা বিপরীত লিঙ্গের প্রতি আকর্ষণ অনুভব করি। আর একারণেই মানুষ প্রেমে পড়ে।                      source:quora"
p-385-a-36,ডিপ্রেশন থেকে মুক্তি পেতে কলার কোনো উপকার আছে কি?,মনোবিজ্ঞান,1,+6,148,https://www.sciencebee.com.bd/qna/8749/%E0%A6%A1%E0%A6%BF%E0%A6%AA%E0%A7%8D%E0%A6%B0%E0%A7%87%E0%A6%B6%E0%A6%A8-%E0%A6%AE%E0%A7%81%E0%A6%95%E0%A7%8D%E0%A6%A4%E0%A6%BF,"['ডিপ্রেশন', 'মুক্তি', 'কলা']","Nishat Tasnim-কলাতে থাকে ""ট্রিপ্টোফ্যান প্রোটিন""। এই প্রোটিন ""সিরোটোনিন"" হরমোনে পরিনত হয়। সিরোটোনিন হরমোনকে ""হরমোন অফ হ্যাপিনেস"" বলা হয়। শরীরে এই হরমোনের মাত্রা বাড়লে মুড ভালো থাকে এবং রিল্যাক্স বোধ হয়। ডিপ্রেশন হালকা হয়ে যায়। মনটা ফুরফুরে লাগে। এছাড়া কলার মধ্যে থাকা ভিটামিন বি ৬ শরীরে গ্লুকোজের সামঞ্জস্য বজায় রেখে মুড ঠিক রাখতে সাহায্য করে। তাই ডিপ্রেশনে পাশে রাখুন এক কাঁদি ফরমালিন মুক্ত কলা।এছাড়াও কলায় রয়েছে -ক্যাল‌সিয়াম, পটা‌সিয়াম, ফসফরাস, আয়রন, শর্করা,‌ ভিটা‌মিন ও আমিষ।• কলায় থাকা আয়রন হি‌মোগ্ল‌বিন তৈরী ক‌রে। ফ‌লে রক্ত শুন্যতা ক‌মে।• কলায় আছে সহ‌জে হজম যোগ্য শর্করা,যা শরী‌রে দ্রুত শ‌ক্তি সরবরাহ ক‌রে ক্লা‌ন্তি দুর ক‌রে।• হজ‌মে সাহায্য ক‌রে কলা।• এ্যা‌সি‌ডি‌টি বা গ্যা‌স্টিক আলসা‌রের রোগী‌দের জন্য কলা খুব উপকারী।• কলা যেমন কোষ্ঠকা‌ঠিন্য দুর ক‌রে তেম‌নি পাতলা পায়খানাও দুর ক‌রে।• বা‌তের ব্যথার জন্য কলা বেশ উপকারী।• কলার পটা‌সিয়াম উচ্চ রক্তচাপ নিয়ন্ত্র‌নে সাহায্য ক‌রে।• কলা স্ট্রো‌কের ঝু‌কি কমায়।• পাকা বী‌চি কলার বীজ কৃ‌মিনাশক।©সংগ্রহীত"
