id,question,question_category,number_of_answer,number_of_vote,number_of_view,answer_link,question_tag,answer
p-296-a-0,লিথাল জীন কী? লিথাল জীনের কারণে কী ঘটে?,জীববিজ্ঞান,1,+2,"1,305",https://www.sciencebee.com.bd/qna/12897/%E0%A6%B2%E0%A6%BF%E0%A6%A5%E0%A6%BE%E0%A6%B2-%E0%A6%B2%E0%A6%BF%E0%A6%A5%E0%A6%BE%E0%A6%B2,"['লিথাল', 'জিন']","কোন জিনের মিউটেশন ঘটার পর এটি থেকে সংশ্লেষিত প্রোটিন (এনজাইম) যদি নিষ্ক্রিয় হয়, ওই প্রোটিনের শারীরবৃত্তীয় গুরুত্ব যদি জীবনধারণের জন্য অপরিহার্য হয়, তবে হোমোজাইগাস অবস্থায় সংশ্লিষ্ট জীবের মৃত্যু ঘটে। যেসব জিন বা অ্যালিলের কারণে জীবের মৃত্যু ঘটে, তাদের মারণ জিন বা লিথাল জিন বলে।মারণ জিনের প্রভাবে মেডেলের মনোহাইব্রিড ক্রসের F2 জনুর ফিনোটাইপের অনুপাত ৩: ১-এর পরিবর্তে ২: ১ হয়।AJIJ"
p-296-a-1,ভিনেগারের মধ্যে ১দিন ডিম রেখে দিলে কী হবে এবং কী কারণে?,তত্ত্ব ও গবেষণা,1,+1,165,https://www.sciencebee.com.bd/qna/12894/%E0%A6%AD%E0%A6%BF%E0%A6%A8%E0%A7%87%E0%A6%97%E0%A6%BE%E0%A6%B0%E0%A7%87%E0%A6%B0-%E0%A6%AE%E0%A6%A7%E0%A7%8D%E0%A6%AF%E0%A7%87,"['ডিম', 'ভিনেগার']","ডিমের খোসায় ক্যালসিয়াম কার্বনেট থাকে। ফলে এটি শক্ত অনুভূব করি। ভিনেগারের মধ্যে ১দিন ডিম রেখে দিলে বুদ বুদ আকারে কার্বন-ডাই-অক্সাইড গ্যাস বের হবে। পাত্র থেকে ডিম বের করে আনলে দেখবো ডিমের খোসাটা নরম হয়ে গেছে। কারন খোসা ক্যালসিয়াম কার্বনেটের তৈরি আর ভিনেগার হল অ্যাসিটিক এসিড। অ্যাসিটিক এসিড, ক্যালসিয়াম কার্বনেটের সাথে বিক্রিয়া করে কার্বন-ডাই-অক্সাইড গ্যাস উৎপন্ন করে। ক্যালসিয়াম কার্বনেট না থাকার ফলে খোসাটা নরম অনুভূত হবে।বিক্রিয়াটা দেখানো হলোঃCaCO3(s) + 2CH3COOH (l)&rarr; Ca(CH3COO)2 (s) + H2O(l) + CO2(g)MOHI"
p-296-a-2,গরম পানিতে আলু দিলে নরম হয় আর ডিম দিলে শক্ত হয় কেন?,তত্ত্ব ও গবেষণা,3,+3,"2,143",https://www.sciencebee.com.bd/qna/12892/%E0%A6%AA%E0%A6%BE%E0%A6%A8%E0%A6%BF%E0%A6%A4%E0%A7%87-%E0%A6%A6%E0%A6%BF%E0%A6%B2%E0%A7%87,"['ডিম', 'সিদ্ধ', 'শক্ত', 'আলু']",আলুর ভেতরে প্রচুর পরিমাণে স্টার্চ বা কমপ্লেক্স কার্বোহাইড্রেট থাকে। কাঁচা আলুর মধ্যে এই স্টার্চ সন্নিবিষ্ট হয়ে থাকে।গরম জলে দেওয়ার জন্য এই স্টার্চ granules গুলি জল শুষে নিয়ে ফুলে ওঠে।আর তাই আলু নরম ও পাচ্য হয়ে যায়।আর ডিমের মধ্যে রয়েছে তরল প্রোটিন।এই প্রোটিন denaturation process এর মধ্যে দিয়ে শক্ত হয়ে যায়।এই অবস্থাতেই ডিম সহজ পাচ্য হয়।সংগৃহীত
p-296-a-3,গরম পানিতে আলু দিলে নরম হয় আর ডিম দিলে শক্ত হয় কেন?,তত্ত্ব ও গবেষণা,3,+3,"2,143",https://www.sciencebee.com.bd/qna/12892/%E0%A6%AA%E0%A6%BE%E0%A6%A8%E0%A6%BF%E0%A6%A4%E0%A7%87-%E0%A6%A6%E0%A6%BF%E0%A6%B2%E0%A7%87,"['ডিম', 'সিদ্ধ', 'শক্ত', 'আলু']","Sahid ahmed Tonmoy- ডিম সিদ্ধ করলে ডিমের অ্যালবুমিন প্রোটিনের কুন্ডলী আকৃতির প্যাঁচানো প্রোটিন অণুর আকৃতি পরিবর্তন হয়ে রৈখিক আকৃতি লাভ করে। একে প্রোটিনের ডিনেচারেশন বলে। ডিনেচারেশনের কারণে ডিম সিদ্ধ করলে শক্ত হয়ে যায়। অন্যদিকে আলুতে স্টার্চ থাকে, আমরা জানি স্টার্চ হাইড্রোফিলিক বা পানিগ্রাহী পদার্থ। তাই আলু সিদ্ধ করলে পানি শোষণ করে নরম হয়।প্রোটিন জাতীয় পদার্থে সবল এসিড, সবল ক্ষারক, কিছু অজৈব লবণ এবং তাপমাত্রার প্রভাবে প্রোটিনের কুন্ডলী আকৃতির প্যাঁচানো প্রোটিন অণুর আকৃতি পরিবর্তন হয়ে রৈখিক আকৃতি লাভ করে। একে প্রোটিনের ডিনেচারেশন বলে।"
p-296-a-4,গরম পানিতে আলু দিলে নরম হয় আর ডিম দিলে শক্ত হয় কেন?,তত্ত্ব ও গবেষণা,3,+3,"2,143",https://www.sciencebee.com.bd/qna/12892/%E0%A6%AA%E0%A6%BE%E0%A6%A8%E0%A6%BF%E0%A6%A4%E0%A7%87-%E0%A6%A6%E0%A6%BF%E0%A6%B2%E0%A7%87,"['ডিম', 'সিদ্ধ', 'শক্ত', 'আলু']",ডিমের মধ্যে রয়েছে মূলত প্রোটিন (অ্যামাইনো এসিডের জটিল বন্ধন)। ডিমকে তাপ দিলে denaturation process শুরু হয়। এতে করে ডিমের মধ্যে থাকা অ্যামাইনো এসিডের রাসায়নিক বন্ধনগুলো তাপ শোষণের মাধ্যমে আরো দৃঢ় এবং শক্তিশালী হয়। তাই ডিম সিদ্ধ করলে শক্ত হয়ে যায়।অন্যদিকে আলু হচ্ছে শর্করা। তাপ দিলে আলুতে বিদ্যমান সেলুলোজ বন্ধনগুলো দূর্বল হয়ে যায়। এবং যদি একে পানিতে সিদ্ধ দেওয়া হয় তাহলে এটি পানি শোষন করে একদিকে যেমন স্ফীত হয় অন্যদিকে বন্ধন ভাঙ্গার প্রক্রিয়া আরো ত্বরান্বিত করে। এতে করে আলু নরম হয়ে যায়।।
p-296-a-5,প্ল্যানচেটের মাধ্যমে আদৌ মৃত মানুষের আত্মা নামানো সম্ভব?,মিথোলজি,2,+2,788,https://www.sciencebee.com.bd/qna/12891/%E0%A6%AA%E0%A7%8D%E0%A6%B2%E0%A7%8D%E0%A6%AF%E0%A6%BE%E0%A6%A8%E0%A6%9A%E0%A7%87%E0%A6%9F%E0%A7%87%E0%A6%B0,"['প্ল্যানচেট', 'মৃত', 'মানুষ', 'আত্মা']","ভৌতিক গল্পে আত্মার সাথে যোগাযোগের নানা কৌশল আমরা শুনেছি। এর মধ্যে একটি হলোপ্ল্যানচেট। বর্তমানে প্ল্যানচেটে ব্যবহৃত হয় কাঠের তৈরি ওইজা বোর্ড বা স্পিরিট বোর্ড। এই বোর্ডে ইংরেজি বর্ণমালার A থেকে Z পর্যন্ত বর্ণ, ০-৯ পর্যন্ত সংখ্যা, YES, NO এবং Good Bye লিখা থাকে। বোর্ডটির সাথে কাঠের বা প্লাস্টিকের তৈরি হার্ট আকৃতির ছিদ্র করা বস্তু থাকে যাকে প্ল্যানচেট বলে। কিন্তু আমরা আত্না নামানোর সম্পূর্ণ কৌশলটিকে প্ল্যানচেট বলি। আর যারা পেশাগতভাবে আত্মা নামানোর কাজটি করে থাকেন তাদেরকে বলা হয় স্পিরিচুয়েলিস্ট বা মিডিয়াম।উদাহরণ দিয়ে প্ল্যানচেট প্রক্রিয়া বোঝা যাক:অন্বয় আত্মায় বিশ্বাস করে। সে তার মৃত বোন নিশাতের আত্মার সাথে যোগাযোগ করার জন্য বিখ্যাত স্পিরিচুয়েলিস্ট মবিন ও তার বন্ধুদের সাথে প্ল্যানচেটে বসে। প্রথমেই মবিন সবাইকে চোখ বন্ধ করে মনের যাবতীয় সকল চিন্তা বের করে দিতে বলে। তারপর সবাই একত্রে কাঠের বস্তুটির উপর হাত রেখে গোল হয়ে একটি টেবিলের চারপাশে বসে। তারপর মবিন ক্ষীণ স্বরে প্রশ্ন করে, ""এই ঘরে কি কোন আত্মা আছে?""কয়েক মিনিট পর প্ল্যানচেট এর কাঠের বস্তুটি ""YES"" লিখার উপর চলে যায়।এবার অন্বয় প্রশ্ন করে, ""তোমার নাম কি?""উত্তরে কাঠের বস্তুটি পর্যায়ক্রমে N, I, S, H, A, T অক্ষরগুলো নির্দেশ করে।অন্বয় উত্তেজিত হয়ে প্রশ্ন করে, ""তুমি কিভাবে মারা গেলে?""একইভাবে উত্তর আসে, ""ACCIDENT"".....অদ্ভুত বিষয়টি হচ্ছে আত্মার দেওয়া সব প্রশ্নের উত্তরই সঠিক ছিলো। কিন্তু কিভাবে?বৈজ্ঞানিক দৃষ্টিকোণ থেকে এই বিষয়টি মনস্তাত্ত্বিক, একে বলে ইডিওমোটর ইফেক্ট। অটোসাজেশন ক্ষমতার প্রভাবে মানুষের মস্তিষ্ক আদেশ-নির্দেশ গ্রহণ করে, এর প্রভাবে শরীরের অঙ্গ-প্রতঙ্গ স্থান পরিবর্তন করে। মূলত মানুষের অবচেতন মনের নির্দেশে হাতের পেশী অনৈচ্ছিকভাবে নড়াচড়া করে, এর ফলে ওইজা বোর্ডের বস্তুটি প্ল্যানচেটে করা প্রশ্নের উত্তর দেয়।আবার, প্ল্যানচেটে অনেক সময় আত্মা এসে জীবিত মানুষের শরীরে ভর করে এবং তার মাধ্যমে প্রশ্নের উত্তর দেয়৷ একে বলা হয় অটোম্যাটিজম। মোমবাতি জ্বালিয়ে, ধোঁয়া ও নিরিবিলি পরিবেশ সৃষ্টি করে যখন স্পিরিচুয়েলিস্টরা প্ল্যানচেটে বসেন, তারপর প্রথমেই তারা নিজের মনের যাবতীয় সব চিন্তা ঝেড়ে ফেলেন। ধীরে ধীরে তারা অবচেতন মনের গভীরে হারিয়ে যেতে থাকেন। এবং অবচেতন মনের প্রভাবে নিজের অজান্তেই আত্মা ভর করার অভিনয় করতে থাকেন। অর্থাৎ, বৈজ্ঞানিকভাবে প্ল্যানচেট অবচেতন মনের ক্রিয়া ছাড়া কিছুই নয়।লিখেছেন: নিশাত তাসনিম (সায়েন্স বী)"
p-296-a-6,প্ল্যানচেটের মাধ্যমে আদৌ মৃত মানুষের আত্মা নামানো সম্ভব?,মিথোলজি,2,+2,788,https://www.sciencebee.com.bd/qna/12891/%E0%A6%AA%E0%A7%8D%E0%A6%B2%E0%A7%8D%E0%A6%AF%E0%A6%BE%E0%A6%A8%E0%A6%9A%E0%A7%87%E0%A6%9F%E0%A7%87%E0%A6%B0,"['প্ল্যানচেট', 'মৃত', 'মানুষ', 'আত্মা']","আত্মা বলে কিছু নেই। কোনভাবে একজন মৃতকে ফিরিয়ে আনা সম্ভব নয়।সেটা হতে পারে, মনস্তাত্ত্বিক কোন কারসাজি।"
p-296-a-7,একইসঙ্গে দুই হাত দিয়ে লেখার ক্ষমতাকে কী বলে?,চিন্তা ও দক্ষতা,1,+2,256,https://www.sciencebee.com.bd/qna/12889/%E0%A6%8F%E0%A6%95%E0%A6%87%E0%A6%B8%E0%A6%99%E0%A7%8D%E0%A6%97%E0%A7%87-%E0%A6%95%E0%A7%8D%E0%A6%B7%E0%A6%AE%E0%A6%A4%E0%A6%BE%E0%A6%95%E0%A7%87,"['দুই-হাত', 'লেখা']","ডানহাত এবং বামহাত উভয়কে সমানভাবে ব্যবহার করার দক্ষতাকেঅ্যাম্বিডেক্সটারিটিবলে। যাদের এই দুহাত সমানভাবে ব্যবহারের ক্ষমতা আছে তাদেরকে বলা হয়ambidextrousবাambidextral। কেবলমাত্র ১% মানুষ প্রাকৃতিকভাবেই অ্যাম্বিডেক্সট্রাস। অর্থাৎ, প্রতি একশত জনের ভিতর মাত্র একজন অ্যাম্বিডেক্সট্রাস দেখা যায়।দুই হাত দিয়ে লিখতে পারা এই মানুষদের মস্তিষ্কে রয়েছে পার্থক্য। সাধারণত ৯৫% ডানহাতি এবং প্রায় ২০% বামহাতি মানুষের মস্তিষ্কের হেমিস্ফিয়ার অপ্রতিসম থাকে। কিন্তু সব অ্যাম্বিডেক্সট্রাস মানুষদের মস্তিষ্কের হেমিস্ফিয়ার প্রতিসম এবং তাদের হেমিস্ফিয়ার এর ভিতরের আন্তঃসংযোগ অনেক বেশি থাকে। এই  আন্তঃসংযোগ এর জন্য তাদের মেজাজ অনেক সময় খিটখিটে হয় এবং তারা অনেকটা আনাড়ি প্রকৃতির হন। ডানহাতি মানুষদের তুলনায় বামহাতি এবং  অ্যাম্বিডেক্সট্রাস মানুষদের মধ্যে সিজোফ্রেনিয়া ও অন্যান্য মানসিক রোগ এর প্রবণতা বেশি দেখা যায়।বামহাতি এবং  অ্যাম্বিডেক্সট্রাস মানুষদের মধ্যে ক্রোমোজোম-২ এ LRRTM1 জিন থাকে, যা সাধারণত ডানহাতি মানুষদের থাকেনা। তবে এই জিনটি দ্বীহাতি হওয়ার পিছনে ভূমিকা রাখে কিনা তা এখনো জানা যায়নি। বেশিরভাগ অ্যাম্বিডেক্সট্রাস মানুষরা সাধারণত আইকিউ টেস্টে কম স্কোর করেন। তাদের গণিতিক দক্ষতা এবং স্মৃতিশক্তি কম থাকে। অ্যাম্বিডেক্সট্রাস মানুষদের সাধারণত খেলাধুলা, সংগীত, শিল্পকলা এবং অন্যান্য ক্রিয়েটিভ কাজে বেশি আগ্রহ থাকে। কিন্তু এর ব্যতিক্রম হচ্ছেন লিওনার্দো দা ভিঞ্চি, অ্যালবার্ট আইনস্টাইন, নিকোলা টেসলা। নিকোলা টেসলা প্রথমে বামহাতি ছিলেন, তারপর তিনি অনুশীলন এর মাধ্যমে অ্যাম্বিডেক্সট্রাস হয়েছেন।অ্যাম্বিডেক্সট্রাস হওয়ার জন্য প্রথমে আপনার দৈনন্দিন কাজগুলো অন্য হাত দিয়ে করার চেষ্টা করতে হবে। অর্থাৎ আপনি যদি ডানহাতি হন তবে বামহাত দিয়ে কাজ করার চেষ্টা করতে হবে, আবার আপনি যদি বামহাতি হন তবে ডানহাত দিয়ে কাজ করতে চেষ্টা করতে হবে। তারপর ধীরে ধীরে অন্য হাত দিয়ে লিখার চেষ্টা করতে হবে। এক্ষেত্রে বাচ্চাদের হাত ঘুরিয়ে লিখা শেখার বইগুলো ব্যবহার করলে দ্রুত ফল পাওয়া যায়। সাধারণত ২-৩ মাসের ভিতর এভাবে দুই হাত দিয়ে লিখা শিখে ফেলা যায়। তবে অনেক গবেষণায় দেখা গেছে যে জোর করে অ্যাম্বিডেক্সট্রাস হওয়ার চেষ্টা করলে স্নায়বিক বিকাশ বাধাগ্রস্ত হয়।লিখেছেন: নিশাত তাসনিম (সায়েন্স বী)"
p-296-a-8,মৃত্যুর পরও মানুষের নখ ও চুল বৃদ্ধি পায়?,প্রাণিবিদ্যা,1,+1,225,https://www.sciencebee.com.bd/qna/12887/%E0%A6%AE%E0%A7%83%E0%A6%A4%E0%A7%8D%E0%A6%AF%E0%A7%81%E0%A6%B0-%E0%A6%AE%E0%A6%BE%E0%A6%A8%E0%A7%81%E0%A6%B7%E0%A7%87%E0%A6%B0,"['মৃত্যু', 'নখ', 'চুল']","মৃত্যু নিয়ে মানুষের মাঝে প্রচলিত আছে নানা কুসংস্কার ও গুজব। এর মধ্যে একটি হচ্ছে ""মৃত্যুর পর মানুষের নখ ও চুল বৃদ্ধি পায়৷"" এটি আসলে ভুল তথ্য।মৃত্যুর পর মানুষের দেহের একেকটি কোষ একেক সময়ে মারা যায়। হৃদস্পন্দন বন্ধের পর মস্তিষ্কে অক্সিজেন পরিবহন ধীরে ধীরে কমে আসে। গ্লুকোজের অভাবে স্নায়ুকোষ ৩ থেকে ৭ মিনিটের মধ্যে মারা যায়। মানুষের নখ প্রতিদিন গড়ে ০.১ মিমি করে বৃদ্ধি পায়। নখের গোড়ায় থাকে এক প্রকার টিস্যু, একে বলা হয় জার্মিনাল ম্যাট্রিক্স। গোড়ার দিকেই এই টিস্যু ক্রমাগত বিভাজনের জন্য মানুষের নখের দৈর্ঘ্য বৃদ্ধি পায়। মৃত্যুর পর মানুষের নখ বৃদ্ধির জন্য প্রয়োজন নতুন কোষ, গ্লুকোজ ছাড়া নতুন কোষ উৎপন্ন হওয়া সম্ভব নয়। তাই মৃত্যুর পর নখের বৃদ্ধি বন্ধ হয়ে যায়।মাথার চুলের ক্ষেত্রেও প্রায় একই ঘটনা ঘটে। মানুষের প্রতিটি চুলের গোড়ায় থাকে হেয়ার ফলিকল। ফলিকলের ভিত্তি হিসেবে থাকে হেয়ার ম্যাট্রিক্স বা কতগুলো কোষের সমষ্টি যাদের ক্রমাগত বিভাজনের ফলে চুল বৃদ্ধি পায়। এই কোষগুলো বিভাজনের জন্য প্রয়োজন শক্তির যা গ্লুকোজ থেকে উৎপন্ন হয়। আর গ্লুকোজের জন্য প্রয়োজন হয় অক্সিজেন। কিন্তু মৃত্যুর পর মানুষের হৃদস্পন্দন থেমে যায় এবং শরীরে রক্ত সরবরাহ বন্ধ হয়ে যায়। ফলে কোষের অক্সিজেন এর অভাবে গ্লুকোজ ও শক্তি কোনোটিই উৎপন্ন হয়না। তাই মৃত্যুর পর চুলের বৃদ্ধিও নখের মতো বন্ধ হয়ে যায়।কিন্তু মৃত্যুর পরও অনেক সময় দেখা যায় চুল ও নখ বৃদ্ধি পাচ্ছে। এর কারণ হচ্ছে মানুষ মারা যাওয়ার পর দেহের চামড়া ডিহাইড্রেট হওয়া শুরু হয়। দেহের আদ্রতা হারানোর ফলে নখের চারপাশের চামড়া ভিতরের দিকে গুটিয়ে যেতে থাকে। এর ফলে নখের আকার আগের চেয়ে বড় দেখায়। ঠিক একইভাবে আদ্রতার অভাবে মুখ ও মাথার চামড়া হাড়ের দিকে গুটিয়ে যাওয়ায় চুলের দৈর্ঘ্য বেশি মনে হয়।ক্রেডিট: সায়েন্স বী"
p-296-a-9,রোদ বৃষ্টি একসাথে হলে কী শিয়ালের বিয়ে হয়?,মিথোলজি,2,+2,"1,778",https://www.sciencebee.com.bd/qna/12885/%E0%A6%AC%E0%A7%83%E0%A6%B7%E0%A7%8D%E0%A6%9F%E0%A6%BF-%E0%A6%B6%E0%A6%BF%E0%A7%9F%E0%A6%BE%E0%A6%B2%E0%A7%87%E0%A6%B0,"['রোদ', 'বৃষ্টি', 'শিয়াল', 'বিয়ে']","গ্রামবাংলায় প্রচলিত একটি শ্রুতি হচ্ছে, ""রোদ বৃষ্টি একসাথে হলে শেয়ালের বিয়ে হয়।"" বাস্তবে রোদ বৃষ্টি একসাথে হওয়ার সাথে শেয়ালের বিয়ের কোন সম্পর্ক নেই। চলুন বিস্তারিত আলোচনা করা যাক।রোদ আর বৃষ্টি একসাথে হওয়াকে বলে sunshower বা সৌর ঝরনা। এটি এক ধরনের আবহাওয়া সংক্রান্ত ঘটনা। কোনো স্থানে এই ঘটনা হওয়া মানে সেই স্থান থেকে মাইলখানেক দূরে ঝড়-বৃষ্টি হচ্ছে। বৃষ্টির কণাগুলোর বেগ বাতাসের বেগের চেয়ে কম হওয়ায় প্রবল বাতাসের সাথে সাথে বৃষ্টি এমন একটি অঞ্চলে প্রবাহিত হয় যেখানে কোনো মেঘ নেই। এর ফলে রোদ বৃষ্টি একসাথে হতে পারে। আবার অনেক সময় সৌর ঝরনা হয় যখন আকাশে খন্ড খন্ড মেঘ থাকে। তখন সূর্য এই খন্ড খন্ড মেঘের মাঝে দিয়েও তীর্যকভাবে আলো দিতে পারে, যার ফলে আমরা মেঘ ও বৃষ্টি একসাথে দেখতে পারি।অর্থাৎ, Sunshower বা সৌর ঝরনা হয় মূলত বায়ুমন্ডলে টুকরো টুকরো মেঘের উপস্থিতির জন্য। এই টুকরো মেঘ কয়েকটি ভিন্ন কারণে দেখা দিতে পারে। আমাদের চারপাশের বায়ুমণ্ডলটি যখন অস্থিতিশীল থাকে তখন এই ধরনের খন্ড খন্ড মেঘ দেখবেন। এটা সাধারণত বসন্ত এবং গ্রীষ্মের সময় বেশি হয়। এর কারণ হচ্ছে বসন্ত এবং গ্রীষ্মের সময় বায়ুমণ্ডলের আদ্রতা ও তাপমাত্রার তারতম্য। বুঝেন নি তাই তো? সহজভাবে বলা যাক,তাপমাত্রার ভিন্নতার জন্য বায়ুমণ্ডলের কিছু স্থানের মেঘ জমতে থাকে আবার কিছু স্থানে মেঘ জমতে পারেনা। এই সময় বায়ু উল্লম্বভাবে চলে এবং যে অংশের তাপমাত্রা বেশি এবং আদ্রতা কম সেই স্থানের বায়ুমণ্ডলে জলীয় বাষ্প ঘনীভূত হয়ে মেঘের সৃষ্টি করে। এই প্রক্রিয়াকে বলে ঘণীভবন বা Condensation। আবার যে স্থানে বায়ুর আদ্রতা বেশি এবং তাপমাত্রা কম সেই স্থানে মেঘ জমতে পারেনা। এর ফলে বায়ুমণ্ডলে কিছু কিছু স্থানে মেঘ থাকেনা, রোদ ও বৃষ্টি দেখা যায় একসাথে।তবে সূর্য যখন একদম মাথার উপর থাকে তখন এই ঘটনা দেখা যায়না। এই ঘটনা দেখা যেতে পারে মধ্যাহ্নের দিকে যখন সূর্য দিগন্তে কম আলো দেয়। এই সময় সূর্যের অবস্থানের জন্য মেঘের ফাঁকে দিয়েও সূর্যের আলো দেখা যায়। সৌর-ঝরনা এর ফলে অনেক সময় আবার আকাশে রংধনুও দেখা দিতে পারে। রোদ ও বৃষ্টি একসাথে হওয়ার এই ঘটনা নিয়ে অনেক মিথ প্রচলিত আছে। যেমন: আমাদের দেশে প্রচলিত মিথ হচ্ছে রোদ বৃষ্টি একসাথে হলে শেয়ালের বিয়ে হয়। অনেক জায়গায় বলা হয় যে হায়না বাচ্চা জন্ম দিলে বা স্বর্গে ফুটা হয়ে গেলে এমন ঘটনা দেখা যায়। সবচেয়ে মজার মিথ হলো, রোদ বৃষ্টি একসাথে হওয়া মানে শয়তান তার স্ত্রীকে মারছে। তবে এই মিথগুলোর কোনো ভিত্তি নেই।লিখেছেন: নিশাত তাসনিম (সায়েন্স বী)"
p-296-a-10,রোদ বৃষ্টি একসাথে হলে কী শিয়ালের বিয়ে হয়?,মিথোলজি,2,+2,"1,778",https://www.sciencebee.com.bd/qna/12885/%E0%A6%AC%E0%A7%83%E0%A6%B7%E0%A7%8D%E0%A6%9F%E0%A6%BF-%E0%A6%B6%E0%A6%BF%E0%A7%9F%E0%A6%BE%E0%A6%B2%E0%A7%87%E0%A6%B0,"['রোদ', 'বৃষ্টি', 'শিয়াল', 'বিয়ে']","শিয়ালদের বিয়ের সময় রোদ ওঠে আর বৃষ্টি পড়ে। এই নিয়ে আকিরা কুরোসওয়ার বিখ্যাত শর্ট ফিল্ম অছে। কিন্তু কেন শিয়ালদের বিয়েতে রোদে রোদে বৃষ্টি হয়? এর ইতিহাস নাকি অনেক পুরোনো। নানা পুঁথি ঘেঁটে যা জানা গিয়েছে তা হল এই। বহু বছর আগের কথা। তখন নাকি মানুষ পশু পাখির মতো গাছেরাও হেঁটে চলে বেড়াত।যাই হোক ঘটনাটা বলা যাক। দুপুর বেলা। বেশ রোদ। কেউ কোথাও নেই। একা একা একটা আঙুর গাছ ছাতা মাথায় দি্য়ে  হেলে দুলে পথ দিয়ে হেঁটে হেঁটে টিফিন করতে যাচ্ছিল। যেতে যেতে গুন গুন করে গানও গাইছিল গাছটা। এমন সময় রাস্তার ধারের ঝোপ থেকে একটা শিয়াল বেরিয়ে রাস্তা পার হতে গিয়ে আঙুর গাছকে দেখেই সাঁ করে ফের ঝোপের ভিতরে ঢুকে পালিয়ে যাওয়ার চেষ্টা করল। কিন্তু পারল না। আঙুর গাছটা শিয়ালটাকে দেখেই গাছের ডাল দিয়ে পা জড়িয়ে কাছে টেনে নিয়ে খপ করে ঘাড় চেপে ধরল। আর শিয়ালটা ধরা পড়ে, ছেড়ে দাও ছেড়ে দাও, আমি নয়, আমি নয়, ওটা অন্য শিয়াল বলে চেঁচাতে লাগল। কিন্তু কে শোনে কার কথা। চোখ কট মট করে গাছটা শিয়ালকে চুপ, একটাও কথা নয় বলে এক ধমক লাগাল। চিরকাল আঙুর ফল টক বলে বলে আমার নাম খারাপ করে দিয়েছিস তুই। সেই কবে থেকে মানুষ আমাদের ফল তুলে কথা শোনায়! বহু দিন ধরে তোকে খুঁজছি। আজ তোকে দেখে নেব আমি! ধমক খেয়ে শিয়ালটা কেমন আমতা আমতা করে বলল, আজ নয়, আজ নয়, আজ আমাকে কিছু বোলো না। আজ আমার বিয়ে। এখন আমি টোপোর কিনতে যাচ্ছি। এই শুনে আঙুর গাছটা মুচকি হেসে বলল, যা ভাগ! তবে আমিও অভিশাপ দিলাম, এখন থেকে চিরকাল তোদের বিয়েতে রোদের মধ্যেই বৃষ্টি হবে। সেই থেকে লোকে বলে এসেছে, রোদে রোদে বৃষ্টি হয়, খ্যাঁক শিয়ালের বিয়ে হয়।"
p-296-a-11,রোদ বৃষ্টি একসাথে হয় কেন?,পরিবেশ,2,+1,715,https://www.sciencebee.com.bd/qna/12883/%E0%A6%AC%E0%A7%83%E0%A6%B7%E0%A7%8D%E0%A6%9F%E0%A6%BF-%E0%A6%8F%E0%A6%95%E0%A6%B8%E0%A6%BE%E0%A6%A5%E0%A7%87,"['রোদ', 'বৃষ্টি']","রোদ আর বৃষ্টি একসাথে হওয়াকে বলে sunshower বা সৌর ঝরনা।এটি এক ধরনের আবহাওয়া সংক্রান্ত ঘটনা। কোনো স্থানে এই ঘটনা হওয়া মানে সেই স্থান থেকে মাইলখানেক দূরে ঝড়-বৃষ্টি হচ্ছে। বৃষ্টির কণাগুলোর বেগ বাতাসের বেগের চেয়ে কম হওয়ায় প্রবল বাতাসের সাথে সাথে বৃষ্টি এমন একটি অঞ্চলে প্রবাহিত হয় যেখানে কোনো মেঘ নেই। এর ফলে রোদ বৃষ্টি একসাথে হতে পারে। আবার অনেক সময় সৌর ঝরনা হয় যখন আকাশে খন্ড খন্ড মেঘ থাকে। তখন সূর্য এই খন্ড খন্ড মেঘের মাঝে দিয়েও তীর্যকভাবে আলো দিতে পারে, যার ফলে আমরা মেঘ ও বৃষ্টি একসাথে দেখতে পারি।অর্থাৎ, Sunshower বা সৌর ঝরনা হয় মূলত বায়ুমন্ডলে টুকরো টুকরো মেঘের উপস্থিতির জন্য। এই টুকরো মেঘ কয়েকটি ভিন্ন কারণে দেখা দিতে পারে। আমাদের চারপাশের বায়ুমণ্ডলটি যখন অস্থিতিশীল থাকে তখন এই ধরনের খন্ড খন্ড মেঘ দেখবেন। এটা সাধারণত বসন্ত এবং গ্রীষ্মের সময় বেশি হয়। এর কারণ হচ্ছে বসন্ত এবং গ্রীষ্মের সময় বায়ুমণ্ডলের আদ্রতা ও তাপমাত্রার তারতম্য। বুঝেন নি তাই তো? সহজভাবে বলা যাক,তাপমাত্রার ভিন্নতার জন্য বায়ুমণ্ডলের কিছু স্থানের মেঘ জমতে থাকে আবার কিছু স্থানে মেঘ জমতে পারেনা। এই সময় বায়ু উল্লম্বভাবে চলে এবং যে অংশের তাপমাত্রা বেশি এবং আদ্রতা কম সেই স্থানের বায়ুমণ্ডলে জলীয় বাষ্প ঘনীভূত হয়ে মেঘের সৃষ্টি করে। এই প্রক্রিয়াকে বলে ঘণীভবন বা Condensation। আবার যে স্থানে বায়ুর আদ্রতা বেশি এবং তাপমাত্রা কম সেই স্থানে মেঘ জমতে পারেনা। এর ফলে বায়ুমণ্ডলে কিছু কিছু স্থানে মেঘ থাকেনা, রোদ ও বৃষ্টি দেখা যায় একসাথে।তবে সূর্য যখন একদম মাথার উপর থাকে তখন এই ঘটনা দেখা যায়না। এই ঘটনা দেখা যেতে পারে মধ্যাহ্নের দিকে যখন সূর্য দিগন্তে কম আলো দেয়। এই সময় সূর্যের অবস্থানের জন্য মেঘের ফাঁকে দিয়েও সূর্যের আলো দেখা যায়। সৌর-ঝরনা এর ফলে অনেক সময় আবার আকাশে রংধনুও দেখা দিতে পারে।লিখেছেন: নিশাত তাসনিম (সায়েন্স বী)"
p-296-a-12,রোদ বৃষ্টি একসাথে হয় কেন?,পরিবেশ,2,+1,715,https://www.sciencebee.com.bd/qna/12883/%E0%A6%AC%E0%A7%83%E0%A6%B7%E0%A7%8D%E0%A6%9F%E0%A6%BF-%E0%A6%8F%E0%A6%95%E0%A6%B8%E0%A6%BE%E0%A6%A5%E0%A7%87,"['রোদ', 'বৃষ্টি']","শিয়ালদের বিয়ের সময় রোদ ওঠে আর বৃষ্টি পড়ে। এই নিয়ে আকিরা কুরোসওয়ার বিখ্যাত শর্ট ফিল্ম অছে। কিন্তু কেন শিয়ালদের বিয়েতে রোদে রোদে বৃষ্টি হয়? এর ইতিহাস নাকি অনেক পুরোনো। নানা পুঁথি ঘেঁটে যা জানা গিয়েছে তা হল এই। বহু বছর আগের কথা। তখন নাকি মানুষ পশু পাখির মতো গাছেরাও হেঁটে চলে বেড়াত।যাই হোক ঘটনাটা বলা যাক। দুপুর বেলা। বেশ রোদ। কেউ কোথাও নেই। একা একা একটা আঙুর গাছ ছাতা মাথায় দি্য়ে  হেলে দুলে পথ দিয়ে হেঁটে হেঁটে টিফিন করতে যাচ্ছিল। যেতে যেতে গুন গুন করে গানও গাইছিল গাছটা। এমন সময় রাস্তার ধারের ঝোপ থেকে একটা শিয়াল বেরিয়ে রাস্তা পার হতে গিয়ে আঙুর গাছকে দেখেই সাঁ করে ফের ঝোপের ভিতরে ঢুকে পালিয়ে যাওয়ার চেষ্টা করল। কিন্তু পারল না। আঙুর গাছটা শিয়ালটাকে দেখেই গাছের ডাল দিয়ে পা জড়িয়ে কাছে টেনে নিয়ে খপ করে ঘাড় চেপে ধরল। আর শিয়ালটা ধরা পড়ে, ছেড়ে দাও ছেড়ে দাও, আমি নয়, আমি নয়, ওটা অন্য শিয়াল বলে চেঁচাতে লাগল। কিন্তু কে শোনে কার কথা। চোখ কট মট করে গাছটা শিয়ালকে চুপ, একটাও কথা নয় বলে এক ধমক লাগাল। চিরকাল আঙুর ফল টক বলে বলে আমার নাম খারাপ করে দিয়েছিস তুই। সেই কবে থেকে মানুষ আমাদের ফল তুলে কথা শোনায়! বহু দিন ধরে তোকে খুঁজছি। আজ তোকে দেখে নেব আমি! ধমক খেয়ে শিয়ালটা কেমন আমতা আমতা করে বলল, আজ নয়, আজ নয়, আজ আমাকে কিছু বোলো না। আজ আমার বিয়ে। এখন আমি টোপোর কিনতে যাচ্ছি। এই শুনে আঙুর গাছটা মুচকি হেসে বলল, যা ভাগ! তবে আমিও অভিশাপ দিলাম, এখন থেকে চিরকাল তোদের বিয়েতে রোদের মধ্যেই বৃষ্টি হবে। সেই থেকে লোকে বলে এসেছে, রোদে রোদে বৃষ্টি হয়, খ্যাঁক শিয়ালের বিয়ে হয়।"
p-296-a-13,গুগল আমার সম্পর্কে কী কী জানে?,বিবিধ,2,+3,201,https://www.sciencebee.com.bd/qna/12881/%E0%A6%97%E0%A7%81%E0%A6%97%E0%A6%B2-%E0%A6%B8%E0%A6%AE%E0%A7%8D%E0%A6%AA%E0%A6%B0%E0%A7%8D%E0%A6%95%E0%A7%87,"['গুগল', 'জানা']","আপনি কি কি ব্রাউজ করেন, সেটা গুগলে থেকে যায়, যেটাকে বলা হয় ব্রাউজিং হিস্টরি। আপনি ইন্টারনেটের ব্রাউজিং হিস্টরি মুছে দিলেও কিন্তু গুগলের রেকর্ডে সেটা থেকেই যাবে। আপনি যতোই ক্রোমের হিস্টরি থেকে “Till the beginning of time” হিস্টরি মুছেন, গুগল কিন্তু তার কাজ ঠিকই চালিয়ে যাবে। এটা বন্ধ করতে হলে এই কাজটি করুন…আপনার গুগল অ্যাকাউন্টটি খুলুন।অ্যাকাউন্ট এর সেটিংস এ যান।অ্যাকাউন্টস অ্যান্ড প্রাইভেসি তে ক্লিক করুন।গুগল অ্যাকাউন্টস হিস্টরি তে ক্লিক করুন।দেখুন ওয়েব অ্যান্ড অ্যাপ অ্যাক্টিভিটি লেখা আছে, ওটাতে ক্লিক করে, পজ করে দিন।কনফারমেশন প্রম্পট আসলে ইয়েস ক্লিক করুন। ব্যাস, হয়ে গেল কাজ!এখান থেকেই ইউটিউব সার্চ এবং ওয়াচ হিস্টরি টাও বন্ধ করে দিতে পারেন।আপনার নাম, ঠিকানা, ডি এন এস অ্যাড্রেস, নেটওয়ার্ক লোকেশন, সব গুগল কপি করে রাখে। গুগলের লোকেশন হিস্টরি টা ডিঅ্যাক্টিভ করে দিন। দরকার না থাকলে জিপিএস বন্ধ রাখুন।গুগল সবসময় লক্ষ্য রাখে আপনি ইন্টারনেটে কি করছেন। কোন সাইটে যাচ্ছেন, কি কেনাকাটা করছেন, ইত্যাদি। তার উপরে ভিত্তি করে গুগল আপনার জন্য Predictive Analytics এর সাহায্যে একটি কাস্টোমাইজড সার্চ ডেটাবেজ তৈরি করে ফেলে। তারপর আপনি যখনই কোনকিছু সার্চ করবেন, দেখবেন গুগল আপনার পছন্দের জিনিসগুলোকে সার্চ রেজাল্টের প্রথমদিকে রেখেছে। এবং যত দিন যাবে, এই ডেটাবেজটি ততই উপযোগী হবে। তখন আমরা বলতে পারি যে গুগল আমাদের কিছুটা হলেও বুঝে ফেলেছে। এজন্যেই দেখবেন যে, আপনার এবং আপনার বন্ধুর গুগলে একই জিনিস সার্চ করলে হয়ত সার্চ রেজাল্ট একটু হলেও ভিন্ন আসবে। মানুষ যেমনই হোক না কেন, দুটো মানুষের সব রকমের পছন্দের জিনিসগুলো একই হয় না।গুগল ক্রোমে দেখবেন, অটোফিল ফর্ম, অটোফিল পাসওয়ার্ড নামক দুটো জিনিস আছে। একটা ফর্ম ফিলাপ করে, আর একটা পাসওয়ার্ড সেভ করে রাখে যাতে আপনার বারবার একটা সাইটে লগিন করতে পাসওয়ার্ড লিখতে না হয়। অনেকেই পাসওয়ার্ড মনে রাখতে পারেন না (আমার মা বাবার মতন), অনেকেই বারবার একই জিনিস লিখতে চান না। তাদের জন্যেই এই সুবিধা। ক্রোম বলছি কারন এটা গুগলের তৈরি এবং আমার জানামতে এটিই বহুল ব্যবহৃত ইন্টারনেট ব্রাউজার। নিজের কম্পিউটার বা ল্যাপ্টপ ছাড়া কখনই একটি পাব্লিক কম্পিউটারে নিজের গুগল অ্যাকাউন্ট দিয়ে লগিন করবেন না। আপনার নিজের কম্পিউটার কেউ হ্যাক করবে না, যদি সেখানে পাওয়ার মতন তেমন কোন হীরা জহরত না থাকে। কিন্তু একটি পাব্লিক ডোমেইন এর সার্ভারটা যদি হ্যাক হয়, তাহলে তার সাথে কানেক্টেড সবকিছুই হ্যাকিং এর আওতায় পরে। এই প্যারাগ্রাফের লেখাটা প্রশ্নটির উত্তরের সাথে খাপ খায় কি না জানি না, তবে গুগল যদি আমাদের ব্যাপারে এতোকিছুই জেনে ফেলে, তাহলে আমাদেরও একটু সচেতন হওয়া উচিৎ।আর একটা ব্যাপার বলছি। আমরা যখন অনলাইনে কেনাকাটা করি, তখন আমাদের ব্যাঙ্ক, অথবা ডেবিট বা ক্রেডিট কার্ডের ইনফরমেশন কিন্তু সেভ হয়ে যায়। অনেকেই সেভ করি না, কিন্তু অনেকেই এটা করি, কারন আমরা কেউই সংখ্যা নিয়ে ঘাটাঘাটি বা একটা সংখ্যা মনে রাখারও প্রয়োজন মনে করি না। তাতে হয় কি, আমাদের সুবিধার্থে আমরা ওই রকম একটা সেন্সিটিভ তথ্যও ক্রোমে সেভ করে রাখি। পাব্লিক ডোমেইনএ গুগল অ্যাকাউন্টে লগিন করলে, কদিন পরে যদি দেখেন ব্যাঙ্ক অ্যাকাউন্ট হ্যাক হয়েছে, অবাক হবেন না।এসব জমানো তথ্যের অনেককিছুই দেখবেন ইয়েলোপেজ, এবং এমন অনেক অন্যান্য পেজ এ চলে গেছে। এভাবেই একটা মানুষের অনেককিছুই ইন্টারনেটে যাচ্ছে। একটু সজাগ না থাকলে ভয়াবহ বিপদে পড়তে কিন্তু বেশি সময় লাগবে না।anon"
p-296-a-14,গুগল আমার সম্পর্কে কী কী জানে?,বিবিধ,2,+3,201,https://www.sciencebee.com.bd/qna/12881/%E0%A6%97%E0%A7%81%E0%A6%97%E0%A6%B2-%E0%A6%B8%E0%A6%AE%E0%A7%8D%E0%A6%AA%E0%A6%B0%E0%A7%8D%E0%A6%95%E0%A7%87,"['গুগল', 'জানা']","যদি ম্যাক ওএস হয়, তাহলে সাফারি একটা চমৎকার বিকল্প। গুগল ক্রোম সাফারির ইন্জিন(ওয়েবকিট) দিয়ে কাজ চালিয়েছে ২৭ টা সংস্করণ পর্যন্ত। অ্যান্ড্রয়েড ব্যবহারকারী হলে ফায়ারফক্স, আইওএস হলে সাফারি ব্যবহার করতে পারেন।গুগল শুধু আপনার বিষয়ে সব জানে তা'ই নয়, তারা এই তথ্য বিজ্ঞাপনদাতাদের দিয়ে থাকে। একারণেই আপনার সার্চ হিস্টরির সাথে সম্পৃক্ত বিজ্ঞাপন দেখতে পান আপনি প্রায়ই। কিন্তু চিন্তার কিছু নেই - বিজ্ঞাপনদাতাদের কাছে কি তথ্য যাচ্ছে তা আপনি জানতে পারেন। ... তবে একেবারেই কোনো বিজ্ঞাপন না দেখার অপশন নেই।"
p-296-a-15,গাড়ির নাম্বার প্লেট ও প্লেটের বর্ণমালার অর্থ কী?,তত্ত্ব ও গবেষণা,1,+2,349,https://www.sciencebee.com.bd/qna/12879/%E0%A6%A8%E0%A6%BE%E0%A6%AE%E0%A7%8D%E0%A6%AC%E0%A6%BE%E0%A6%B0-%E0%A6%AC%E0%A6%B0%E0%A7%8D%E0%A6%A3%E0%A6%AE%E0%A6%BE%E0%A6%B2%E0%A6%BE%E0%A6%B0,"['গাড়ি', 'নাম্বার', 'প্লেট']","গাড়ির নাম্বার প্লেট- আমরা হয়তো অনেকেই জানি না যে, বাইক বা গাড়ির নাম্বার প্লেটের ক, খ, হ, ল ইত্যাদি অক্ষরগুলো কি অর্থে ব্যবহৃত হয়। BRTA-এর অনুমোদিত সকল যানবাহনে নাম্বারপ্লেট ব্যবহারের নিয়ম চালু হয় ১৯৭৩ সালে। আসলে এই নাম্বার প্লেট কি অর্থ বহন করে? নাম্বারপ্লেট অনেক মজার তথ্য বহন করে, যা আমাদের অনেকেরই ধারনা নেই। বাংলাদেশের যানবাহনগুলোর নাম্বারপ্লেটের ফরম্যাট হচ্ছে- ‘শহরের নাম-গাড়ির ক্যাটাগরি ক্রম এবং গাড়ির নাম্বার’।যেমন, ‘ঢাকা মেট্রো য-১১২৫৯৯। এখানে, ‘ঢাকা মেট্রো’ দ্বারা বোঝানো হয়েছে গাড়িটি ঢাকা মেট্রোপলিটন এলাকার আওতাধীন। ‘য’ হচ্ছে শুধুমাত্র প্রধানমন্ত্রীর কার্যালয়ের গাড়ির চিহ্নকারী বর্ণ। অর্থাৎ প্রধানমন্ত্রীর কার্যালয়ের আওতাধীন সব গাড়ি ‘য’ বর্ণ দ্বারা চিহ্নিত করা হবে। পরবর্তী ‘১১’ হচ্ছে গাড়িটির রেজিস্ট্রেশন নাম্বার এবং ‘২৫৯৯’ হচ্ছে গাড়ির সিরিয়াল নাম্বার।সাধারণত বাংলা বর্নমালার ‘অ, ই, উ, এ, ক, খ, গ, ঘ, ঙ, চ, ছ, জ, ঝ, ত, থ, ঢ, ড, ট, ঠ, দ, ধ, ন, প, ফ, ব, ভ, ম, য, র, ল, শ, স, হ অক্ষরগুলো ব্যবহার করা হয়। উপরের প্রতিটি বর্ণ আলাদা আলাদা গাড়ির পরিচয় বহন করে।চলুন জেনে নিই এগুলো দ্বারা কী বুঝায়ঃ–ক – ৮০০ সিসি প্রাইভেটকারখ – ১০০০-১৩০০ সিসি প্রাইভেটকারগ – ১৫০০-১৮০০ সিসি প্রাইভেটকারঘ – জীপগাড়ি চ – মাইক্রোবাসছ – মাইক্রোবাস / লেগুনা (ভাড়ায় চালিত)জ – বাস (মিনি)ঝ – বাস (কোস্টার)ট – ট্রাক (বড়)ঠ – ডাবল কেবিন পিকআপড – ট্রাক (মাঝারী)ন – পিকআপ (ছোট)প – ট্যাক্যি ক্যাব ভ – ২০০০+ সিসি প্রাইভেটকারম – পিকআপ (ডেলিভারী)দ – সি এন জি (প্রাইভেট)থ – সি এন জি (ভাড়ায় চালিত)হ – ৮০-১২৫ সিসি মোটরবাইকল – ১৩৫-২০০ সিসি মোটরবাইকই – ট্রাক (ভটভটি)Mahfuj"
p-296-a-16,প্যারালাল ইউনিভার্স বা সমান্তরাল ব্রহ্মাণ্ড কাকে বলে?,পদার্থবিজ্ঞান,1,+3,184,https://www.sciencebee.com.bd/qna/12876/%E0%A6%AC%E0%A7%8D%E0%A6%B0%E0%A6%B9%E0%A7%8D%E0%A6%AE%E0%A6%BE%E0%A6%A3%E0%A7%8D%E0%A6%A1,"['প্যারালাল', 'ইউনিভার্স']","প্যারালাল ইউনিভার্স বা সমান্তরাল ব্রহ্মান্ড হল একই রকম হুবহু আরেকটি ব্রহ্মান্ড এর অস্তিত্ব থাকা। আমরা এখন অবধি “ইউনিভার্স” বা একক ব্রহ্মান্ড নীতিতে বিশ্বাসী। কিন্তু “মাল্টিভার্স” তত্ত্বমতে আরো অনেক ব্রহ্মান্ড বিদ্যমান থাকতে পারে। আর এই অসংখ্য ব্রহ্মান্ড এর মধ্যে অনুরূপ একাধিক গ্রহ বা ব্রহ্মান্ড থাকতে পারে।যেমন মাল্টিভার্স এর অস্তিত্ব যদি সত্য হয়, তাহলে আমাদের গ্রহের অনুরূপ একাধিক গ্রহ থাকতে পারে যেখানে আমাদের মত মানুষ ও থাকতে পারে। এভাবেই প্যারালাল ইউনিভার্স সংক্ষেপে বলা যায়।"
p-296-a-17,খুব তাড়াতাড়ি মোবাইল চার্জ করার উপায় কী?,প্রযুক্তি,1,+3,450,https://www.sciencebee.com.bd/qna/12874/%E0%A6%A4%E0%A6%BE%E0%A7%9C%E0%A6%BE%E0%A6%A4%E0%A6%BE%E0%A7%9C%E0%A6%BF-%E0%A6%AE%E0%A7%8B%E0%A6%AC%E0%A6%BE%E0%A6%87%E0%A6%B2,"['মোবাইল', 'চার্জ']",খুব তাড়াতাড়ি মোবাইল চার্জিং এর জন্য কিছু জিনিস মাথায় রাখতে হবে। আর চার্জ দেবার সময় কয়েকটি পন্থা অবলম্বন করতে হবে।প্রথমতঃ- আপনাকে চার্জিং এর সময় মোবাইল ব্যবহার করা যাবেই না। আর নেট চালু থাকা অবস্থায় ত খুব দেরিতে চার্জিং হয়।দ্বিতীয়ত ঃ - মোবাইলে অ্যাক্টিভ সমস্ত অ্যাপস কে বন্ধ করতে হবে। অর্থাৎ ব্যাকগ্রাউন্ডে যাতে কোন অ্যাপস চালু না থাকে।তৃতীয়ত ঃ - মোবাইলের ব্রাইটনেস/উজ্জ্বলতা যথাসম্ভব কমিয়ে রাখতে হবে।চতুর্থতঃ- খুব দরকার না হলে মোবাইলকে এয়ারপ্লেন মোডে অন রাখুন। এতে অনেকটা সময় বাঁচবে ।পঞ্চমত ঃ - সর্বোত্তম উপায় হল মোবাইলের সুইচ অফ করে চার্জ দেওয়া।Mijanur
p-296-a-18,বন্ধ করে মোবাইল চার্জ দিলে কি কোনো সমস্যা হয়?,প্রযুক্তি,1,+3,367,https://www.sciencebee.com.bd/qna/12872/%E0%A6%AE%E0%A7%8B%E0%A6%AC%E0%A6%BE%E0%A6%87%E0%A6%B2-%E0%A6%B8%E0%A6%AE%E0%A6%B8%E0%A7%8D%E0%A6%AF%E0%A6%BE,"['মোবাইল', 'বন্ধ', 'চার্জ']",না মোবাইল সুইচ অফ করে চার্জ দিলে কোনো সমস্যা হবে না বরং আরো ভালো হবে কারণ মোবাইল সুইচ অফ করে চার্জ দিলে আপনার মোবাইল তাড়াতাড়ি চার্জ হবে ও মোবাইল এর ব্যাটারি লাইফ ও বৃদ্ধি পাবে কারণ মোবাইল যখন সুইচ অন থাকে তখন. সে নেটওয়ার্ক এর সাথে যুক্ত থাকে এবং সে অনবরত নেটওয়ার্ক সার্চ করতে থাকে। ফলে ব্যাটারী খরচ হতে থাকে এবং এদিকে ব্যাটারি চার্জ ও হতে থাকে তাই মোবাইল অল্প গরম হতে পারে কিন্তু সেটা খুবই অল্প। আর অন্যদিকে আপনি যদি মোবাইল সুইচ অফ করে চার্জ দেন সেদিকে নেটওয়ার্ক সার্চ করবে না আর আপনার কোনো ব্যাটারি খরচ ও হবে না তাই আপনার মোবাইল খুব তাড়াতাড়ি চার্জ ও হবে। এছাড়াও আপনি আপনার মোবাইল এরোপ্লেন মড করেও চার্জ দিতে পারেন এতেও অনেক তাড়াতাড়ি চার্জ হবে। এবং ব্যাটারি জীবনের ও বাড়বে।soumik
p-296-a-19,লো ব্যাটারীতে (৫/১০%) মোবাইল চালালে কি ব্যাটারির কোনো ক্ষতি হয়?,প্রযুক্তি,1,+4,178,https://www.sciencebee.com.bd/qna/12870/%E0%A6%AC%E0%A7%8D%E0%A6%AF%E0%A6%BE%E0%A6%9F%E0%A6%BE%E0%A6%B0%E0%A7%80%E0%A6%A4%E0%A7%87,"['মোবাইল', 'চার্জ', 'লো']",হ্যাঁ। ২০% এ নেমে আসলেই রিচার্জ করা উচিত। আসলে ব্যাটারি ডিসচার্জ হতে হতে যখন ভোল্টেজ কমে আসে সেটাকেই % হিসেবে রিপ্রেজেন্ট করে আমাদের দেখানো হয়। ব্যাটারির % যখন অনেক নিচে নেমে যায় তখন আসলে এর ভোল্টেজ ও নেমে যায়। তাই এসময়ে ফোনের অপারেটিং সিস্টেম পাওয়ার সেভিং মোডে চলে যায়। পাওয়ার সেভিং মোডে সিপিউ ফ্রিকোয়েন্সি ডাউন করে লিমিট করে দেয়া হয় সেই সাথে অ্যাপের ব্যাকগ্রাউন্ড ফেচিং বন্ধ করে দেয়া হয় এবং আরো কিছু ইন্টারন্যাল ফাংশন বন্ধ করে রাখা হয় যেনো ব্যাটারির উপর প্রেশার না পড়ে।তাই ব্যবহারকারীর উচিত ২০% এর নিচে নেমে আসলে ফোন রিচার্জ করে নেয়া। আর রিচার্জ করতে না পারলে সাধারণ কাজ করা। ভারি বা সিপিউ ইন্টেন্সিভ কাজ না করা। এতে ব্যাটারি দ্রুত তার কার্যক্ষমতা হারায়।সংগৃহীত
p-296-a-20,"পাওয়ার ব্যাংক দিয়ে মোবাইল চার্জ করলে, ফোনের কি কোনও ক্ষতি হয়?",প্রযুক্তি,1,+2,538,https://www.sciencebee.com.bd/qna/12868/%E0%A6%AA%E0%A6%BE%E0%A6%93%E0%A7%9F%E0%A6%BE%E0%A6%B0-%E0%A6%AC%E0%A7%8D%E0%A6%AF%E0%A6%BE%E0%A6%82%E0%A6%95,"['মোবাইল', 'ব্যাটারী', 'চার্জ', 'পাওয়ার', 'ব্যাংক']",একদম ই না।একটি পাওয়ার এডাপ্টার যখন আপনি এসি প্লাগে লাগান তখন এর ভেতরের সার্কিট এসি কারেন্ট কে ডিসি কারেন্টে রূপান্তর করে এবং সেই ডিসি কারেন্ট আপনার ফোনের ব্যাটারি কে চার্জ করে।একটি পাওয়ার ব্যাংক এর আউটপুট পোর্ট থেকেও এডাপ্টার এর আউটপুট এর মতোই ডিসি আউটপুট পাওয়া যায় সেজন্যই ফোনের কোনো ক্ষতি হয়না। তবে ফোন স্লো বা ফাস্ট চার্জ হওয়া নির্ভর করে আপনার এডাপ্টার বা পাওয়ার ব্যাংক টি কত ওয়াট আউটপুট দিচ্ছে তার উপর।fahim
p-296-a-21,ফোনের ব্যাটরি ঘনঘন চার্জে দেয়া ও চার্জ বন্ধ করলে কি ব্যাটারির ক্ষতি হয়?,প্রযুক্তি,1,+3,250,https://www.sciencebee.com.bd/qna/12866/%E0%A6%AC%E0%A7%8D%E0%A6%AF%E0%A6%BE%E0%A6%9F%E0%A6%B0%E0%A6%BF-%E0%A6%AC%E0%A7%8D%E0%A6%AF%E0%A6%BE%E0%A6%9F%E0%A6%BE%E0%A6%B0%E0%A6%BF%E0%A6%B0,"['মোবাইল', 'ব্যাটারী', 'চার্জ']","এক কথার উত্তর - ""না"", তবে এখানেই শেষ নয়…ব্যাটারির ক্ষতির আগে চার্জার পোর্টের বারোটা বেজে যায়। ঢিলে হয়ে যায়, পরবর্তীতে চার্জিং এর ফিমেল পোর্ট পরিবর্তন অবশ্যম্ভাবী হয়ে পড়ে।ব্যাটারী র ক্ষতি হয় যখন অতিরিক্ত চার্জিত হয় কিংবা চার্জ ডেপথ্ অপ ডিসচার্জ সাইকেলের নিচে থাকে। মোবাইলের ব্যাটারির ক্ষেত্রে ৮০% এর বেশি চার্জ ব্যবহার করতে হয় না। এজন্য পাওয়ার সেভিং মোড চালু রাখতে পারেন। তাহলে ২০% চার্জ অবশিষ্ট থাকলে আপনাকে জানিয়ে দেবে যে এখন তার চার্জিত হওয়া প্রয়োজন।আর বর্তমানে বেশ আধুনিক প্রযুক্তি ব্যবহৃত হয়, তাই অতিরিক্ত চার্জ হবার সম্ভাবনা প্রায় নেই বললেই চলে।সংগৃহীত"
p-296-a-22,কী কী নিয়ম মেনে চললে মোবাইলের ব্যাটারি ভালো থাকবে?,প্রযুক্তি,1,+3,94,https://www.sciencebee.com.bd/qna/12864/%E0%A6%AE%E0%A7%8B%E0%A6%AC%E0%A6%BE%E0%A6%87%E0%A6%B2%E0%A7%87%E0%A6%B0-%E0%A6%AC%E0%A7%8D%E0%A6%AF%E0%A6%BE%E0%A6%9F%E0%A6%BE%E0%A6%B0%E0%A6%BF,"['মোবাইল', 'ব্যাটারী']","মোবাইলের ব্যাটারি ভালো রাখতে হলে এই পয়েন্ট গুলো অব্যসই ফলো করবেন,১)কোনোদিন ব্যাটারি ০% বা ১০০% করবেন না। সবসময় ব্যাটারির চার্জ ২০ থেকে ৮০% মেইনটেইন করার চেষ্টা করবেন।মাসে একবার চার্জ ০% করে আবার ১০০% করবেন।এতে ব্যাটারির লাইফ প্রায় দেড় থেকে দুই বছর বাড়াতে পারবেন।২) সবসময় কোম্পানির দেওয়া চার্জার ব্যাবহার করা উচিত বা হারিয়ে গেলে একই রেটিং এর চার্জার কিনবেন।যেমন ৫V-২A বা ৫V-১A যেমন আপনার চার্জার এর রেটিং দেখে রাখবেন।৩)ব্যাকগ্রাউন্ড এ অনেক চার্জ টানে এইসব অ্যাপ গুলোকে দেখে তাদের ব্যাটারি ইউজেজ ব্লক করবেন।কারণ এরম হলে দিনে অনেকবার চার্জ দিতে হবে ও ব্যাটারির চার্জ সাইকেল কমবে।৪)খুব গরম স্থানে মোবাইল রাখবেন না যেমন সূর্যের আলোয়,পিসি এর ওপর,তাহলে লিথিয়াম আইরন ব্যাটারির চার্জ ক্যাপাসিটি কমবে।এমনিতে একটা ফোন যদি আপনি একবছর ইউজ করেন তাহলে পরের বছর আপনার ফোনের ব্যাটারির ৮৫% থেকে যায়।মানে আপনার ফোনে ৪০০০mah এর ব্যাটারি হলে পরের বছর তা ৩৪০০mah হোয়ে যায়।তাই যদি এই পয়েন্টগুলো ফলো করেন তাহলে প্রায় তিন বছর আপনি ফোনটিতে ভালো ব্যাটারি ব্যাকআপ পাবেন।wasim"
p-296-a-23,বৃহদান্ত্রের অংশগুলো কী কী?,প্রাণিবিদ্যা,1,+1,"1,056",https://www.sciencebee.com.bd/qna/12862/%E0%A6%AC%E0%A7%83%E0%A6%B9%E0%A6%A6%E0%A6%BE%E0%A6%A8%E0%A7%8D%E0%A6%A4%E0%A7%8D%E0%A6%B0%E0%A7%87%E0%A6%B0,"['এইচএসসি-প্রাণীবিজ্ঞান', 'বৃহদান্ত্র']","ক্ষুদ্রান্ত্রের পরবর্তী অপেক্ষাকৃত মােটা নলাকৃতির অংশই হলােবৃহদন্ত্র(Large Intestine)।এর তিনটি অংশ। যথা-সিকাম (Caecum)কোলন (Colon)মলাশয় (Rectum)সিকাম দেখতে বদ্ধথলির মতাে যার এক প্রান্তে ছােট নলাকৃতির অ্যাপেনডিক্স (Appendix) থাকে। এটি একটি নিষ্ক্রিয় অংগ। সিকামের পরেই কোলনের অবস্থান। এর যে অংশ উপরের দিকে উঠেছে তা উর্ধ্বগামী কোলন, বাম দিকে আড়াআড়িভাবে অবস্থিত অংশটি অনুপ্রস্থ কোলন এবং এর পরবর্তী যে অংশ বাম পাশ ঘেষে নিচের দিকে নেমেছে, তা নিম্নগামী কোলন। বৃহদন্ত্রের সর্বশেষ অংশ হলাে রেকটাম বা মলাশয়।"
p-296-a-24,জটিল খাদ্য পরিপাকের ধাপগুলো কী কী?,প্রাণিবিদ্যা,1,+1,554,https://www.sciencebee.com.bd/qna/12860/%E0%A6%AA%E0%A6%B0%E0%A6%BF%E0%A6%AA%E0%A6%BE%E0%A6%95%E0%A7%87%E0%A6%B0-%E0%A6%A7%E0%A6%BE%E0%A6%AA%E0%A6%97%E0%A7%81%E0%A6%B2%E0%A7%8B,"['এইচএসসি-প্রাণীবিজ্ঞান', 'জটিল', 'খাদ্য', 'পরিপাক']","মানুষের বিভিন্ন ধরনের জটিল খাদ্য পরিপাক নিম্নলিখিত ছয়টি ধাপে সম্পন্ন হয়:খাদ্য ও তরল পদার্থের সঞ্চালনদেহ নিঃসৃত বিভিন্ন পদার্থের সাথে খাদ্যের মিশ্রণজটিল প্রােটিন, লিপিড ও শর্করা খাদ্যের যান্ত্রিক ও রাসায়নিক বিশ্লেষণবিভিন্ন তরল বিশেষ করে পানির পুনঃশােষণবন্ধু ব্যাকটেরিয়া দ্বারা বিভিন্ন পুষ্টি উপাদান, যেমন- ভিটামিন K এবং বায়ােটিন উৎপাদনবর্জ্য পদার্থের বহিষ্কার"
p-296-a-25,কোকাকোলা তৈরী করতে পারা দুজন কেন এক বিমানে যেতে পারে না?,বিবিধ,1,+3,161,https://www.sciencebee.com.bd/qna/12857/%E0%A6%95%E0%A7%8B%E0%A6%95%E0%A6%BE%E0%A6%95%E0%A7%8B%E0%A6%B2%E0%A6%BE-%E0%A6%AC%E0%A6%BF%E0%A6%AE%E0%A6%BE%E0%A6%A8%E0%A7%87,"['কোকাকোলা', 'বিমান']",এর সবচেয়ে জনপ্রিয় উত্তর হচ্ছে যদি বিমানটি ক্রাশ হয় তাহলে তারা একসাথে মারা যাবে এবং আসল কোকাকোলা প্রস্তুতকারী কেউ থাকবে না।
