id,question,question_category,number_of_answer,number_of_vote,number_of_view,answer_link,question_tag,answer
p-311-a-0,নিডারিয়ানদের দ্বিস্তরী প্রাণী বলা হয় কেন?,প্রাণিবিদ্যা,1,+2,"1,160",https://www.sciencebee.com.bd/qna/12141/%E0%A6%A8%E0%A6%BF%E0%A6%A1%E0%A6%BE%E0%A6%B0%E0%A6%BF%E0%A6%AF%E0%A6%BC%E0%A6%BE%E0%A6%A8%E0%A6%A6%E0%A7%87%E0%A6%B0,"['এইচএসসি-প্রাণীবিজ্ঞান', 'প্রাণী']","দেহপ্রাচীর দ্বিস্তুরী কোষযুক্ত বা ডিপ্লোব্লাস্টিক, বাইরের স্তরটি এপিডার্মিস এবং ভেতরের স্তরটি এন্ডোডার্মিস বা গ্যাস্ট্রোডার্মিস নামে পরিচিত। উভয় স্তরের মধ্যবর্তীস্থানে আঠালাে জেলির মতাে অকোষীয় মেসােগ্লিয়া থাকে। এজনই নিডারিয়ানদের দ্বিস্তরী প্রাণী বলে।"
p-311-a-1,দ্বিস্তরী প্রাণী বলতে কী বুঝায়?,প্রাণিবিদ্যা,1,+2,"1,163",https://www.sciencebee.com.bd/qna/12139/%E0%A6%A6%E0%A7%8D%E0%A6%AC%E0%A6%BF%E0%A6%B8%E0%A7%8D%E0%A6%A4%E0%A6%B0%E0%A7%80-%E0%A6%AA%E0%A7%8D%E0%A6%B0%E0%A6%BE%E0%A6%A3%E0%A7%80,"['এইচএসসি-প্রাণীবিজ্ঞান', 'প্রাণী']","যে সব প্রাণীর ভ্রূণে দুটিমাত্র কোষস্তর, যেমন- এক্টোডার্ম ও এন্ডােডার্ম থাকে, সেগুলােকে দ্বিস্তরবিশিষ্ট বা ডিপ্লোব্লাস্টিক (diploblastic) প্রাণী বলে। এ দুই স্তরের মাছে অকোষীয় জেলির মতাে মেসােগ্লিয়া (mesogloea) থাকে। Cnidaria পর্বের সব প্রাণীই দ্বিস্তরবিশিষ্ট।"
p-311-a-2,শ্রেণিবিন্যাস বলতে কী বুঝায়?,প্রাণিবিদ্যা,1,+2,"1,385",https://www.sciencebee.com.bd/qna/12137/%E0%A6%B6%E0%A7%8D%E0%A6%B0%E0%A7%87%E0%A6%A3%E0%A6%BF%E0%A6%AC%E0%A6%BF%E0%A6%A8%E0%A7%8D%E0%A6%AF%E0%A6%BE%E0%A6%B8,"['এইচএসসি-প্রাণীবিজ্ঞান', 'শ্রেণিবিন্যাস']","আকৃতিগত ও প্রকৃতিগত পারস্পরিক সাদৃশ্য-বৈসাদৃশ্যের ভিত্তিতে নির্দিষ্ট রীতি অনুযায়ী প্রাণীদের রাজ্য, পর্ব, শ্রেণি, বর্ণ, গােত্র, গণ ও প্রজাতিতে দলভুক্ত করার পদ্ধতিকে শ্রেণিবিন্যাস বলে। প্রাণিবিজ্ঞান চর্চার শুরু থেকেই অনেক বিজ্ঞানী প্রাণিদের শ্রেণিবদ্ধ করার চেষ্টা করেছেন। জীবদের আধুনিক শ্রেণিবিন্যাসে সবচেয়ে বেশী অবদান রাখেন সুইডিস বিজ্ঞানী ক্যারােলাস লিনিয়াস। তাঁকে আধুনিক শ্রেণিবিন্যাসবিদ্যার জনক বলা হয়।"
p-311-a-3,জীববৈচিত্র্য বলতে কি বুঝায়?,প্রাণিবিদ্যা,3,+1,570,https://www.sciencebee.com.bd/qna/12127/%E0%A6%9C%E0%A7%80%E0%A6%AC%E0%A6%AC%E0%A7%88%E0%A6%9A%E0%A6%BF%E0%A6%A4%E0%A7%8D%E0%A6%B0%E0%A7%8D%E0%A6%AF,"['এইচএসসি-প্রাণীবিজ্ঞান', 'জীববৈচিত্র্য', 'জীব']","জীবের মধ্যে বিরাজিত সকল ধরনের বৈচিত্র্যময়তাকেই জীববৈচিত্র্য বলে। অর্থাৎ পৃথিবীপৃষ্ঠে, অন্তরীক্ষে এবং স্বাদু পানির ও সামুদ্রিক জলাশয়সমূহে অবস্থানরত জীবনধারী সকল প্রকার জীবদের মধ্যে বিরাজিত (জীনগত, বাসস্থানগত, প্রজাতি বা প্রকরণগত) বিভিন্নতাকে Bio diversity বা জীববৈচিত্র্য বলে। সহজভাবে বলা যায়, পৃথিবীর বুকে জীবমণ্ডলে বিরাজমান প্রাণীদের সকল ধরনের বৈচিত্র্যময়তাকেই জীববৈচিত্র্য বলা হয়।"
p-311-a-4,জীববৈচিত্র্য বলতে কি বুঝায়?,প্রাণিবিদ্যা,3,+1,570,https://www.sciencebee.com.bd/qna/12127/%E0%A6%9C%E0%A7%80%E0%A6%AC%E0%A6%AC%E0%A7%88%E0%A6%9A%E0%A6%BF%E0%A6%A4%E0%A7%8D%E0%A6%B0%E0%A7%8D%E0%A6%AF,"['এইচএসসি-প্রাণীবিজ্ঞান', 'জীববৈচিত্র্য', 'জীব']","জীববৈচিত্ৰ্য(ইংরেজি: Biodiversity) জীবিত প্ৰজাতির বৈচিত্ৰ্যতা এবং তাদের বাস করা জটিল পরিবেশ তন্ত্ৰের বিষয়ে আভাষ দেয়৷ অতি শুষ্ক মরুভূমি থেকে ক্ৰান্ত্ৰীয় বৃষ্টিপ্রবণ অরণ্য পর্যন্ত, বরফে আবৃত কঠিন পৰ্বত থেকে সাগরের গভীরে বিস্তৃত হয়ে থাকা বিভিন্ন প্ৰজাতির জীবজগতের রং, আকৃতি, আকার ইত্যাদির বিভিন্নতা থাকা সত্বেও প্ৰাকৃতিক ভারসাম্য নষ্ট না করে জীবন ধারণ করে আসছে৷ খুব সাধারণ ভাবে বলতে গেলে পৃথিবীতে জীবনের বৈচিত্ৰ্যকে কে বোঝায়। আমেরিকার জীব বিজ্ঞানী ই.এ.নরসে (E.A.Norse) এবং তার সহযোগীদের সূত্ৰ অনুযায়ী জৈব বৈচিত্ৰ্য হল জল, স্থল সকল জায়গায় সকল পরিবেশে থাকা সকল ধরণের জীব এবং উদ্ভিদের বিচিত্ৰতা৷©️সংগৃহীত"
p-311-a-5,জীববৈচিত্র্য বলতে কি বুঝায়?,প্রাণিবিদ্যা,3,+1,570,https://www.sciencebee.com.bd/qna/12127/%E0%A6%9C%E0%A7%80%E0%A6%AC%E0%A6%AC%E0%A7%88%E0%A6%9A%E0%A6%BF%E0%A6%A4%E0%A7%8D%E0%A6%B0%E0%A7%8D%E0%A6%AF,"['এইচএসসি-প্রাণীবিজ্ঞান', 'জীববৈচিত্র্য', 'জীব']","জীবগোষ্ঠীর সার্থক বাসভূমি হল এই পৃথিবী। পৃথিবীর প্রায় সর্বত্রই ছোটো বড়ো উদ্ভিদ ও প্রানীর সমাবেশ লক্ষ করা যায়। পৃথিবীর যে কোনো স্থানে বিভিন্ন প্রকার জীবের এই বৈচিত্র্যপূর্ন সমাবেশ হল জীববৈচিত্র্য।জীববৈচিত্র্যবলতে সাধারণত একটি নির্দিষ্ট অঞ্চলে বিভিন্ন প্রকার জীবের একত্র সমাবেশ কে বোঝানো হয়ে থাকে। আবার অন্য ভাবে বললে কোনো অঞ্চলের নির্দিষ্ট প্রজাতির মধ্যে জীনগত, প্রজাতিগত ও বাস্তুতান্ত্রিক যে তারতম্য বা বিভিন্নতা রয়েছে, তাই হল জীববৈচিত্র্য।জীববিজ্ঞানী ম্যাকেঞ্জি ১৯৯৯ সালেজীববৈচিত্র্যের যে সংজ্ঞা দেন, তা হল- বিভিন্ন বাস্তুতন্ত্রের বিভিন্ন স্তরের জীবদের ক্ষেত্রে একই প্রজাতির জীবের জিনগত প্রকরন থেকে বিভিন্ন প্রজাতির বৈচিত্র্য সমূহ কে জীববৈচিত্র্য বলে।উদাহরণ – যেমন ভারতবর্ষ পৃথিবীর অন্যতম প্রধান জীববৈচিত্র্য সম্পন্ন দেশ, যেখানে বিশ্বের মোট ২,৫০,০০০ আবিষ্কৃত উদ্ভিদ প্রজাতির প্রায় ৪৫,০০০ এবং ১৫,০০,০০০ প্রাণী প্রজাতির মধ্যে প্রায় ৭৫,০০০ প্রজাতির সমাবেশ দেখা যায় ভারতে। যা পৃথিবীর ৫.৭% প্রানী প্রজাতি এবং ১১ % উদ্ভিদ প্রজাতি কে অন্তর্ভুক্ত করে।"
p-311-a-6,ট্যাক্সন কী?,প্রাণিবিদ্যা,1,+1,"1,613",https://www.sciencebee.com.bd/qna/12125/%E0%A6%9F%E0%A7%8D%E0%A6%AF%E0%A6%BE%E0%A6%95%E0%A7%8D%E0%A6%B8%E0%A6%A8-%E0%A6%95%E0%A7%80,"['এইচএসসি-প্রাণীবিজ্ঞান', 'ট্যাক্সন']","ক্যারােলাস লিনিয়াস সর্বপ্রথম শুশৃঙ্খল পদ্ধতি অনুসরণ করে প্রাণীকে শ্রেণিবিন্যস্ত করার প্রয়াস গ্রহণ করেন। শ্রেণিবিন্যাসকরণে বিভিন্ন প্রাণীকে তার নিজস্ব বৈশিষ্ট্য ও অন্যান্য জীবের সঙ্গে তার সম্পর্ক এবং সাদৃশ্য-বৈসাদৃশ্যের ভিত্তিতে একটি দল বা গােষ্ঠীতে স্থাপন করা হয়। এভাবে শ্রেণিবিন্যাসের স্তর তৈরি হয়। এ দল বা গোষ্ঠীগুলােই শ্রেণিবিন্যাসের ধাপ বা Taxon নামে পরিচিত। লিনিয়াস প্রাণী শ্রেণিবিন্যাসে ৫ টি Taxon ব্যবহার করেন। এগুলাে হলাে- Class (শ্রেণি), Order (বর্গ), Genus (গণ), Species (প্রজাতি) ও Varietas (প্রকার)। পরে এতে আরাে দুটি স্তর- Family (গােত্র) ও Phylum (পর্ব) যুক্ত করা হয়।"
p-311-a-7,কম তাপমাত্রায় ঘুম ভালো হয় কেন?,জীববিজ্ঞান,1,+6,136,https://www.sciencebee.com.bd/qna/12123/%E0%A6%A4%E0%A6%BE%E0%A6%AA%E0%A6%AE%E0%A6%BE%E0%A6%A4%E0%A7%8D%E0%A6%B0%E0%A6%BE%E0%A6%AF%E0%A6%BC,"['ঘুম', 'ভালো']",মেলাটোনিন হলো ঘুমাতে সাহায্যকারী একটা হরমোন এবং শক্তিশালী এন্টি অক্সিডেন্ট। যখন ঠান্ডা পরিবেশে ঘুমানো হয় তখন এই হরমোনের ক্ষরণ বেশি পরিমাণে হয়। তাই যখন আমরা ঠান্ডা পরিবেশে ঘুমাই তখন ঘুমের সর্বোচ্চ স্তরে পৌছে যাই।
p-311-a-8,তিমি মাছ নয় কেন?,প্রাণিবিদ্যা,5,+2,"3,431",https://www.sciencebee.com.bd/qna/12119/%E0%A6%A4%E0%A6%BF%E0%A6%AE%E0%A6%BF-%E0%A6%AE%E0%A6%BE%E0%A6%9B-%E0%A6%A8%E0%A6%AF%E0%A6%BC,"['এইচএসসি-প্রাণীবিজ্ঞান', 'তিমি', 'মাছ']","তোমরা নিশ্চয়ই জানো, তিমি দেখতে মাছের মতো এবং এরা পানিতে বাস করে। তার পরও তিমি মাছ নয়। কেন তিমিকে মাছ বলা হয় না? কারণ, তিমি স্তন্যপায়ী প্রাণী।বাচ্চা তিমি অন্যান্য স্তন্যপায়ী প্রাণীর মতো তার মায়ের বুকের দুধ পান করে থাকে। ডিম ফুটে বাচ্চা বের হওয়ার পর সে তার মায়ের খুব কাছাকাছি থাকে এবং মা তাকে আদর-সোহাগ করে থাকে। তিমির শ্বাস-প্রশ্বাস প্রক্রিয়া মাছ থেকে ভিন্ন। ফুলকা থাকা সত্ত্বেও তাদের ফুসফুস আছে। মাথার অগ্রভাগে দু’টি নাসারন্ধ্র বা দু’টি ছিদ্র আছে। এই ছিদ্রের সাহায্যে তারা দেহের ভেতরে বাতাস গ্রহণ করে। পানির নিচে গেলে ছোট ভাল্বের সাহায্যে তারা নাকের ছিদ্র বন্ধ করে রাখে, যেন দেহের ভেতরে পানি ঢুকতে না পারে। তিমি হলো একটি অটার ম্যামাল বা পানিতে বসবাসকারী স্তন্যপায়ী প্রাণী।ধারণা করা হয়, এদের পূর্বপুরুষের বাস ছিল ডাঙায়। হাজার হাজার বছর ধরে পানিতে বাস করতে করতে এখন এরা পানির প্রাণী হয়ে গেছে। এদের আকার হয়েছে মাছের মতো এবং পানিতে বসবাসের যোগ্য অন্যান্য অঙ্গপ্রতঙ্গও গজিয়েছে। কিন্তু স্তন্যপায়ী প্রাণীর আচার-আচরণগুলো তারা এখনো ত্যাগ করতে পারেনি। উদাহরণস্বরূপ, তাদের সামনের পাখা দেখতে হাতের পাঁচ আঙুলের মতো এবং পেছনের মাংসে পায়ের চিহ্নের মতো হাড় দেখা যায়।তথ্যসূত্র: ডেইলি বাংলাদেশ"
p-311-a-9,তিমি মাছ নয় কেন?,প্রাণিবিদ্যা,5,+2,"3,431",https://www.sciencebee.com.bd/qna/12119/%E0%A6%A4%E0%A6%BF%E0%A6%AE%E0%A6%BF-%E0%A6%AE%E0%A6%BE%E0%A6%9B-%E0%A6%A8%E0%A6%AF%E0%A6%BC,"['এইচএসসি-প্রাণীবিজ্ঞান', 'তিমি', 'মাছ']","তিমিকে মাছের ন্যায় দেখতে মনে হলেও প্রকৃতপক্ষে এরা মাছ নয়। কারণ মাছের যে বৈশিষ্ট্যগুলাে রয়েছে তা এদের মধ্যে অনুপস্থিত। যেমন- মাছের দেহ গ্যানয়েড, সাইক্লয়েড বা টিনয়েড ধরনের আঁইশ দ্বারা আবৃত থাকে, কিন্তু তিমির দেহ প্র্যাকয়েড ধরনের আঁইশে। মাছের অন্তঃকঙ্কাল সাধারণত অস্থি-নির্মিত, কিন্তু তিমির অন্তঃকঙ্কাল তরুণাস্থিময়। মাছের দেহে বায়ুথলি থাকে যা তিমির দেহে অনুপস্থিত। এছাড়া মাছের ফুলকা কানকো দিয়ে ঢাকা থাকে যা তিমির ক্ষেত্রে উন্মুক্ত। উল্লেখিত কারণেই তিমি মাছ নয়। আবার তিমি জলে বাস করলেও এরা বাচ্চা প্রসব করে এবং বাচ্চা মাতৃস্তন্য দুগ্ধে লালিত হয়। এ কারণে এটি Mammalia শ্রেণির Vertebrata উপপর্বের স্তন্যপায়ী প্রাণী। এ কারণেও তিমিকে মাছ বলা যায় না।"
p-311-a-10,তিমি মাছ নয় কেন?,প্রাণিবিদ্যা,5,+2,"3,431",https://www.sciencebee.com.bd/qna/12119/%E0%A6%A4%E0%A6%BF%E0%A6%AE%E0%A6%BF-%E0%A6%AE%E0%A6%BE%E0%A6%9B-%E0%A6%A8%E0%A6%AF%E0%A6%BC,"['এইচএসসি-প্রাণীবিজ্ঞান', 'তিমি', 'মাছ']","তিমি দেখতে মাছের মতো এবং এরা পানিতে বাস করে। তার পরও তিমি মাছ নয়। কেন তিমিকে মাছ বলা হয় না? কারণ, তিমি স্তন্যপায়ী প্রাণী। তাই বাচ্চা তিমি অন্যান্য স্তন্যপায়ী প্রাণীর মতো তার মায়ের বুকের দুধ পান করে থাকে। ডিম ফুটে বাচ্চা বের হওয়ার পর সে তার মায়ের খুব কাছাকাছি থাকে এবং মা তাকে আদর-সোহাগ করে থাকে। তিমির শ্বাস-প্রশ্বাস প্রক্রিয়া মাছ থেকে ভিন্ন। ফুলকা থাকা সত্ত্বেও তাদের ফুসফুস আছে। মাথার অগ্রভাগে দু’টি নাসারন্ধ্র বা দু’টি ছিদ্র আছে। এই ছিদ্রের সাহায্যে তারা দেহের ভেতরে বাতাস গ্রহণ করে। পানির নিচে গেলে ছোট ভাল্বের সাহায্যে তারা নাকের ছিদ্র বন্ধ করে রাখে, যেন দেহের ভেতরে পানি ঢুকতে না পারে।তিমি হলো একটি অটার ম্যামাল বা পানিতে বসবাসকারী স্তন্যপায়ী প্রাণী। ধারণা করা হয়, এদের পূর্বপুরুষের বাস ছিল ডাঙায়। হাজার হাজার বছর ধরে পানিতে বাস করতে করতে এখন এরা পানির প্রাণী হয়ে গেছে। এদের আকার হয়েছে মাছের মতো এবং পানিতে বসবাসের যোগ্য অন্যান্য অঙ্গপ্রতঙ্গও গজিয়েছে। কিন্তু স্তন্যপায়ী প্রাণীর আচার-আচরণগুলো তারা এখনো ত্যাগ করতে পারেনি। উদাহরণস্বরূপ, তাদের সামনের পাখা দেখতে হাতের পাঁচ আঙুলের মতো এবং পেছনের মাংসে পায়ের চিহ্নের মতো হাড় দেখা যায়।©️dailynayadiganta"
p-311-a-11,তিমি মাছ নয় কেন?,প্রাণিবিদ্যা,5,+2,"3,431",https://www.sciencebee.com.bd/qna/12119/%E0%A6%A4%E0%A6%BF%E0%A6%AE%E0%A6%BF-%E0%A6%AE%E0%A6%BE%E0%A6%9B-%E0%A6%A8%E0%A6%AF%E0%A6%BC,"['এইচএসসি-প্রাণীবিজ্ঞান', 'তিমি', 'মাছ']","তিমি মাছ নয়:তিমিকে মাছের ন্যায় দেখতে মনে হলেও প্রকৃতপক্ষে এরা মাছ নয়। কারণ মাছের যে বৈশিষ্ট্যগুলাে রয়েছে তা এদের মধ্যে অনুপস্থিত। যেমন- মাছের দেহ গ্যানয়েড, সাইক্লয়েড বা টিনয়েড় ধরনের আঁইশ দ্বারা আবৃত থাকে, কিন্তু তিমির দেহ প্র্যাকয়েড ধরনের আঁইশে। মাছের অন্তঃকঙ্কাল সাধারণত অস্থি-নির্মিত, কিন্তু তিমির অন্তঃকঙ্কাল তরুণাস্থিময়। মাছের দেহে। বায়ুথলি থাকে যা তিমির দেহে অনুপস্থিত। এছাড়া মাছের ফুলকা কানকো দিয়ে ঢাকা থাকে যা তিমির ক্ষেত্রে উন্মুক্ত । উল্লেখিত কারণেই তিমি মাছ নয়। আবার তিমি জলে বাস করলেও এরা বাচ্চা প্রসব করে এবং বাচ্চা মাতৃস্তন্য দুগ্ধে লালিত হয়। এ কারণে এটি Mammalia শ্রেণির Vertebrata উপপর্বের স্তন্যপায়ী প্রাণী। এ কারণেও তিমিকে মাছ বলা যায় না।"
p-311-a-12,তিমি মাছ নয় কেন?,প্রাণিবিদ্যা,5,+2,"3,431",https://www.sciencebee.com.bd/qna/12119/%E0%A6%A4%E0%A6%BF%E0%A6%AE%E0%A6%BF-%E0%A6%AE%E0%A6%BE%E0%A6%9B-%E0%A6%A8%E0%A6%AF%E0%A6%BC,"['এইচএসসি-প্রাণীবিজ্ঞান', 'তিমি', 'মাছ']","তিমি উষ্ণ রক্তের প্রাণী, যার অর্থ তারা শরীরের উচ্চ তাপমাত্রা রাখে যা ঠান্ডা জলে পরিবর্তন হয় না। মাছগুলি শীতল রক্তযুক্ত, তাই তাদের পরিবেশের তাপমাত্রার উপর নির্ভর করে তাদের দেহের তাপমাত্রা পরিবর্তন হয়। এরা স্তন্যপায়ী প্রাণীদের মত ফুসফুস এর মাধ্যমে শ্বাসকার্য চালায়।তাই তিমি প্রকৃতপক্ষে স্তন্যপায়ী এবং মাছ নয়।"
p-311-a-13,সকল কর্ডেট প্রাণী মেরুদণ্ডী নয় কেন?,প্রাণিবিদ্যা,2,+2,"4,717",https://www.sciencebee.com.bd/qna/12117/%E0%A6%95%E0%A6%B0%E0%A7%8D%E0%A6%A1%E0%A7%87%E0%A6%9F-%E0%A6%AE%E0%A7%87%E0%A6%B0%E0%A7%81%E0%A6%A6%E0%A6%A3%E0%A7%8D%E0%A6%A1%E0%A7%80,"['এইচএসসি-প্রাণীবিজ্ঞান', 'প্রাণী', 'মেরুদণ্ডি']","কর্ডেট প্রাণীর তিনটি অনন্য বৈশিষ্ট্য হচ্ছে- স্থিতিস্থাপক নটোকর্ড, পৃষ্ঠীয় ফাপা স্নায়ুরজ্জ এবং গলবিলীয় ফুলকা রন্ধ্র। এসব বৈশিষ্ট্য সবধরনের কর্ডেট প্রাণীর জীবনের যে কোনাে দশায় কিংবা আজীবন পাওয়া যায়। Chordata পর্বের দুটি উপপর্ব যেমন- Urochordata ও Cephalochordata-র সদস্যদের ক্ষেত্রে কর্ডাটার বৈশিষ্ট্যগুলাে আজীবন পাওয়া যায়। কিন্তু Vertebrata উপপর্বের ক্ষেত্রে জন্মাবস্থায় নটোকর্ড থাকলেও পূর্ণাঙ্গ অবস্থায় তা কশেরুকা নির্মিত মেরুদণ্ড দিয়ে প্রতিস্থাপিত হয়। সেজন্য এদের মেরুদণ্ডী প্রাণী বলে। তাছাড়া স্নায়ুরজ্জ্বটি মস্তিষ্ক ও সুষুম্নাকাণ্ড দিয়ে প্রতিস্থাপিত হয়। ফুলকা রন্ধ্র বন্ধ হয়ে যায় এবং ফুলকা বা ফুসফুসের আর্বিভাব ঘটে। তাই বলা যায়, সকল মেরুদণ্ডী প্রাণীই কর্ডেট কিন্তু সকল কর্ডেট প্রাণী মেরুদণ্ডী নয়।"
p-311-a-14,সকল কর্ডেট প্রাণী মেরুদণ্ডী নয় কেন?,প্রাণিবিদ্যা,2,+2,"4,717",https://www.sciencebee.com.bd/qna/12117/%E0%A6%95%E0%A6%B0%E0%A7%8D%E0%A6%A1%E0%A7%87%E0%A6%9F-%E0%A6%AE%E0%A7%87%E0%A6%B0%E0%A7%81%E0%A6%A6%E0%A6%A3%E0%A7%8D%E0%A6%A1%E0%A7%80,"['এইচএসসি-প্রাণীবিজ্ঞান', 'প্রাণী', 'মেরুদণ্ডি']","কর্ডাটা পর্বের অন্তর্ভূক্ত প্রাণীদের তিনটি অনন্য বৈশিষ্ট্য হচ্ছে- স্থিতিস্থাপক নটোকর্ড, পৃষ্ঠীয় ফাঁপা স্নায়ুরজ্জু এবং গলবিলীয় ফুলকারন্ধ্র। এসব বৈশিষ্ট্য সব ধরণের কর্ডেট প্রাণীর জীবনের যে কোন দশায় কিংবা আজীবন দেখা যায়। Chordata পর্বের দুটি উপ-পর্ব রয়েছে। যথা- Urochordata ও Cephalochordata. এ সকল সদস্যদের ক্ষেত্রে কর্ডাটা বৈশিষ্ট্যগুলো আজীবন পাওয়া যায়। কিন্তু Vertebrata উপ-পর্বের ক্ষেত্রে ভ্রুণাবস্থায় নটোকর্ড থাকলেও পূর্ণাঙ্গ অবস্থায় তা কশেরুকা নির্মিত মেরুদণ্ড দিয়ে প্রতিস্থাপিত হয়। ফুলকরন্ধ্র বন্ধ হয়ে যায় এবং ফুলকা বা ফুসফুসের আবির্ভাব ঘটে। উক্তির সাথে একমত হয়ে বলা যায় যে, সকল মেরুদণ্ডীই কর্ডেট (কারণ ভ্রুণাবস্থায় কর্ডাটার সকল বৈশিষ্ট্য থাকে) কিন্তু সকল কর্ডেট মেরুদণ্ডী নয় ( কারণ, Urochordata ও Cephalochordata উপপর্বের প্রাণীদের নটোকর্ড কখনোই মেরুদণ্ড দিয়ে প্রতিস্থাপিত হয় না)।"
p-311-a-15,দ্বিপদ নামকরণ বলতে কি বুঝায়?,প্রাণিবিদ্যা,3,+2,"3,761",https://www.sciencebee.com.bd/qna/12115/%E0%A6%A6%E0%A7%8D%E0%A6%AC%E0%A6%BF%E0%A6%AA%E0%A6%A6-%E0%A6%A8%E0%A6%BE%E0%A6%AE%E0%A6%95%E0%A6%B0%E0%A6%A3,"['এইচএসসি-প্রাণীবিজ্ঞান', 'দ্বিপদ-নামকরণ']","জীবের নামকরণের আন্তর্জাতিক প্রথা অনুসারে প্রথমে গণের নাম এবং পরে প্রজাতির পদ ব্যবহার করে দুই শব্দের সমন্বয়ে জীবদের যে নামকরণ করা হয়, তাকে দ্বিপদ নামকরণ বলে। এক্ষেত্রে শব্দদ্বয় (গণ ও প্রজাতি) অবশ্যই ল্যাটিন হতে হবে। ১৭৫৮ সালে সুইডিশ বিজ্ঞানী ক্যারােলাস লিনিয়াস প্রাণীর দ্বিপদ নামকরণের নীতি প্রবর্তন করেন। এ জন্য তাকে দ্বিপদ নামকরণের জনক বলা হয়। যেমন : Homo sapiens (মানুষ), Periplaneta americana (আরশােলা)। এখানে Homo গণ অংশ বা গণ নাম এবং sapiens প্রজাতিক অংশ বা প্রজাতিক পদ। Periplaneta গণ নাম এবং americana প্রজাতিক পদ।"
p-311-a-16,দ্বিপদ নামকরণ বলতে কি বুঝায়?,প্রাণিবিদ্যা,3,+2,"3,761",https://www.sciencebee.com.bd/qna/12115/%E0%A6%A6%E0%A7%8D%E0%A6%AC%E0%A6%BF%E0%A6%AA%E0%A6%A6-%E0%A6%A8%E0%A6%BE%E0%A6%AE%E0%A6%95%E0%A6%B0%E0%A6%A3,"['এইচএসসি-প্রাণীবিজ্ঞান', 'দ্বিপদ-নামকরণ']","কোনো প্রানীর গণ(Genus) ও প্রজাতী মিলে যে নামকরণ করা হয় তাকে দ্বিপদ নামকরণ বলে। মূলত দ্বিপদ নামকরণ কে আমরা সায়েন্টিফিক নাম বলে সম্বোধন করে থাকি। একটা প্রাণীকে বৈশিষ্ট্য অনুযায়ী সাত ভাগে ভাগ করা হয় (জগত, পর্ব, শ্রেণী, বর্গ, গোত্র, গণ ও প্রজাতি)। এর মধ্যে সূক্ষ্ম ধাপগুলো হলো গণ ও প্রজাতি। দ্বিপদ নামকরণ ব্যবস্থা চালু করেন সুইডিস প্রকৃতিবিদ ক্যারোলাস লিনিয়াস। মানুষের বৈজ্ঞানিক নাম হলোHomo sapiens।এখানেHomoহলো গণ এবংsapiensপ্্র্ প্রজাতি। কোনো জীবের বৈশিষ্ট্য সহজে জানার জন্য দ্্ব দ্্বতযয দ্বিপদ নামকরণ ব্্ব ব্যবহার করা হয়। (কারিগরি ত্রুটির জন্য লেখার ভিতরে ভিিি কিছু অবাঞ্চিিিত শব্দ এসে গেছে। এর জন্য আন্তরিকভাবে দুঃখিত )"
p-311-a-17,দ্বিপদ নামকরণ বলতে কি বুঝায়?,প্রাণিবিদ্যা,3,+2,"3,761",https://www.sciencebee.com.bd/qna/12115/%E0%A6%A6%E0%A7%8D%E0%A6%AC%E0%A6%BF%E0%A6%AA%E0%A6%A6-%E0%A6%A8%E0%A6%BE%E0%A6%AE%E0%A6%95%E0%A6%B0%E0%A6%A3,"['এইচএসসি-প্রাণীবিজ্ঞান', 'দ্বিপদ-নামকরণ']",দ্বিপদী নামকরণ বলতে বোঝায় দুটি পদের সমন্বয়ে উদ্ভিদ ও প্রাণীর বৈজ্ঞানিক নাম করণের পদ্ধতি। এই নামকরণ ল্যাটিন ভাষায় করা হয় এবং এর দুইটি অংশ থাকে। গণ নামের শেষে প্রজাতিক পদ যুক্ত করে প্রতিটি জীবের নামকরণের পদ্ধতিকে দ্বিপদ নামকরণ বলে। এই নামকে বৈজ্ঞানিক নামও বলা হয়। Systema Naturae গ্রন্থের দশম সংস্করণে (১৭৫৮) ক্যারোলাস লিনিয়াস জীবের নামকরণের ক্ষেত্রে দ্বিপদ নামকরণ নীতি প্রবর্তন করেন।©️সংগ্রহীত
p-311-a-18,অরীয় প্রতিসম প্রাণী বলতে কী বুঝায়?,প্রাণিবিদ্যা,2,+2,"1,745",https://www.sciencebee.com.bd/qna/12113/%E0%A6%AA%E0%A7%8D%E0%A6%B0%E0%A6%A4%E0%A6%BF%E0%A6%B8%E0%A6%AE-%E0%A6%AA%E0%A7%8D%E0%A6%B0%E0%A6%BE%E0%A6%A3%E0%A7%80,"['এইচএসসি-প্রাণীবিজ্ঞান', 'প্রাণী']","কোনো প্রাণীর দেহকে যদি কেন্দ্রীয় লম্ব অক্ষ বরাবর কেটে সদৃশ্য দুইয়ের বেশি সংখ্যক অর্ধাংশে ভাগ করা যায়, তখন সে ধরনের প্রতিসাম্যকে অরীয় প্রতিসাম্য বলে। হাইড্রা, জেলিফিশ, সী অ্যানিমন ও সম্পর্কিত গােষ্ঠিভুক্ত প্রাণী যাদের অনুলম্ব এক প্রান্তে মুখ অবস্থিত সে সব প্রাণীতে অরীয় প্রতিসাম্য দেখা যায়।"
p-311-a-19,অরীয় প্রতিসম প্রাণী বলতে কী বুঝায়?,প্রাণিবিদ্যা,2,+2,"1,745",https://www.sciencebee.com.bd/qna/12113/%E0%A6%AA%E0%A7%8D%E0%A6%B0%E0%A6%A4%E0%A6%BF%E0%A6%B8%E0%A6%AE-%E0%A6%AA%E0%A7%8D%E0%A6%B0%E0%A6%BE%E0%A6%A3%E0%A7%80,"['এইচএসসি-প্রাণীবিজ্ঞান', 'প্রাণী']","মে সকল প্রানীকে কয়েকটি ভাগে ভাগ করা হয় কিন্তু মাথা চিহ্নিত করা যায় না তাকে অরিয় প্রতিসম প্রানী বলে। সাধারনত একাইনোডারমাটা পর্বের প্রাণীদের মধ্যে এটা দেখা যায়। উদাহরণ: তারা মাছ, সমুদ্র শশা, জেলিফিশ ইত্যাদি।"
p-311-a-20,আয়না কীভাবে আলোর সাথে তাপ শক্তি প্রতিফলিত করে?,পদার্থবিজ্ঞান,1,+2,94,https://www.sciencebee.com.bd/qna/12110/%E0%A6%95%E0%A7%80%E0%A6%AD%E0%A6%BE%E0%A6%AC%E0%A7%87-%E0%A6%AA%E0%A7%8D%E0%A6%B0%E0%A6%A4%E0%A6%BF%E0%A6%AB%E0%A6%B2%E0%A6%BF%E0%A6%A4,"['আলো', 'শক্তি']",আলোর মধ্যে সবসময় সামান্য হলেও তাপশক্তি নিহিত থাকে। যখন কোনো আয়নায় আলো পড়ে তখন আয়না আলোসহ আলোতে থাকা তাপশক্তি কেও প্রতিফলিত করে।
p-311-a-21,গ্রহসমূহের নিজ অক্ষের ঘূর্ণন কখনো থেমে যায়না কেন?,জ্যোতির্বিজ্ঞান,1,+4,132,https://www.sciencebee.com.bd/qna/12103/%E0%A6%97%E0%A7%8D%E0%A6%B0%E0%A6%B9%E0%A6%B8%E0%A6%AE%E0%A7%82%E0%A6%B9%E0%A7%87%E0%A6%B0,"['গ্রহ', 'ঘূর্ণন']",আমাদের গ্রহগুলি জড়তার কারণে ঘুরতে থাকে। স্থির বস্তুকে বল প্রয়োগ না করা পর্যন্ত সেটি স্থির থাকে এবং গতিশীল বস্তুকে বল প্রয়োগ না করা পর্যন্ত গতিশীল থাকে। কিন্তু এইটা আমরা আমাদের পৃথিবীতে দেখতে পাই না কারণ বাতাসের ঘর্ষণ বলের কারনে কোনো গতিশীল বস্তু থেমে যায়। কিন্তু মহাকাশে বাতাস কিংবা গ্রহগুলোকে থামিয়ে দেওয়ার লোক নেই বলে গ্রহগুলো অনবরত ঘুরতে থাকে।
p-311-a-22,পিগমেন্টের অভাবে গাছের পাতার রং সাদা হয়ে গেলে গাছ সালোকসংশ্লেষণ করে কীভাবে ?,জীববিজ্ঞান,1,+3,137,https://www.sciencebee.com.bd/qna/12101/%E0%A6%B8%E0%A6%BE%E0%A6%B2%E0%A7%8B%E0%A6%95%E0%A6%B8%E0%A6%82%E0%A6%B6%E0%A7%8D%E0%A6%B2%E0%A7%87%E0%A6%B7%E0%A6%A3,"['পাতা', 'গাছ', 'অ\u200d্যালবিনো', 'সালোকসংশ্লেষণ']",মানুষ বা অন্যান্য জীবের মধ্যে Albinism নামের একটি  ঘটনা দেখা যায় যেটা Melanin নামক পিগমেন্ট এর কারণে হয়। গাছের মধ্যেও একই ব্যাপার লক্ষ্য করা যায় যখন তাতে Chlorophyll থাকেনা। এইরকম গাছগুলোকে Albino tree বলা হয়। বীজের মধ্যে জমা করা যেই শক্তি এবং নিউট্রিশন থাকে তার সাহায্যেই এরা বড়ো হয় এবং পরবর্তীকালে সূর্যরশ্মির সাহায্যে photosynthesis করতে না পারার কারণে খুব বেশিদিন এরা বাঁচেনা। যেইসব গাছ পুরোপুরি albino নয় অর্থাৎ কিছু কিছু পাতায় chlorophyll থাকে সেই গাছগুলি  তুলনামূলক ভাবে বেশিদিন বাঁচে।-Ayan datta
p-311-a-23,আলোর চেয়ে দ্রুত যাওয়া কি কখনো সম্ভব হবে?,পদার্থবিজ্ঞান,4,+4,714,https://www.sciencebee.com.bd/qna/12099/%E0%A6%A6%E0%A7%8D%E0%A6%B0%E0%A7%81%E0%A6%A4-%E0%A6%AF%E0%A6%BE%E0%A6%93%E0%A7%9F%E0%A6%BE,"['আলো', 'আলোর', 'বেগ', 'দ্রুত', 'জোরে']","নাহিদা আফরিন-এখনও সেরকম কিছুর অস্তিত্ব পাওয়া যায়নি। বিশেষ আপেক্ষিকতার নিয়মানুসারে, যদি আলো সত্যিই ভরহীন হয় তবে আলোর চেয়ে দ্রুতগামী কোন কিছুর অস্তিত্ব সম্ভবপরও নয়। যদি আলোর অতি সামান্য ভরও থাকে, তাহলে আলো নিজেই সর্বোচ্চ গতিবেগ (যাকে &lsquo;আলোর বেগ&rsquo; বলা হয়) এর চেয়ে কম বেগে চলবে (সেক্ষেত্রে সর্বোচ্চ গতিবেগকে আর &lsquo;আলোর বেগ&rsquo; বলা যাবেনা)। এই সর্বোচ্চ বেগের মান নির্দিষ্ট এবং এর চেয়ে দ্রুতগামী কোনো কিছুর অস্তিত্ব অসম্ভব বলেই মনে করা হয়।"
p-311-a-24,আলোর চেয়ে দ্রুত যাওয়া কি কখনো সম্ভব হবে?,পদার্থবিজ্ঞান,4,+4,714,https://www.sciencebee.com.bd/qna/12099/%E0%A6%A6%E0%A7%8D%E0%A6%B0%E0%A7%81%E0%A6%A4-%E0%A6%AF%E0%A6%BE%E0%A6%93%E0%A7%9F%E0%A6%BE,"['আলো', 'আলোর', 'বেগ', 'দ্রুত', 'জোরে']",স্পেশাল রিলেটিভিটি অনুসারে ভরযুক্ত বস্তু বেগ কখনো শুন্যস্থানে আলোর বেগের সমান হতে পারে না। তবে ১.কাল্পনিক কনা ট্যাকিয়ন এর ভর ঋণাত্বক। তাই এর গতি আলোর গতির বেশি হওয়া সম্ভব। স্পেশাল রিলেটিভিটি অনুসারে এর অস্তিত্ব অসম্ভব নয়৷ তবে এর খোঁজ এখনো পাওয়া যায়নি ২. স্পেস আলোর গতির বেশি গতিতে বৃদ্ধি পাচ্ছে। ৩. কোন কোন মাধ্যমে আলোর গতি c থেকে কমে যায়। তখন ঐ মাধ্যমে ভরযুক্ত বস্তুর গতিও ঐ মাধ্যমে আলোর গতি থেকে বেশি হতে পারে। কিন্তু c এর সমান বা বেশি না।
p-311-a-25,আলোর চেয়ে দ্রুত যাওয়া কি কখনো সম্ভব হবে?,পদার্থবিজ্ঞান,4,+4,714,https://www.sciencebee.com.bd/qna/12099/%E0%A6%A6%E0%A7%8D%E0%A6%B0%E0%A7%81%E0%A6%A4-%E0%A6%AF%E0%A6%BE%E0%A6%93%E0%A7%9F%E0%A6%BE,"['আলো', 'আলোর', 'বেগ', 'দ্রুত', 'জোরে']",স্বাভাবিকভাবে আলোর চেয়ে দ্রুতগতিতে চলা সম্ভব না।তবে একটি কাল্পনিক প্রযুক্তি আছে যার মাধ্যম স্পেসের গতিকে ব্যবহার করে এক জায়গা থেকে অন্যত্র যাওয়া যায় আলোর চেয়ে বেশি গতিতে(যেহেতু স্পেসের গতি আলোর গতির চেয়ে বেশি)। এই প্রযুক্তির নাম ওয়ার্প ড্রাইভ টেকনোলজি। যদি কখনো এই প্রযুক্তি বাস্তবায়ন সম্ভব হয় তাহলে আলোর চেয়ে দ্রুতগতিতে  চলা সম্ভব হবে।
p-311-a-26,আলোর চেয়ে দ্রুত যাওয়া কি কখনো সম্ভব হবে?,পদার্থবিজ্ঞান,4,+4,714,https://www.sciencebee.com.bd/qna/12099/%E0%A6%A6%E0%A7%8D%E0%A6%B0%E0%A7%81%E0%A6%A4-%E0%A6%AF%E0%A6%BE%E0%A6%93%E0%A7%9F%E0%A6%BE,"['আলো', 'আলোর', 'বেগ', 'দ্রুত', 'জোরে']","আলোর চেয়ে দ্রুত গতিতে চলা অসম্ভব।কেননা, আলোর চেয়ে দ্রুত গতিতে চললে আপনার সময় রিভার্স হয়ে যাবে। ফলে আপনি আগে কোনো ঘটনার ফলাফল দেখবেন, তারপর ঘটনাটি দেখবেন। যেমন: আলোর গতির চেয়ে বেশি গতিতে চললে আপনি যদি একটি ফলের দিকে ঢিল ছুঁড়েন, তবে আগে ফল পগতে দেখবেন তারপর ঢিলটিকে ছুটে যেতে দেখবেন। অর্থাৎ কজালিটি ইফেক্ট লংঘিত হবে যা বাস্তবতা বিরোধী।আবার একমাত্র ফোটন ছাড়া ভরযুক্ত সকল কণাই হিগস ফিল্ডের সাথে ইন্টারঅ্যাক্ট করে। আর হিগস ফিল্ডের সাথে ইন্টারঅ্যাক্ট কররে আলোর সমান গতি কিংবা এর বেশি গতি অর্জন সম্ভব নয়। তাই ভরযুক্ত কোনো কিছুরই আরোর গতিতে বা তার চেয়ে বেশি চলা সম্ভব নয়।তাই আলোর গতিতে ভরযুক্ত কোনো কিছুরই চলা সম্ভব না।"
p-311-a-27,বিশ্বের প্রথম কোয়ান্টাম কম্পিউটারের নাম কি?,প্রযুক্তি,2,+5,99,https://www.sciencebee.com.bd/qna/12094/%E0%A6%95%E0%A6%AE%E0%A7%8D%E0%A6%AA%E0%A6%BF%E0%A6%89%E0%A6%9F%E0%A6%BE%E0%A6%B0%E0%A7%87%E0%A6%B0,"['কম্পিউটার', 'প্রযুক্তি']",IBM Q System One
p-311-a-28,বিশ্বের প্রথম কোয়ান্টাম কম্পিউটারের নাম কি?,প্রযুক্তি,2,+5,99,https://www.sciencebee.com.bd/qna/12094/%E0%A6%95%E0%A6%AE%E0%A7%8D%E0%A6%AA%E0%A6%BF%E0%A6%89%E0%A6%9F%E0%A6%BE%E0%A6%B0%E0%A7%87%E0%A6%B0,"['কম্পিউটার', 'প্রযুক্তি']","আইবিএমের তৈরি বিশ্বের প্রথম কোয়ান্টাম কম্পিউটারের নাম হচ্ছে, 'আইবিএম কিউ সিস্টেম ওয়ান'।"
p-311-a-29,এইটা কি সত্যি? হুলচেয়ারের থাকা প্যারালাইজ মানুষ কিভাবে পানিতে সোজা হয়ে দাঁড়াবে?,তত্ত্ব ও গবেষণা,1,+6,120,https://www.sciencebee.com.bd/qna/12093/%E0%A6%B9%E0%A7%81%E0%A6%B2%E0%A6%9A%E0%A7%87%E0%A7%9F%E0%A6%BE%E0%A6%B0%E0%A7%87%E0%A6%B0,"['হুলচেয়ার', 'প্যারালাইজ']","Yasin Ahmed- Nicholas Samaras সর্বাধিক প্রতিশ্রুতিবদ্ধ আন্ডার ওয়াটার ফটোগ্রাফারদের মধ্যে। সমুদ্র এবং এর প্রাণীদের প্রতি তাঁর আবেগ এবং নিষ্ঠার সাথে মিলিত করে অসাধারণ নান্দনিকতার সাথে সমুদ্রের জগতকে সুন্দর করে তোলার ক্ষেত্রে তাঁর উদ্দীপনা তাকে খুব দ্রুত গ্রিসে এবং বিদেশেও প্রতিষ্ঠিত করেছিল।সম্প্রতি, তিনি গ্রীক প্যারালিম্পিয়ানিয়ান সাঁতারু আন্তোনিস সাসাপ্যাটাকিসের একটি অবিশ্বাস্যরূপে সুন্দর এবং শক্তিশালী ছবি তোলেন। ২০০৬ সালে মোটরবাইক দুর্ঘটনার কারণে মেরুদণ্ডের জখমের পরে ""Tsapatakis"" T8-9 সম্পূর্ণ প্যারালজির হয়ে ওঠেন।। তিনি 100 মিটার ব্রেস্টস্ট্রোক এসবি 4 শ্রেণিবিন্যাসে প্রতিযোগিতা করেন।""Tsapatakis"" জাতীয়, ইউরোপীয় এবং বৈশ্বিক প্রতিযোগিতায় অনেক পুরষ্কার পেয়েছিলেন। তিনি 20 টিরও বেশি স্বর্ণ, রৌপ্য এবং ব্রোঞ্জ পদক পেয়েছেন।Photographar name : Nicholas SamarasThe name of the person who is in the wheelchair: Tsapatakisসুত্র :https://en.karmawatercy.com/post/the-power-of-water-the-most-beautiful-photo-you-ll-see-today"
p-311-a-30,আলফা ওয়েভ (Aplha Wave) স্টাডি কাকে বলে?,বিবিধ,1,+6,"1,210",https://www.sciencebee.com.bd/qna/12090/aplha-%E0%A6%B8%E0%A7%8D%E0%A6%9F%E0%A6%BE%E0%A6%A1%E0%A6%BF,"['আলফা', 'ওয়েভ', 'স্টাডি', 'alpha', 'wave']","মনোযোগ দিয়ে পড়ালেখার সুফল ও বৈজ্ঞানিক ব্যখ্যাআলফা লেভেল এ study করবে, তাহলে সুফল পাওয়া যাবে পড়ালেখা থেকেআলফা লেভেল study টা কি?উত্তরঃ গভীর মনযোগে পড়াশোনা করা, যে গভীর মনযোগে ব্রেইন এ আলফা ওয়েভ তৈরী হয়।মানে মনোযোগ দিয়ে পড়ালেখা করা কোন ধরনের ডিস্ট্রাকশন ব্যাতীতকে আলফা লেভেল স্টাডি বলেএইআলফা ওয়েভমুগ্ধ হয়ে ঝরণা দেখ যখন, মুগ্ধ হয়ে বৃষ্টি দেখ যখন... তখনও তৈরী হয়।Guyton সাহেব বলেন- Quiet active state of cerebration produces alpha wave in the brain.মানে মুগ্ধ হয়ে, মনোযোগে কোন কাজ করলে ব্রেইন এ আলফা ওয়েভ তৈরী হয়।আলফা লেভেল এ পড়াশোনা করলে কি লাভ?মনোযোগ বাড়বেপড়া মনে থাকবে বেশীপড়ায় আনন্দ হবেবোরিং লাগবে নাক্লান্তি আসবে নাচেহারায় ক্লান্তির ছাপ পড়বে না বরং চেহারায় একটা গ্লামার আসবেমন ফ্রেশ থাকবেমানসিক growth ভাল হবে।কিভাবে আলফা লেভেল এ পড়াশোনা করা যায়?গোছানো নিরিবিলি পরিবেশ লাগবে।মন বিক্ষিপ্ত হওয়ার উপাদানগুলো থেকে একটু দূরে থাকতে হবে।ধর্মীয় কাজ করলে যেমন নামাজ পড়লে, যিকির করলে, ধর্মীয় বই পড়লে আলফা লেভেল এ পড়াশোনা করা সহজ হয়।তাই এখন থেকে নিয়মিত আলফা লেভেলে পড়ালেখা করার চেষ্টা করো এবং মনোযোগ দেও পড়ালেখায় নিজের পড়ার টাইমে ডিস্ট্রাকশনগুলাকে চিহ্নিত করে সেগুলা থেকে দূরে থাকো ।ক্রেডিটঃ ডাঃআবেদুর রহমান"
p-311-a-31,গণিতের প্রতি ভয় পাওয়া কোন ধরনের ফোবিয়া?,মনোবিজ্ঞান,3,+7,221,https://www.sciencebee.com.bd/qna/12088/%E0%A6%97%E0%A6%A3%E0%A6%BF%E0%A6%A4%E0%A7%87%E0%A6%B0-%E0%A6%AB%E0%A7%8B%E0%A6%AC%E0%A6%BF%E0%A7%9F%E0%A6%BE,"['ভয়', 'ফোবিয়া', 'গণিত', 'ম্যাথ', 'math']","গণিতের প্রতি মানুষের ভয়কে বলে Mathemaphobia। এমন অনেকেই আছেন যারা গণিত, এমনকি সংখ্যা ভয় পান এবং তাদের ধারণা তারা গণিতে দুর্বল। আসলে গণিতের প্রতি ভয় থাকার কারণেই তারা গাণিতিক সমস্যা সহজে সমাধান করে পারেন না। মনোবিজ্ঞানীদের মতে, মানুষ গণিত বা সংখ্যার প্রতি ভয় আসে মূলত মস্তিষ্ক থেকে। অনেকেই আছেন যাদেরকে গণিতিক সমস্যা সমাধান করতে দিলেও তারা যন্ত্রণা অনুভব করেন। মূলত, কর্টিসল হরমোন নিঃসরণ এর জন্য এই যন্ত্রণা ও উত্তেজনা অনুভব হয়।গণিতের প্রতি অস্বাভাবিক ভীতি জন্মানোর কারণ হচ্ছে অভিভাবক ও শিক্ষকরা গণিতকে শিশুদের কাছে বিভীষিকার উদাহরণ হিসেবে ব্যবহার করে। শিশুদের মনে এই নেতিবাচক ধারণা গেঁথে যায়। গণিতের প্রতি ভয় থাকে বলেই তাদের গাণিতিক কোনো সমস্যা সমাধানের দক্ষতা কম থাকে। গাণিতিক কোনো সমস্যা সমাধানে আমাদের সাহায্য করে ওয়ার্কিং মেমরি বা ক্ষণস্থায়ী স্মৃতি। গণিত ভীতি থাকলে এই ক্ষণস্থায়ী স্মৃতি ব্যস্ত থাকে গণিত নিয়ে শুনে আসা নেতিবাচক কথাগুলো নিয়ে। যার ফলে গাণিতিক সমস্যা সমাধানের সময় সব তালগোল পাকিয়ে যায়।গণিতের প্রতি ভীতি কাটিয়ে তুলার জন্য বেশ কিছু উপায় অবলম্বন করা যায়। যেমন: গাণিতিক কোনো সমস্যা সমাধানের সময় উত্তেজনা অনুভব করলে জোরে জোরে নিশ্বাস নিতে হবে, এতে উত্তেজনা কিছুটা হলেও কমবে। গণিত ভয় পাওয়া একটি মানসিক সমস্যা, তাই এটি দূর করার জন্য গণিতকে নিয়ে ভয়ের কথা খাতায় বা ডায়েরিতে লিখা ফেলতে হবে। এই প্রক্রিয়াকে বলে Expressive Writing। এর ফলে ওয়ার্কিং মেমরির উপর চাপ কমে। গণিতের প্রতি মনোভাব পরিবর্তন ও খাপ খাইয়ে নেওয়ার মাধ্যমেও এই ফোবিয়া দূর করা যেতে পারে।&copy; Nishat Tasnim (Science Bee)"
p-311-a-32,গণিতের প্রতি ভয় পাওয়া কোন ধরনের ফোবিয়া?,মনোবিজ্ঞান,3,+7,221,https://www.sciencebee.com.bd/qna/12088/%E0%A6%97%E0%A6%A3%E0%A6%BF%E0%A6%A4%E0%A7%87%E0%A6%B0-%E0%A6%AB%E0%A7%8B%E0%A6%AC%E0%A6%BF%E0%A7%9F%E0%A6%BE,"['ভয়', 'ফোবিয়া', 'গণিত', 'ম্যাথ', 'math']",গণিতের প্রতি মানুষের ভয় পাওয়া কে ম্যাথেমাফোবিয়া বলে।
p-311-a-33,গণিতের প্রতি ভয় পাওয়া কোন ধরনের ফোবিয়া?,মনোবিজ্ঞান,3,+7,221,https://www.sciencebee.com.bd/qna/12088/%E0%A6%97%E0%A6%A3%E0%A6%BF%E0%A6%A4%E0%A7%87%E0%A6%B0-%E0%A6%AB%E0%A7%8B%E0%A6%AC%E0%A6%BF%E0%A7%9F%E0%A6%BE,"['ভয়', 'ফোবিয়া', 'গণিত', 'ম্যাথ', 'math']","গণিতভীতি নিয়ে গবেষণা শুরু করেন মেরি ফিডেস গফ নামের এক গবেষক। ১৯৫৪ সালে তিনি প্রথম তার লেখায় &lsquo;Mathemaphobia&rsquo; নামে শব্দটির প্রচলন করেন। গণিতের প্রতি সাধারণ মানুষের ভীতি আর তার প্রতিকারে কী করা যেতে পারে, তা ছিলো এই গবেষকের গবেষণার বিষয়বস্তু। পরবর্তীতে স্কুল, কলেজ আর বিশ্ববিদ্যালয়ের শত-সহস্র ছাত্র ছাত্রীর উপরে গণিতের ভয় নিয়ে গবেষণা করা হয়েছে।'Mathemaphobia' শব্দটির প্রচলন হয় পঞ্চাশের দশকে;"
p-311-a-34,ইঁদুর জিনিসপত্র কাটাকাটি করে কেন?,বিবিধ,3,+6,709,https://www.sciencebee.com.bd/qna/12085/%E0%A6%9C%E0%A6%BF%E0%A6%A8%E0%A6%BF%E0%A6%B8%E0%A6%AA%E0%A6%A4%E0%A7%8D%E0%A6%B0-%E0%A6%95%E0%A6%BE%E0%A6%9F%E0%A6%BE%E0%A6%95%E0%A6%BE%E0%A6%9F%E0%A6%BF,"['ইঁদুর', 'কাটাকাটি', 'করে', 'কাঁটা']",বিস্তারিত -https://www.sciencebee.com.bd/qna/9147/%E0%A6%87%E0%A6%81%E0%A6%A6%E0%A7%81%E0%A6%B0-%E0%A6%B8%E0%A6%BE%E0%A6%AC%E0%A6%BE%E0%A6%A8?show=9147#q9147
p-311-a-35,ইঁদুর জিনিসপত্র কাটাকাটি করে কেন?,বিবিধ,3,+6,709,https://www.sciencebee.com.bd/qna/12085/%E0%A6%9C%E0%A6%BF%E0%A6%A8%E0%A6%BF%E0%A6%B8%E0%A6%AA%E0%A6%A4%E0%A7%8D%E0%A6%B0-%E0%A6%95%E0%A6%BE%E0%A6%9F%E0%A6%BE%E0%A6%95%E0%A6%BE%E0%A6%9F%E0%A6%BF,"['ইঁদুর', 'কাটাকাটি', 'করে', 'কাঁটা']","Mehedi Hasan -ইঁদুর না চাইলেও ইঁদুরকে কাপড় কাটতে হয় কারণ প্রাকৃতিক ভাবে ইঁদুরের দাঁত আস্তে আস্তে অনেক বড় হতে থাকে, এবং ইঁদুরকে কাপড় কেটে দাঁতের আকার বজায় রাখতে হয়,,, আর যদি ইঁদুর কাপড় না কাটে তাইলে ইঁদুরের দাঁত আস্তে আস্তে বড় হয়ে ঠোঁট ভেদ করার সম্ভাবনা আছে এবং এতে ইঁদুরের মৃত্যুও ঘটতে পারে এই জন্য"
p-311-a-36,ইঁদুর জিনিসপত্র কাটাকাটি করে কেন?,বিবিধ,3,+6,709,https://www.sciencebee.com.bd/qna/12085/%E0%A6%9C%E0%A6%BF%E0%A6%A8%E0%A6%BF%E0%A6%B8%E0%A6%AA%E0%A6%A4%E0%A7%8D%E0%A6%B0-%E0%A6%95%E0%A6%BE%E0%A6%9F%E0%A6%BE%E0%A6%95%E0%A6%BE%E0%A6%9F%E0%A6%BF,"['ইঁদুর', 'কাটাকাটি', 'করে', 'কাঁটা']","ইঁদুরের সামনের দাঁত সবসময়ই বড় হতে থাকে। কিন্তু ইঁদুরেরা কাগজ,জামা-কাপড় কেটে ঐ বড় হওয়া দাঁতের ক্ষয় করে ছোট রাখার চেষ্টা করে। যে ইঁদুর দাঁত ছোট রাখবে না সেই ইঁদুরকে নিজের দাঁতের আঘাতে মৃত্যুবরণ করতে হবে।বড় হয়ে যাওয়া দাঁত মুখ থেকে বের হয়ে আসে তাদের মস্তিস্কেও আঘাত করতে পারে।"
p-311-a-37,এরিয়া-৫১ আসলে কি? এটি সম্পর্কে জানতে চাই।,প্রযুক্তি,2,+5,347,https://www.sciencebee.com.bd/qna/12083/%E0%A6%8F%E0%A6%B0%E0%A6%BF%E0%A7%9F%E0%A6%BE-%E0%A6%B8%E0%A6%AE%E0%A7%8D%E0%A6%AA%E0%A6%B0%E0%A7%8D%E0%A6%95%E0%A7%87,"['এরিয়া', '৫১', 'বিস্তারিত', 'area-51']","এরিয়া ৫১ কী?এরিয়া ৫১ কোনও মানচিত্রের একটি নির্দিষ্ট অবস্থান বোঝায় এবং মার্কিন যুক্তরাষ্ট্রের বিমান বাহিনীর একটি ঘাঁটির জন্য জনপ্রিয় নাম। এটি লাস ভেগাসের উত্তরে ৮৫ মাইল (১৩৫ কিলোমিটার) নেভাদা মরুভূমির গ্রুম লেকে অবস্থিত।ভিতরে কি হয় তা অত্যন্ত গোপনীয়তার সাথে করা হয়। সতর্কতার কিছু  উদাহারন, বৈদ্যুতিক ফেন্স এবং সশস্ত্র রক্ষীদের দ্বারা জনসাধারণকে দূরে রাখা হয় ঘাটি টি থেকে।এরিয়া ৫১ রাস্তার এর ওপরে ওঠাও অবৈধ, যদিও সাইটটি এখন উপগ্রহের চিত্রগুলিতে (গুগল মাপ়্ এও আছে) দৃশ্যমান। বেসটিতে রানওয়ে ১২০০০ ফিট (২.৩ মাইল / ৩.৭কিলোমিটার) পর্যন্ত দীর্ঘ।কেন এটি নির্মিত হয়েছিল?আমেরিকা যুক্তরাষ্ট্র এবং সোভিয়েত ইউনিয়নের মধ্যকার কোল্ড ওয়ারের সময় ইউ -২ এবং এসআর -১১ ব্ল্যাকবার্ড  বিমানগুলি সহ বিমানের পরীক্ষামূলক এবং উন্নয়নের জায়গা হিসেবে এরিয়া ৫১ তৈরি করা হয়েছিল।যদিও এটি ১৯৫৫ সালে খোলা হয়েছিল, এর অস্তিত্ব কেবলমাত্র সিআইএ কর্তৃক দ্বারা  আগস্ট ২০১৩ সালে  স্বীকৃত হয়েছিল!সিআইএর প্রকাশের চার মাস পরে রাষ্ট্রপতি ওবামা প্রথম মার্কিন প্রেসিডেন্ট হয়ে জনসমক্ষে ৫১ টি অঞ্চল উল্লেখ করেছেন।এরিয়া ৫১ এ কি এলিয়েন এবং ফ্লাইং সসার রয়েছে?৫১ এর আশেপাশের গোপনীয়তা অনেকগুলি ষড়যন্ত্র তত্ত্বকে তৈরি করতে সহায়তা করেছে।সর্বাধিক বিখ্যাত এই দাবী যে এই সাইটটি একটি এলিয়েন মহাকাশযান এবং তার চালকদের মৃতদেহকে লুকিয়ে রেখেছে, ১৯৪৭  সালে নিউ মেক্সিকোয়ের রোজওয়েলে তারা ক্রাশ করার পরে।তবে মার্কিন সরকার বলেছিল যে এটি কোনও এলিয়েন মহাকাশযান ছিল না এবং বিধ্বস্ত যানটি একটি আবহাওয়ার বেলুন ছিল।অন্যরা অনেকেই ইউএফও দেখেছেন সাইটের উপরে বা তার কাছাকাছি!এবং, ১৯৮৯ সালে, রবার্ট লাজার নামে এক ব্যক্তি দাবি করেছিলেন যে তিনি এরিয়া ৫১ এ এলিয়েন প্রযুক্তি নিয়ে কাজ করেছেন। তিনি দাবি করেছেন যে এলিয়েনদের মেডিকেল ফটোগ্রাফ দেখেছেন এবং সরকার ইউএফও পরীক্ষা করার জন্য এই সাইটটি  ব্যবহার করে।""১৯৫০ সালের প্রথম দিকে নেভাডায় অজ্ঞাতপরিচয় উড়ন্ত বস্তুর সন্ধানের জন্য সিআইএ একটি ইউএফও অফিস তৈরি করেছিল। লোকেরা যখন প্রথম প্রথম ইউ -২ স্পাই বিমানটি উড়তে দেখেছিল তখন তারা বুঝতে পারছিল না যে তারা কী দেখছে, এবং এটিকে ইউএফও বলে রিপোর্ট করেছিল। "" মিসেস জ্যাকবসেন বলেছেন, এরিয়া ৫১ এর ইতিহাস সম্বন্ধে তিনি একটি বই  লিখেছিলেন।ইউ -২ স্পাই বিমান যখন তৈরি করা হয়েছিল তখন এর তৈরিতে ব্যবহার করা প্রযুক্তি খুবই উন্নত ছিল, বিমানটির আকৃতির সাথে ইউএফও আকৃতিরও বেশ অনেক সাদৃশ্য আছে!যাই হোক, মার্কিন সরকার এরিয়া ৫১ এ যে এলিয়েন আছে তা কখন স্বীকার করেনি, এবং এটিকে নিয়ে এখনো অনেক কল্পনা-জল্পনা করা হয়!©Mir Mustaufiq​​"
p-311-a-38,এরিয়া-৫১ আসলে কি? এটি সম্পর্কে জানতে চাই।,প্রযুক্তি,2,+5,347,https://www.sciencebee.com.bd/qna/12083/%E0%A6%8F%E0%A6%B0%E0%A6%BF%E0%A7%9F%E0%A6%BE-%E0%A6%B8%E0%A6%AE%E0%A7%8D%E0%A6%AA%E0%A6%B0%E0%A7%8D%E0%A6%95%E0%A7%87,"['এরিয়া', '৫১', 'বিস্তারিত', 'area-51']","এরিয়া ৫১ হল পশ্চিম আমেরিকার নেভাদা মরুভূমির একটি অংশ। লাস ভেগাস থেকে ৮৩ কিলোমিটার দূরে অবস্থিত এই জায়গার বিশেষত্ব হল, এখানকার ভিনগ্রহের প্রাণের অস্তিত্বের কাহিনি। কাহিনিগুলি কতটা সত্যি, কতটা মিথ্যে তা জানা না গেলেও আমেরিকার সেনাবাহিনী যে সব সময় এই জায়গাটিকে লোকচক্ষুর আড়ালে রাখতে চায়, তা স্পষ্ট হয়েছে বহু বার।"
