id,question,question_category,number_of_answer,number_of_vote,number_of_view,answer_link,question_tag,answer
p-139-a-0,বুধের কোন উপগ্রহ নেই কেন?,জ্যোতির্বিজ্ঞান,2,+1,77,https://www.sciencebee.com.bd/qna/20921/%E0%A6%AC%E0%A7%81%E0%A6%A7%E0%A7%87%E0%A6%B0-%E0%A6%89%E0%A6%AA%E0%A6%97%E0%A7%8D%E0%A6%B0%E0%A6%B9,"['বুধ', 'উপগ্রহ']","বুধ গ্রহ সূর্যের এত কাছে যে তাদের কোনো উপগ্রহ থাকা কঠিন। কারণ যদি কোনো গ্রহাণু মহাশূন্যে ঘুরতে ঘুরতে তার কাছাকাছি এসেও পড়ে, তাহলে ওই গ্রহ দুটির উপগ্রহ না হয়ে বরং সূর্যের আকর্ষণে সূর্যের দিকেই আকৃষ্ট হয়ে ওদিকে চলে যায়। অথবা ধরা যাক, কোনো গ্রহাণু তাদের আঘাত করল। তাতে কী? বিচ্ছিন্ন অংশ সেই সূর্যের আকর্ষণে ওদিকেই চলে যেত। আমাদের পৃথিবী যখন গঠনের প্রক্রিয়ায় ছিল, পৃথিবীর অধিকাংশ প্রায় গলিত পদার্থে আবৃত, সেই সময় বড় কোনো গ্রহাণু সজোরে আঘাত করায় একটি অংশ বিচ্ছিন্ন হয়ে পৃথিবীর চারপাশে নির্দিষ্ট কক্ষপথে ঘুরতে থাকে। এভাবে আমাদের চাঁদের জন্ম। এটা সম্ভব হয়েছিল, কারণ পৃথিবী সৌরজগতের অভ্যন্তরের চারটি গ্রহের একটি হলেও সূর্য থেকে কিছুটা দূরে রয়েছে। ফলে বিচ্ছিন্ন অংশ সূর্যের দিকে না গিয়ে পৃথিবীর চারপাশে কক্ষপথে ঘুরতে থাকে। মঙ্গল গ্রহেরও দুটি ছোট উপগ্রহ রয়েছে। এরা অবশ্য আমাদের চাঁদের মতো গোলাকার নয়। এ দুটিই পাথর ও লোহার তৈরি। এদের নাম ফোবোস ও ডিইমোস। এই নাম দুটির অর্থ ভয় ও আতঙ্ক। কেন এমন নাম, তা এক প্রশ্ন বটে। এর দূরবর্তী গ্রহগুলো অ্যাস্টোরয়েড বেল্টেরও দূরে।"
p-139-a-1,বুধের কোন উপগ্রহ নেই কেন?,জ্যোতির্বিজ্ঞান,2,+1,77,https://www.sciencebee.com.bd/qna/20921/%E0%A6%AC%E0%A7%81%E0%A6%A7%E0%A7%87%E0%A6%B0-%E0%A6%89%E0%A6%AA%E0%A6%97%E0%A7%8D%E0%A6%B0%E0%A6%B9,"['বুধ', 'উপগ্রহ']","এর প্রধান সম্ভাব্য কারণ হচ্ছে, এরা সূর্যের খুব নিকটে অবস্থান করছে। গ্রহদ্বয় থেকে বেশ দূরে অবস্থানকারী কোন উপগ্রহ স্থিতিশীল কক্ষপথের মালিক হতে ব্যর্থ হয়। এর ফলে এটি গ্রহের আকর্ষণে থাকার পরিবর্তে সূর্যের টানে সাড়া দেয়।"
p-139-a-2,পানি বরফে পরিণত হলে আয়তন বাড়ে কেন?,রসায়ন,4,+4,486,https://www.sciencebee.com.bd/qna/20920/%E0%A6%AA%E0%A6%BE%E0%A6%A8%E0%A6%BF-%E0%A6%AC%E0%A6%B0%E0%A6%AB%E0%A7%87-%E0%A6%AA%E0%A6%B0%E0%A6%BF%E0%A6%A3%E0%A6%A4,"['পানি', 'বরফ', 'আয়তন']","যখন পানির অণুগুলি তরল অবস্থায় থাকে, তখন স্বাভাবিকভাবেই পরমাণুগুলো ক্রমাগত জোরে জোরে কাঁপতে থাকে। ফলে হাইড্রোজেন বন্ধনগুলি স্থির থাকতে পারে না। এরা নির-বিচ্ছিন্নভাবে গঠিত হতে থাকে এবং ভাংতে থাকে। এই প্রক্রিয়াটি ক্রমাগত চলে। হিসাব করে দেখা গেছে  25 ডিগ্রি সেন্টিগ্রেড তাপমাত্রায় একটি পানির অণুতে গড় হাইড্রোজেন বন্ডের পরিমাণ 3.4।এবার তরল পানিকে বরফে রূপান্তরের সময় তাপ অপসারণ করা হয়। ফলে পানির অণুগুলো শক্তি হারাতে থাকে এবং এর স্পন্দনের হার কমে যায়। শক্তি কমে যাওয়ার দরুন এই হাইড্রোজেন বন্ধন ভেঙে যাওয়ার হার কমে যায় এবং অণুগুলির মধ্যে আরও স্থিতিশীল হাইড্রোজেন-বন্ধন তৈরি হতে থাকেফলে, তাপমাত্রা হিমাঙ্কের কাছে পৌঁছে যাওয়ার পরে পানির অণুগুলোর স্ফটিক জাল কাঠামোর কারণে গড় হাইড্রোজেন বন্ডের সংখ্যা সর্বোচ্চ বন্ড সংখ্যা 4 এর কাছাকাছি পৌছায়। এমন স্ফটিক বা ক্রিস্টাল জাল কাঠামোর জন্য তরলে একটি পানির অণু তার পার্শ্ববর্তী সকল পানির অণুর সাথে হাইড্রোজেন বন্ধন গঠন করে। ফলে পানির অণুটি তার পার্শ্ববর্তী সকল পানির অণু থেকে হাইড্রোজেন বন্ডের সমান দূরত্বে অবস্থান করে। ফলে অধিক স্থান উন্মুক্ত বা ফাকা রয়ে যায়। ফলে আয়তন বেড়ে যায়।এভাবেই যখন অন্যান্য পদার্থের ক্ষেত্রে কঠিনে রুপান্তর হলে আয়তন কমে যায় সেখানে তরল পানিকে বরফে পরিণত করা হলে এর আয়তন না কমে উল্টো বেড়ে যায়।"
p-139-a-3,পানি বরফে পরিণত হলে আয়তন বাড়ে কেন?,রসায়ন,4,+4,486,https://www.sciencebee.com.bd/qna/20920/%E0%A6%AA%E0%A6%BE%E0%A6%A8%E0%A6%BF-%E0%A6%AC%E0%A6%B0%E0%A6%AB%E0%A7%87-%E0%A6%AA%E0%A6%B0%E0%A6%BF%E0%A6%A3%E0%A6%A4,"['পানি', 'বরফ', 'আয়তন']","পানির অণুতে অক্সিজেন এবং হাইড্রোজেন পরমাণু ষড়ভুজাকৃতির হয়ে বন্ধন গঠন করে। ঠিক যেন একটা ত্রিমাত্রিক ষড়ভুজ। এখন পানি তরল অবস্থায় এই কল্পিত ষড়ভুজ কাঠামোটিতে বাহুগুলোর মধ্যে যে কোন থাকে, বরফ হয়ে গেলে সেই কোণগুলো বৃদ্ধি পায়। ফলে প্রতিটি ষড়ভুজ আণবিক কাঠামোর আয়তন বৃদ্ধি পায়।"
p-139-a-4,পানি বরফে পরিণত হলে আয়তন বাড়ে কেন?,রসায়ন,4,+4,486,https://www.sciencebee.com.bd/qna/20920/%E0%A6%AA%E0%A6%BE%E0%A6%A8%E0%A6%BF-%E0%A6%AC%E0%A6%B0%E0%A6%AB%E0%A7%87-%E0%A6%AA%E0%A6%B0%E0%A6%BF%E0%A6%A3%E0%A6%A4,"['পানি', 'বরফ', 'আয়তন']","সাধারণভাবে পদার্থ প্রকৃতিতে তিনটি অবস্থায় থাকতে পারে। এগুলো হল কঠিন, তরল ও গ্যাসীয়। এদের মধ্যে কঠিন পদার্থের ঘনত্ব সবচেয়ে বেশি, তরলের তুলনামূলক কম এবং গ্যাসীয় পদার্থের ঘনত্ব অত্যন্ত কম। কঠিন পদার্থকে তাপ দিলে তা তরলে এবং তরলকে তাপ দিলে তা গ্যাসীয় বা বায়বীয় পদার্থে পরিণত হয় (কিছু ক্ষেত্রে ভিন্নতা রয়েছে)। আবার তাপ অপসারণ করতে থাকলে ঠিক উল্টো ঘটনা ঘটে।এবার একটি কঠিন পদার্থের কথা ভাবুন যাকে তাপ দিলে তরলে পরিণত করা যাবে। এবার ওই কঠিন পদার্থকে যদি তাপ দিতে থাকেন তাহলে একটি নির্দিষ্ট তাপমাত্রায় তরলে পরিণত হতে শুরু করবে। আর এই অবস্থায় পদার্থের আয়তন বাড়তে থাকে।তাপ প্রয়োগ করলে পদার্থের পরমাণু গুলো শক্তি গ্রহণ করে পূর্বের তুলনায় অধিকতর দ্রুত কাপতে থাকে। এই অধিক কম্পনের জন্য পরমাণুগুলোর পূর্বের তুলনায় অধিক স্থানের প্রয়োজন হয়। এতে করে পরমাণু সমূহের মধ্যে দূরত্ব বাড়তে থাকে। ফলে পদার্থের আয়তন বেড়ে যায়।এই পদার্থটিকে যদি আরও তাপ দিতে থাকেন তাহলে পরমাণুর সমূহের মধ্যে দূরত্ব আরও বাড়তে থাকবে এবং এটি গ্যাসীয় পদার্থে পরিণত হবে। এ অবস্থায় পদার্থের আয়তন হবে সর্বোচ্চ।এবার উল্টো প্রক্রিয়াটি চিন্তা করুন। গ্যাসীয় পদার্থের তাপ অপসারণ করলে এটি শীতল হয়ে আয়তন কমে তরলে পরিণত হবে। এই তরলের তাপমাত্রা আরও কমালে আয়তন কমে সেটি কঠিন পদার্থে পরিণত হবে।হ্যাঁ, এ পর্যন্ত সবই ঠিক ছিল। মূল সমস্যাটি তৈরি হয় পানি যখন বরফে পরিণত হয়। পূর্বের আলোচনা অনুযায়ী আমরা জানলাম যে তরল কঠিনে পরিণত হলে পদার্থের আয়তন কমে। কিন্তু পানির ক্ষেত্রে এই ঘটনাটি সম্পূর্ণ বিপরীত। পানি বরফে পরিণত হলে আয়তন না কমে উল্টো বেড়ে যায়।তাহলে কেন এমনটি ঘটে?মূলত পানির অণুর অদ্ভুত গঠন এই ঘটনাটির জন্য দায়ী।পানিতে প্রতিটি অণুসমূহের মধ্যে একটি অক্সিজেন পরমাণু দুটি হাইড্রোজেন পরমাণুর সাথে সমযোজী বন্ধন দ্বারা গঠিত। পানিতে অক্সিজেন পরমাণু ঈষৎ ঋণাত্মক আধানযুক্ত এবং হাইড্রোজেন পরমাণু ঈষৎ ধনাত্মক আধানযুক্ত হয়ে অবস্থান করে। ফলে সমযোজী বন্ধনের পাশাপাশি দুটি পানির অণুর মধ্যে হাইড্রোজেন পরমাণুর সাথে অক্সিজেন পরমাণুর  আকর্ষণ বলের মাধ্যমে একটি বন্ধন গড়ে ওঠে, যাকে  আমরা হাইড্রোজেন বন্ধন বলে থাকি।যখন পানির অণুগুলি তরল অবস্থায় থাকে, তখন স্বাভাবিকভাবেই পরমাণুগুলো ক্রমাগত জোড়ে জোড়ে কাঁপতে থাকে। ফলে হাইড্রোজেন বন্ধনগুলি স্থির থাকতে পারে না। এরা নির-বিচ্ছিন্নভাবে গঠিত হতে থাকে এবং ভাংতে থাকে। এই প্রক্রিয়াটি ক্রমাগত চলে। হিসাব করে দেখা গেছে  25 ডিগ্রি সেন্টিগ্রেড তাপমাত্রায় একটি পানির অণুতে গড় হাইড্রোজেন বন্ডের পরিমাণ 3.4।এবার তরল পানিকে বরফে রূপান্তরের সময় তাপ অপসারণ করা হয়। ফলে পানির অণুগুলো শক্তি হারাতে থাকে এবং এর স্পন্দনের হার কমে যায়। শক্তি কমে যাওয়ার দরুন এই হাইড্রোজেন বন্ধন ভেঙে যাওয়ার হার কমে যায় এবং অণুগুলির মধ্যে আরও স্থিতিশীল হাইড্রোজেন-বন্ধন তৈরি হতে থাকে।ফলে, তাপমাত্রা হিমাঙ্কের কাছে পৌঁছে যাওয়ার পরে পানির অণুগুলোর স্ফটিক জাল কাঠামোর কারণে গড় হাইড্রোজেন বন্ডের সংখ্যা সর্বোচ্চ বন্ড সংখ্যা 4 এর কাছাকাছি পৌছায়। এমন স্ফটিক বা ক্রিস্টাল জাল কাঠামোর জন্য তরলে একটি পানির অণু তার পার্শ্ববর্তী সকল পানির অণুর সাথে হাইড্রোজেন বন্ধন গঠন করে। ফলে পানির অণুটি তার পার্শ্ববর্তী সকল পানির অণু থেকে হাইড্রোজেন বন্ডের সমান দূরত্বে অবস্থান করে। ফলে অধিক স্থান উন্মুক্ত বা ফাকা রয়ে যায়। ফলে আয়তন বেড়ে যায়।এভাবেই যখন অন্যান্য পদার্থের ক্ষেত্রে কঠিনে রুপান্তর হলে আয়তন কমে যায় সেখানে তরল পানিকে বরফে পরিণত করা হলে এর আয়তন না কমে উল্টো বেড়ে যায়।"
p-139-a-5,পানি বরফে পরিণত হলে আয়তন বাড়ে কেন?,রসায়ন,4,+4,486,https://www.sciencebee.com.bd/qna/20920/%E0%A6%AA%E0%A6%BE%E0%A6%A8%E0%A6%BF-%E0%A6%AC%E0%A6%B0%E0%A6%AB%E0%A7%87-%E0%A6%AA%E0%A6%B0%E0%A6%BF%E0%A6%A3%E0%A6%A4,"['পানি', 'বরফ', 'আয়তন']","পানি জমে বরফ হলে এর আয়তন কেন বাড়ে?আপনার প্রশ্নের জন্য অনেক অনেক ধন্যবাদ।এ প্রশ্নের উত্তর আমি আমার সীমাবদ্ধ জ্ঞানের ভিতরেই দেয়ার চেষ্টা করব যেহেতু আমার এই সম্পর্কে পড়াশোনা আরো অনেক বাকি।পানি যখন জমে বরফ হয়ে যায় তখন এর ঘনত্ব কমে যায়। এখন রূপান্তরিত পানির ভরতো আর পরিবর্তিত হয়নি! তাই একই পরিমাণ বরফ অধিক স্থান গ্রহণ করে। ফলে আয়তন বৃদ্ধি পায়। এর গাণিতিক প্রমাণ নিম্নরূপ --পানির আয়তন =  w1পানির ঘনত্ব =  p1পানির ভর = m1বরফের ভর = m2বরফের ঘনত্ব = p2বরফের আয়তন = w2এখন, পানির ঘনত্ব > বরফের ঘনত্ববা,  p1 >  p2বা,  m1v1>m2v2বা ,1v1>1v2 ( যেহেতু  m1=m2 )বা,  v1<v2সুতরাং, পানির আয়তন < বরফের আয়তন।অর্থাৎ বরফের আয়তন সমপরিমাণ পানি হতে বেশি।"
p-139-a-6,ফারসি আর ফরাসি এর মধ্যে পার্থক্য কি?,বাংলাদেশ ও বিশ্ব,3,+1,444,https://www.sciencebee.com.bd/qna/20919/%E0%A6%AB%E0%A6%BE%E0%A6%B0%E0%A6%B8%E0%A6%BF-%E0%A6%AA%E0%A6%BE%E0%A6%B0%E0%A7%8D%E0%A6%A5%E0%A6%95%E0%A7%8D%E0%A6%AF,"['পার্থক্য', 'ফারসি', 'ফরাসি']","ফারসি হলো পারস্যের প্রাচীন জনগোষ্ঠীর ভাষা।বর্তমানে ভাষাটির তিনটি সরকারী রূপ প্রচলিত: ইরানে এটি ফ়র্সী বা পর্সী নামে পরিচিত। আফগানিস্তানেও এটি বহুল প্রচলিত; সেখানে এটি দ্যারী  নামে পরিচিত। ভাষাটির আরেকটি রূপ তাজিকিস্তান এবং পামির মালভূমি অঞ্চলে প্রচলিত।আর ফরাসি হলো একটি রোমান্স  ভাষা,যার মূল প্রচলন ইউরোপে, বিশেষত ফ্রান্স,ইতালি, বেলজিয়াম ও সংলগ্ন কিছু দেশ।"
p-139-a-7,ফারসি আর ফরাসি এর মধ্যে পার্থক্য কি?,বাংলাদেশ ও বিশ্ব,3,+1,444,https://www.sciencebee.com.bd/qna/20919/%E0%A6%AB%E0%A6%BE%E0%A6%B0%E0%A6%B8%E0%A6%BF-%E0%A6%AA%E0%A6%BE%E0%A6%B0%E0%A7%8D%E0%A6%A5%E0%A6%95%E0%A7%8D%E0%A6%AF,"['পার্থক্য', 'ফারসি', 'ফরাসি']",ফারসি হল প্রাচীন ইরানের ভাষাফরাসি ভাষা হল একটি রোম্যান্স ভাষা যার ব্যবহার হয় ইউরোপীয় দেশে।
p-139-a-8,ফারসি আর ফরাসি এর মধ্যে পার্থক্য কি?,বাংলাদেশ ও বিশ্ব,3,+1,444,https://www.sciencebee.com.bd/qna/20919/%E0%A6%AB%E0%A6%BE%E0%A6%B0%E0%A6%B8%E0%A6%BF-%E0%A6%AA%E0%A6%BE%E0%A6%B0%E0%A7%8D%E0%A6%A5%E0%A6%95%E0%A7%8D%E0%A6%AF,"['পার্থক্য', 'ফারসি', 'ফরাসি']",ফরাসি হচ্ছে ফ্রান্সের ভাষা বা ফ্রান্সের কাউকে বুঝাতে ফরাসি বলা হয়। যেমন তিনি একজন ফরাসি লেখক। আর ফারসি হচ্ছে ইরান বা তৎকালীন পারস্যের ভাষা।
p-139-a-9,গিরগিটি ও অক্টোপাস কিভাবে রং বদলায়?,জীববিজ্ঞান,3,+2,110,https://www.sciencebee.com.bd/qna/20917/%E0%A6%97%E0%A6%BF%E0%A6%B0%E0%A6%97%E0%A6%BF%E0%A6%9F%E0%A6%BF-%E0%A6%85%E0%A6%95%E0%A7%8D%E0%A6%9F%E0%A7%8B%E0%A6%AA%E0%A6%BE%E0%A6%B8,"['রং', 'বদল']",এই প্রশ্নগুলা আগেও করা হয়েছে। সেই জায়গা থেকে দেখে নিলেই পারতেন।https://www.sciencebee.com.bd/qna/314/%E0%A6%85%E0%A6%95%E0%A7%8D%E0%A6%9F%E0%A7%8B%E0%A6%AA%E0%A6%BE%E0%A6%B8-%E0%A6%AA%E0%A6%B0%E0%A6%BF%E0%A6%AC%E0%A6%B0%E0%A7%8D%E0%A6%A4%E0%A6%A8
p-139-a-10,গিরগিটি ও অক্টোপাস কিভাবে রং বদলায়?,জীববিজ্ঞান,3,+2,110,https://www.sciencebee.com.bd/qna/20917/%E0%A6%97%E0%A6%BF%E0%A6%B0%E0%A6%97%E0%A6%BF%E0%A6%9F%E0%A6%BF-%E0%A6%85%E0%A6%95%E0%A7%8D%E0%A6%9F%E0%A7%8B%E0%A6%AA%E0%A6%BE%E0%A6%B8,"['রং', 'বদল']","অক্টোপাসের মতো গিরগিটি চামড়ার রং বদলে ফেলে না। তবে সাম্প্রতিক গবেষণায় দেখা গেছে যে, গিরগিটি এই কাজটা তার শরীরের কোষের কাঠামোগত পরিবর্তন ঘটিয়ে করে থাকে। আমরা জানি যে, কোন পদার্থের কি রং হবে তা নির্ভর করে পদার্থটি কি রং শোষণ করে আর কি রঙের প্রতিফলন ঘটায়।"
p-139-a-11,গিরগিটি ও অক্টোপাস কিভাবে রং বদলায়?,জীববিজ্ঞান,3,+2,110,https://www.sciencebee.com.bd/qna/20917/%E0%A6%97%E0%A6%BF%E0%A6%B0%E0%A6%97%E0%A6%BF%E0%A6%9F%E0%A6%BF-%E0%A6%85%E0%A6%95%E0%A7%8D%E0%A6%9F%E0%A7%8B%E0%A6%AA%E0%A6%BE%E0%A6%B8,"['রং', 'বদল']","প্যানথার নামের গিরগিটির রং পাল্টাতে সময় লাগে দুই মিনিট। অনেক দিন ধরেই গবেষণা চলছে, কেমন করে এটি তারা পারে। সম্প্রতি জানা গেছে, রং পাল্টানোর এ কৌশল আসলে লুকিয়ে আছে তাদের শরীরের ভেতর। প্রচলিত ধারণা, অনেক গিরগিটিরই চামড়ার নিচে রয়েছে রঞ্জক পদার্থ মেশানো কোষের অনেক স্তর, যার কারণে তাদের চামড়ার রং হতে পারে হালকা কিংবা গাঢ়। তবে কেবল এই একটা পদ্ধতি ব্যবহার করেই গিরিগিটি শরীরের রং পাল্টায় না; বরং তাদের চামড়ার ঠিক নিচে থাকা ছোট্ট স্ফটিক 'আইরিডোফোরস' তাদের রং বদলানোর পেছনের আসল চাবিকাঠি। গিরগিটি উত্তেজিত অবস্থায় থাকলে এসব স্ফটিক আপনা থেকেই সংকুচিত ও প্রসারিত হতে থাকে।সম্প্রতি 'নেচার কমিউনিকেশনস' জার্নালে প্রকাশিত গবেষণা অনুসারে, এসব স্ফটিক ক্রমে সংকুচিত আর প্রসারিত হওয়ার দরুন স্ফটিকগুলো বিভিন্ন তরঙ্গদৈর্ঘ্যের আলোর প্রতিফলন ঘটাতে থাকে। ঠিক যেন কোনো আয়নার মতোই ঘটে এ প্রতিফলন- এমনটাই মনে করেন গবেষণার অন্যতম লেখক সুইজারল্যান্ডের ইউনিভার্সিটি অব জেনেভার মিশেল মিলিনকোভিচ। তিনি জানান, কিছু নির্দিষ্ট তরঙ্গদৈর্ঘ্যের আলোই কেবল স্ফটিকগুলো প্রতিফলিত করে, বাকিগুলো নয়। স্ফটিকের আকার আর তাদের অবস্থানের ভিন্নতার কারণে রঙের মাঝেও ভিন্নতার সৃষ্টি হয়।মিলিনকোভিচ জানান, সাধারণত একটি ছেলে ক্যামেলিওন বা গিরগিটি আরেকটিকে ভয় দেখাতে কিংবা নিজের রূপ জাহির করতে প্রায়ই এমনভাবে রং পাল্টাতে থাকে। আর এ ঘটনা বাস্তবে ক্যামেরাবন্দিও করেন তাঁরা, যখন একটি ছেলে ক্যামেলিওন তার আরেক প্রতিযোগীর সম্মুখীন হয়। গবেষক দলটি ক্যামেলিওনের শরীরের বেশ ভেতরের দিকের এক স্তরের সন্ধান পান, যেটি কিনা প্রায় অবলোহিত সূর্যালোককে প্রতিফলিত করে। এর দরুন ক্যামেলিওন তার শরীরের তাপমাত্রা ঠিক রাখতে পারে খুব সহজেই। দলের আরেক সদস্য অস্ট্রেলিয়ার ইউনিভার্সিটি অব মেলবোর্নের ডেভি স্টুয়ার্ট-ফক্স জানান, এ দ্বিতীয় স্তরের সন্ধান পাওয়াটা খুবই আনন্দের ব্যাপার।সূত্র: কালেরকণ্ঠ"
p-139-a-12,সাপ কিভাবে জিহবা দিয়ে শোনে?,জীববিজ্ঞান,3,+1,367,https://www.sciencebee.com.bd/qna/20916/%E0%A6%95%E0%A6%BF%E0%A6%AD%E0%A6%BE%E0%A6%AC%E0%A7%87-%E0%A6%9C%E0%A6%BF%E0%A6%B9%E0%A6%AC%E0%A6%BE,"['সাপ', 'শুনি']","সাপ জিহব্বা দিয়ে শোনে এটা একদম ই ভুল, এটা একটা কু সংস্কার মাত্র।সাপ কখনোই শুনতে পায় না।"
p-139-a-13,সাপ কিভাবে জিহবা দিয়ে শোনে?,জীববিজ্ঞান,3,+1,367,https://www.sciencebee.com.bd/qna/20916/%E0%A6%95%E0%A6%BF%E0%A6%AD%E0%A6%BE%E0%A6%AC%E0%A7%87-%E0%A6%9C%E0%A6%BF%E0%A6%B9%E0%A6%AC%E0%A6%BE,"['সাপ', 'শুনি']",সাপ মাটি থেকে মাথা উচু করলে আর শুনতে পায় না। একারণে সাপ চলার পথে বারবার মাটিতে মাথা ঠেকায়। সাপ বাতাসে ভেসে বেড়ানো শব্দ সরাসরি শুনতে পায় না। এরা শুধু মাটি থেকে উৎপন্ন শব্দ চোয়ালের হাড় দিয়ে সংগ্রহ করে এবং শোনে।এখানে জিহবার কোনো ভূমিকা নেই।
p-139-a-14,সাপ কিভাবে জিহবা দিয়ে শোনে?,জীববিজ্ঞান,3,+1,367,https://www.sciencebee.com.bd/qna/20916/%E0%A6%95%E0%A6%BF%E0%A6%AD%E0%A6%BE%E0%A6%AC%E0%A7%87-%E0%A6%9C%E0%A6%BF%E0%A6%B9%E0%A6%AC%E0%A6%BE,"['সাপ', 'শুনি']","জি হ্যাঁ! সাপের কান আছে। মানুষের মতই সাপের সুগঠিত কান আছে।মানুষের কান প্রধান তিনটি অংশ নিয়ে গঠিত।এগুলো হলো -বহিঃকর্ণ,মধ্যকর্ণ, অন্তঃকর্ণ। বহিঃকর্ণ কানের লতি বা পিনা,ছিদ্রপথ, কানের পর্দা বা ইয়ারড্রাম (টিমপেনিক পর্দা) নিয়ে গঠিত।অন্তঃকর্ণের-গঠনএকারণে আমরা মানুষের কান বাহির থেকেই দেখতে পাই। কিন্তু সাপের বহিঃকর্ণ ও মধ্যকর্ণ নেই তাই এদের কান বাহির থেকে দেখা যায়না। সাপের শুধু অন্তঃকর্ণ আছে।অন্তঃকর্ণ চোখ ও চোয়ালের পেছনে থাকে।সাপের অন্তঃকর্ণের বিশেষ গঠনমানুষের অন্তঃকর্ণ তরল পদার্থ পূর্ণ একটি থলি নিয়ে গঠিত এতে ককলিয়া নামক প্যাঁচানো নল থাকে। কিন্তু সাপের অন্তঃকর্ণ বায়ুপূর্ণ থলি দিয়ে গঠিত। অন্তঃকর্ণের সাথে একটি সরু, হালকা হাড় যুক্ত থাকে,এই হাড় চোয়ালের হাড়ের সাথে সংযোগ রক্ষা করে।সাপের-কানসাপ কি জিহ্বা দিয়ে শোনে?জি না! সাপ জিহ্বা দিয়ে শোনেনা। মানুষের ক্ষেত্রে শব্দ তরঙ্গ কর্ণ ছিদ্র দিয়ে কানের পর্দা বা ইয়ারড্রাম এআঘাত করে ফলে কম্পন সৃষ্টি হয়, এই কম্পন মধ্যকর্ণের অস্থির মাধ্যমে অন্তঃকর্ণ তে যায় ফলে আমরাশব্দ শুনতে পাই।শোনার পদ্ধতিকিন্তু সাপের বহিঃকর্ণ ও মধ্যকর্ণ না থাকার জন্যে এরা মানুষের মত শুনতে পায়না। এদের মানুষের মতই সুগঠিত অন্তঃকর্ণ আছে যা দুই চোয়ালের সংযোগ স্থলে উপস্থিত একটি সুক্ষ্ণ হাড়ের সাথে যুক্ত।এই হাড় মানুষের মধ্য কর্ণের হাড়ের বিকল্প হিসেবে কাজ করে।সাপ যখন মাটির উপর বা অন্যকিছুর উপর দিয়ে চলে তখন ঐ বস্তু বা মাটি হতে আগত শব্দ তরঙ্গ এদের চোয়ালের হাড়ে কম্পন সৃষ্টি করে, এই কম্পন সূক্ষ্ম হাড় হয়ে অন্তঃকর্ণে যায়। এর পর অডিটরি স্নায়ুর মাধ্যমে মস্তিষ্কে যায় ফলে সাপ শুনতে পায়। সাপ মাটি থেকে মাথা উচু করলে আর শুনতে পায় না। একারণে সাপ চলার পথে বারবার মাটিতে মাথা ঠেকায়।সাপ বাতাসে ভেসে বেড়ানো শব্দ সরাসরি শুনতে পায় না।এরা শুধু মাটি থেকে উৎপন্ন শব্দ চোয়ালের হাড় দিয়ে সংগ্রহ করে এবং শোনে। সাপ যদি শুনতে নাই পেত তাহলে শোনার জন্যে অডিটরি স্নায়ু কেন সাপের মাথায় আছে?(সাপ কি জিহ্বা দিয়ে শোনে?)সাপ বারবার জিহ্বা বের করে কেন?এবার নিশ্চয় প্রশ করবেন,সাপ জিহ্বা দিয়ে না শুনলে বারবার জিহ্বা বের করে কেন? সাপ বারবার জিহ্বা বের করে ঘ্রাণ নেয়ার জন্য।সাপের জিহ্বা বাতাস থেকে ঘ্রাণ সংগ্রহ করে তার জ্যাকবসন অঙ্গে ঠেকায়,এইজ্যাকবসন অঙ্গ ঘ্রাণ বিশ্লেষণ করে। এদের বিশ্লেষণ ক্ষমতা এতই নিখুঁত যে, একসাথে অনেক প্রাণী থাকলেও ঘ্রাণ পরীক্ষা করে নির্দিষ্ট প্রাণিকে শনাক্ত করতে পারে।Reference:এই লেখা ম্যাসাচুসেটস বিশ্ববিদ্যালয় এর নিউরোবায়োলজিস্ট বিভাগের গবেষক ব্রুস ইয়ং এর গবেষণা পত্র থেকে"
p-139-a-15,লাল আলোতে সবুজ ফুলকে কালো দেখায় কেন?,রসায়ন,2,+3,"2,053",https://www.sciencebee.com.bd/qna/20912/%E0%A6%86%E0%A6%B2%E0%A7%8B%E0%A6%A4%E0%A7%87-%E0%A6%AB%E0%A7%81%E0%A6%B2%E0%A6%95%E0%A7%87,"['সবুজ', 'আলো', 'লাল']","দিনে গাছের পাতার ক্লোরোফিল সূর্যালোকের সবুজ বাদে সাতটি বর্ণের সবকটিকেই শোষণ করে ফলে সবুজ দেখায়। কিন্তু সবুজ পাতা লাল আলোকে শোষণ করে নেয় বলে কোনো আলোই আর প্রতিফলিত হয় না, তাই লাল আলোতে গাছের সবুজ পাতা কালো দেখায়।"
p-139-a-16,লাল আলোতে সবুজ ফুলকে কালো দেখায় কেন?,রসায়ন,2,+3,"2,053",https://www.sciencebee.com.bd/qna/20912/%E0%A6%86%E0%A6%B2%E0%A7%8B%E0%A6%A4%E0%A7%87-%E0%A6%AB%E0%A7%81%E0%A6%B2%E0%A6%95%E0%A7%87,"['সবুজ', 'আলো', 'লাল']",আলোর প্রতিফলন ও শোষণের জন্য আমরা বস্তুকে তার নিজের রংয়ে দেখতে পায়। সকল বস্তু নিজের রং ছাড়া বাকি সবগুলো রং শোষণ করে এবং নিজের রং প্রতিফলিত করে বলে আমরা বস্তুকে তার নিজের রঙে দেখতে পাই। সবুজ ফুল সবুজ রং ছাড়া বাকি সব গুলো রং শোষণ করে এবং সবুজ রং প্রতিফলিত করে বলে আমরা সবুজ ফুলকে সবুজ দেখতে পায়। কিন্তু সবুজ ফুলকে লাল আলোতে রাখলে সবুজ ফুল লাল রংকে শোষণ করে এবং অন্য কোনো রং প্রতিফলিত করে না । ফলে লাল আলো তে সবুজ ফুলকে কালো দেখায়।
p-139-a-17,চুল পাকলে কেন চুলের রং সাদা হয়ে যায়?,জীববিজ্ঞান,4,+1,468,https://www.sciencebee.com.bd/qna/20911/%E0%A6%AA%E0%A6%BE%E0%A6%95%E0%A6%B2%E0%A7%87-%E0%A6%9A%E0%A7%81%E0%A6%B2%E0%A7%87%E0%A6%B0,"['চুল', 'পাকা', 'সাদা']","আমাদের চুলে কালো রং আসে মেলানিন নামের একটি রঞ্জক কণিকা থেকে। আমাদের শরীর যখন এই পদার্থটি উৎপাদন বন্ধ করে দেয় তখন চুলে রংহীন হয়ে যায় অর্থাৎ পেকে যায়। আপনি খুব কাছে থেকে লক্ষ্য করলে দেখবেন, পাকা চুল আসলে একটু হলদেটে। কারণ চুল তৈরি হয় কেরাটিন নামের একটি প্রোটিন দিয়ে, তা হলদেটে। মেলানিন না থাকার কারণে পাকা চুল এ রকম হলদে দেখায়।"
p-139-a-18,চুল পাকলে কেন চুলের রং সাদা হয়ে যায়?,জীববিজ্ঞান,4,+1,468,https://www.sciencebee.com.bd/qna/20911/%E0%A6%AA%E0%A6%BE%E0%A6%95%E0%A6%B2%E0%A7%87-%E0%A6%9A%E0%A7%81%E0%A6%B2%E0%A7%87%E0%A6%B0,"['চুল', 'পাকা', 'সাদা']",আমাদের যখন বয়স বাড়ে তখন চুলের রঙের জন্য দায়ী রঞ্জক পদার্থ মেলানিনের সক্রিয়তা কমতে শুরু করে। এতে চুলের রং হারিয়ে সাদা হয়ে যায়।
p-139-a-19,চুল পাকলে কেন চুলের রং সাদা হয়ে যায়?,জীববিজ্ঞান,4,+1,468,https://www.sciencebee.com.bd/qna/20911/%E0%A6%AA%E0%A6%BE%E0%A6%95%E0%A6%B2%E0%A7%87-%E0%A6%9A%E0%A7%81%E0%A6%B2%E0%A7%87%E0%A6%B0,"['চুল', 'পাকা', 'সাদা']","কম বয়সে চুল পাকা মানে অস্বস্তিকর একটি বিষয়। লোকে বলতে শুরু করে—কুড়িতেই বুড়ি! কারণ কারও কারও কুড়ি বছর বা তার চেয়ে কম বয়সেই মাথায় চুল পেকে যেতে শুরু করে। কিন্তু কেন? গবেষকেরা বলছেন এর কোনো সঠিক কারণ তাঁরা বের করতে পারেননি এখনো। তবে জিনগত কারণেই কম বয়সে চুল পাকে।একটি-দুইটি চুল পাকলে আবার অনেকে তা তুলে ফেলেন। এ নিয়েও অনেক কথার প্রচলন আছে। হয়তো কাউকে না কাউকে বলতে শুনেছেন, মাথায় একটা বা দুইটি চুল পাকতে শুরু করলে তা তুলে ফেলা উচিত নয়। কারণ, এতে ওই স্থানে দুটি চুল উঠতে পারে। মার্কিন বিশেষজ্ঞ রবার্ট বরিন বলছেন, এটা শুধু প্রচলিত কথা। মাথার পাকা চুল তুলে ফেলতে সেখান থেকে দুটো গজায় না। তবে পাকা চুল তোলাও ঠিক নয়।যখন কেউ পাকা চুল তুলে ফেলেন তখনই ক্ষতিই হয়। এতে চুলের মূল থেকে যেভাবে চুল গজায় তা ক্ষতিগ্রস্ত হয় এবং চুলের গোড়া দুর্বল হয়ে যায়। সাদা চুল হচ্ছে রঙহীন চুল। আমাদের যখন বয়স বাড়ে তখন চুলের রঙের জন্য দায়ী রঞ্জক পদার্থ মেলানিনের সক্রিয়তা কমতে শুরু করে। এতে চুলের রং হারিয়ে সাদা হয়ে যায়। জীবনের একটা পর্যায়ে এসে সবারই চুল পাকতে শুরু করে।অনেকের ২০ বছর বা তার চেয়ে কম বয়সেও চুল পাকতে দেখা যায়। একে বলা হয় চুলের অকালপক্বতা। গবেষকেরা বলছেন, কম বয়সে চুল পাকার পেছনে জিনগত প্রভাবের পাশাপাশি, অস্থিরতা, ধূমপান, দূষণ, মানসিক চাপ প্রভৃতি বিষয় কাজ করে।চুল পাকলে তা রং করার জন্য নিয়মিত রাসায়নিক ব্যবহার করলে চুলের ক্ষতি হয়। স্বাস্থ্যকর চুলের জন্য পুষ্টিমানসম্পন্ন খাবার অধিক গুরুত্বপূর্ণ।প্রাকৃতিকভাবে চুল পাকা বন্ধ করার উপায়:আমলকী চুল পাকা সামলায়: আমলকীতে আছে ভিটামিন সি ও অ্যান্টি অক্সিডেন্ট। খাবারে আমলকী রাখলে চুল পাকা বন্ধ হতে পারে। এ ছাড়া মাথায় আমলকীর পেস্ট ১৫ থেকে ২০ মিনিট রেখে পানি দিয়ে ধুয়ে ফেললে উপকার পাওয়া যায়।মেহেদিতে প্রাকৃতিক রং আসে: চুল পাকলে মেহেদির ব্যবহার অনেকেই করেন। এটি প্রাকৃতিক রং এনে দিতে পারে। মেহেদির সঙ্গে কফি পাউডার, একটু দই ও লেবুর রস যুক্ত করে মাথায় লাগিয়ে দুই-দিন ঘণ্টা রাখলে উপকার হয়। পরে পানি ও শ্যাম্পু করে চুল ধুয়ে ফেলতে হয়।লেবুর রস ও বাদামের তেল: বাদামের তেলের সঙ্গে লেবুর রসে মিশিয়ে চুলে লাগাতে হবে। এতে চুল পাকার হার কমবে।ব্ল্যাক টি: কম বয়সে চুল পাকা ঠেকাতে ব্ল্যাক টি দারুণ কার্যকর। চায়ের পাতা সিদ্ধ করে তা ঠান্ডা করতে হবে। মাথায় এটি ঘণ্টাখানেক রাখতে হবে। পরে শ্যাম্পু ছাড়া ঠান্ডা পানি দিয়ে ধুয়ে ফেলতে হবে।সরিষার তেল: ঈষৎ উষ্ণ সরিষা বা নারকেল তেল নিয়মিত মাথায় ম্যাসাজ করলে চুল পাকা কমতে পারে।বেশি পানি পান: স্বাস্থ্যকর খাবারের পাশাপাশি শরীর থেকে বিষাক্ত পদার্থ দূর করতে প্রচুর পানি পান করতে হবে। শরীরের বিষাক্ত পদার্থ স্বাস্থ্য সমস্যার পাশাপাশি চুল পাকার জন্য কারণ হতে পারে।ফাস্ট ফুডে না: ফাস্ট ফুড খেলে চুল পরতে পারে ও চুল সাদা হয়ে যেতে পারে। যতটা সম্ভব এ ধরনের খাবার এড়িয়ে যেতে হবে।সূত্র: জিনিউজ"
p-139-a-20,চুল পাকলে কেন চুলের রং সাদা হয়ে যায়?,জীববিজ্ঞান,4,+1,468,https://www.sciencebee.com.bd/qna/20911/%E0%A6%AA%E0%A6%BE%E0%A6%95%E0%A6%B2%E0%A7%87-%E0%A6%9A%E0%A7%81%E0%A6%B2%E0%A7%87%E0%A6%B0,"['চুল', 'পাকা', 'সাদা']","স্বাভাবিকভাবে বয়স বাড়ার সাথে সাথে আমাদের চুল পাকে বা সাদা হয়ে যায়। তবে অনেকসময় দুশ্চিন্তায় তরুণ বয়সেও অনেকের চুল সাদা হয়ে যেতে পারে। অতিরিক্ত দায়িত্ব, কাজের চাপ ও দুশ্চিন্তা চুল পাকার হার বাড়িয়ে দেয়। কিন্তু আমাদের চুল পাকে কেন? চুলের কোষে রঞ্জক পদার্থের উৎপাদন কমে গেলেই চুল সাদা হয়। এই উৎপাদন-হার অনেক কিছুর ওপর নির্ভর করে। উত্তেজনা ও দুশ্চিন্তা রঞ্জক পদার্থের উৎপাদন-হার অনেকাংশে কমিয়ে দেয়। চুলের রং বিশেষ ধরনের রঞ্জক মেলানিনের ওপর নির্ভর করে। এটি মূলত দুই ধরনের এ্যামিনো এসিড থেকে উৎপাদিত হয়। মেলানোসাইটস নামক কোষ থেকে মেলানিনের উৎপত্তি। যে প্রক্রিয়ায় মেলানিন উৎপাদিত হয় তাকে মেলানোজেনেসিস বলে। মেলানোসাইট কোষ আমাদের সারা দেহেই রয়েছে। এটি দ্বারা যে মেলানিন উৎপন্ন হয় তা আমাদের ত্বক, চোখ ও চুলের রঙের জন্য দায়ী। মূলত দুই ধরনের মেলানিন রয়েছে, যথা ইউমেলানিন যা চুলের কালো রঙের জন্য দায়ী এবং ফিওমেলানিন যা হলুদাভ রঙের জন্য দায়ী। এই দুই প্রকারের মেলানিন কীভাবে ও কী পরিমাণে মিশ্রিত হচ্ছে তার ওপর চুলের রং নির্ভর করে। কেরাটিনোসাইটস মূলত কেরাটিন প্রস্তুত করে। কেরাটিন হচ্ছে এক ধরনের প্রোটিন কোষ যা আমাদের চুল গঠন করে। কেরাটিনে স্বল্প মেলানিন চুল পাকার পেছনের কারণ। চুল সাদা হয়ে যায় যখন কোনো মেলানিন থাকে না। বিভিন্ন কারণেই চুল পাকতে পারে। স্বাভাবিকভাবে বয়স বাড়ার সাথে সাথে আমাদের চুল পাকে। এর কারণ বয়স বাড়ার সাথে সাথে মেলানোসাইটস নামক কোষের কর্মদক্ষতা কমতে থাকে, যদিও উপস্থিত থাকে। ধীরে ধীরে মেলানোসাইটসের সংখ্যা কমে যায়। ফলাফলস্বরূপ খুব কম মেলানিন উৎপন্ন হয় এবং এক সময় আর উৎপন্নই হয় না। তাই আমাদের চুল বয়স বাড়ার সাথে সাথে ধীরে ধীরে ধূসর থেকে সম্পূর্ণ সাদা হয়ে যায়। অল্পবয়সে অনেক সময় চুল পেকে যায়। এর পেছনে নানা কারণ রয়েছে। যেমন জিনগত ত্রুটি, অস্বাভাবিক হরমোন নিঃসরণ যা হতে পারো কোনো আঘাত বা ভয়ংকর দুশ্চিন্তা থেকে, সারাদেহে মেলানিনের অস্বাভাবিক বিতরণ ইত্যাদি। এমনকি পরিবেশগত কারণে চুল পাকতে পারে। দুশ্চিন্তায় অনেক নিউরোট্রান্সমিটার নির্গত হয় বলে চুল পেকে যায়। সাধারণ এসব নিউরোট্রান্সমিটার স্বল্পায়ু বিশিষ্ট। যার অনেক সুবিধাও আছে। নানা উত্তেজনার সময়, যেমন: অনেক জোরে ছুটে আসা গাড়ির সামনে থেকে বাঁচতে বা সিংহের কাছ থেকে ছুটে পালাতে, এসব নিউরোট্রান্সমিটার সাহায্য করে। কিন্তু বহুকাল ধরে নিউরোট্রান্সমিটারের উপস্থিতি ডিএনএর ক্ষতির কারণ হয়ে দাঁড়ায়। সেই ক্ষতির ফলাফল স্বরূপ মেলানিনের উৎপাদন বাঁধাগ্রস্ত হয় এবং চুল সাদা হয়ে যায়।"
p-139-a-21,চুল কেন পাকে?,জীববিজ্ঞান,3,0,445,https://www.sciencebee.com.bd/qna/20910/%E0%A6%9A%E0%A7%81%E0%A6%B2-%E0%A6%95%E0%A7%87%E0%A6%A8-%E0%A6%AA%E0%A6%BE%E0%A6%95%E0%A7%87,"['চুল', 'পাকা']","আমাদের চুলে কালো রং আসে মেলানিন নামের একটি রঞ্জক কণিকা থেকে। আমাদের শরীর যখন এই পদার্থটি উৎপাদন বন্ধ করে দেয় তখন চুলে রংহীন হয়ে যায় অর্থাৎ পেকে যায়। আপনি খুব কাছে থেকে লক্ষ্য করলে দেখবেন, পাকা চুল আসলে একটু হলদেটে। কারণ চুল তৈরি হয় কেরাটিন নামের একটি প্রোটিন দিয়ে, তা হলদেটে। মেলানিন না থাকার কারণে পাকা চুল এ রকম হলদে দেখায়।চুল একবার পেকে গেলে কী করতে পারেন আপনি?১) চুল ডাই করে ফেলুনপাকা চুলের যত্ন নেওয়ার প্রথম নিয়ম হলো, পাকা চুল উপড়ে ফেলা যাবে না। আপনি যদি বার বার পাকা চুল তুলে ফেলেন, তাহলে চুলের গোড়া ক্ষতিগ্রস্ত হবে এবং চুল পাতলা হয়ে যাবে। এক্ষেত্রে চুল ডাই করে ফেলাই ভালো একটি উপায়। বাসায় বা পার্লারে চুল ডাই করিয়ে ফেলতে পারেন। এর পাশাপাশি চুলে ভালো মানের কন্ডিশনার ব্যবহার করুন।২) চুলে হাইলাইটার দিনআপনি যদি চুলে রং করাতে না চান, তাহলে হালকা রং দিয়ে হাইলাইট করে ফেলতে পারেন। এতে পাকা চুলের উপস্থিতি চোখে পড়ে না।৩) অস্থায়ী কনসিলার ব্যবহার করতে পারেনপ্রতি ছয় থেকে আট সপ্তাহ পর পর চুলে রং করতে পারেন, এর আগে নয়। কিন্তু এ সময়ের মাঝে তো আপনার পাকা চুলের গোড়া দেখা যাবে। তাহলে কী করবেন? এ সময়ে টেম্পোরারি হেয়ার কালার স্প্রে বা পাউডার ব্যবহার করতে পারেন। যদি তা হাতের কাছে না থাকে, তাহলে সিঁথির পাকা চুল ঢাকার জন্য অল্প পরিমাণে গাড় রঙের আইশ্যাডো ব্যবহার করতে পারেন।চুল পাকা শুরু করলে আরও একটি কাজ করতে পারেন, আর তা হলো সান প্রটেকশন। আপনার মাথার ৫০ শতাংশের বেশি চুল যদি পেকে যায়, তাহলে তা সূর্যের আলোতে সহজেই ক্ষতিগ্রস্ত হতে পারে। সুতরাং এ সময়ে ছাতা, টুপি বা স্কার্ফ ব্যবহার করতে পারেন। (সূত্র: কসমোপলিটান)কেআই/এসি"
p-139-a-22,চুল কেন পাকে?,জীববিজ্ঞান,3,0,445,https://www.sciencebee.com.bd/qna/20910/%E0%A6%9A%E0%A7%81%E0%A6%B2-%E0%A6%95%E0%A7%87%E0%A6%A8-%E0%A6%AA%E0%A6%BE%E0%A6%95%E0%A7%87,"['চুল', 'পাকা']","● বংশগত কারণটি অন্যতম। পরিবারে রক্তের সম্পর্কের আত্মীয়স্বজনের মধ্যে কারও অকালে চুল পেকে যাওয়ার ইতিহাস থাকলে এমনটা হতে পারে।● হরমোনের সমস্যায় অকালে চুল পাকতে পারে। হাইপোথাইরয়েডিজম ও হাইপারথাইরয়েডিজম&mdash;দুই সমস্যায়ই চুল অকালে পাকতে পারে। রক্তে থাইরয়েড হরমোনের পরিমাণ কমে গেলে তাকে হাইপোথাইরয়েডিজম বলে। এ হরমোনের পরিমাণ বেড়ে গেলে তাকে হাইপারথাইরয়েডিজম বলে।● মানসিক অবসাদ, মানসিক চাপ, কষ্ট, দুশ্চিন্তা থেকে অকালে চুল পাকতে পারে। তারুণ্য ধরে রাখার ক্ষেত্রে সেরেটনিন হরমোন অনেক বড় ভূমিকা পালন করে। মানসিক অবসাদ রক্তে সেরটনিন হরমোনের মাত্রা কমিয়ে দেয়। পরিণামে ত্বক ও চুলের ওপর বিরূপ প্রভাব পড়ে।● সেরেটনিন হরমোন মানসিক উৎকর্ষের জন্যও কাজ করে। যত বেশি মন উৎফুল্ল থাকে, ইতিবাচক চিন্তা বেশি করবেন, তত সেরেটনিনের মাত্রা বেশি থাকে।● ভিটামিনের অভাব একটি গুরুত্বপূর্ণ বিষয়। ফোলেট, ভিটামিন বি&ndash;১২, ক্যালসিয়াম, ভিটামিন ডির অভাবে অকালে চুল পেকে যায়। ভিটামিন সি&ndash;জাতীয় খাবারের মধ্যে অ্যান্টি&ndash;অক্সিডেন্ট থাকে, যা ত্বক, চুলের পুষ্টি জোগাতে সাহায্য করে। অপুষ্টি, ভিটামিন, মিনারেলের অভাবে অনেকের চুল অকালে পেকে যায়।● অতিরিক্ত রাসায়নিক ব্যবহার করলে, চুল অতিমাত্রায় ডাই ও রং ব্যবহার করলেও চুল অকালে পাকতে পারে। সব প্রসাধনী সব বয়সের মানুষের জন্য উপযোগী নয়।● ভেজাল খাবার, পরিবেশদূষণের জন্যও চুল পাকতে পারে।● অতিরিক্ত ফাস্ট ফুড, উচ্চমাত্রার প্রোটিন, অতিমাত্রায় কোমল পানীয় ও শারীরিক পরিশ্রমের অভাব এবং বয়স অনুযায়ী ওজন বেশি থাকলেও চুল অকালে পাকতে পারে।● কিছু অটোইমিউন ডিজিজে চুল সাদা হয়ে যায়। এ ধরনের রোগের মধ্যে ভিটিলিগো অন্যতম।● কেমোথেরাপি, রেডিওথেরাপিসহ কিছু ওষুধের প্রতিক্রিয়ায় চুল পেকে যায়।"
p-139-a-23,চুল কেন পাকে?,জীববিজ্ঞান,3,0,445,https://www.sciencebee.com.bd/qna/20910/%E0%A6%9A%E0%A7%81%E0%A6%B2-%E0%A6%95%E0%A7%87%E0%A6%A8-%E0%A6%AA%E0%A6%BE%E0%A6%95%E0%A7%87,"['চুল', 'পাকা']","আমাদের চুলে কালো রং আসে মেলানিন নামের একটি রঞ্জক কণিকা থেকে। আমাদের শরীর যখন এই পদার্থটি উৎপাদন বন্ধ করে দেয় তখন চুলে রংহীন হয়ে যায় অর্থাৎ পেকে যায়। আপনি খুব কাছে থেকে লক্ষ্য করলে দেখবেন, পাকা চুল আসলে একটু হলদেটে। কারণ চুল তৈরি হয় কেরাটিন নামের একটি প্রোটিন দিয়ে, তা হলদেটে। মেলানিন না থাকার কারণে পাকা চুল এ রকম হলদে দেখায়।চুল পেকে যাওয়া কি বংশগত?কম বয়সে চুল পেকে যাওয়া বংশগত হতে পারে এবং তা বাবা বা মা যে কারও দিক থেকেই আসতে পারে। আপনার বাবা অথবা মায়ের চুল যদি কম বয়সে পেকে যায় তাহলে আপনারও তা হতে পারে। শ্বেতাঙ্গদের চুল পাকে দ্রুত, ৩০ বছর বয়সের দিকে। অন্যদিকে আফ্রিকান-আমেরিকান এবং এশিয়ান মানুষের চুল পাকে দেরিতে।স্ট্রেস থেকে কী চুল পাকে?স্ট্রেস থেকে মানুষের চুল কম বয়সে পাকে, কিন্তু এটাও বংশগতির হাত থাকার জন্যই হয়। আপনার বাবা-মায়ের যদি চুল কম বয়সে পাকে, তাহলে আপনিও স্ট্রেসে থাকলে কম বয়সে পাকতে পারে। অন্যদিকে শরীরে ভিটামিন বি এর অভাব হলেও কম বয়সে চুল পাকতে পারে।চুল একবার পেকে গেলে কী করতে পারেন আপনি?১) চুল ডাই করে ফেলুনপাকা চুলের যত্ন নেওয়ার প্রথম নিয়ম হলো, পাকা চুল উপড়ে ফেলা যাবে না। আপনি যদি বার বার পাকা চুল তুলে ফেলেন, তাহলে চুলের গোড়া ক্ষতিগ্রস্ত হবে এবং চুল পাতলা হয়ে যাবে। এক্ষেত্রে চুল ডাই করে ফেলাই ভালো একটি উপায়। বাসায় বা পার্লারে চুল ডাই করিয়ে ফেলতে পারেন। এর পাশাপাশি চুলে ভালো মানের কন্ডিশনার ব্যবহার করুন।২) চুলে হাইলাইটার দিনআপনি যদি চুলে রং করাতে না চান, তাহলে হালকা রং দিয়ে হাইলাইট করে ফেলতে পারেন। এতে পাকা চুলের উপস্থিতি চোখে পড়ে না।৩) অস্থায়ী কনসিলার ব্যবহার করতে পারেনপ্রতি ছয় থেকে আট সপ্তাহ পর পর চুলে রং করতে পারেন, এর আগে নয়। কিন্তু এ সময়ের মাঝে তো আপনার পাকা চুলের গোড়া দেখা যাবে। তাহলে কী করবেন? এ সময়ে টেম্পোরারি হেয়ার কালার স্প্রে বা পাউডার ব্যবহার করতে পারেন। যদি তা হাতের কাছে না থাকে, তাহলে সিঁথির পাকা চুল ঢাকার জন্য অল্প পরিমাণে গাড় রঙের আইশ্যাডো ব্যবহার করতে পারেন।চুল পাকা শুরু করলে আরও একটি কাজ করতে পারেন, আর তা হলো সান প্রটেকশন। আপনার মাথার ৫০ শতাংশের বেশি চুল যদি পেকে যায়, তাহলে তা সূর্যের আলোতে সহজেই ক্ষতিগ্রস্ত হতে পারে।"
p-139-a-24,গোসলের আগে কি খাওয়া যায়?,স্বাস্থ্য ও চিকিৎসা,1,+1,117,https://www.sciencebee.com.bd/qna/20909/%E0%A6%97%E0%A7%8B%E0%A6%B8%E0%A6%B2%E0%A7%87%E0%A6%B0-%E0%A6%96%E0%A6%BE%E0%A6%93%E0%A7%9F%E0%A6%BE,"['শরীর', 'খাওয়া', 'গোসল']","ভরাপেটে গোসল করলে হজমের সমস্যা হতে পারে। কারণ শরীরের একটা নির্দিষ্ট তাপমাত্রার প্রয়োজন। ওই নির্দিষ্ট তাপমাত্রায় আমাদের পরিপাক প্রক্রিয়া সঠিকভাবে ক্রিয়াশীল হয়। তবে খাবার পরই গোসল করলে শরীরের স্বাভাবিক তাপমাত্রা এক ধাক্কায় অনেকটাই কমে যায়। ফলে বিঘ্নিত হয় আমাদের হজম প্রক্রিয়াও। এছাড়া ভরাপেটে গোসল করলে হজমের সমস্যা হতে পারে। হতে পারে গ্যাস, বদহজম, বুকজ্বালা ও ঢেকুরের সমস্যাও দেখা দিতে পারে।"
p-139-a-25,প্লুটোফোবিয়া কি?,চিন্তা ও দক্ষতা,2,+3,99,https://www.sciencebee.com.bd/qna/20907/%E0%A6%AA%E0%A7%8D%E0%A6%B2%E0%A7%81%E0%A6%9F%E0%A7%8B%E0%A6%AB%E0%A7%8B%E0%A6%AC%E0%A6%BF%E0%A7%9F%E0%A6%BE,"['প্লুটোফোবিয়া', 'কি']",প্লুটোফোবিয়া হল টাকা পয়সা ধন সম্পদের উপর ভয়। এ নামটি এসেছে রোমান গড প্লুটো থেকে যিনি সম্পদের দেবতা ছিলেন। এ ফোবিয়ায় আক্রান্তরা সম্পদ কে ভীষন ভয় পান।
p-139-a-26,প্লুটোফোবিয়া কি?,চিন্তা ও দক্ষতা,2,+3,99,https://www.sciencebee.com.bd/qna/20907/%E0%A6%AA%E0%A7%8D%E0%A6%B2%E0%A7%81%E0%A6%9F%E0%A7%8B%E0%A6%AB%E0%A7%8B%E0%A6%AC%E0%A6%BF%E0%A7%9F%E0%A6%BE,"['প্লুটোফোবিয়া', 'কি']","প্লুটোফোবিয়া (টাকার ভয়)এই ধরনের ফোবিয়াতে থাকা একজন ব্যক্তি ধনী মানুষ কিংবা তাদের ধনসম্পদকে ভয় পায়। মনে করে, ওই ধনী ব্যক্তি দ্বারা সে ক্ষতিগ্রস্থ হতে পারে। আবার তারা নিজে ধনী হওয়ার ভয় থেকে ক্যারিয়ার কিংবা আর্থিক সম্পদের বারোটা বাজিয়ে দিতে পারেন।"
p-139-a-27,Xanthophobia কি?,চিন্তা ও দক্ষতা,2,+3,62,https://www.sciencebee.com.bd/qna/20905/xanthophobia,"['xanthophobia', 'কি']",Xanthophobia হল হলুদ রঙের প্রতি ভয়। এ ধরনের রোগীরা হলুদ রঙের প্রতি মারাত্নকভাবে আতঙ্কিত থাকে।
p-139-a-28,Xanthophobia কি?,চিন্তা ও দক্ষতা,2,+3,62,https://www.sciencebee.com.bd/qna/20905/xanthophobia,"['xanthophobia', 'কি']",Fear of the color yellow or word yellow.
p-139-a-29,কেন পুরুষেরা মেয়েদের থেকে বেশি কালার ব্লাইন্ড হয়?,স্বাস্থ্য ও চিকিৎসা,2,0,144,https://www.sciencebee.com.bd/qna/20904/%E0%A6%AA%E0%A7%81%E0%A6%B0%E0%A7%81%E0%A6%B7%E0%A7%87%E0%A6%B0%E0%A6%BE-%E0%A6%AC%E0%A7%8D%E0%A6%B2%E0%A6%BE%E0%A6%87%E0%A6%A8%E0%A7%8D%E0%A6%A1,"['কালার-ব্লাইন্ড', 'ছেলেদের']","সাধারণত নারীদের থেকে পুরুষদের কালার ব্লাইন্ড হওয়ার প্রবণতা বেশি থাকে। আর পুরো ব্যাপারটাই সেক্স লিঙ্কড জিনের ইনহেরিটেন্সের কারণে হয়ে থাকে।তাহলে সেক্স লিঙ্কড জিনের ইনহেরিটেন্স এই ব্যাপারটা কী?জেনেটিক সায়েন্সের ভাষায়, প্রত্যেক পুরুষের দেহে একটি X ক্রোমোজোমের সঙ্গে অবশ্যই একটি Y ক্রোমোজোম থাকে । সুতরাং বলা যায় যে, পুরুষের দেহে XY ধরনের ক্রোমোজোম থাকে। আবার প্রত্যেক নারীর দেহে সব সময়েই দুটি X ক্রোমোজোম থাকে অর্থাৎ নারীদের ক্ষেত্রে ক্রোমোজোমের গঠন হচ্ছে XX । আর জেনেটিক সায়েন্সের মতে, লাল আর সবুজ রঙের রিসেপ্টরের জন্য যেই জিন নারী বা পুরুষ উভয়ের জন্যই রয়েছে সেটির অবস্থান X ক্রোমোজোমে। কালার ব্লাইন্ড হওয়ার পেছনে X ক্রোমোজোমের এই রিসেপ্টর জিনকেই দায়ী করা যায়। যেহেতু পুরুষের দেহে একটি মাত্র X ক্রোমোজোম থাকে, তাই কোনোভাবে যদি এই X ক্রোমোজোমের জেনেটিক কোডে কোনোরকম ব্যাঘাত ঘটে তাহলে X ক্রোমোজোমটির আর কোনো ব্যাকআপ থাকে না। আর এই ত্রুটিপূর্ণ জেনেটিক কোডের কারণেই পুরুষদের মধ্যে লাল-সবুজ রঙের বর্ণান্ধতা বেশি পরিলক্ষিত হয়। অপরদিকে নারীদেহে দুইটি X ক্রোমোজোম থাকায় একটি X ক্রোমোজোমের জেনেটিক ব্যাঘাত ঘটলেও অন্য X ক্রোমোজোমটি ব্যাকআপ দিতে পারে। নারীদের ক্ষেত্রে দুইটি X ক্রোমোজোমেরই জেনেটিক কোডে ব্যাঘাত ঘটার সম্ভাবনা কম। তাই এই ক্ষেত্রে কালার ব্লাইন্ড এর সংখ্যাটাও তুলনামুলক ভাবে কম। আর এটাই কালার ব্লাইন্ড হওয়ার জেনেটিক কারণ।বংশগত কারণেও কিন্তু কালার ব্লাইন্ড হওয়ার সম্ভাবনা থাকে। যেমন ধরুন, কোনো বাবা-মা উভয়ই কালার ব্লাইন্ড। উদাহরণের কল্পিত বাবা-মায়ের যদি কোনো মেয়ে সন্তান থাকে তাহলে মেয়েটির কালার ব্লাইন্ড হওয়ার সম্ভাবনা শতভাগ। কারণ মেয়েটির বাবা-মা উভয়ের X ক্রোমোজোমের জেনেটিক কোডে ব্যাঘাত ঘটার ফলে কালার রিসেপ্টর অনুপস্থিত। আর মেয়েটির ক্রোমোজোমের গঠন যেহেতু তার বাবা এবং মায়ের থেকে একটি করে X ক্রোমোজোম নিয়ে গঠিত (XX) , সেক্ষেত্রে মেয়েটির ক্রোমোজোমেরগঠনেও কালার রিসেপ্টর অনুপস্থিত। তাই মেয়েটির কালার ব্লাইন্ড হওয়ার সম্ভাবনাও শতভাগ। এই X ক্রোমোজোমের লেনদেনের ফলেই কিন্তু বংশগত কারণে কালার ব্লাইন্ড হওয়ার সম্ভাবনা থাকে।"
p-139-a-30,কেন পুরুষেরা মেয়েদের থেকে বেশি কালার ব্লাইন্ড হয়?,স্বাস্থ্য ও চিকিৎসা,2,0,144,https://www.sciencebee.com.bd/qna/20904/%E0%A6%AA%E0%A7%81%E0%A6%B0%E0%A7%81%E0%A6%B7%E0%A7%87%E0%A6%B0%E0%A6%BE-%E0%A6%AC%E0%A7%8D%E0%A6%B2%E0%A6%BE%E0%A6%87%E0%A6%A8%E0%A7%8D%E0%A6%A1,"['কালার-ব্লাইন্ড', 'ছেলেদের']","এই রোগটি সাধারণত বংশগত।পুরুষের স্পার্ম কিংবা ক্রোমোজমের কারণে বংশগতভাবে মানুষ এই রোগ ধারণ করে। তবে ছেলেদের এটি হওয়ার সম্ভাবনা মেয়েদের থেকে বেশি থাকে। এর কারণ হচ্ছে, ছেলেদের দুইটি ক্রোমোজম হলো XY, অপরদিকে মেয়েদের দুটি ক্রোমোজম XX। সন্তানের লিঙ্গ নির্ধারণ হয় বাবা-মা থেকে আসা ক্রোমোজম থেকে। মেয়েরা কালার ব্লাইন্ডের ক্ষেত্রে সুবিধাজনক পর্যায়ে থাকে। কারন, বাবা যদি কালার ব্লাইন্ড হয় এবং তার বাবার থেকে প্রাপ্ত X ক্রোমোজমে কালার-ব্লাইন্ডের জিনোম থেকেও থাকে, তবে মায়ের থেকে প্রাপ্ত X ক্রোমোজম তা অনেকটাই পুনরুদ্ধার করতে পারে। কিন্তু ছেলেদের ক্ষেত্রে, বাবার Y ক্রোমোজমের কোনো ড্যামেজ মায়ের X ক্রোমোজম ঠিক করতে পারে না। তাই এক্ষেত্রে ছেলেদের চেয়ে মেয়েরা বেশি সুরক্ষিত থাকে।শারীরিক কোনো দুর্ঘটনা কিংবা ঔষধের প্রভাব থেকে অনেক সময় স্বাভাবিক মানুষও বর্ণান্ধ হতে পারে। এক্ষেত্রে চোখের রেটিনায় থাকা রঙ নির্ধারক কোষগুলো মস্তিষ্কে ঠিকমত তথ্য প্রেরণ করতে পারে না। অনেক সময় মাথায় আঘাত পেয়ে কেউ কেউ সাময়িক সময়ের জন্য এমন সমস্যার সম্মুখীন হতে পারে।"
p-139-a-31,মানবদেহের কোন কোন অঙ্গ প্রতিস্থাপন করা সম্ভব?,স্বাস্থ্য ও চিকিৎসা,4,+1,115,https://www.sciencebee.com.bd/qna/20903/%E0%A6%AA%E0%A7%8D%E0%A6%B0%E0%A6%A4%E0%A6%BF%E0%A6%B8%E0%A7%8D%E0%A6%A5%E0%A6%BE%E0%A6%AA%E0%A6%A8,"['শরীর', 'অঙ্গ', 'প্রতিস্থাপন']","আধুনিক চিকিৎসায় প্রতিস্থাপনের জন্য যে অঙ্গগুলি দান বা ব্যবহার করা যেতে পারে সেগুলি হল, কিডনি, যকৃত, হৃদপিণ্ড, ফুসফুস এবং ছোট অন্ত্র এবং টিস্যু বা কলা হিসাবে কর্নিয়া, হার্টের ভালভ, ত্বক এবং হাড়।"
p-139-a-32,মানবদেহের কোন কোন অঙ্গ প্রতিস্থাপন করা সম্ভব?,স্বাস্থ্য ও চিকিৎসা,4,+1,115,https://www.sciencebee.com.bd/qna/20903/%E0%A6%AA%E0%A7%8D%E0%A6%B0%E0%A6%A4%E0%A6%BF%E0%A6%B8%E0%A7%8D%E0%A6%A5%E0%A6%BE%E0%A6%AA%E0%A6%A8,"['শরীর', 'অঙ্গ', 'প্রতিস্থাপন']","মানবদেহের অনেক অঙ্গি প্রতিস্থাপন করা যায় । যেমন চোখ, কিডনি, হার্ট,আরও অনেক ।"
p-139-a-33,মানবদেহের কোন কোন অঙ্গ প্রতিস্থাপন করা সম্ভব?,স্বাস্থ্য ও চিকিৎসা,4,+1,115,https://www.sciencebee.com.bd/qna/20903/%E0%A6%AA%E0%A7%8D%E0%A6%B0%E0%A6%A4%E0%A6%BF%E0%A6%B8%E0%A7%8D%E0%A6%A5%E0%A6%BE%E0%A6%AA%E0%A6%A8,"['শরীর', 'অঙ্গ', 'প্রতিস্থাপন']","কিডনি, যকৃত,ফুসফুস, হৃৎপিণ্ড, হার্টের বাল্ব এবং টিসু্্য ইত্যাদি ইত্যাদি।........."
p-139-a-34,মানবদেহের কোন কোন অঙ্গ প্রতিস্থাপন করা সম্ভব?,স্বাস্থ্য ও চিকিৎসা,4,+1,115,https://www.sciencebee.com.bd/qna/20903/%E0%A6%AA%E0%A7%8D%E0%A6%B0%E0%A6%A4%E0%A6%BF%E0%A6%B8%E0%A7%8D%E0%A6%A5%E0%A6%BE%E0%A6%AA%E0%A6%A8,"['শরীর', 'অঙ্গ', 'প্রতিস্থাপন']","প্রতিস্থাপনেরজন্য যে অঙ্গগুলি দানকরাযেতে পারে সেগুলি হল, কিডনি, যকৃত, হৃদপিণ্ড, ফুসফুস এবং ছোট অন্ত্র এবং টিস্যু বা কলা হিসাবে কর্নিয়া, হার্টের ভালভ, ত্বক এবং হাড়।"
p-139-a-35,লস এঞ্জেলস এর জলাধারে প্রতিবছর এত কালো বল ফেলা হয় কেন?,বিবিধ,1,+2,563,https://www.sciencebee.com.bd/qna/20901/%E0%A6%8F%E0%A6%9E%E0%A7%8D%E0%A6%9C%E0%A7%87%E0%A6%B2%E0%A6%B8-%E0%A6%AA%E0%A7%8D%E0%A6%B0%E0%A6%A4%E0%A6%BF%E0%A6%AC%E0%A6%9B%E0%A6%B0,"['কালো', 'প্লাস্টিক']","লস এঞ্জেলস এর জলাধারে ৯৬ মিলিয়ন প্লাস্টিক বল, তাও আবার অথোরিটি নিজ দায়িত্বে এই কালো প্লাস্টিক বল ছাড়ে, কিন্তু কেন?ব্যাখ্যায় আসা যাক। লস এঞ্জেলস এর এই জলাধারে ১২.৫ বিলিয়ন লিটার (৩.৩ বিলিয়ন গ্যালন) পানি আছে, এই পানিগুলো  বাসা বাড়িতে সাপ্লাই দেওয়া হয়ে থাকে, ট্যাপে থাকে, যেসব মানুষ পান করার পানি হিসেবে ব্যবহার করে।প্রচণ্ড গরমে যখন  পানিগুলো বাষ্প হয়ে দ্রুত শেষ হয়ে যায়, তখন খরা দেখা দেয়। এই কালো প্লাস্টিক বলগুলো পানিতে ভেসে থাকে, আর সূর্যের আলো কে দূরে রাখে। তবে শুধুমাত্র বাষ্পীভবন কমানোর জন্য  এই বলের ব্যবহার নয়। এই বল ছাড়ার পিছনে আরেকটি গুরুত্বপূর্ণ কারণ আছে, আর তা হলো  ব্রোমাইড।সল্ট ওয়াটার বা লবণাক্ত পানির ক্ষেত্রে একটা  উপাদান হলো ব্রোমাইড, এই ব্রোমাইড কিন্তু শরীরের জন্য ক্ষতিকর না। কিন্তু এই লবণাক্ত পানি যখন জলাধারে প্রবেশ করে এবং বাকি পানিসহ ওজোনের সাথে বিক্রিয়া করে, তখন এটি ব্রোমেট উৎপন্ন করে। ব্রোমেট  শরীরের জন্য অত্যন্ত ক্ষতিকর, এর ফলে ক্যান্সার সৃষ্টি হতে পারে।লস এঞ্জেলস এর Water and Power ডিপার্টমেন্ট এই ব্রোমেট লেভেলের দিকে লক্ষ্য রাখছিলো, আর দেখে যে জলাধারে প্রবেশ করতেই এই ব্রোমেট তৈরি হওয়া শুরু করে। এটা আরও বেশি হয় যখন ব্রোমাইড ও ক্লোরিন একত্রে সূর্যরশ্মির সংস্পর্শে আসে, এবং ওজোনের সাথে বিক্রিয়া করে আরও বেশি ব্রোমেট উৎপন্ন করছে।তাই অথরিটি একটা অদ্ভুত কিন্তু ইফেক্টিভ সলিউশন বের করলো, আর তা হলো জলাধার কালো শেড বল দিয়ে ঢেকে ফেলা। এতে প্রথমত, বাষ্পীভবন কম হচ্ছে, দ্বিতীয়ত ব্রোমেট উৎপাদনে বাধা দিচ্ছে, তৃতীয়ত, এই পানিতে শেওলা বৃদ্ধি কম হচ্ছে।এই কালো প্লাস্টিক শেড বল গুলো কিন্তু নিচের পানির কোনো ক্ষতি করছে না, কিংবা কোনো বিষাক্ত পদার্থ তৈরি করসে না। এই বলগুলো দশ বছর ব্যবহার উপযোগী থাকে, এবং ৮০-৯০% বাষ্পীভবন কম হয় এই বলগুলোর কারণে।  আসলেই অনেক অদ্ভুত একটা ব্যবস্থা, তাইনা?"
p-139-a-36,e^x কে ডেরিভেটিভ করলে কেন e^x ই হয়?,গণিত,2,+1,174,https://www.sciencebee.com.bd/qna/20898/%E0%A6%A1%E0%A7%87%E0%A6%B0%E0%A6%BF%E0%A6%AD%E0%A7%87%E0%A6%9F%E0%A6%BF%E0%A6%AD-%E0%A6%95%E0%A6%B0%E0%A6%B2%E0%A7%87,"['e', 'x', 'derivative']","The differentiation of e to the power x is equal to e to the power x because the derivative of an exponential function with base 'e' is equal to e^x. Mathematically, it is denoted as d(ex)/dx = ex. e to the power x is an exponential function with a base equal to 'e'.Suppose y = ex &rArr; ln y = ln ex &rArr; ln y = x. On differentiating this with respect to x, we have (1/y) dy/dx = 1 &rArr; dy/dx = y &rArr; dy/dx = ex"
p-139-a-37,e^x কে ডেরিভেটিভ করলে কেন e^x ই হয়?,গণিত,2,+1,174,https://www.sciencebee.com.bd/qna/20898/%E0%A6%A1%E0%A7%87%E0%A6%B0%E0%A6%BF%E0%A6%AD%E0%A7%87%E0%A6%9F%E0%A6%BF%E0%A6%AD-%E0%A6%95%E0%A6%B0%E0%A6%B2%E0%A7%87,"['e', 'x', 'derivative']","e^x =slopeAnd a derivative is an operater which obtains the slope (rate of change) .So, derivative of e^x = the slope of a sloping surface . And the answer is e^x .Therefore , derivative of e^x = e^x."
p-139-a-38,সেঁক দিলে কেন ব্যথা কমে যায়?,স্বাস্থ্য ও চিকিৎসা,2,+1,86,https://www.sciencebee.com.bd/qna/20896/%E0%A6%B8%E0%A7%87%E0%A6%81%E0%A6%95-%E0%A6%A6%E0%A6%BF%E0%A6%B2%E0%A7%87-%E0%A6%AC%E0%A7%8D%E0%A6%AF%E0%A6%A5%E0%A6%BE,"['ব্যথা', 'সেঁক']","আঘাত পাওয়ার পরের দিন আঘাতের জায়গায় গরম সেঁক দেওয়া হয়। গরম সেঁকের কারণে ফোলা জায়গা থেকে জমে থাকা রক্তগুলো সরে যায়, রক্ত চলাচল বৃদ্ধি পায় এবং আক্রান্ত জায়গাটা দ্রুত সেরে ওঠে।আঘাত লাগার সঙ্গে সঙ্গে কখনো গরম কিছুর সেঁক দেবেন না। কারণ, গরম সেঁক দিলে ওই জায়গায় রক্ত এসে জমা হয়। পরে ওই রক্ত জমাট বেঁধে গেলে জায়গাটা বেশি ফুলে যায় এবং ফুলে ওঠা জায়গাটিতে প্রচণ্ড ব্যথা করে। সে জন্য প্রথমে ওই স্থানে বরফ বা ঠান্ডা সেঁক দিতে হয়, তাহলে রক্তনালির সংকোচনের জন্য ওই স্থানে রক্ত আসে না।"
p-139-a-39,সেঁক দিলে কেন ব্যথা কমে যায়?,স্বাস্থ্য ও চিকিৎসা,2,+1,86,https://www.sciencebee.com.bd/qna/20896/%E0%A6%B8%E0%A7%87%E0%A6%81%E0%A6%95-%E0%A6%A6%E0%A6%BF%E0%A6%B2%E0%A7%87-%E0%A6%AC%E0%A7%8D%E0%A6%AF%E0%A6%A5%E0%A6%BE,"['ব্যথা', 'সেঁক']","যখন মাংসপেশি বা অস্থিসন্ধিতে গরম সেঁক দেওয়া হয়, তখন রক্তনালি প্রসারিত হয় ও রক্ত চলাচল বৃদ্ধি পায়। এর ফলে আক্রান্ত স্থানে অক্সিজেন এবং প্রয়োজনীয় পুষ্টি সরবরাহ বেড়ে যায়। সুষ্ঠুভাবে রক্ত চলাচল হয় বলে সংশ্লিষ্ট জায়গায় ব্যথা কমে এবং আরাম বোধ হয়।"
p-139-a-40,মানুষের শরীরে তিল কেন হয়?,চিন্তা ও দক্ষতা,3,0,346,https://www.sciencebee.com.bd/qna/20846/%E0%A6%AE%E0%A6%BE%E0%A6%A8%E0%A7%81%E0%A6%B7%E0%A7%87%E0%A6%B0-%E0%A6%B6%E0%A6%B0%E0%A7%80%E0%A6%B0%E0%A7%87,"['শরীর', 'তিল']","ইউরোপীয় একাডেমি অব ডারমাটোলজি অ্যান্ড ভেনেরিওলজির মত অনুযায়ী, তিল বা আঁচিল জন্মের সময় থেকে দেখা যায় বা বড় হলে নতুনভাবে সৃষ্টি হতে পারে। ওগুলো সাধারণত বংশগত বা সূর্যরশ্মির প্রভাবে হতে পারে। চিকিত্সাবিদদের মতে, জন্মদাগ, তিল প্রভৃতি শিরা-ধমনির সমস্যার কারণেও হতে পারে।তিল সাধারণত নিষ্ক্রিয় এবং শরীরের জন্য ক্ষতিকর নয়। তবে কারও শরীরের কোথাও যদি হঠাৎ করে একের পর এক নতুন তিল দেখা দিতে থাকে, তাহলে বিশেষজ্ঞ চিকিত্সকের পরামর্শ নেওয়া প্রয়োজন। এটা গুরুতর কোনো অসুস্থতার লক্ষণ হতে পারে।"
p-139-a-41,মানুষের শরীরে তিল কেন হয়?,চিন্তা ও দক্ষতা,3,0,346,https://www.sciencebee.com.bd/qna/20846/%E0%A6%AE%E0%A6%BE%E0%A6%A8%E0%A7%81%E0%A6%B7%E0%A7%87%E0%A6%B0-%E0%A6%B6%E0%A6%B0%E0%A7%80%E0%A6%B0%E0%A7%87,"['শরীর', 'তিল']",তিল প্রধানত জিনগত কারণে হয়। তা ছাড়া অতিরিক্ত সূর্যালোকে যাওয়া ও রেডিয়েশন থেরাপি দীর্ঘদিন চললেও তিল হতে পারে। কেউ দীর্ঘদিন অন্য কোনো রোগের ওষুধ সেবন করলেও এ রোগ হতে পারে। সাধারণত তিল বা আঁচিল শরীরের তেমন কোনো ক্ষতি করে না।
p-139-a-42,মানুষের শরীরে তিল কেন হয়?,চিন্তা ও দক্ষতা,3,0,346,https://www.sciencebee.com.bd/qna/20846/%E0%A6%AE%E0%A6%BE%E0%A6%A8%E0%A7%81%E0%A6%B7%E0%A7%87%E0%A6%B0-%E0%A6%B6%E0%A6%B0%E0%A7%80%E0%A6%B0%E0%A7%87,"['শরীর', 'তিল']","শরীরের ত্বকে যেখানে একসঙ্গে অনেক মেলানোসাইট ক্লাস্টার হিসেবে তৈরি হয় বা জমে যায়, সেই স্থান তিলে পরিণত হয়। পূর্ণবয়স্ক মানুষের শরীরে ১০ থেকে ৪০টি তিল থাকা স্বাভাবিক। তিল সাধারণত হাত, পা বা উন্মুক্ত স্থানে বেশি দেখা যায়, যা সূর্যের আলোর সংস্পর্শে আসে। কারও কারও জন্ম থেকেই তিল থাকে।"
p-139-a-43,nephophobia কি?,মনোবিজ্ঞান,3,0,92,https://www.sciencebee.com.bd/qna/20833/nephophobia,"['nephophobia', 'কি']",nephophobia হলো মেঘ দেখে ভয় পাওয়া। এতে আক্রান্ত মানুষ মেঘ দেখে অনেক ভয় পায়।
p-139-a-44,nephophobia কি?,মনোবিজ্ঞান,3,0,92,https://www.sciencebee.com.bd/qna/20833/nephophobia,"['nephophobia', 'কি']","মেঘের প্রতি ভীতি ই nephophobia, এই ফোবিয়ার আক্রান্ত মানুষ বিশেেষ সময়েে মেেঘ দেখে ভয় পায়।"
p-139-a-45,nephophobia কি?,মনোবিজ্ঞান,3,0,92,https://www.sciencebee.com.bd/qna/20833/nephophobia,"['nephophobia', 'কি']","The fear of clouds is called nephophobia. This term comes from two Greek words &mdash; nepho, meaning &ldquo;cloud,&rdquo; and phobia, which means &ldquo;fear.&rdquo; This condition is somewhat rare, but for people who have it, the fear of clouds is very real."
p-139-a-46,pogonophobia কি?,মনোবিজ্ঞান,2,0,70,https://www.sciencebee.com.bd/qna/20831/pogonophobia,"['pogonophobia', 'কি']",pogonophobia হলো দাড়ি রাখার ভয়। এ ধরনের মানুষ নিজের ও অন্যের দাড়ি দেখলে ভয় পায়।
p-139-a-47,pogonophobia কি?,মনোবিজ্ঞান,2,0,70,https://www.sciencebee.com.bd/qna/20831/pogonophobia,"['pogonophobia', 'কি']","নিজে দাড়ি রাখা, দাড়িওয়ালা অন্য মানুষ ইত্যাদি দাড়ি সম্পর্কিত বিষয়ের প্রচন্ড ভীতিকেই বলা হয় Pogonophobia."
p-139-a-48,ophidiophobia কি?,মনোবিজ্ঞান,2,0,68,https://www.sciencebee.com.bd/qna/20829/ophidiophobia,"['ophidiophobia', 'কি']",ophidiophobia হলো সাপের ভয়। এতে আক্রান্ত মানুষ সাপ দেখলেই আতঙ্কিত হয়ে পড়ে।
p-139-a-49,ophidiophobia কি?,মনোবিজ্ঞান,2,0,68,https://www.sciencebee.com.bd/qna/20829/ophidiophobia,"['ophidiophobia', 'কি']","সাপের প্রতি প্রচন্ড ঘৃণা হতে সৃষ্ট যে ভীতি, সেটিই Ophidiophobia"
