id,question,question_category,number_of_answer,number_of_vote,number_of_view,answer_link,question_tag,answer
p-76-a-0,আমরা যদি বিশুদ্ধ পানি না খেয়ে ভারী পানি খায় তাহলে কি হতে পারে?ব্যাখ্যা সহ উত্তর চাই,রসায়ন,1,0,80,https://www.sciencebee.com.bd/qna/27153/%E0%A6%AC%E0%A6%BF%E0%A6%B6%E0%A7%81%E0%A6%A6%E0%A7%8D%E0%A6%A7-%E0%A6%AC%E0%A7%8D%E0%A6%AF%E0%A6%BE%E0%A6%96%E0%A7%8D%E0%A6%AF%E0%A6%BE,"['পানি', 'ভারী', 'খায়']","ভারীপানিপানের বিপদবেশিপানি খেলেবমি বমি ভাব, ক্লান্তি, ঘুম ঘুম ভাব, অতিরিক্ত প্রস্রাব এবং মাথাব্যথা হতে পারে। হার্টের ওপর অপ্রয়োজনীয় চাপ পড়ে।"
p-76-a-1,গাছের একটি কোষের একটি ডিএনএ কম্পিউটার কত জিবি ডেটা ধারণ করতে পারে?,জীববিজ্ঞান,1,+2,166,https://www.sciencebee.com.bd/qna/27148/%E0%A6%97%E0%A6%BE%E0%A6%9B%E0%A7%87%E0%A6%B0-%E0%A6%95%E0%A6%AE%E0%A7%8D%E0%A6%AA%E0%A6%BF%E0%A6%89%E0%A6%9F%E0%A6%BE%E0%A6%B0,"['ডিএনএ', 'গাছ', 'জিবি']","ডিএনএ অনুগুলি ২১৫ পেটাবাইট (২১৫ মিলিয়ন গিগাবাইট) পর্যন্ত ডেটা ধারণ  সক্ষমSource:https://www.electropages.com/blog/2020/08/storing-information-and-data-dna#:~:text=DNA%20molecules%20can%20store%20up,density%20mediums%20in%20the%20world."
p-76-a-2,এন্টিবায়োটিক র‍্যাজিস্ট্যান্স কী?,স্বাস্থ্য ও চিকিৎসা,3,0,71,https://www.sciencebee.com.bd/qna/27097/%E0%A6%B0%E2%80%8D%E0%A7%8D%E0%A6%AF%E0%A6%BE%E0%A6%9C%E0%A6%BF%E0%A6%B8%E0%A7%8D%E0%A6%9F%E0%A7%8D%E0%A6%AF%E0%A6%BE%E0%A6%A8%E0%A7%8D%E0%A6%B8,"['জীববিজ্ঞান', '#science']","⭕বিশ্বব্যাপী প্রতিবছর এন্টিবায়োটিক রেজিস্ট্যান্স এর কারনে মারা যায় প্রায় ৭ লক্ষ মানুষএন্টিবায়োটিক কি?এমন একটি ড্রাগ যা ব্যাকটেরিয়া বা ছত্রাক ধ্বংস করে দেয় কিংবা তাদের বংশবৃদ্ধি বাধাগ্রস্ত করে। একটি নির্দিষ্ট এন্টিবায়োটিক নির্দিষ্ট প্রজাতির ব্যাকটেরিয়া বা ছত্রাকের উপর কাজ করে।ভাইরাসের উপর এন্টিবায়োটিক এর কোনো প্রভাব নেইএন্টিবায়োটিক রেজিস্ট্যান্স কি?যখন কোনো ব্যাকটেরিয়া এন্টিবায়োটিক এর বিরুদ্ধে প্রতিরোধ ব্যবস্থা গড়ে তোলে তখন ওই ব্যাকটেরিয়ার উপর এন্টিবায়োটিক কোনো প্রভাব ফেলতে পারে না।এই অবস্থাকে এন্টিবায়োটিক রেজিস্ট্যান্স বলেকিভাবে তৈরি হয় এন্টিবায়োটিক রেজিস্ট্যান্স??দুইভাবে হতে পারে এই রেজিস্ট্যান্স।১) প্রাকৃতিক ভাবেঃ➡️জিনগত পরিবর্তনঃ ব্যাকটেরিয়া বা ছত্রাকের জিন এ যখন মিউটেশন ঘটে কিংবা জিনের গঠনে পরিবর্তন আসে তখন পূর্বের এন্টিবায়োটিক আর কাজ করে না➡️যদি কোনো রেজিস্ট্যান্স ব্যাকটেরিয়া অন্য কোনো মানুষ বা প্রানীকে আক্রান্ত করে তখন ওই ব্যাকটেরিয়াগুলোর উপর এন্টিবায়োটিক কাজ করবেনারেজিস্ট্যান্স ব্যাকটেরিয়ার পরবর্তী জেনারেশন এর ব্যাকটেরিয়াগুলো ও এন্টিবায়োটিক রেজিস্ট্যান্স হিসেবেই বাড়তে থাকে২) মানবসৃষ্ট কারণঃ➡️যদি এন্টিবায়োটিক এর ডোজ কমপ্লিট না করে তাহলে সব ব্যাকটেরিয়া মারা যায় না। বেচে যাওয়া ব্যাকটেরিয়া গুলো এন্টিবায়োটিক এর বিরুদ্ধে প্রতিরোধ ক্ষমতা তৈরি করে ফেলে এবং নির্বিঘ্নে বংশ বিস্তার করতে থাকে।পরবর্তীতে এই ব্যাকটেরিয়া দ্বারা অন্য কেউ আক্রান্ত হলে এন্টিবায়োটিক কাজ করে নাহ➡️ প্রয়োজন ছাড়া এন্টিবায়োটিক গ্রহন করা➡️অল্প সর্দিকাশি, জ্বর হলেই এন্টিবায়োটিক খাওয়া➡️একাধিক এন্টিবায়োটিক খাওয়া➡️সময় মত এন্টিবায়োটিক না খাওয়া যার কারনে ব্যাকটেরিয়ার গুলো সংখ্যায় বৃদ্ধি পায়করণীয়ঃসময় মত মেডিসিন নেয়াডোজ কমপ্লিট করাডাক্তারের পরামর্শ ছাড়া এন্টিবায়োটিক না নেয়াএকজনের মেডিসিন আরেকজনকে না দেয়াCollected From 20 Minute Medical"
p-76-a-3,এন্টিবায়োটিক র‍্যাজিস্ট্যান্স কী?,স্বাস্থ্য ও চিকিৎসা,3,0,71,https://www.sciencebee.com.bd/qna/27097/%E0%A6%B0%E2%80%8D%E0%A7%8D%E0%A6%AF%E0%A6%BE%E0%A6%9C%E0%A6%BF%E0%A6%B8%E0%A7%8D%E0%A6%9F%E0%A7%8D%E0%A6%AF%E0%A6%BE%E0%A6%A8%E0%A7%8D%E0%A6%B8,"['জীববিজ্ঞান', '#science']",যখন কোনো ব্যাকটেরিয়া এন্টিবায়োটিক এর বিরুদ্ধে প্রতিরোধ ব্যবস্থা গড়ে তোলে তখন ওই ব্যাকটেরিয়ার উপর এন্টিবায়োটিক কোনো প্রভাব ফেলতে পারে না।
p-76-a-4,এন্টিবায়োটিক র‍্যাজিস্ট্যান্স কী?,স্বাস্থ্য ও চিকিৎসা,3,0,71,https://www.sciencebee.com.bd/qna/27097/%E0%A6%B0%E2%80%8D%E0%A7%8D%E0%A6%AF%E0%A6%BE%E0%A6%9C%E0%A6%BF%E0%A6%B8%E0%A7%8D%E0%A6%9F%E0%A7%8D%E0%A6%AF%E0%A6%BE%E0%A6%A8%E0%A7%8D%E0%A6%B8,"['জীববিজ্ঞান', '#science']","জীবাণু ক্রমে নিজেদের মধ্যে অ্যান্টিবায়োটিকের বিরুদ্ধে প্রতিরোধ গড়ে তোলে বলে অ্যান্টিবায়োটিক একসময় আর তার বিপরীতে কাজ করে না, এটাকে বলে অ্যান্টিবায়োটিক রেজিস্ট্যান্স বা সহিষ্ণুতা।"
p-76-a-5,গালে টোল পড়ে কেন?,স্বাস্থ্য ও চিকিৎসা,3,0,92,https://www.sciencebee.com.bd/qna/27092/%E0%A6%97%E0%A6%BE%E0%A6%B2%E0%A7%87-%E0%A6%9F%E0%A7%8B%E0%A6%B2-%E0%A6%AA%E0%A7%9C%E0%A7%87,"['টোল', 'গাল']","গালে টোল পড়ে কেন?ডিম্পল বা টোলকে বেশ আগে থেকেই ধরা হয় সৌন্দর্যের প্রতীক। গাল কিংবা থুতনিতে থাকা টোল থাকে আকর্ষণের কেন্দ্রবিন্দু। কিন্তু এবার জানা যাচ্ছে বিপরীতধর্মী এক সত্য। কোনো সৌন্দর্যের প্রতীক নয়, বরং শারীরিক ত্রুটির ফল হলো টোল।কীভাবে টোলের সৃষ্টি হয়?আমাদের হাসির জন্য দায়ী মাংসপেশিকে বলা হয় জাইগোম্যাটিক মেজর। এটি আমাদের মুখ তির্যকভাবে বাঁকা করে হাসতে সাহায্য করে। মানুষের গালের হাড় থেকে মুখের প্রান্ত পর্যন্ত এই মাংসপেশি বিস্তৃত। এই পেশির ত্রুটির কারণে টোলের সৃষ্টি হয়। স্বাভাবিকের চাইতে এই পেশির আকার ছোট হলে কিংবা এটি দুই ভাগে বিভাজিত হলে থুতনিতে বা গালে টোল পড়ে। গালের টোল কেবল হাসলে দেখা গেলেও থুতনির টোল সবসময়ই দেখা যায়। সাধারণত, যাদের টোল পড়ে তাদের দুই গালেই টোল পড়ে। তবে মাঝেমধ্যে কিছু কিছু মানুষের এক গালেও টোল দেখা যায়। যদিও এই সংখ্যা নগণ্য।কেন টোল পড়ে?গবেষণা অনুযায়ী জেনেটিক কারণে টোল পড়ে। যদিও কেউ কেউ এর বিরোধিতাও করেন। বিভিন্ন হিসাব অনুযায়ী, মা কিংবা বাবা কারও একজনের টোল থাকলে সন্তানের টোল থাকার সম্ভাবনা ২৫ থেকে ৫৯ শতাংশ। এ ক্ষেত্রে দুজনের একজনের টোল সৃষ্টিকারী জীন সন্তানের মধ্যে থাকলেই চলবে। আর যদি মা-বাবা দুজনেরই টোল থাকে সেক্ষেত্রে সন্তানের টোল থাকার সম্ভাবনা ৫০-১০০ শতাংশ। আর যদি মা-বাবার কারোর টোল না থাকে তবে সন্তানের টোল থাকার সম্ভাবনা নেই, যদি না সে কোনো জেনেটিক মিউটেশনের শিকার হয়। অনেকসময় মুখে অতিরিক্ত চর্বি জমলেও গালে টোল পড়ে।যে কারণেই হোক না কেন, গালে বা থুতনিতে টোল পড়া কোনো সৌন্দর্যের প্রতীক নয়। এটি ত্রুটি। আপনারও কি গালে টোল পড়ে? কমেন্ট করে জানান।"
p-76-a-6,গালে টোল পড়ে কেন?,স্বাস্থ্য ও চিকিৎসা,3,0,92,https://www.sciencebee.com.bd/qna/27092/%E0%A6%97%E0%A6%BE%E0%A6%B2%E0%A7%87-%E0%A6%9F%E0%A7%8B%E0%A6%B2-%E0%A6%AA%E0%A7%9C%E0%A7%87,"['টোল', 'গাল']","গবেষণা অনুযায়ী জেনেটিক কারণে টোল পড়ে। যদিও কেউ কেউ এর বিরোধিতাও করেন। বিভিন্ন হিসাব অনুযায়ী, মা কিংবা বাবা কারও একজনের টোল থাকলে সন্তানের টোল থাকার সম্ভাবনা ২৫ থেকে ৫৯ শতাংশ। এ ক্ষেত্রে দুজনের একজনের টোল সৃষ্টিকারী জীন সন্তানের মধ্যে থাকলেই চলবে। আর যদি মা-বাবা দুজনেরই টোল থাকে সেক্ষেত্রে সন্তানের টোল থাকার সম্ভাবনা ৫০-১০০ শতাংশ। আর যদি মা-বাবার কারোর টোল না থাকে তবে সন্তানের টোল থাকার সম্ভাবনা নেই, যদি না সে কোনো জেনেটিক মিউটেশনের শিকার হয়। অনেকসময় মুখে অতিরিক্ত চর্বি জমলেও গালে টোল পড়ে।"
p-76-a-7,গালে টোল পড়ে কেন?,স্বাস্থ্য ও চিকিৎসা,3,0,92,https://www.sciencebee.com.bd/qna/27092/%E0%A6%97%E0%A6%BE%E0%A6%B2%E0%A7%87-%E0%A6%9F%E0%A7%8B%E0%A6%B2-%E0%A6%AA%E0%A7%9C%E0%A7%87,"['টোল', 'গাল']",মানুষেরগালেরহাড় থেকে মুখের প্রান্ত পর্যন্ত বিস্তৃত হয় এর জন্যই। আর এই পেশির বিকৃতির ফলেইটোল পড়েসাধারণত। স্বাভাবিক আকারের থেকে এই পেশির আকার ছোট কিংবা দুই ভাগে বিভাজিত হওয়ার ফলে থুতনিতে বাগালে টোলদেখা যায়।গালের টোলেরজন্য হাসার প্রয়োজন পড়লেও থুতনিরটোলসবসময়ই দেখা যায়।
p-76-a-8,কীভাবে রক্তের গ্রুপ নির্বাচন কা যায়?,স্বাস্থ্য ও চিকিৎসা,2,+1,126,https://www.sciencebee.com.bd/qna/27090/%E0%A6%95%E0%A7%80%E0%A6%AD%E0%A6%BE%E0%A6%AC%E0%A7%87-%E0%A6%A8%E0%A6%BF%E0%A6%B0%E0%A7%8D%E0%A6%AC%E0%A6%BE%E0%A6%9A%E0%A6%A8,"['রক্ত', 'গ্রুপ', 'biology', '#জীবন']","কিভাবে রক্তের গ্রুপ নির্ণয় করা হয়?ব্লাড গ্রুপিংয়ের জন্য যা দরকার :১. ব্লাড গ্রুপিংয়ের ৩ টা এন্টিবডি◉ Anti-A◉ Anti-B◉ Anti-D২. জিবানু মুক্ত একটা সুচ৩. একটা কাচের স্লাইড৪. তুলা৫. জীবাণুনাশকপ্রথমে যার ব্লাড গ্রুপ নির্বাচন করবেন তা হাতের যে কোন একটা আঙুল ভালো করে জিবানু মুক্ত করে নিবেন তার পরে সুচ দিয়ে আঙুল এর আগায় হাল্কা খোচা দিয় কাচের স্লাইড এ ৩ ফোটা রক্ত নিবেন ছবিতে দেয়া নির্দেষনা অনুযায়ী দুরত্ব রেখে। তারপরে প্রথম ফোটায় এন্টি A, ২য় ফোটায় এন্টি B, ৩য় ফোটায় এন্টি D দিয়ে ভাল করে সুচ এর গোড়া দিয়ে মেশাবেন। খেয়াল রাখবেন রক্ত এবং এন্টিবডি মেশানোর সময় একটা যেন অন্য টার সাথে না মিশে।এখন ব্লাড গ্রুপিংয়ের এর নিয়ম :১. যদি Anti -A ফাটে আর Anti-B না ফাটে তাহলে রক্তের গ্রুপ A।২. যদি Anti-A না ফাটে আর Anti -B ফাটে তাহলে রক্তের গ্রুপ B।৩. যদি Anti- A Anti-B দুইটা ই ফাটে তাহলে রক্তের গ্রুপ AB।৪. যদি Anti-A ও Anti-B একটা ও না ফাটে তাহলে রক্তের গ্রুপ O।আমরা গ্রুপ নির্বাচন শিখলাম, এখন positive আর negative নির্বাচন :Anti-D :: যদি ফেটে জায় তাহলে রক্ত + (positive)Anti-D :: যদি না ফাটে তাহলে রক্ত - (negative)#(সংগৃহীত)"
p-76-a-9,কীভাবে রক্তের গ্রুপ নির্বাচন কা যায়?,স্বাস্থ্য ও চিকিৎসা,2,+1,126,https://www.sciencebee.com.bd/qna/27090/%E0%A6%95%E0%A7%80%E0%A6%AD%E0%A6%BE%E0%A6%AC%E0%A7%87-%E0%A6%A8%E0%A6%BF%E0%A6%B0%E0%A7%8D%E0%A6%AC%E0%A6%BE%E0%A6%9A%E0%A6%A8,"['রক্ত', 'গ্রুপ', 'biology', '#জীবন']","ব্লাড গ্রুপিংয়ের জন্য যা দরকার :১. ব্লাড গ্রুপিংয়ের ৩ টা এন্টিবডি◉ Anti-A◉ Anti-B◉ Anti-D২. জিবানু মুক্ত একটা সুচ৩. একটা কাচের স্লাইড৪. তুলা৫. জীবাণুনাশকপ্রথমে যার ব্লাড গ্রুপ নির্বাচন করবেন তা হাতের যে কোন একটা আঙুল ভালো করে জিবানু মুক্ত করে নিবেন তার পরে সুচ দিয়ে আঙুল এর আগায় হাল্কা খোচা দিয় কাচের স্লাইড এ ৩ ফোটা রক্ত নিবেন ছবিতে দেয়া নির্দেষনা অনুযায়ী দুরত্ব রেখে। তারপরে প্রথম ফোটায় এন্টি A, ২য় ফোটায় এন্টি B, ৩য় ফোটায় এন্টি D দিয়ে ভাল করে সুচ এর গোড়া দিয়ে মেশাবেন। খেয়াল রাখবেন রক্ত এবং এন্টিবডি মেশানোর সময় একটা যেন অন্য টার সাথে না মিশে।ব্লাড গ্রুপিংয়ের এর নিয়ম :১. যদি Anti -A ফাটে আর Anti-B না ফাটে তাহলে রক্তের গ্রুপ A।২. যদি Anti-A না ফাটে আর Anti -B ফাটে তাহলে রক্তের গ্রুপ B।৩. যদি Anti- A Anti-B দুইটা ই ফাটে তাহলে রক্তের গ্রুপ AB।৪. যদি Anti-A ও Anti-B একটা ও না ফাটে তাহলে রক্তের গ্রুপ O।positive আর negative নির্বাচন :Anti-D :: যদি ফেটে জায় তাহলে রক্ত + (positive)Anti-D :: যদি না ফাটে তাহলে রক্ত - (negative)(সংগৃহীত)"
p-76-a-10,Flying Fox কী?,প্রাণিবিদ্যা,3,0,88,https://www.sciencebee.com.bd/qna/27088/flying-fox-%E0%A6%95%E0%A7%80,"['জীববিজ্ঞান', 'এইচএসসি-প্রাণীবিজ্ঞান']",Flying fox ৷ ডানাওয়ালা উড়ুক্কু শেয়ালের মতো হলেও এটা আসলে বাদুড় ৷ বিশ্বের বৃহত্তম এ বাদুড় ফ্লাইং ফক্স নামে পরিচিত ৷ ভারতীয় ফ্লাইং ফক্স বাংলাদেশে কলাবাদুড় নামে পরিচিত ৷ বাদুড়দের ওড়ার কৌশল বেশিরভাগ পাখিদের চেয়েও ভালো ৷
p-76-a-11,Flying Fox কী?,প্রাণিবিদ্যা,3,0,88,https://www.sciencebee.com.bd/qna/27088/flying-fox-%E0%A6%95%E0%A7%80,"['জীববিজ্ঞান', 'এইচএসসি-প্রাণীবিজ্ঞান']",৷ ভারতীয় ফ্লাইং ফক্স বাংলাদেশে কলাবাদুড় নামে পরিচিত ৷ বাদুড়দের ওড়ার কৌশল বেশিরভাগ পাখিদের চেয়েও ভালো ৷
p-76-a-12,Flying Fox কী?,প্রাণিবিদ্যা,3,0,88,https://www.sciencebee.com.bd/qna/27088/flying-fox-%E0%A6%95%E0%A7%80,"['জীববিজ্ঞান', 'এইচএসসি-প্রাণীবিজ্ঞান']","Pteropus is a genus of megabats which are among the largest bats in the world. They are commonly known as fruit bats or flying foxes, among other colloquial names. They live in South Asia, Southeast Asia, Australia, East Africa, and some oceanic islands in the Indian and Pacific Oceans."
p-76-a-13,iPhone নামক মোবাইলটির পিছনে লোগোটিতে আপেল অর্ধেক কেন?,চিন্তা ও দক্ষতা,2,0,83,https://www.sciencebee.com.bd/qna/27056/%E0%A6%AE%E0%A7%8B%E0%A6%AC%E0%A6%BE%E0%A6%87%E0%A6%B2%E0%A6%9F%E0%A6%BF%E0%A6%B0-%E0%A6%B2%E0%A7%8B%E0%A6%97%E0%A7%8B%E0%A6%9F%E0%A6%BF%E0%A6%A4%E0%A7%87,"['iphone', 'দক্ষতা']","স্টিভ জবস এবং তার বন্ধু মিলে এই কোম্পানিটি আবিষ্কার করারি প্রস্তুতি গ্রহণ করেনl কিন্তু কোন এক বিপক্ষ দল তার বন্ধুকে আপেলে বিষ দিয়ে মেরে ফেলেনl তার বাড়ি স্টিভ জবস যখন তার বন্ধুর মৃতদেহ দেখান, তখন তার হাতে অর্ধেক আপেলটি ছিল তখন থেকে তিনি এই কোম্পানির লোগো অর্ধেক আপেল নির্বচন করেনl"
p-76-a-14,iPhone নামক মোবাইলটির পিছনে লোগোটিতে আপেল অর্ধেক কেন?,চিন্তা ও দক্ষতা,2,0,83,https://www.sciencebee.com.bd/qna/27056/%E0%A6%AE%E0%A7%8B%E0%A6%AC%E0%A6%BE%E0%A6%87%E0%A6%B2%E0%A6%9F%E0%A6%BF%E0%A6%B0-%E0%A6%B2%E0%A7%8B%E0%A6%97%E0%A7%8B%E0%A6%9F%E0%A6%BF%E0%A6%A4%E0%A7%87,"['iphone', 'দক্ষতা']","আইফোনের লোগো অর্ধেক আপেল রাখার পেছনে রয়েছে একটি বড় ইতিহাসl যেখানে স্টিভ জবস এবং তার বন্ধু মিলে এই কোম্পানিটি আবিষ্কার করারি প্রস্তুতি গ্রহণ করেনl কিন্তু কোন এক বিপক্ষ দল তার বন্ধুকে আপেলে বিষ দিয়ে মেরে ফেলেনl তার বাড়ি স্টিভ জবস যখন তার বন্ধুর মৃতদেহ দেখান, তখন তার হাতে অর্ধেক আপেলটি ছিল তখন থেকে তিনি এই কোম্পানির লোগো অর্ধেক আপেল নির্বচন করেনl"
p-76-a-15,মানুষ কেন বামন হয়?,সৃজনশীলতা,2,+1,99,https://www.sciencebee.com.bd/qna/27021/%E0%A6%AE%E0%A6%BE%E0%A6%A8%E0%A7%81%E0%A6%B7-%E0%A6%95%E0%A7%87%E0%A6%A8-%E0%A6%AC%E0%A6%BE%E0%A6%AE%E0%A6%A8,"['মানুষ', 'বামন']",বামনত্বের কারণ বড়ই বিচিত্র। বিভিন্ন কারণেই এটি হতে পারে। যেমন-১. বাবা-মা বা পরিবারের কারো বামনত্ব থাকলে। কোনো কারণে জিনে মিউটেশন ঘটলেও বামনত্ব হতে পারে।২. হরমোনজনিত কোনো সমস্যা থাকলে। যেমন- হাইপোথাইরয়েডিজম এবং অবশ্যই বৃদ্ধি হরমোনের অপর্যাপ্ততা।৩. ব্যক্তি যদি কোনো ক্রোমোসোমাল ডিসঅর্ডারে (যেমন- টারনার সিনড্রোম) আক্রান্ত হয়।৪. অপুষ্টির শিকার হলে।৫. পিটুইটারি গ্রন্থিতে টিউমার হলে বা আঘাত লাগলে।৬. লিউকেমিয়া বা শরীরে অপরিপক্ব শ্বেতকণিকার সংখ্যা বেড়ে গেলে।আরো অজানা (Idiopathic) নানা কারণে বামনত্ব হতে পারে।
p-76-a-16,মানুষ কেন বামন হয়?,সৃজনশীলতা,2,+1,99,https://www.sciencebee.com.bd/qna/27021/%E0%A6%AE%E0%A6%BE%E0%A6%A8%E0%A7%81%E0%A6%B7-%E0%A6%95%E0%A7%87%E0%A6%A8-%E0%A6%AC%E0%A6%BE%E0%A6%AE%E0%A6%A8,"['মানুষ', 'বামন']","একজন মানুষের উচ্চতা কেমন হবে তা তার পারিবারিক ও আঞ্চলিক ইতিহাসের ওপর অনেকটাই নির্ভর করে। শিশু বয়সে অপুষ্টি ও দীর্ঘমেয়াদি রোগ, যেমন: কিডনির সমস্যা, বদহজম বা থাইরয়েডের সমস্যা ইত্যাদি উচ্চতা কম হওয়ার গুরুত্বপূর্ণ কারণ। কিন্তু মাতৃগর্ভ থেকে শুরু করে শৈশব-কৈশোর অবধি শারীরিক বৃদ্ধির জন্য  সবচেয়ে গুরুত্বপূর্ণ হলো গ্রোথ হরমোন। এটি দেহের প্রতিটি অস্থি, তরুণাস্থি ও কলাসমূহের বৃদ্ধিকে নিয়ন্ত্রণ করে।"
p-76-a-17,টিকটিকি কীভাবে দেয়ালে চলাফেরা করে?,জীববিজ্ঞান,3,+1,148,https://www.sciencebee.com.bd/qna/27019/%E0%A6%9F%E0%A6%BF%E0%A6%95%E0%A6%9F%E0%A6%BF%E0%A6%95%E0%A6%BF-%E0%A6%9A%E0%A6%B2%E0%A6%BE%E0%A6%AB%E0%A7%87%E0%A6%B0%E0%A6%BE,"['টিকটিকি', 'দেয়াল']","টিকটিকির পায় এক ধরনের আঠালো পদার্থ থাকে যার ফলে সেটি দেওয়ালে খুব সহজে চলাফেরা করতে পারেl একটি পরীক্ষায় দেখা গেছে, এই টিকটিকির পায়খানা আঠা দিয়ে দুইজন মানুষ কেউ দেয়ালে আটকে রাখা সম্ভবl"
p-76-a-18,টিকটিকি কীভাবে দেয়ালে চলাফেরা করে?,জীববিজ্ঞান,3,+1,148,https://www.sciencebee.com.bd/qna/27019/%E0%A6%9F%E0%A6%BF%E0%A6%95%E0%A6%9F%E0%A6%BF%E0%A6%95%E0%A6%BF-%E0%A6%9A%E0%A6%B2%E0%A6%BE%E0%A6%AB%E0%A7%87%E0%A6%B0%E0%A6%BE,"['টিকটিকি', 'দেয়াল']","টিকটিকি চলার সময় তার পা দিয়ে দেয়াল বা ছাদের যেখানে চাপ দেয়, সেখানে পায়ের পাতার ঐ জায়গাটি বায়ুশূন্য করে ফেলে। ... টিকটিকি তার পেশী চালিয়ে খুব তাড়াতাড়ি এই বায়ুশূন্য করা আর বায়ু ঢোকানোর কাজ করতে পারে বলে হাঁটার সময় দেয়াল বা ছাদ থেকে সে পড়ে না গিয়ে বরং সমতল দেয়াল বেয়ে দ্রুত চলাচল করতে পারে।"
p-76-a-19,টিকটিকি কীভাবে দেয়ালে চলাফেরা করে?,জীববিজ্ঞান,3,+1,148,https://www.sciencebee.com.bd/qna/27019/%E0%A6%9F%E0%A6%BF%E0%A6%95%E0%A6%9F%E0%A6%BF%E0%A6%95%E0%A6%BF-%E0%A6%9A%E0%A6%B2%E0%A6%BE%E0%A6%AB%E0%A7%87%E0%A6%B0%E0%A6%BE,"['টিকটিকি', 'দেয়াল']",টিকটিকি অতি মসৃন দেয়ালে চলা ফেরা করতে পারে। কারণ এর পায়ের গঠনের জন্য এটি যখন পা ফেলে তখন পায়ের নিচে বায়ু শূন্য হয়ে যায়। ফলে পা দেয়ালে আঁটকে থাকে এবং এই আঁটকে থাকার উপর শরীরের ভর দিয়ে টিকটিকি অনায়াসে চলাফেরা করে।
p-76-a-20,বিশ্ব স্বাস্থ্য দিবস কত তারিখে?,বাংলাদেশ ও বিশ্ব,3,0,111,https://www.sciencebee.com.bd/qna/26986/%E0%A6%B8%E0%A7%8D%E0%A6%AC%E0%A6%BE%E0%A6%B8%E0%A7%8D%E0%A6%A5%E0%A7%8D%E0%A6%AF-%E0%A6%A4%E0%A6%BE%E0%A6%B0%E0%A6%BF%E0%A6%96%E0%A7%87,"['বিশ্ব', 'দিবস']",৭ এপ্রিলবিশ্ব স্বাস্থ্য দিবস। এ দিনেবিশ্ব স্বাস্থ্যসংস্থাও প্রতিষ্ঠিত হয়েছিল। প্রতিবছর একটি নির্দিষ্ট প্রতিপাদ্য বিষয় নিয়ে আন্তর্জাতিক ও স্থানীয়ভাবে দিবসটি পালন করাহয়। ১৯৫০ সালের ৭ এপ্রিল থেকে বিশ্বজুড়ে নানা কর্মসূচির মাধ্যমে দিবসটিপালিত হয়েআসছে।
p-76-a-21,বিশ্ব স্বাস্থ্য দিবস কত তারিখে?,বাংলাদেশ ও বিশ্ব,3,0,111,https://www.sciencebee.com.bd/qna/26986/%E0%A6%B8%E0%A7%8D%E0%A6%AC%E0%A6%BE%E0%A6%B8%E0%A7%8D%E0%A6%A5%E0%A7%8D%E0%A6%AF-%E0%A6%A4%E0%A6%BE%E0%A6%B0%E0%A6%BF%E0%A6%96%E0%A7%87,"['বিশ্ব', 'দিবস']",৭ এপ্রিল বিশ্ব স্বাস্থ্য দিবস। এ দিনে বিশ্ব স্বাস্থ্য সংস্থাও প্রতিষ্ঠিত হয়েছিল। প্রতিবছর একটি নির্দিষ্ট প্রতিপাদ্য বিষয় নিয়ে আন্তর্জাতিক ও স্থানীয়ভাবে দিবসটি পালন করা হয়। ১৯৫০ সালের ৭ এপ্রিল থেকে বিশ্বজুড়ে নানা কর্মসূচির মাধ্যমে দিবসটি পালিত হয়ে আসছে।
p-76-a-22,বিশ্ব স্বাস্থ্য দিবস কত তারিখে?,বাংলাদেশ ও বিশ্ব,3,0,111,https://www.sciencebee.com.bd/qna/26986/%E0%A6%B8%E0%A7%8D%E0%A6%AC%E0%A6%BE%E0%A6%B8%E0%A7%8D%E0%A6%A5%E0%A7%8D%E0%A6%AF-%E0%A6%A4%E0%A6%BE%E0%A6%B0%E0%A6%BF%E0%A6%96%E0%A7%87,"['বিশ্ব', 'দিবস']",৭ এপ্রিল বিশ্ব স্বাস্থ্য দিবস।এই দিনে জাতিসংঘের স্বাস্থ্য বিষয়ক সংস্থা বিশ্ব স্বাস্থ্য সংস্থা (WHO)প্রতিষ্ঠা হয়।
p-76-a-23,বাংলাদেশ দেশটি নামকরণ করেন কে?,চিন্তা ও দক্ষতা,3,+1,109,https://www.sciencebee.com.bd/qna/26900/%E0%A6%AC%E0%A6%BE%E0%A6%82%E0%A6%B2%E0%A6%BE%E0%A6%A6%E0%A7%87%E0%A6%B6-%E0%A6%A8%E0%A6%BE%E0%A6%AE%E0%A6%95%E0%A6%B0%E0%A6%A3,"['আবিষ্কার', 'দেশ']",১৯৬৯ সালের ৫ ডিসেম্বর ঢাকায় আওয়ামী লীগের এক আলোচনা সভায় বঙ্গবন্ধু শেখ মুজিবুর রহমান তৎকালীন পূর্ব পাকিস্তানকে 'বাংলাদেশ' নামকরণের ঘোষণা দিয়েছিলেন।
p-76-a-24,বাংলাদেশ দেশটি নামকরণ করেন কে?,চিন্তা ও দক্ষতা,3,+1,109,https://www.sciencebee.com.bd/qna/26900/%E0%A6%AC%E0%A6%BE%E0%A6%82%E0%A6%B2%E0%A6%BE%E0%A6%A6%E0%A7%87%E0%A6%B6-%E0%A6%A8%E0%A6%BE%E0%A6%AE%E0%A6%95%E0%A6%B0%E0%A6%A3,"['আবিষ্কার', 'দেশ']",১৯৬৯ সালের ৫ ডিসেম্বর ঢাকায় আওয়ামী লীগের এক আলোচনা সভায় বঙ্গবন্ধু শেখ মুজিবুর রহমান তৎকালীন পূর্ব পাকিস্তানকে 'বাংলাদেশ' নামকরণের ঘোষণা দিয়েছিলেন)
p-76-a-25,বাংলাদেশ দেশটি নামকরণ করেন কে?,চিন্তা ও দক্ষতা,3,+1,109,https://www.sciencebee.com.bd/qna/26900/%E0%A6%AC%E0%A6%BE%E0%A6%82%E0%A6%B2%E0%A6%BE%E0%A6%A6%E0%A7%87%E0%A6%B6-%E0%A6%A8%E0%A6%BE%E0%A6%AE%E0%A6%95%E0%A6%B0%E0%A6%A3,"['আবিষ্কার', 'দেশ']",১৯৬৯ সালের ৫ ডিসেম্বর ঢাকায় আওয়ামী লীগের এক আলোচনা সভায় বঙ্গবন্ধু শেখ মুজিবুর রহমান তৎকালীন পূর্ব পাকিস্তানকে 'বাংলাদেশ' নামকরণের ঘোষণা দিয়েছিলেন।
p-76-a-26,আধুনিক অর্থনীতির জনক কে?,বাংলাদেশ ও বিশ্ব,8,+2,368,https://www.sciencebee.com.bd/qna/26846/%E0%A6%86%E0%A6%A7%E0%A7%81%E0%A6%A8%E0%A6%BF%E0%A6%95-%E0%A6%85%E0%A6%B0%E0%A7%8D%E0%A6%A5%E0%A6%A8%E0%A7%80%E0%A6%A4%E0%A6%BF%E0%A6%B0,"['জনক', 'অর্থনীতি']","পল অ্যান্থনি স্যামুয়েলসন (ইংরেজি: Paul Anthony Samuelson) (জন্ম ১৫ই মে, ১৯১৫) আধুনিক অর্থনীতির জনক, বিখ্যাত মার্কিন অর্থনীতিবিদ এবং ১৯৭০ সালে অর্থনীতিতে নোবেল পুরস্কার বিজয়ী।"
p-76-a-27,আধুনিক অর্থনীতির জনক কে?,বাংলাদেশ ও বিশ্ব,8,+2,368,https://www.sciencebee.com.bd/qna/26846/%E0%A6%86%E0%A6%A7%E0%A7%81%E0%A6%A8%E0%A6%BF%E0%A6%95-%E0%A6%85%E0%A6%B0%E0%A7%8D%E0%A6%A5%E0%A6%A8%E0%A7%80%E0%A6%A4%E0%A6%BF%E0%A6%B0,"['জনক', 'অর্থনীতি']",আধুনিক অর্থনীতির জনক হলেন পল স্যামুয়েলসন তাকে আধুনিক অর্থনীতির জনক হিসেবে ধরা হয়l
p-76-a-28,আধুনিক অর্থনীতির জনক কে?,বাংলাদেশ ও বিশ্ব,8,+2,368,https://www.sciencebee.com.bd/qna/26846/%E0%A6%86%E0%A6%A7%E0%A7%81%E0%A6%A8%E0%A6%BF%E0%A6%95-%E0%A6%85%E0%A6%B0%E0%A7%8D%E0%A6%A5%E0%A6%A8%E0%A7%80%E0%A6%A4%E0%A6%BF%E0%A6%B0,"['জনক', 'অর্থনীতি']",ইতিহাস অনুসারে পল স্যামুয়েলসন কে আধুনিক অর্থনীতির জনক বলা হয়ll..
p-76-a-29,আধুনিক অর্থনীতির জনক কে?,বাংলাদেশ ও বিশ্ব,8,+2,368,https://www.sciencebee.com.bd/qna/26846/%E0%A6%86%E0%A6%A7%E0%A7%81%E0%A6%A8%E0%A6%BF%E0%A6%95-%E0%A6%85%E0%A6%B0%E0%A7%8D%E0%A6%A5%E0%A6%A8%E0%A7%80%E0%A6%A4%E0%A6%BF%E0%A6%B0,"['জনক', 'অর্থনীতি']",পল স্যামুয়েলসন হচ্ছেন আধুনিক অর্থনীতির জনক।
p-76-a-30,আধুনিক অর্থনীতির জনক কে?,বাংলাদেশ ও বিশ্ব,8,+2,368,https://www.sciencebee.com.bd/qna/26846/%E0%A6%86%E0%A6%A7%E0%A7%81%E0%A6%A8%E0%A6%BF%E0%A6%95-%E0%A6%85%E0%A6%B0%E0%A7%8D%E0%A6%A5%E0%A6%A8%E0%A7%80%E0%A6%A4%E0%A6%BF%E0%A6%B0,"['জনক', 'অর্থনীতি']",Paul Samuelson কে আধুনিক অর্থনীতির জনক বলা হয়।
p-76-a-31,আধুনিক অর্থনীতির জনক কে?,বাংলাদেশ ও বিশ্ব,8,+2,368,https://www.sciencebee.com.bd/qna/26846/%E0%A6%86%E0%A6%A7%E0%A7%81%E0%A6%A8%E0%A6%BF%E0%A6%95-%E0%A6%85%E0%A6%B0%E0%A7%8D%E0%A6%A5%E0%A6%A8%E0%A7%80%E0%A6%A4%E0%A6%BF%E0%A6%B0,"['জনক', 'অর্থনীতি']",পল স্যামুয়েলসন ই হলেন আধুনিক অর্থনীতির জনক.......
p-76-a-32,আধুনিক অর্থনীতির জনক কে?,বাংলাদেশ ও বিশ্ব,8,+2,368,https://www.sciencebee.com.bd/qna/26846/%E0%A6%86%E0%A6%A7%E0%A7%81%E0%A6%A8%E0%A6%BF%E0%A6%95-%E0%A6%85%E0%A6%B0%E0%A7%8D%E0%A6%A5%E0%A6%A8%E0%A7%80%E0%A6%A4%E0%A6%BF%E0%A6%B0,"['জনক', 'অর্থনীতি']",আধুনিক অর্থনীতির জনক হলেন পল স্যামুয়েলসন।
p-76-a-33,আধুনিক অর্থনীতির জনক কে?,বাংলাদেশ ও বিশ্ব,8,+2,368,https://www.sciencebee.com.bd/qna/26846/%E0%A6%86%E0%A6%A7%E0%A7%81%E0%A6%A8%E0%A6%BF%E0%A6%95-%E0%A6%85%E0%A6%B0%E0%A7%8D%E0%A6%A5%E0%A6%A8%E0%A7%80%E0%A6%A4%E0%A6%BF%E0%A6%B0,"['জনক', 'অর্থনীতি']","পল অ্যান্থনি স্যামুয়েলসন (ইংরেজি: Paul Anthony Samuelson) (জন্ম ১৫ই মে, ১৯১৫)আধুনিক অর্থনীতির জনক, বিখ্যাত মার্কিনঅর্থনীতিবিদএবং ১৯৭০ সালেঅর্থনীতিতেনোবেল পুরস্কার বিজয়ী।"
p-76-a-34,আধুনিক হিসাব বিজ্ঞানের জনক কে?,বাংলাদেশ ও বিশ্ব,6,0,300,https://www.sciencebee.com.bd/qna/26843/%E0%A6%86%E0%A6%A7%E0%A7%81%E0%A6%A8%E0%A6%BF%E0%A6%95-%E0%A6%AC%E0%A6%BF%E0%A6%9C%E0%A7%8D%E0%A6%9E%E0%A6%BE%E0%A6%A8%E0%A7%87%E0%A6%B0,"['আবিষ্কার', 'জনক']",Galileo GalileiAlbert Einstein called Galileo the father of modern science.
p-76-a-35,আধুনিক হিসাব বিজ্ঞানের জনক কে?,বাংলাদেশ ও বিশ্ব,6,0,300,https://www.sciencebee.com.bd/qna/26843/%E0%A6%86%E0%A6%A7%E0%A7%81%E0%A6%A8%E0%A6%BF%E0%A6%95-%E0%A6%AC%E0%A6%BF%E0%A6%9C%E0%A7%8D%E0%A6%9E%E0%A6%BE%E0%A6%A8%E0%A7%87%E0%A6%B0,"['আবিষ্কার', 'জনক']",দুঃখিত উপরের ভুল উত্তরের জন্য!আধুনিকহিসাববিজ্ঞানেরজনকলুকা প্যাসিওলি (১৪৪৫-১৫১৭)
p-76-a-36,আধুনিক হিসাব বিজ্ঞানের জনক কে?,বাংলাদেশ ও বিশ্ব,6,0,300,https://www.sciencebee.com.bd/qna/26843/%E0%A6%86%E0%A6%A7%E0%A7%81%E0%A6%A8%E0%A6%BF%E0%A6%95-%E0%A6%AC%E0%A6%BF%E0%A6%9C%E0%A7%8D%E0%A6%9E%E0%A6%BE%E0%A6%A8%E0%A7%87%E0%A6%B0,"['আবিষ্কার', 'জনক']",লুকা প্যাসিওলি (১৪৪৫-১৫১৭) কে আধুনিক হিসাব বিজ্ঞানের জনক বলা হয়।
p-76-a-37,আধুনিক হিসাব বিজ্ঞানের জনক কে?,বাংলাদেশ ও বিশ্ব,6,0,300,https://www.sciencebee.com.bd/qna/26843/%E0%A6%86%E0%A6%A7%E0%A7%81%E0%A6%A8%E0%A6%BF%E0%A6%95-%E0%A6%AC%E0%A6%BF%E0%A6%9C%E0%A7%8D%E0%A6%9E%E0%A6%BE%E0%A6%A8%E0%A7%87%E0%A6%B0,"['আবিষ্কার', 'জনক']",লুকা প্যাসিওলি কে আধুনিক হিসাব বিজ্ঞানের জনক বলা হয়।
p-76-a-38,আধুনিক হিসাব বিজ্ঞানের জনক কে?,বাংলাদেশ ও বিশ্ব,6,0,300,https://www.sciencebee.com.bd/qna/26843/%E0%A6%86%E0%A6%A7%E0%A7%81%E0%A6%A8%E0%A6%BF%E0%A6%95-%E0%A6%AC%E0%A6%BF%E0%A6%9C%E0%A7%8D%E0%A6%9E%E0%A6%BE%E0%A6%A8%E0%A7%87%E0%A6%B0,"['আবিষ্কার', 'জনক']",লুকা ডি প্যাসিওলি কে আধুনিক হিসাব বিজ্ঞানের জনক বলা হয়।এটি ব্যবসা শাখার একটি গুরুত্বপূর্ণ বিষয়।
p-76-a-39,আধুনিক হিসাব বিজ্ঞানের জনক কে?,বাংলাদেশ ও বিশ্ব,6,0,300,https://www.sciencebee.com.bd/qna/26843/%E0%A6%86%E0%A6%A7%E0%A7%81%E0%A6%A8%E0%A6%BF%E0%A6%95-%E0%A6%AC%E0%A6%BF%E0%A6%9C%E0%A7%8D%E0%A6%9E%E0%A6%BE%E0%A6%A8%E0%A7%87%E0%A6%B0,"['আবিষ্কার', 'জনক']",হিসাববিজ্ঞানের উৎপত্তিএই বৈজ্ঞানিক হিসাবশাস্ত্রের প্রচলন করেছিলেন ইতালীয় রেনেসাঁর গণিতজ্ঞ ও ধর্মযাজক লুকা প্যাসিওলি। লুকা প্যাসিওলি ছিলেন লিওনার্দো দা ভিঞ্চি'র একজন নিকটতম বন্ধু ও গৃহশিক্ষক এবং ইতালীয় নাবিক ক্রিস্টোফার কলম্বাস এর সমসাময়িক।
p-76-a-40,আধুনিক রাষ্ট্রবিজ্ঞানের জনক বলা হয় কাকে?,বাংলাদেশ ও বিশ্ব,5,+2,178,https://www.sciencebee.com.bd/qna/26833/%E0%A6%B0%E0%A6%BE%E0%A6%B7%E0%A7%8D%E0%A6%9F%E0%A7%8D%E0%A6%B0%E0%A6%AC%E0%A6%BF%E0%A6%9C%E0%A7%8D%E0%A6%9E%E0%A6%BE%E0%A6%A8%E0%A7%87%E0%A6%B0,"['আবিষ্কার', 'জনক']",আধুনিক রাষ্ট্রবিজ্ঞানের জনক হলেন ম্যক্স ভেবার.............
p-76-a-41,আধুনিক রাষ্ট্রবিজ্ঞানের জনক বলা হয় কাকে?,বাংলাদেশ ও বিশ্ব,5,+2,178,https://www.sciencebee.com.bd/qna/26833/%E0%A6%B0%E0%A6%BE%E0%A6%B7%E0%A7%8D%E0%A6%9F%E0%A7%8D%E0%A6%B0%E0%A6%AC%E0%A6%BF%E0%A6%9C%E0%A7%8D%E0%A6%9E%E0%A6%BE%E0%A6%A8%E0%A7%87%E0%A6%B0,"['আবিষ্কার', 'জনক']",আধুনিক রাষ্ট্রবিজ্ঞানের জনক ম্যক্স ভেবার।।।।।।
p-76-a-42,আধুনিক রাষ্ট্রবিজ্ঞানের জনক বলা হয় কাকে?,বাংলাদেশ ও বিশ্ব,5,+2,178,https://www.sciencebee.com.bd/qna/26833/%E0%A6%B0%E0%A6%BE%E0%A6%B7%E0%A7%8D%E0%A6%9F%E0%A7%8D%E0%A6%B0%E0%A6%AC%E0%A6%BF%E0%A6%9C%E0%A7%8D%E0%A6%9E%E0%A6%BE%E0%A6%A8%E0%A7%87%E0%A6%B0,"['আবিষ্কার', 'জনক']",আধুনিক রাষ্ট্রবিজ্ঞানের জনক ম্যক্স ভেবার।এটি মানবিক শাখা একটি গুরুত্বপূর্ণ বিষয়।
p-76-a-43,আধুনিক রাষ্ট্রবিজ্ঞানের জনক বলা হয় কাকে?,বাংলাদেশ ও বিশ্ব,5,+2,178,https://www.sciencebee.com.bd/qna/26833/%E0%A6%B0%E0%A6%BE%E0%A6%B7%E0%A7%8D%E0%A6%9F%E0%A7%8D%E0%A6%B0%E0%A6%AC%E0%A6%BF%E0%A6%9C%E0%A7%8D%E0%A6%9E%E0%A6%BE%E0%A6%A8%E0%A7%87%E0%A6%B0,"['আবিষ্কার', 'জনক']",আধুনিক রাষ্ট্রবিজ্ঞানের জনক নিকোলো ম্যাকিয়াভেলি। ম্যাক্স ভেবার/ওয়েবার আমলাতন্ত্রের জনক।
p-76-a-44,আধুনিক রাষ্ট্রবিজ্ঞানের জনক বলা হয় কাকে?,বাংলাদেশ ও বিশ্ব,5,+2,178,https://www.sciencebee.com.bd/qna/26833/%E0%A6%B0%E0%A6%BE%E0%A6%B7%E0%A7%8D%E0%A6%9F%E0%A7%8D%E0%A6%B0%E0%A6%AC%E0%A6%BF%E0%A6%9C%E0%A7%8D%E0%A6%9E%E0%A6%BE%E0%A6%A8%E0%A7%87%E0%A6%B0,"['আবিষ্কার', 'জনক']",রাষ্ট্র সম্পর্কে বৈজ্ঞানিক পদ্ধতিতে তথ্য উত্থাপন কারা ও প্রথম আলোচনা করে রাষ্ট্র সম্পর্কে উত্থাপিত সকল সমস্যার সমাধানের জন্য এরিস্টটলকে রাষ্ট্রবিজ্ঞানের জনক বলা হয়।
p-76-a-45,আধুনিক শিক্ষার জনক কে?,বাংলাদেশ ও বিশ্ব,5,+1,615,https://www.sciencebee.com.bd/qna/26832/%E0%A6%86%E0%A6%A7%E0%A7%81%E0%A6%A8%E0%A6%BF%E0%A6%95-%E0%A6%B6%E0%A6%BF%E0%A6%95%E0%A7%8D%E0%A6%B7%E0%A6%BE%E0%A6%B0,"['আবিষ্কার', 'জনক']",ভিনটন - জি -  কার্ফ  হলেন  আধুনিক শিক্ষার  জনক।
p-76-a-46,আধুনিক শিক্ষার জনক কে?,বাংলাদেশ ও বিশ্ব,5,+1,615,https://www.sciencebee.com.bd/qna/26832/%E0%A6%86%E0%A6%A7%E0%A7%81%E0%A6%A8%E0%A6%BF%E0%A6%95-%E0%A6%B6%E0%A6%BF%E0%A6%95%E0%A7%8D%E0%A6%B7%E0%A6%BE%E0%A6%B0,"['আবিষ্কার', 'জনক']",ভিনটন - জি - কার্ফকে আধুনিক শিক্ষার জনক বলা হয়ে থাকে।
p-76-a-47,আধুনিক শিক্ষার জনক কে?,বাংলাদেশ ও বিশ্ব,5,+1,615,https://www.sciencebee.com.bd/qna/26832/%E0%A6%86%E0%A6%A7%E0%A7%81%E0%A6%A8%E0%A6%BF%E0%A6%95-%E0%A6%B6%E0%A6%BF%E0%A6%95%E0%A7%8D%E0%A6%B7%E0%A6%BE%E0%A6%B0,"['আবিষ্কার', 'জনক']",ভিনটন জি. কার্ফকে আধুনিক শিক্ষার জনক বলা হয়
p-76-a-48,আধুনিক শিক্ষার জনক কে?,বাংলাদেশ ও বিশ্ব,5,+1,615,https://www.sciencebee.com.bd/qna/26832/%E0%A6%86%E0%A6%A7%E0%A7%81%E0%A6%A8%E0%A6%BF%E0%A6%95-%E0%A6%B6%E0%A6%BF%E0%A6%95%E0%A7%8D%E0%A6%B7%E0%A6%BE%E0%A6%B0,"['আবিষ্কার', 'জনক']",আধুনিক শিক্ষার জনক হলো সক্রেটিস। তাকেই আধুনিক শিক্ষার জনক বলা হয়।
p-76-a-49,আধুনিক শিক্ষার জনক কে?,বাংলাদেশ ও বিশ্ব,5,+1,615,https://www.sciencebee.com.bd/qna/26832/%E0%A6%86%E0%A6%A7%E0%A7%81%E0%A6%A8%E0%A6%BF%E0%A6%95-%E0%A6%B6%E0%A6%BF%E0%A6%95%E0%A7%8D%E0%A6%B7%E0%A6%BE%E0%A6%B0,"['আবিষ্কার', 'জনক']",ভিনটন জি. কার্শফকে আধুনিক শিক্ষার জনক বলা হয়।
p-76-a-50,ঘুমের মধ্যে পায়ের ভেইন এ টান পড়ার কারন কি?,স্বাস্থ্য ও চিকিৎসা,1,0,64,https://www.sciencebee.com.bd/qna/26807/%E0%A6%98%E0%A7%81%E0%A6%AE%E0%A7%87%E0%A6%B0-%E0%A6%AE%E0%A6%A7%E0%A7%8D%E0%A6%AF%E0%A7%87,"['মাংসপেশী', 'স্বাস্থ্য', 'মানবদেহ']","পানিশূন্যতা বা ডিহাইড্রেশন। খুব ঠান্ডা আবহাওয়া। গর্ভকালীন, বিশেষ করে শেষের দিকে প্রয়োজনীয় খনিজের অভাবে রগেটান পড়ে। বেশি সময় বসে থাকা, শক্ত জায়গায় দাঁড়িয়ে থাকা,ঘুমেরসময় ভুল দেহভঙ্গিরকারণেএমন হতে পারে।"
p-76-a-51,২২ বছর বয়সেও যারা অতিরিক্ত শুকনা ভবিষ্যতে তাদের মোটা হওয়ার সম্ভাবনা কেমন?,স্বাস্থ্য ও চিকিৎসা,1,0,83,https://www.sciencebee.com.bd/qna/26804/%E0%A6%85%E0%A6%A4%E0%A6%BF%E0%A6%B0%E0%A6%BF%E0%A6%95%E0%A7%8D%E0%A6%A4-%E0%A6%AD%E0%A6%AC%E0%A6%BF%E0%A6%B7%E0%A7%8D%E0%A6%AF%E0%A6%A4%E0%A7%87,"['স্বাস্থ্য', 'মানবদেহ']","এটি সম্পর্কে আমার তেমন একটা কিছু জ্ঞান নেইl তবে যেটুকু আছে সেটি হল, যদি কোন ব্যক্তি 22 বছর বয়সেও অতিরিক্ত কম ওজনতায় ভোগে তাহলে তার ডাক্তারের পরামর্শ অনুযায়ী কিছু ঔষধ খাওয়া অথবা নিজ চেষ্টায় বাড়িতে বেশি বেশি খাবার খাওয়ার জন্য প্রস্তুতি গ্রহণ করা উচিতl এতে হয়ত প্রথমের দিকে তার কিছু অসুবিধা হতে পারে, তবে পরবর্তীতে যখন এটি তার জন্য অভ্যাস হয়ে দাঁড়াবে তখন তাকে আর এই ওজনহীনতা ভুগতে হবে নাl সে যদি ইচ্ছা করে তাহলে সে 22 বছর থেকেও তার নিজের ওজন বাড়ানোর জন্য একটা শেষ চেষ্টা করতে পারেl"
p-76-a-52,নিশীথ সূর্যের দেশ কোনটি?,সৃজনশীলতা,2,0,70,https://www.sciencebee.com.bd/qna/26793/%E0%A6%A8%E0%A6%BF%E0%A6%B6%E0%A7%80%E0%A6%A5-%E0%A6%B8%E0%A7%82%E0%A6%B0%E0%A7%8D%E0%A6%AF%E0%A7%87%E0%A6%B0,"['সূর্য', 'দেশ']",নিশীথ সুর্যের দেশ বলা হয়ে থকে নরওয়ে কে।।।।।
p-76-a-53,নিশীথ সূর্যের দেশ কোনটি?,সৃজনশীলতা,2,0,70,https://www.sciencebee.com.bd/qna/26793/%E0%A6%A8%E0%A6%BF%E0%A6%B6%E0%A7%80%E0%A6%A5-%E0%A6%B8%E0%A7%82%E0%A6%B0%E0%A7%8D%E0%A6%AF%E0%A7%87%E0%A6%B0,"['সূর্য', 'দেশ']",নরওয়ে কে নিশীথ সূর্যের দেশ বলা হয়ে থাকে।
p-76-a-54,who is the inventor of present history?,বাংলাদেশ ও বিশ্ব,2,+1,62,https://www.sciencebee.com.bd/qna/26785/inventor-present,"['knowledge', 'word']",Herodotia is the inventor of present history. how I know!!!
p-76-a-55,who is the inventor of present history?,বাংলাদেশ ও বিশ্ব,2,+1,62,https://www.sciencebee.com.bd/qna/26785/inventor-present,"['knowledge', 'word']",How much i know Herodotus is the inventor of present history!!!
p-76-a-56,আধুনিক চিকিৎসা বিজ্ঞানের জনক কে?,বাংলাদেশ ও বিশ্ব,6,+1,671,https://www.sciencebee.com.bd/qna/26734/%E0%A6%9A%E0%A6%BF%E0%A6%95%E0%A6%BF%E0%A7%8E%E0%A6%B8%E0%A6%BE-%E0%A6%AC%E0%A6%BF%E0%A6%9C%E0%A7%8D%E0%A6%9E%E0%A6%BE%E0%A6%A8%E0%A7%87%E0%A6%B0,"['আবিষ্কার', 'জনক']",আধুনিক চিকিৎসা বিজ্ঞানের জনক হলেন হিপোক্রেটিস নামক একজন বিজ্ঞানীl
p-76-a-57,আধুনিক চিকিৎসা বিজ্ঞানের জনক কে?,বাংলাদেশ ও বিশ্ব,6,+1,671,https://www.sciencebee.com.bd/qna/26734/%E0%A6%9A%E0%A6%BF%E0%A6%95%E0%A6%BF%E0%A7%8E%E0%A6%B8%E0%A6%BE-%E0%A6%AC%E0%A6%BF%E0%A6%9C%E0%A7%8D%E0%A6%9E%E0%A6%BE%E0%A6%A8%E0%A7%87%E0%A6%B0,"['আবিষ্কার', 'জনক']",হিপোক্রেটিস নামক একজন বিজ্ঞানী কে আধুনিক চিকিৎসা বিজ্ঞানের জনক বলে বিবেচনা করা হয়l
p-76-a-58,আধুনিক চিকিৎসা বিজ্ঞানের জনক কে?,বাংলাদেশ ও বিশ্ব,6,+1,671,https://www.sciencebee.com.bd/qna/26734/%E0%A6%9A%E0%A6%BF%E0%A6%95%E0%A6%BF%E0%A7%8E%E0%A6%B8%E0%A6%BE-%E0%A6%AC%E0%A6%BF%E0%A6%9C%E0%A7%8D%E0%A6%9E%E0%A6%BE%E0%A6%A8%E0%A7%87%E0%A6%B0,"['আবিষ্কার', 'জনক']",আধুনিক চিকিৎসাবিজ্ঞানের জনক হচ্ছেন হিপোক্রেটিস নামক বিজ্ঞানী।
p-76-a-59,আধুনিক চিকিৎসা বিজ্ঞানের জনক কে?,বাংলাদেশ ও বিশ্ব,6,+1,671,https://www.sciencebee.com.bd/qna/26734/%E0%A6%9A%E0%A6%BF%E0%A6%95%E0%A6%BF%E0%A7%8E%E0%A6%B8%E0%A6%BE-%E0%A6%AC%E0%A6%BF%E0%A6%9C%E0%A7%8D%E0%A6%9E%E0%A6%BE%E0%A6%A8%E0%A7%87%E0%A6%B0,"['আবিষ্কার', 'জনক']",আধুনিক চিকিৎসাবিজ্ঞানের জনক বলা হয় গ্রিক বিজ্ঞানী হিপোক্রেটিসকে।
p-76-a-60,আধুনিক চিকিৎসা বিজ্ঞানের জনক কে?,বাংলাদেশ ও বিশ্ব,6,+1,671,https://www.sciencebee.com.bd/qna/26734/%E0%A6%9A%E0%A6%BF%E0%A6%95%E0%A6%BF%E0%A7%8E%E0%A6%B8%E0%A6%BE-%E0%A6%AC%E0%A6%BF%E0%A6%9C%E0%A7%8D%E0%A6%9E%E0%A6%BE%E0%A6%A8%E0%A7%87%E0%A6%B0,"['আবিষ্কার', 'জনক']",হিপোক্রেটিস নামক একজন দার্শনিক কে আধুনিক চিকিৎসা বিজ্ঞানের জনক বলে বিবেচনা করা হয়l
p-76-a-61,আধুনিক চিকিৎসা বিজ্ঞানের জনক কে?,বাংলাদেশ ও বিশ্ব,6,+1,671,https://www.sciencebee.com.bd/qna/26734/%E0%A6%9A%E0%A6%BF%E0%A6%95%E0%A6%BF%E0%A7%8E%E0%A6%B8%E0%A6%BE-%E0%A6%AC%E0%A6%BF%E0%A6%9C%E0%A7%8D%E0%A6%9E%E0%A6%BE%E0%A6%A8%E0%A7%87%E0%A6%B0,"['আবিষ্কার', 'জনক']",মহান গ্রিক চিকিৎসক হিপোক্রেটিসকেচিকিৎসাবিজ্ঞানেরজনকবলা হয়ে থাকে। প্রাচীন গ্রেকো-লাতিন সংস্কৃতিরর আরেকজন বিখ্যাত চিকিৎসক হলেন গ্যালেন।
