id,question,question_category,number_of_answer,number_of_vote,number_of_view,answer_link,question_tag,answer
p-62-a-0,বিজ্ঞানী কাকে বলে? সহজবোধ্য ভাষায় জানতে চাই।,তত্ত্ব ও গবেষণা,3,+1,316,https://www.sciencebee.com.bd/qna/28439/%E0%A6%AC%E0%A6%BF%E0%A6%9C%E0%A7%8D%E0%A6%9E%E0%A6%BE%E0%A6%A8%E0%A7%80-%E0%A6%B8%E0%A6%B9%E0%A6%9C%E0%A6%AC%E0%A7%8B%E0%A6%A7%E0%A7%8D%E0%A6%AF,"['#science', 'বিজ্ঞান']","বিজ্ঞানী হলেন ব্যক্তি, যিনি পদ্ধতিগতভাবে নির্দিষ্ট কোনো বিষয়ে সম্পৃক্ত থেকে জ্ঞানরাজ্যে বিচরণ করেন। তিনি পৃথিবী সম্পর্কে বোঝার চেষ্টা করেন কিংবা অন্য যে কোন ধরনের বিষয়বস্তুর সাথে সংশ্লিষ্ট থেকে নিজেকে সম্পৃক্ত রাখেন। যিনি বৈজ্ঞানিক পদ্ধতি অবলম্বনপূর্বক স্বীয় কাজে অগ্রসর হন, তিনি বিজ্ঞানী বা বৈজ্ঞানিক হিসেবে চিহ্নিত হয়ে থাকেন। ব্যক্তি হিসেবে তিনি বিজ্ঞানের এক বা একাধিক শাখায় অভিজ্ঞ হতে পারেন। একজন বিজ্ঞানী নির্দিষ্ট কোন কিছু পর্যবেক্ষণ করেন, প্রশ্ন করেন এবং ব্যাপক-বিস্তৃত পটভূমিতে গবেষণা কর্মের মাধ্যমে প্রশ্নগুলোর উত্তর খোঁজার চেষ্টা করেন। বিজ্ঞানীরা বিশেষ বৈজ্ঞানিক পদ্ধতি অনুসরণ করে যথাযথ জ্ঞান আহরণপূর্বক প্রকৃতি এবং সমাজের নানা মৌলিক বিধি ও গবেষণালব্ধ সাধারণ সত্য আবিষ্কারের চেষ্টা করেন।"
p-62-a-1,বিজ্ঞানী কাকে বলে? সহজবোধ্য ভাষায় জানতে চাই।,তত্ত্ব ও গবেষণা,3,+1,316,https://www.sciencebee.com.bd/qna/28439/%E0%A6%AC%E0%A6%BF%E0%A6%9C%E0%A7%8D%E0%A6%9E%E0%A6%BE%E0%A6%A8%E0%A7%80-%E0%A6%B8%E0%A6%B9%E0%A6%9C%E0%A6%AC%E0%A7%8B%E0%A6%A7%E0%A7%8D%E0%A6%AF,"['#science', 'বিজ্ঞান']","বিজ্ঞানী হলেন একজন ব্যক্তি, যিনি পদ্ধতিগতভাবে নির্দিষ্ট কোনো বিষয়ে সম্পৃক্ত থেকে জ্ঞানরাজ্যে বিচরণ করেন। তিনি পৃথিবী সম্পর্কে বোঝার চেষ্টা করেন কিংবা অন্য যে কোন ধরনের বিষয়বস্তুর সাথে সংশ্লিষ্ট থেকে নিজেকে সম্পৃক্ত রাখেন। যিনি বৈজ্ঞানিক পদ্ধতি অবলম্বনপূর্বক স্বীয় কাজে অগ্রসর হন, তিনি বিজ্ঞানী বা বৈজ্ঞানিক হিসেবে চিহ্নিত হয়ে থাকেন। ব্যক্তি হিসেবে তিনি বিজ্ঞানের এক বা একাধিক শাখায় অভিজ্ঞ হতে পারেন। একজন বিজ্ঞানী নির্দিষ্ট কোন কিছু পর্যবেক্ষণ করেন, প্রশ্ন করেন এবং ব্যাপক-বিস্তৃত পটভূমিতে গবেষণা কর্মের মাধ্যমে প্রশ্নগুলোর উত্তর খোঁজার চেষ্টা করেন। বিজ্ঞানীরা বিশেষ বৈজ্ঞানিক পদ্ধতি অনুসরণ করে যথাযথ জ্ঞান আহরণপূর্বক প্রকৃতি এবং সমাজের নানা মৌলিক বিধি ও গবেষণালব্ধ সাধারণ সত্য আবিষ্কারের চেষ্টা করেন।"
p-62-a-2,বিজ্ঞানী কাকে বলে? সহজবোধ্য ভাষায় জানতে চাই।,তত্ত্ব ও গবেষণা,3,+1,316,https://www.sciencebee.com.bd/qna/28439/%E0%A6%AC%E0%A6%BF%E0%A6%9C%E0%A7%8D%E0%A6%9E%E0%A6%BE%E0%A6%A8%E0%A7%80-%E0%A6%B8%E0%A6%B9%E0%A6%9C%E0%A6%AC%E0%A7%8B%E0%A6%A7%E0%A7%8D%E0%A6%AF,"['#science', 'বিজ্ঞান']","একজন ব্যক্তি, যিনি পদ্ধতিগতভাবে নির্দিষ্ট কোনো বিষয়ে সম্পৃক্ত থেকে জ্ঞানরাজ্যে বিচরণ করেন। তিনি পৃথিবী সম্পর্কে বোঝার চেষ্টা করেন কিংবা অন্য যে কোন ধরনের বিষয়বস্তুর সাথে সংশ্লিষ্ট থেকে নিজেকে সম্পৃক্ত রাখেন।"
p-62-a-3,রক্তের গ্রুপ কেন পরিবর্তন হয়ে যায়?,জীববিজ্ঞান,2,+1,117,https://www.sciencebee.com.bd/qna/28437/%E0%A6%B0%E0%A6%95%E0%A7%8D%E0%A6%A4%E0%A7%87%E0%A6%B0-%E0%A6%AA%E0%A6%B0%E0%A6%BF%E0%A6%AC%E0%A6%B0%E0%A7%8D%E0%A6%A4%E0%A6%A8,"['রক্ত', 'গ্রুপ']","ধারনাকরা হয়- প্রতি ৭০০ কোটি মানুষের মধ্যে ১ জনের মধ্যে এমন রক্তের গ্রুপ পরিবর্তনের ঘটনা ঘটতে পারে।সম্প্রতি বিজ্ঞানীরা গবেষনা করে বের করেছেন &ndash; কিছু Cancer অথবা autoimmune ডিজেজে রক্তের গ্রুপ বদলে যেতে পারে। যদিও এই কথার বিরুদ্ধেও বলেন অনেকে। কিন্তু লিউকেমিয়া অথবা লিম্ফোমা তে বোন মেরো ট্রান্সপ্লান্ট করার পর রক্তের গ্রুপ পরিবর্তন হতে পারে যদি এ/বি/এবি ব্লাড গ্রুপ recipient এবং যদি &ldquo;ও&rdquo; গ্রুপের মানুষ donor হয়।আর যাই হোক আমরা ধরে নেই ""পরিবর্তন হয় না""। হলেও সেটা আমরা বাদের তালিকায় রাখি। যদি কখনো কারো এমন পরিবর্তন হয় &ndash;তাহলে ধরে নিতে হবে যে =কোনো বার রক্ত পরীক্ষার সময় ভুল ছিলো। এই জন্য কমপক্ষে ৩ বার রিভিউ Test করতে হবে।"
p-62-a-4,রক্তের গ্রুপ কেন পরিবর্তন হয়ে যায়?,জীববিজ্ঞান,2,+1,117,https://www.sciencebee.com.bd/qna/28437/%E0%A6%B0%E0%A6%95%E0%A7%8D%E0%A6%A4%E0%A7%87%E0%A6%B0-%E0%A6%AA%E0%A6%B0%E0%A6%BF%E0%A6%AC%E0%A6%B0%E0%A7%8D%E0%A6%A4%E0%A6%A8,"['রক্ত', 'গ্রুপ']","একজন মানুষের জীবনের কোনো এক পর্যায়ে কি তার রক্তের গ্রুপ পরিবর্তন হতে পারে?সাধারন উত্তরঃনা... মানুষের রক্তের গ্রুপ কখনো পরিবর্তন হয় না... যদি আপনি মনে করেন যে আপনার রক্তের গ্রুপ আগে এক ছিল, আর এখন অন্য - তাহলে ধরে নিতে হবেঃ১) পূর্বের রক্তের গ্রুপ পরীক্ষা ভুল ছিল...২) আপনি হয়তো আপনার রক্তের গ্রুপ মনে করতে পারছেন না, ভুলে গেছেন... এবং ভুল বলছেন...এই দুটি সম্ভাবনা রয়েছে... সেজন্য রক্তের গ্রুপ বিভিন্ন জায়গায় কমপক্ষে ৩ বার পরীক্ষা করে কনফার্ম হয়ে নেয়া উচিত... এবং সঠিক রক্তের গ্রুপ মনে রাখুন...--  ---  ---ব্যাতিক্রমঃসাম্প্রতিক গবেষণায় জানা গেছে কিছু ক্যানসার অথবা কিছু autoimmune ডিজেজে রক্তের গ্রুপ বদলে যেতে পারে... বোন মেরো ট্রান্সপ্লান্ট করার পর রক্তের গ্রুপ পরিবর্তন হতে পারে যদি রোগী এ/বি/এবি ব্লাড গ্রুপের এবং রক্তদাতা &ldquo;ও&rdquo; গ্রুপের হয়ে থাকে... অস্ট্রেলিয়া তে ১৯ বছরের এক মেয়ের রক্তের গ্রুপ পরিবর্তন হয়ে যায় লিভার ট্রান্সপ্লান্টেশনের পরে...--  ---  ---তবে রক্তের গ্রুপ পরিবর্তন হবার সম্ভাবনা একদম নাই বললেই চলে... পরিবর্তন হবার সম্ভাবনা প্রতি ৬০০ কোটি মানুষের মধ্যে একজন... তাই রক্তের গ্রুপ পরিবর্তন হয় না ধরে নেয়াই উত্তম...আর আপনি যদি দাবি করেন আপনার রক্তের গ্রুপ পরিবর্তন হয়েছে এবং উপযুক্ত প্রমান উপস্থাপন করতে পারেন তাহলে আপনাকে নিয়ে সারা পৃথিবীতে হৈচৈ হয়ে যাবার সম্ভাবনা ১০০ % ;) ... আপনাকে নিয়ে পরীক্ষা নিরীক্ষা শুরু হয়ে যাবে, এবং তখন বিভিন্ন গবেষণাগার হবে আপনার স্থায়ী বাসস্থানসুত্রেঃ  ডোনেট ব্লাড বিডি"
p-62-a-5,ফিশ মিউজিয়াম এ মাছ গুলো জারের ভেতর কীভাবে সংরক্ষণ করে?,জীববিজ্ঞান,2,+1,78,https://www.sciencebee.com.bd/qna/28436/%E0%A6%AE%E0%A6%BF%E0%A6%89%E0%A6%9C%E0%A6%BF%E0%A7%9F%E0%A6%BE%E0%A6%AE-%E0%A6%B8%E0%A6%82%E0%A6%B0%E0%A6%95%E0%A7%8D%E0%A6%B7%E0%A6%A3,"['কোষ', 'পোকা']",কাঁচের জারের মধ্যে ফরমালিনে ডুবিয়ে রাখা হয়  এতে করে মাছগুলো পঁচে না।
p-62-a-6,ফিশ মিউজিয়াম এ মাছ গুলো জারের ভেতর কীভাবে সংরক্ষণ করে?,জীববিজ্ঞান,2,+1,78,https://www.sciencebee.com.bd/qna/28436/%E0%A6%AE%E0%A6%BF%E0%A6%89%E0%A6%9C%E0%A6%BF%E0%A7%9F%E0%A6%BE%E0%A6%AE-%E0%A6%B8%E0%A6%82%E0%A6%B0%E0%A6%95%E0%A7%8D%E0%A6%B7%E0%A6%A3,"['কোষ', 'পোকা']","পৃথিবীর অসংখ্য প্রাণীর কথা আমাদের জানা থাকলেও একস্থানে সব প্রাণীর দেখা পাওয়া অসম্ভব। কিন্তু সে সুযোগ করে দেয়াই প্রাণী জাদুঘরের মহত্ব। সে প্রাণীজগতের গুরুত্বপূর্ণ একটি অংশ মাছ, পৃথিবীজুড়ে যার প্রজাতির সংখ্যা ৩২ হাজারেরও বেশি আর এর মধ্যে বাংলাদেশে রয়েছে ৭৫০ প্রজাতি। মৎস্য প্রজাতির সংখ্যার দিক থেকে এশিয়ায় চিন এবং ভারতের পরই বাংলাদেশের অবস্থান। মৎস্যবৈচিত্র্যে ভরপুর এদেশের সব প্রজাতিকে সম্ভব না হলেও স্বাদুপানির ২৬৫ প্রজাতির মাছের মধ্যে ২৩০ প্রজাতিকে একস্থানে দেখার বিরল সুযোগ করে দিয়েছে বাংলাদেশ কৃষি বিশ্ববিদ্যালয়ের মাৎস্যবিজ্ঞান অনুষদের মৎস্য জাদুঘর যার নাম দেয়া হয়েছে- ফিশ মিউজিয়াম এন্ড বায়োডাইভার্সিটি সেন্টার, সংক্ষেপে এফএমবিসি।সহজেই মাছের সঙ্গে পরিচিত হতে পারা, বিলুপ্ত এবং বিলুপ্তপ্রায় সব স্বাদুপানির ও সামুদ্রিক মাছ এবং জলজ প্রাণী সংরক্ষণের মাধ্যমে ভবিষ্যৎ গবেষণা কার্যক্রম এগিয়ে নেয়া এ মৎস্য জাদুঘর প্রতিষ্ঠার অন্যতম উদ্দেশ্য। সে লক্ষ্যে গত বছরের আগস্টে সবার জন্য উন্মুক্ত করে দেয়া জাদুঘরটির অবকাঠামোগত কাজ শুরু হয় সে বছরেরই জুনে। কিন্তু এর দশ বছর আগে থেকেই নমুনা সংগ্রহের কাজ শুরু করেন বাকৃবির ফিশারিজ বায়োলজি এন্ড জেনেটিক্স বিভাগের প্রফেসর ড. মোস্তাফা আলী রেজা হোসেন ও যুক্তরাজ্যের স্টারলিং বিশ্ববিদ্যালয়ের সিনিয়ন লেকচারার ড. সিন। মূলত তাঁদের উদ্যোগেই জাদুঘরটি এই পর্যায়ে আসতে পেরেছে। উদ্যোক্তাদের সহযোগিতায় ছিলেন কৃষি বিশ্ববিদ্যালয়ের মাৎস্যবিজ্ঞান অনুষদের সাবেক ডিন নজরুল ইসলাম ও বর্তমান ডিন আবদুল ওহাবসহ অনুষদের অন্যান্য শিক্ষক ও গবেষকেরা। এপর্যায়ে যুব উন্নয়ন অধিদপ্তরের সিনিয়র ইনস্ট্রাক্টর, ফিশারিজ বায়োলজি এন্ড জেনেটিক্স বিভাগের পিএইচডি ফেলো ও ফিশ মিউজিয়ামের কার্যক্রমের সঙ্গে সংশ্লিষ্ট নাহিদুজ্জামান এর নামটি উল্লেখ না করলেই নয়।মৎস্য জাদুঘরে প্রদর্শিত একটি কচ্ছপমৎস্য জাদুদুঘরে প্রদর্শিত একটি কচ্ছপমোট পাঁচটি কক্ষ নিয়ে সাজানো এ জাদুঘরটির প্রথম কক্ষটির শিরোনাম ফ্রেশওয়াটার ডলফিন এন্ড ফিশ, দ্বিতীয়টির এনসিয়েন্ট সি এন্ড মিডিয়া, তৃতীয়টির সিলোরিফরমিস বা বিড়াল জাতীয় মাছ, চতুর্থটির সিপ্রিনিফরমিস বা কার্প জাতীয় মাছ এবং পঞ্চম কক্ষের শিরোনাম পার্সিফরমিস বা কই জাতীয় মাছ। এছাড়াও জাদুঘরের করিডোরে আছে আবহমানকাল ধরে এ দেশের জেলেদের ব্যবহার্য বিভিন্ন ধরনের মাছ ধরার উপকরণ আর দেশের মাৎস্য ঐতিহ্যের ইতিহাস ও নিদর্শন। বিভিন্ন স্থান থেকে আসা শিক্ষার্থী ও দর্শনার্থীর জন্য জাদুঘর ও মাছ-সম্পর্কিত অডিও ভিজ্যুয়াল চিত্র প্রদর্শনের জন্য রয়েছে একটি সম্মেলনকক্ষ।মাছের নমুনাগুলো বিভিন্ন আকারের কাচের জারে ফরমালিনে ডুবিয়ে রাখা হয়েছে। প্রতিটি মাছের জার বরাবর ওপরে দেয়ালে সাঁটা পোস্টারে প্রদর্শন করা হয়েছে ঐ মাছেরই পরিপক্ক বয়সের আলোকচিত্রসহ প্রচলিত ও বৈজ্ঞানিক নাম এবং অন্যান্য গুরুত্বপূর্ণ তথ্য যা দর্শনার্থীদের জানার চাহিদা মেটাতে যথেষ্ট। এখানে মাছ ছাড়াও রয়েছে হাঙর, ডলফিন ও কুমিরের কঙ্কাল এবং কচ্ছপ ও বিভিন্ন প্রজাতির কাঁকড়ার নমুনা। রয়েছে বিভিন্ন বিলুপ্ত মাছের দূর্লভ সংগ্রহ। আর এই নমুনাগুলো সংগ্রহ করা হয়েছে লন্ডনের ব্রিটিশ ন্যাচারাল মিউজিয়াম, যুক্তরাজ্যের স্টারলিং বিশ্ববিদ্যালয় ও বাংলাদেশের প্রায় প্রতিটি জেলা থেকে।"
p-62-a-7,মার্কসাড় চোখের সংখ্যা কতটি?,জীববিজ্ঞান,1,+1,87,https://www.sciencebee.com.bd/qna/28428/%E0%A6%AE%E0%A6%BE%E0%A6%B0%E0%A7%8D%E0%A6%95%E0%A6%B8%E0%A6%BE%E0%A7%9C-%E0%A6%B8%E0%A6%82%E0%A6%96%E0%A7%8D%E0%A6%AF%E0%A6%BE,"['জীববিজ্ঞান', 'বিশ্ব']","বেশির ভাগ প্রাণীই দুই চোখের হয়। কিন্তু মাকড়সা ব্যতিক্রম। প্রাণীটির চোখের সংখ্যা নির্দিষ্ট নয়। আটটি, ছয়টি, কখনোবা এর কম চোখের মাকড়সার দেখা মেলে প্রাণিজগতে। তবে অস্ট্রেলিয়ার এক নারী নতুন প্রজাতির মাকড়সার সন্ধান পেয়েছেন। এই ক্ষুদ্র প্রাণীর চোখের সংখ্যা আটটি। এর সব কটিই গাঢ় নীল রঙের।"
p-62-a-8,গাঁথনি শুরু করার আগে ইটকে জল দিয়ে ভিজিয়ে নেওয়া হয় কেন?,লাইফ,1,0,86,https://www.sciencebee.com.bd/qna/28426/%E0%A6%97%E0%A6%BE%E0%A6%81%E0%A6%A5%E0%A6%A8%E0%A6%BF-%E0%A6%AD%E0%A6%BF%E0%A6%9C%E0%A6%BF%E0%A7%9F%E0%A7%87,"['পানি', 'ইট']","প্রথমত , ইট সাধারণত মাটিকে তাপে পুড়িয়ে তৈরি হয়। মাটির মধ্যে জল থাকে এবং সেই জল বাস্পীভূত হয়ে শূন্যস্থানের সৃষ্টি করে। তাই ইটের মধ্যে অনেক ক্ষুদ্রাতি ক্ষুদ্র ছিদ্র রয়ে যায়। এরজন্য এটি সহজেই বাইরে থেকে জল শোষণ করতে পারে। তাই শুকনো ইটকে যদি সিমেন্টের প্রলেপ দিয়ে বাড়ি বানানো হয় । তবে সেটি সিমেন্ট থেকে সব জল শোষণ করে নেবে এবং এরফলে সিমেন্টে দ্রুত ফাটল দেখা যাবে। এই সমস্যা সমাধানের জন্য ইটকে জলে ভিজিয়ে তার সব পিপাসা মিটিয়ে দেওয়া হয় এবং সেটি আর সিমেন্টের জল শোষণ করার জন্য লাফালাফি করে না।দ্বিতীয়ত , ইটের মধ্যে কিছু ময়লা এবং জলে দ্রবীভূত হয় এমন কিছু যৌগ ( যেমন— ক্যালসিয়াম , সোডিয়াম , পটাশিয়ামের ক্লোরাইড লবণসমূহ ইত্যাদি ) উপস্থিত থাকে। এরফলে ইটকে যদি শুকনো অবস্থায় সিমেন্টের প্রলেপ দেওয়া হয় । তবে সেই যৌগগুলো সিমেন্টের জলে দ্রবীভূত হয়ে দেওয়ালের গায়ে সাদা রঙের অধঃক্ষেপ ফেলে। যাকে সাধারণ ভাষায় ""ভেঁপো ধরে যাওয়া"" বলে। কিন্তু ইটকে ভালো করে জলে ধুয়ে নিলে এই ধরনের সমস্যার সম্মুখীন হতে হয় না।"
p-62-a-9,"তদন্তের নাম "" ময়না তদন্ত "" কেন?",লাইফ,2,+1,292,https://www.sciencebee.com.bd/qna/28423/%E0%A6%A4%E0%A6%A6%E0%A6%A8%E0%A7%8D%E0%A6%A4%E0%A7%87%E0%A6%B0-%E0%A6%A4%E0%A6%A6%E0%A6%A8%E0%A7%8D%E0%A6%A4,"['পোস্টমর্টেম', 'তদন্ত']","খ্রিষ্টপূর্ব তৃতীয় সহস্রাব্দে প্রথম কোনো মৃতদেহের পোস্টমর্টেম করা হয় বলে জানা যায়। খ্রিষ্টপূর্ব ৪৪ সালে রোমান সম্রাট জুলিয়াস সিজারের মৃত্যুর পর তার মৃতদেহের পোস্টমর্টেম হয়েছিল। তখন এর রিপোর্টে বলা হয়েছিল জুলিয়াস সিজারকে ২৩ বার ছুরিকাঘাত করা হয়েছে।ওই সময় এখনকার মতো উন্নত পদ্ধতি জানা ছিল না মানুষের। আর এ কারণে অনেক প্রশ্নেরই উত্তর মিলত না। ময়নাতদন্তে আধুনিক পদ্ধতি প্রয়োগ শুরু হয় সপ্তদশ শতকে। এবার আসল কথায় আসি। আমরা কি কখনো ভেবে দেখেছি পোস্টমর্টেম শব্দের বাংলা প্রতিশব্দ ময়নাতদন্ত হলো কেন?পোস্টমর্টেম একটি খুনের অজানা কারণকে উদঘাটন করা হয়। কী ভাবে বা কী কারণে খুন হয়েছে সেটা জানার জন্যই মূলত পোস্টমর্টেম বা ময়না তদন্ত করা হয়ে থাকে। আসলে অন্ধকার বা অজানা তথ্য জানার জন্যই এটা করা হয়। কিন্তু এর সঙ্গে ময়না নামের পাখির ময়না যোগ হচ্ছে কেন? পোস্টমর্টেমের সঙ্গে এর মিল কোথায়?হ্যাঁ, এখানেই হচ্ছে রহস্য। ময়না পাখি মিসমিসে কালো এবং তার ঠোঁট হলুদ। এই পাখি প্রায় তিন থেকে ১২/১৩ রকম করে ডাকতে পারে। আর অন্ধকারে ময়না পাখিকে চোখে দেখা যায় না। অন্ধকারে এরা নিজের কালোকে লুকিয়ে রাখে।তবে শুধু অভিজ্ঞ ব্যক্তিরাই এর ডাক শুনে বুঝতে পারেন যে, অন্ধকারে যে পাখি ডাকছে সেটি ময়না। এই না দেখা ময়না পাখিকে যেমন অন্ধকারে শুধু কণ্ঠস্বর শুনে তার পরিচয় বোঝা যায়, তেমনই পোস্টমর্টেমের মাধ্যমে অন্ধকারে থাকা কারণকে আলোতে নিয়ে আসা যায়। সামান্য সূত্র থেকে আবিষ্কার হয় বড় বা জটিল রহস্যের সমাধান। ধরা যায় আসল অপরাধীকে। উদ্ঘাটিত হয় মৃত্যুর কারণ। আর তাই পোস্টমর্টেমের বাংলা হয়েছে ময়নাতদন্ত।আবার অনেকের মতে আরবি মুয়ানা থেকে এসেছে ময়না, যার অর্থ অনুসন্ধান করা।"
p-62-a-10,"তদন্তের নাম "" ময়না তদন্ত "" কেন?",লাইফ,2,+1,292,https://www.sciencebee.com.bd/qna/28423/%E0%A6%A4%E0%A6%A6%E0%A6%A8%E0%A7%8D%E0%A6%A4%E0%A7%87%E0%A6%B0-%E0%A6%A4%E0%A6%A6%E0%A6%A8%E0%A7%8D%E0%A6%A4,"['পোস্টমর্টেম', 'তদন্ত']","ময়নাতদন্তকোন ব্যক্তির মৃত্যু নিয়ে কোন সন্দেহ তৈরি হলে বা কারো অস্বাভাবিক মৃত্যু হলে মূলত মৃত্যুর সঠিক কারণ জানার জন্যই ময়নাতদন্ত বা পোস্টমর্টেম করা হয়।[১]ইংরেজিতে ""পোস্ট-মর্টেম"" শব্দটি ল্যাটিন থেকে পোস্টের জন্য এসেছে, যার অর্থ ""পরে"" এবং মর্টেমের অর্থ ""মৃত্যু""। এটি প্রথম ১৮৫০ থেকে রেকর্ড করা হয়েছিল।[২]শবব্যবচ্ছেদ, ১৯ শতক, মার্কিন যুক্তরাষ্ট্র।অভিধানবিজ্ঞানময়নাতদন্তআরবিময়নাএবং সংস্কৃততদন্তমিলে একটি বিশেষণ পদ। অর্থ-অস্বাভাবিক বা আকস্মিক মৃত্যুর কারণ উদঘাটনের উদ্দেশ্যে শবব্যবচ্ছেদ। ইংরেজিতে ""পোস্ট-মর্টেম"" শব্দটি ল্যাটিন থেকে পোস্টের জন্য এসেছে, যার অর্থ ""পরে"" এবং মর্টেমের অর্থ ""মৃত্যু""। এটি প্রথম ১৮৫০ থেকে রেকর্ড করা হয়েছিল।[৩][৪]একে Autopsy বিদ্যাও বলা হয়। মৃতদেহ পরিচালনা ও ধোয়ার দায়িত্বে থাকা ব্যক্তি Diener (ডায়নার), ডোম, মর্গ পরিচারক বা ময়নাতদন্তবিদ হিসাবে পরিচিত।নামকরণঅটোপসি (Autopsy) শব্দটি এসেছে গ্রিক শব্দ অটোপসিয়া থেকে। যার অর্থ মৃতদেহ পরীক্ষা-নিরীক্ষার করার মাধ্যমে মৃত্যুর কারণ নির্ণয় করা। ময়না শব্দটি আরবি বা ফার্সি বা উর্দু থেকে এসেছে, যার অর্থ ভালো করে খোঁজা বা অনুসন্ধান করা। ফলে ময়না তদন্ত মানে হলো ভালো করে তদন্ত করে দেখা। যেহেতু মৃত্যুর কারণ নির্ণয়ের জন্য চিকিৎসকরা এই কাজটি করে থাকেন, এ কারণেই এর নাম হয়েছে ময়না তদন্ত।[৫]ময়নাতদন্তের ইতিহাসসতেরশো শতক থেকেই অস্বাভাবিক মৃত্যুর পোস্টমর্টেমের রীতি চালু রয়েছে। তবে তখনকার তুলনায় এখন অনেক আধুনিকভাবে ময়নাতদন্ত করা হয়ে থাকে।[৫]কখন, কি ধরণের পরীক্ষা করা হয়মরদেহ থেকে ডিএনএ এনালাইসিস করা হয়। ধর্ষণ করা হয়েছে কিনা, বিষ খাওয়ানো হয়েছে কিনা বা আগুন দিয়ে পুড়িয়ে মারা হয়েছে কিনা, করোনা হয়েছে বিনা ইত্যাদি। এজন্য পাকস্থলী, লিভার, কিডনি কেমিকাল পরীক্ষা করা হয়। এ ক্ষেত্রে মহাখালীর ইনস্টিটিউট অফ পাবলিক হেলথে কেমিক্যাল এনালাইসিস ডিপার্টমেন্ট, ঢাকা মেডিকেলে প্যাথলজি, মাইক্রোবায়োলজি ও ডিএনএ বিভিন্ন প্রতিষ্ঠান কাজ করে।তাদের সবার পরীক্ষার রিপোর্ট পাওয়ার পর ফরেনসিক বিভাগ তার উপর ভিত্তি করে রিপোর্ট লিখে ডেথ সার্টিফিকেট দেয়।[৬]ময়নাতদন্তের পদ্ধতিহত্যা, আত্মহত্যা, দুর্ঘটনার মতো যেকোনো অপমৃত্যু বা অস্বাভাবিক মৃত্যুর ঘটনায় পোস্টমর্টেম বা ময়না তদন্ত করা হয়ে থাকে। এ ধরনের ঘটনায় প্রথমেই পুলিশ একটি সুরতহাল প্রতিবেদন তৈরি করে। অর্থাৎ মৃতদেহ কী অবস্থায় পাওয়া গেছে, তার বিস্তারিত বর্ণনা দিয়ে একটি প্রতিবেদন তৈরি করা হয়। এরপর মৃত্যু সম্পর্কে আরো বিস্তারিত জানার জন্য ময়না তদন্ত করতে পাঠানো হয়। মর্গে ময়না তদন্তকারী চিকিৎসকরা সেই সুরতহাল প্রতিবেদন দেখে, প্রথমে মৃতদেহের বাহ্যিক অবস্থার বিশ্লেষণ করেন। সেখানে কোন আঘাত বা ক্ষত আছে কিনা, ত্বক ও জিহ্বার রঙ ইত্যাদি দেখে প্রথম প্রতিবেদনটি তৈরি করা হয়। এরপরে মৃতদেহ ব্যবচ্ছেদ করে মস্তিষ্ক, ফুসফুস, লিভারসহ শরীরের ভেতরটা যাচাই করে দেখা হয়। ফলে শরীরের ভেতরে কোন আঘাত থাকলে, রক্তক্ষরণ বা বিষক্রিয়া থাকলে, সেটি চিকিৎসকরা বুঝতে পারেন। কোথাও আঘাতের চিহ্ন থাকলে সেটি কীভাবে হয়েছে, তা ভালো করে যাচাই করা হয়। এই কাজটি করতে গিয়ে মৃতদেহের নানা অংশ কেটে দেখতে বাধ্য হন চিকিৎসকরা। এ সময় শরীরের নানা প্রত্যঙ্গও সংগ্রহ করে ল্যাবে পরীক্ষার জন্য পাঠানো হয়ে থাকে। ময়না তদন্ত শেষে মৃতদেহ আবার সেলাই করে আগের মতো অবস্থায় ফিরিয়ে আনা হয়। তবে শরীরের অভ্যন্তরীণ কোন কোন অংশ কেটে আরো পরীক্ষার জন্য গবেষণাগারে পাঠানো হতে পারে।ময়নাতদন্ত থেকে কী জানা যায়ময়না তদন্তে বেশ কয়েকটি বিষয় জানার প্রতি গুরুত্ব দেয়া হয়ে থাকে। এর মধ্যে সবচেয়ে গুরুত্বপূর্ণ দুইটি বিষয় হলো মৃত্যু কীভাবে হয়েছে এবং কখন মৃত্যু হয়েছে। এছাড়া ধর্ষণের ঘটনা ঘটেছে কিনা, আঘাত প্রাপ্ত হয়েছে কিনা, বিষ খাওয়ানো হয়েছে কিনা, রক্তক্ষরণের কোন ঘটনা আছে কিনা- ইত্যাদি বিষয়ও ময়না তদন্তে বেরিয়ে আসে।কোন মৃত্যুর ময়না তদন্ত করা হয়ফৌজদারি কার্যবিধিতে পরিষ্কারভাবে বলা হয়েছে, কোন মৃত্যুর ঘটনাগুলোয় ময়না তদন্ত করা হবে।হত্যাকাণ্ড, দুর্ঘটনায় মৃত্যু, বিষপানে মৃত্যু, শরীরের যদি কোন আঘাতের দাগ থাকে, অর্থাৎ স্বাভাবিক মৃত্যু হয়নি বলে সন্দেহের অবকাশ থাকলেই সেখানে মৃত্যুর কারণ জানার জন্য পোস্টমর্টেম করতে হবে।এ ধরনের ঘটনায় প্রথমে পুলিশ একটি সুরতহাল প্রতিবেদন তৈরি করে।অর্থাৎ পুলিশ কর্মকর্তা কী অবস্থায় মৃতদেহটি দেখেছেন, মৃতদেহের বিস্তারিত বর্ণনা এই প্রতিবেদনে উল্লেখ করা হয়। এরপর থানায় মামলা বা সাধারণ ডায়রির পরে পুলিশ মৃতদেহটি ময়না তদন্ত করার জন্য পাঠিয়ে থাকে। তবে পুলিশের হেফাজতে মৃত্যু হলে,মানসিক হাসপাতালে মৃত্যু হলে,যৌতুকের জন্য মৃত্যু হলে অথবা কবর থেকে মৃতদের ওঠানোর প্রয়োজন হলে সেক্ষেত্রে একজন ম্যাজিস্ট্রেট সুরতহাল প্রতিবেদন তৈরি করেন। এরপর মৃতদেহ ময়নাতদন্তের জন্য পাঠানো হয়।তথ্য সূত্র ঃWikimedia"
p-62-a-11,তালার মধ্যে ছোট একটা ছিদ্র কেন থাকে?,লাইফ,2,0,223,https://www.sciencebee.com.bd/qna/28421/%E0%A6%A4%E0%A6%BE%E0%A6%B2%E0%A6%BE%E0%A6%B0-%E0%A6%AE%E0%A6%A7%E0%A7%8D%E0%A6%AF%E0%A7%87,"['তালা', 'ছিদ্র']",ছিদ্রটি ব্যবহার করার জন্য বিশেষ কারণ রয়েছে। আসলে এটি তালাকে মরিচা পরার হাত থেকে রক্ষা করে ৷ এটির সাহায্যে তালা থেকে জল এবং অন্যান্য দূষিত পদার্থ বের হয়ে যায়। যদি এই ছোট ছিদ্রটি না দেওয়া থাকে তাহলে আপনার তালা খুব দ্রুত নষ্ট হয়ে যাবে।
p-62-a-12,তালার মধ্যে ছোট একটা ছিদ্র কেন থাকে?,লাইফ,2,0,223,https://www.sciencebee.com.bd/qna/28421/%E0%A6%A4%E0%A6%BE%E0%A6%B2%E0%A6%BE%E0%A6%B0-%E0%A6%AE%E0%A6%A7%E0%A7%8D%E0%A6%AF%E0%A7%87,"['তালা', 'ছিদ্র']",তালারমধ্যেছোটএকটাছিদ্র কেন থাকে? ছিদ্রটি ব্যবহার করার জন্য বিশেষ কারণ রয়েছে। আসলে এটি তালাকে মরিচা পরার হাত থেকে রক্ষা করে ৷ এটির সাহায্যেতালাথেকে জল এবং অন্যান্য দূষিত পদার্থ বের হয়ে যায়। যদি এইছোটছিদ্রটি না দেওয়াথাকেতাহলে আপনারতালাখুব দ্রুত নষ্ট হয়ে যাবে।
p-62-a-13,হাজারকে 'K' দ্বারা প্রকাশ করা হয় কেন? K-এর সম্পূর্ণ অর্থ কী?,লাইফ,2,0,156,https://www.sciencebee.com.bd/qna/28419/%E0%A6%B9%E0%A6%BE%E0%A6%9C%E0%A6%BE%E0%A6%B0%E0%A6%95%E0%A7%87-%E0%A6%B8%E0%A6%AE%E0%A7%8D%E0%A6%AA%E0%A7%82%E0%A6%B0%E0%A7%8D%E0%A6%A3,"['#ask', 'life']","আমরা প্রায়শই দেখে থাকি, বিশেষ করে সোশ্যাল মিডিয়ায় লাইক, আপভোট, কমেন্ট, শেয়ার এর ক্ষেত্রে 1K ওয়ার্ড ব্যবহার করা হয়ে থাকে। আমাদের মাথায় প্রশ্ন আসে, ""1K এর পূর্ণরূপ কি? কেনো বলা হয়?"" ডিটেইলস এ আলোচনা করার চেষ্টা করছি।K শব্দটির পূর্ণরূপ হচ্ছে Kilo ( কিলো)। কিলো ওয়ার্ডটি একটি গ্রীক শব্দ । এর অর্থ হচ্ছে হাজার। আমরা প্রতিনিয়ত এই ওয়ার্ডটি এর সাথে পরিচিত। কখনো সবজি কিনতে গেলে, বা চাল কিনতে হলে, কিলো ওয়ার্ডটি ইউজ করে থাকি আমরা।সুতরাং দাড়ায় ""' '1K' শব্দটির পূর্ণরূপ ১ হাজার ""।"
p-62-a-14,হাজারকে 'K' দ্বারা প্রকাশ করা হয় কেন? K-এর সম্পূর্ণ অর্থ কী?,লাইফ,2,0,156,https://www.sciencebee.com.bd/qna/28419/%E0%A6%B9%E0%A6%BE%E0%A6%9C%E0%A6%BE%E0%A6%B0%E0%A6%95%E0%A7%87-%E0%A6%B8%E0%A6%AE%E0%A7%8D%E0%A6%AA%E0%A7%82%E0%A6%B0%E0%A7%8D%E0%A6%A3,"['#ask', 'life']","""K"" অক্ষরটি গ্রীক ""kilo"" শব্দটিকে বোঝায়। এই ""kilo"" অর্থ ১০০০ (এক হাজার)। তাই ১০০০ বোঝাতে ""k"" অক্ষরটি ব্যবহার করা হয়।"
p-62-a-15,ঝাল খাওয়ার সময় নাক দিয়ে পানি বের হয় কেন?,জীববিজ্ঞান,1,0,145,https://www.sciencebee.com.bd/qna/28417/%E0%A6%96%E0%A6%BE%E0%A6%93%E0%A7%9F%E0%A6%BE%E0%A6%B0-%E0%A6%A6%E0%A6%BF%E0%A7%9F%E0%A7%87,"['নাক', 'ঝাল', 'পানি']","আমাদের জিহ্বা তে ঝাল খাবারের কোন স্বাদকুড়ি নেই। তো ঝাল লাগে কেন?এর কারণ হলো ক্যাপসাইসিন নামক রাসায়নিক । যেটা কাঁচা মরিচে বেশী থাকে। উনি মরিচের মধ্যে ঘাপটি মেরে বসে থাকেন।এই ক্যাপসাইসিন যখন জিহ্বার সংস্পর্শে আসে, তখন নিউরোট্রান্সমিটার গুলো উদ্দীপ্ত হয়।ফলে আমাদের মস্তিষ্কে এই সংবাদ চলে যায় যে - "" কিছু একটা বিরক্তিকর জিনিস (irritating substance) প্রবেশ করেছে""। এজন্য একধরনের মস্তিষ্ক থেকে সতর্কবার্তা সারাদেহে চলে যায়।ফলে সতর্কবার্তা হিসেবে, মিউকাস ক্ষরণ বেড়ে যায়। ফলে মুখে লালা ক্ষরণ বেড়ে যায়। তার সাথে নাক থেকে পানি বের হতে শুরু করে এবং মাথা, কপাল থেকে ঘাম শুরু হয়, আবার হার্ট বিটও বেড়ে যায় ।অর্থাৎ মূল কারণ হলো মস্তিষ্কের সতর্কতার নির্দেশ পালন। কারণ মস্তিষ্ক এটাকে প্রথমে খারাপ জিনিস মনে করে। তাই সারা দেহকে সে সতর্ক করে দেয়। উনি সতর্কতার অংশ হিসেবে যন্ত্রণা নাশক এডরফিন ক্ষরণ ও শুরু করে দেন।"
p-62-a-16,মুখের ভেতরে থাকা আলজিভ-এর কাজ কী?,জীববিজ্ঞান,2,0,148,https://www.sciencebee.com.bd/qna/28407/%E0%A6%AE%E0%A7%81%E0%A6%96%E0%A7%87%E0%A6%B0-%E0%A6%AD%E0%A7%87%E0%A6%A4%E0%A6%B0%E0%A7%87,"['মুখ', 'জানতে']","আলজিভ কেবল মানুষের মধ্যেই সম্পূর্ণভাবে বিকশিত হয় এবং আমাদের পূর্বপুরুষদের কথা বলতে ও জলখাবার খেতে সাহায্য করেছিল। এটি নাক ডাকায়ও যুক্ত হতে পারে। ইতালির একটি গবেষণা অনুযায়ী, যারা কম নাক ডাকেন তাদের নাকের সঙ্গে আলজিভের কম স্নায়ু ফাইবার ছিল। তাছাড়া খাবার গ্রহনের সময় খাবার নাসা গহ্বরে প্রবেশ করতে বাধা দেয়।সুত্রঃ কোরা"
p-62-a-17,মুখের ভেতরে থাকা আলজিভ-এর কাজ কী?,জীববিজ্ঞান,2,0,148,https://www.sciencebee.com.bd/qna/28407/%E0%A6%AE%E0%A7%81%E0%A6%96%E0%A7%87%E0%A6%B0-%E0%A6%AD%E0%A7%87%E0%A6%A4%E0%A6%B0%E0%A7%87,"['মুখ', 'জানতে']","আমাদের গলার ভেতরে যে ছোট্ট আলজিভ রয়েছে, সম্ভবত অনেকেই তা খেয়াল করে দেখেন না। কিছু তত্ত্বে উল্লেখ রয়েছে, আলজিভ কেবল মানুষের মধ্যেই সম্পূর্ণভাবে বিকশিত হয় এবং আমাদের পূর্বপুরুষদের কথা বলতে ও জলখাবার খেতে সাহায্য করেছিল। এটি নাক ডাকায়ও যুক্ত হতে পারে। ইতালির একটি গবেষণা অনুযায়ী, যারা কম নাক ডাকেন তাদের নাকের সঙ্গে আলজিভের কম স্নায়ু ফাইবার ছিল। তাছাড়া খাবার গ্রহনের সময় খাবার নাসা গহ্বরে প্রবেশ করতে বাধা দেয়।এপিগ্লোটিস (আলজিভ) নামক কার্টিলেজের ফ্ল্যাপ খাবারকে স্বরযন্ত্রে প্রবেশ করা থেকে বাঁধা দেয়। মানুষে গলবিল পাচক ব্যবস্থার অংশ এবং শ্বসনতন্ত্রের পরিচালনা অঞ্চল।"
p-62-a-18,ভারতের মুদ্রা রুপি হলেও কেন কলকাতার লোকেরা টাকা বলে থাকে?,বাংলাদেশ ও বিশ্ব,1,+1,92,https://www.sciencebee.com.bd/qna/28405/%E0%A6%AD%E0%A6%BE%E0%A6%B0%E0%A6%A4%E0%A7%87%E0%A6%B0-%E0%A6%95%E0%A6%B2%E0%A6%95%E0%A6%BE%E0%A6%A4%E0%A6%BE%E0%A6%B0,"['মুদ্রা', 'রুপি']","ভারতীয় মুদ্রা বিভিন্ন আঞ্চলিক ভাষায় বিভিন্ন নামে পরিচিত। ইংরজীতে রুপি, হিন্দিতে রুপাইয়া, উডিয়াতে টংকা, তামিলে রুবা, বাংলাতে টাকা ইত্যাদি। খেয়াল করলে গুগলে দেখবেন ভারতীয় দশ টাকা নোটে ১৫ টা ভাষায় ওই গুলোই লেখা আছে। সুতরাং রুপি কে টাকা বললে কোনো অসুবিধা নাই।"
p-62-a-19,ফোটনের কিছু বুদ্ধিমান বৈশিষ্ট্য,পদার্থবিজ্ঞান,1,+1,78,https://www.sciencebee.com.bd/qna/28402/%E0%A6%AC%E0%A7%81%E0%A6%A6%E0%A7%8D%E0%A6%A7%E0%A6%BF%E0%A6%AE%E0%A6%BE%E0%A6%A8-%E0%A6%AC%E0%A7%88%E0%A6%B6%E0%A6%BF%E0%A6%B7%E0%A7%8D%E0%A6%9F%E0%A7%8D%E0%A6%AF,"['ফোটন', 'পদার্থ', 'বৈশিষ্ট্য']","মানুষ ছাড়া অন্য প্রাণীর বুদ্ধি নিয়েই যেখানে সংশয় আছে বিজ্ঞানীদের মধ্যে, সেখানে ফোটনের মতো এক জড় শক্তির বুদ্ধি আছে কি না, প্রশ্ন তোলাটা বোকামি মনে হতে পারে। কিন্তু ফোটনের অদ্ভুত সব কর্মকাণ্ডই এ প্রশ্নের মুখোমুখি দাঁড় করিয়ে দেয়। যেমন সাধারণ কাচ বেশ স্বচ্ছ। বেশির ভাগ দৃশ্যমান আলোই এর ভেতর দিয়ে চলে যেতে পারে। বেশির ভাগ, পুরোটা নয় কিন্তু। কিছু আলো স্বচ্ছ কাচ থেকেও প্রতিফলিত হয়। সবচেয়ে স্বচ্ছ কাচেও ৪ শতাংশ আলো প্রতিফলন করতে পারে। আলোর প্রতিফলন-প্রতিসরণ নির্ভর করে আলোর কণা ফোটনের ওপর। তার মানে আলোর কণাধর্মই নির্ধারণ করে আলো কাচ বা অন্য বস্তুর ওপর পড়লে সেটা ওই বস্তুর ভেতর দিয়ে বেরিয়ে যাবে নাকি প্রতিফলিত হয়ে ফিরে আসবে। নিউটন আলোর কণাধর্মের ধারণা দিয়েছিলেন। তিনি আসলে আপাদমস্তক কণাবাদী। বস্তুকে যেমন অসংখ্য খুদে কণিকার সমাবেশ মনে করতেন, তেমনি আলোকরশ্মিকেও তিনি মনে করতেন অসংখ্য ভরহীন কণার সমাবেশ। ঊনবিংশ শতাব্দীতে আলোর কণাতত্ত্ব ধামাচাপা পড়ে যায়। কিন্তু বিংশ শতাব্দীর শুরুতেই সেই কণাতত্ত্ব ভিন্নভাবে ফিরিয়ে আনেন আলবার্ট আইনস্টাইন। কোয়ান্টাম তত্ত্ব প্রতিষ্ঠা হয় আলোর কণাতত্ত্বের ওপর দাঁড়িয়েই।নিউটনই স্বচ্ছ কাচে আলোর কণাদের প্রতিফলনের বিষয়টা লক্ষ করেন। তিনি নিশ্চিত হন আলোর পরিমাণ যত কমই হোক আর যত বেশিই হোক, প্রতিফলিত আলোর হার সমান। তখনই সমস্যাটা তাঁর মাথায় আসে। যেসব আলোর কণা প্রতিফলিত হয়, তারা কীভাবে বোঝে স্বচ্ছ কাচে প্রতিফলিত হয়ে তাদের ফিরে আসতে হবে? তাহলে আলোর কণাদের কি বুদ্ধি আছে? তারা কি জানে কারা স্বচ্ছ কাচ ভেদ করে যাবে আর কারা প্রতিফলিত হবে?নিউটনের সময় আলোর ফোটনদের আলাদা করে শনাক্ত করা সম্ভব ছিল না। তাই অনেক প্রশ্নের জবাব খুঁজে পাওয়া তাঁর জন্য অসম্ভব ছিল। কিন্তু এই কোয়ান্টাম বলবিদ্যার যুগে আলোর ফোটনদের আলাদা করে শনাক্ত করার জন্য শক্তিশালী ডিটেকটর আছে। সেসব ডিটেকটর দিয়ে পরীক্ষা করে দেখা হয়েছে, স্বচ্ছ কাচের প্রতিফলনের রহস্য ভেদ করার চেষ্টা করা হয়েছে। বিখ্যাত মার্কিন পদার্থবিদ রিচার্ড ফাইনম্যানের বিখ্যাত বই কিউইডির প্রথম অধ্যায়েই আলোচনা করা হয়েছে এই সমস্যা নিয়ে। বিস্তারিত ব্যাখ্যাও দেওয়া হয়েছে। কিন্তু সমস্যাটা যে তিমিরে রয়ে গেছে সেই তিমিরেই। ফাইনম্যানও পারেননি স্বচ্ছ কাচে আলোর কণাদের এই প্রতিফলন রহস্যের সমাধান দিতে। তিনি দেখিয়েছেন, আলোর কাচের পুরুত্ব বাড়লে প্রতিফলনক্ষমতা বাড়তে পারে। কিন্তু কখনোই শতভাগ ফোটন ভেদ করে যেতে পারে এমন কাচ কখনোই পাওয়া যাবে না। সেই সঙ্গে তিনি আরেকটা বিষয়ও দেখিয়েছেন, আলোর কাচের পুরুত্ব বাড়ালে কাচের প্রতিফলনক্ষমতা যতই বাড়ুক, কখনোই সেটা ১৬ শতাংশের বেশি হবে না। অর্থাৎ কাচের আলো প্রতিফলনক্ষমতা সর্বনিম্ন ৪ শতাংশ থেকে সর্বোচ্চ ১৬ শতাংশের মধ্যেই সীমাবদ্ধ থাকবে।এখন একটা প্রশ্ন আসতে পারে, বাজারে অনেক কাচ আছে যেগুলো খুব কালো, তার ভেতর দিয়ে খুব কম আলো বেরিয়ে যেতে পারে। যেমন ভিআইপিদের গাড়ির জানালায় এ ধরনের কাচ রাখা হয়। ধরা যাক, একটা কালো কাচের প্রতিফলনক্ষমতা ৫০ শতাংশ। অর্থাৎ সেই কাচে যে পরিমাণ ফোটন এসে পড়ে তার অর্ধেকই সে ফিরিয়ে দিতে পারে। কাচের বেশি বেশি আলো প্রতিফলনক্ষমতা এমনি বাড়েনি। তার জন্য ব্যবহার করা হয়েছে কৃত্রিম পদ্ধতি। মানুষ কৃত্রিম উপায়ে কাচ তৈরির সময় কেমিক্যাল মিশিয়ে বাড়িয়েছে। কিন্তু এই কাচেও তো পুরোনো সমস্যাটা রয়ে গেছে। সেই কাচ কোন ৫০ শতাংশ আলো ফিরিয়ে দিচ্ছে, কেন ফিরিয়ে দিচ্ছে, সেটার সমাধান কিন্তু মেলেনি।তাহলে কি ধরে নেব ফোটনদের বুদ্ধি আছে? ৪ শতাংশ ফোটন জানে তাদের প্রতিফলিত হতে হবে? না, ফোটনের বুদ্ধি থাকার প্রশ্নই ওঠে না। সমস্যাটার গভীরে এখনো বিজ্ঞানীরা যেতে পারেননি। সমস্যাটা অতি প্রাচীন। সেই নিউটনের যুগের। সাড়ে তিন শ বছরেও এর সমাধান মেলেনি। আদৌ এর সমাধান মিলবে কি না, বলা যায় না। তবে কোয়ান্টাম বলবিদ্যায় তো কত ভুতুড়ে কাণ্ড ঘটে। সেগুলোর কিছু কিছুর সমাধান তো আছেই। এই সমস্যাটার সমাধানও কি কোয়ান্টাম বলবিদ্যা দেবে? এর উত্তর পেতে আমাদের ভবিষ্যতের দিকে তাকিয়ে থাকতে হবে।"
p-62-a-20,e-sim কী? এটা কীভাবে কাজ করে?,প্রযুক্তি,2,+2,105,https://www.sciencebee.com.bd/qna/28399/sim-%E0%A6%8F%E0%A6%9F%E0%A6%BE-%E0%A6%95%E0%A7%80%E0%A6%AD%E0%A6%BE%E0%A6%AC%E0%A7%87,"['technology', 'e-sim', 'programming', 'sim', 'nano']","Anembedded-SIM(eSIM), orembedded universal integrated circuit card(eUICC), is a form of programmableSIMthat is embedded directly into a device.OverviewEditRather than a physicalSIM cardthat is manually inserted into a device an eSIM is permanentlysurface mountedto a mobile device at the factory. It improves reliability and network security, while also reducing space requirements, since a relatively bulky connector is not needed, increasing design flexibility.An eSIM is typicallyprovisioned remotely; end-users can add or remove operators without the need to physically swap a SIM from the device.[1]All eSIMs are programmed with a permanent eSIM ID (EID) at the factory.[2]This number is used by the provisioning service to associate the device with an existing carrier subscription as well as to negotiate a secure channel for programming.eSIM is a global specification by theGSMAthat enables remote SIM provisioning of any mobile device. GSMA defines eSIM as the SIM for the next generation of connected consumer devices. Networking solutions using eSIM technology can be widely applied to variousInternet of Things(IoT) scenarios, including connected cars (smart rearview mirrors,on-board diagnostics(OBD), vehicleWi-Fi hotspots),artificial intelligencetranslators,MiFidevices, smart earphones,smart metering,GPS tracking units, DTU,bike-sharing, advertising players,video surveillancedevices, etc.eSIM uses the same electrical interface as a physical SIM as defined inISO/IEC 7816. Once a carrier profile has been installed on an eSIM it operates the same as a physical SIM, complete with a uniqueICCIDandnetwork authentication keygenerated by the carrier.The physical form factor of an eSIM chip is commonly designatedMFF2.[3]Article :www.Wikimedia.com/e-sim"
p-62-a-21,e-sim কী? এটা কীভাবে কাজ করে?,প্রযুক্তি,2,+2,105,https://www.sciencebee.com.bd/qna/28399/sim-%E0%A6%8F%E0%A6%9F%E0%A6%BE-%E0%A6%95%E0%A7%80%E0%A6%AD%E0%A6%BE%E0%A6%AC%E0%A7%87,"['technology', 'e-sim', 'programming', 'sim', 'nano']","ই-সিম এর পূর্ণ ফর্মটি হচ্ছে (embedded SIM) &mdash; আপনার ফোনে থাকা সাধারন সিম কার্ডটি যেভাবে এবং যে প্রযুক্তিতে কাজ করে ফোনকে সেল নেটওয়ার্কের সাথে কানেক্ট করে, ই-সিম ঠিক একই ভাবে কাজ করে।কিন্তু পার্থাক্যটা হল সাধারন সিম কার্ড থেকে ই-সিমের আকার অনেক ছোট আর এটা ফোনের ভেতরে ফিট করা থাকে। এরমানে ই-সিম আপনাকে খুলতে হবে না, ইন্সার্ট করতে হবে না, এটা আগে থেকেই ফোনের মধ্যে ফিট করা থাকে!এখন এই সিম খোলা বা লাগানোর প্রয়োজন পরে না, এরমানে কিন্তু এই নয় আপনি নাম্বার পরিবর্তন করতে পারবেন না বা আলাদা অপারেটরে মুভ করতে পারবেন না! এটা ভার্চুয়ালভাবে রি-রাইটেবল, মানে এতে ইচ্ছা মত আলাদা আলাদা সিম রাইট করা যাবে এবং আগের সিম আন-ইন্সটল ও করা যাবে। এর মানে ই-সিমে নতুন সিম লাগানো আরো বেশি সহজ, আপনাকে অপারেটরের কাস্টমার কেয়ারে যেতে হবেনা, নতুন কোন ফিজিক্যাল সিম কার্ড ও কিনে আনতে হবে না। আপনি জাস্ট কল করে বা অপারেটরের কোন অ্যাপ ডাউনলোড করেই নতুন সিম রেজিস্টার করতে পারবেন আর ফোনের সাথে সেটাকে সেট করেও নিতে পারবেন!"
p-62-a-22,পৃথিবীর সবথেকে বিলাশ বহুল খাবার সম্পর্কে চলুন জেনে আসি--,বিবিধ,1,0,70,https://www.sciencebee.com.bd/qna/28383/%E0%A6%AA%E0%A7%83%E0%A6%A5%E0%A6%BF%E0%A6%AC%E0%A7%80%E0%A6%B0-%E0%A6%B8%E0%A6%AE%E0%A7%8D%E0%A6%AA%E0%A6%B0%E0%A7%8D%E0%A6%95%E0%A7%87,"['খাবার', 'ডিম', 'বিলাশ', 'বহুল']","যেখানে থাকি সেখানের বাজারে মুরগীর ডিমের হালি ২৮ টাকা। অর্থাৎ, প্রতিটি ডিমের দাম পড়ছে ৭ টাকা। মুরগীর ডিমের চাহিদা যেমন অনেক, তেমনি বাজারে সাপ্লাইও অনেক। এখন যদি কোন কারণে বাজারে মুরগীর ডিমের ঘাটতি দেখা দেয় তাহলে কিন্তু দাম বেড়ে যাবে। চাহিদার সাথে যোগানের সম্পর্ক অনেক।এরকমই চাহিদাসম্পন্ন কিন্তু কম প্রাপ্যতার একটি খাবারের নাম হলো 'আলমাস'। এটি অ্যালবিনো স্টার্জিওন বা বেলুগা মাছের ডিম থেকে তৈরি এক ধরনের ক্যাভিয়ার, যার এক কেজির দাম ২,৯২৫,০০০ টাকা পর্যন্ত হতে পারে যা সবচেয়ে ব্যয়বহুল খাবার হিসেবে গিনেস বুক অব ওয়ার্ল্ড রেকর্ডস-এ জায়গা করে নিয়েছে।[1]মাছের ডিমের সাথে লবণ মিশিয়ে তৈরি করা হয় ক্যাভিয়ার নামক দামি খাবার যা তৈরিতে স্টার্জিওন মাছের ডিমই ব্যবহৃত হয়। আর ক্যাভিয়ার তৈরিতে যখন অ্যালবিনো স্টার্জিওন বা বেলুগা মাছের ডিম ব্যবহৃত হয় তখন সেই ক্যাভিয়ার নাম হয়ে যায় আলমাস ক্যাভিয়ার- বর্তমান দুনিয়ার সবচেয়ে দামি খাবার।এতো বেশি দাম হবার ৩টি কারণ উল্লেখ করা যায়-ডিম সংগ্রহ করা হয় ৬০ থেকে ১০০ বছর বয়সের অ্যালবিনো স্টার্জিওন বা বেলুগা মাছ থেকে। ৮ থেকে ২০ বছরের আগে তো এই মাছ প্রজননে সক্ষমই হয় না।উক্ত মাছ বিপন্ন জাতের। অর্থাৎ সংখ্যাতে অনেক অনেক কম, বিলুপ্ত হবার পথে।যোগানের তুলনায় চাহিদা অনেক বেশি।১৯শতকের দিকেও খাবারটি অনেক সস্তা ছিল। এতোই সস্তা ছিল যে রেস্তোরাগুলোতে অন্য খাবারের সাথে ফ্রি দেয়া হতো। ইউরোপিয়ানরা তাদের পোষা প্রাণিদের দিয়ে খাওয়াতেন। অথচ বর্তমানে সবচেয়ে দামি খাবার এই আলমাস ক্যাভিয়ার।"
p-62-a-23,Home এবং House এর মধ্যে পার্থক্য কী?,লাইফ,2,0,291,https://www.sciencebee.com.bd/qna/28381/house-%E0%A6%AA%E0%A6%BE%E0%A6%B0%E0%A7%8D%E0%A6%A5%E0%A6%95%E0%A7%8D%E0%A6%AF,"['home', 'house', 'পার্থক্য']","'Home' আর 'House'-এর মধ্যে পার্থক্য কী?আমরা প্রায়ই এবং বাড়ির মধ্যে পার্থক্য নিয়ে কনফিউশনে পড়ে যাই । কোনটাকে বাসা বলবো আর কোনটাকে বাড়ি বলবো তা ঠিক করতে পারিনা । মাঝে মাঝে তো কাউকে যদি প্রশ্ন করি, ভাই বাড়ি কোথায় ? উত্তর আসে - বাসা কুমিল্লা । এমনটা হওয়ার কারণ, আমরা বাসা-বাড়ির মাঝে যে পার্থক্য আছে, তা জানি না ।চলুন জেনে নেই বাসার বাড়ির মধ্যে পার্থক্য ।আসলে বাসা (house) হচ্ছে অস্থায়ী আবাস আর বাড়ি (home) হচ্ছে স্থায়ী আবাস । আপনি যদি শহরে ভাড়া থাকেন তবে এটি আপনার বাসা । কারণ এটি অস্থায়ী । আবার আপনার যদি গ্রামে নিজেদের ঘরবাড়ি থাকে তাহলে ওইটা হচ্ছে আপনাদের বাড়ি।তবে বাসা এবং বাড়ি একই জিনিস হতে পারে । মনে করুন, আপনি যেখানে ভাড়া আছেন সেটি আপনার জন্য অস্থায়ী সুতরাং সেটি আপনার জন্য বাসা । আবার ওই বাড়িটির যিনি মালিক তার জন্য সেটি কিন্তু স্থায়ী । তাই আপনার বাসাটিই ওই মালিকের জন্য বাড়ি। কারণ মালিক আপনাকে যেকোন সময় তুলে দিতে পারে এবং নিজেও ওই বাড়িটি ব্যবহার করতে পারে ।ঠিক একই কারণে আমরা সব সময় পাখিদের ক্ষেত্রে বাসা বলি বাড়ি বলি না। কারণ পাখিদের আবাসস্থল অস্থায়ী। যেকোনো প্রাকৃতিক দুর্যোগ বা অন্য কোনো কারণে তাদের আবাসস্থল নষ্ট হয়ে যেতে পারে বা তাদেরকে তাদের আবাসস্থল পরিবর্তন করতে হতে পারে। তাদের স্থায়ী কোনো আবাসস্থল নেই। এজন্যই আমরা পাখিদের ক্ষেত্রে সব সময় বাসা বলি ।"
p-62-a-24,Home এবং House এর মধ্যে পার্থক্য কী?,লাইফ,2,0,291,https://www.sciencebee.com.bd/qna/28381/house-%E0%A6%AA%E0%A6%BE%E0%A6%B0%E0%A7%8D%E0%A6%A5%E0%A6%95%E0%A7%8D%E0%A6%AF,"['home', 'house', 'পার্থক্য']","House দিয়ে ঘরকে বোঝায়। কোন বাড়ি, বিল্ডিং, ঘর... এই ধরণের।আর, Home বলতে আবাসস্থল, ঠিকানা বোঝায়।"
p-62-a-25,বুর্জখলিফার টাওয়ারের একটি অজানা তথ্য--,বাংলাদেশ ও বিশ্ব,1,0,112,https://www.sciencebee.com.bd/qna/28379/%E0%A6%AC%E0%A7%81%E0%A6%B0%E0%A7%8D%E0%A6%9C%E0%A6%96%E0%A6%B2%E0%A6%BF%E0%A6%AB%E0%A6%BE%E0%A6%B0,"['বুর্জখলিফার', 'সূর্য', 'ইফতার']","১৬৮ তলার বুর্জ খলিফা সম্পর্কে একটি মজাদার তথ্য হচ্ছে ইফতার করার সময় নিয়ে। রমজানের রোজা ভেঙ্গে ইফতার করার সাধারণ নিয়ম হচ্ছে সূর্য ডোবার সাথে সাথে ইফতার করা যাবে। কিন্তু বুর্জ খলিফায় অবস্থানকারীদের জন্য ব্যাপারটা অতটা সিম্পল নয়। সাধারণভাবে যখন সূর্য ডোবার সাথে সাথে দুবাইর সবাই ইফতার করছে। তখন বুর্জ খলিফায় থাকা একতলা থেকে আশিতলা পর্যন্ত তলায় থাকা লোকেরা ইফতার করছে। এর উপরের তলার লোকেরা ইফতার করছেনা। কেন? কারন সূর্য এখনো দেখা যাচ্ছে। কি আর করা! আরো দুই মিনিট অপেক্ষা করো ৮০ তলা থেকে ১৫০ তলার বাসিন্দারা। দুই মিনিট পর যখন তারা ইফতার করছে তখনো ১৫০ তলার উপরে থাকা লোকেরা ইফতার করছেনা, কারণ তারা এখনো সূর্য দেখতে পাচ্ছে! কি আর করা আরো এক মিনিট অপেক্ষা করো। সূর্য ডুবেছে? হ্যা, তাহলে এখন ইফতার করো।একই ভুবনে থাকা নিয়মের বৈচিত্র্য এটাই হয়ত লক্ষ করা যায়।আরো অনেক তবে পৃথিবী সবচেয়ে উচ্চ ভুবন তাই সবাই জানার আগ্রহ থাকে এই বিষয় নিয়ে।"
p-62-a-26,পরমাণু মধ্যে ইলেকট্রন চলাচল কোনভাবে বন্ধ করে দিলে কি হবে?,পদার্থবিজ্ঞান,2,0,157,https://www.sciencebee.com.bd/qna/28377/%E0%A6%87%E0%A6%B2%E0%A7%87%E0%A6%95%E0%A6%9F%E0%A7%8D%E0%A6%B0%E0%A6%A8-%E0%A6%95%E0%A7%8B%E0%A6%A8%E0%A6%AD%E0%A6%BE%E0%A6%AC%E0%A7%87,"['পদার্থ', 'ইলেকট্রন', 'পরমাণু']","তবুও আমি ধরে নিচ্ছি পরমাণুতে থাকা ইলেকট্রনের কথাই এখানে বলা হচ্ছে । এবারে আমরা ছোটবেলা থেকে একটা ভুল ভাবনা পোষণ করে আসছি যে - সূর্যের চারিদিকে যেমন গ্রহরা ঘোরে সেই রকম নিউক্লিয়াসের চারিদিকে ইলেকট্রনেরা ঘুরছে। সেটা কিন্তু সম্পূর্ণ সত্যি নয়।আমাদের পরমাণু নিয়ে ধারণা অনুযায়ী আলোকচিত্রকারণ ইলেকট্রনের দ্বৈত সত্ত্বা রয়েছে অর্থাৎ ইলেকট্রন একাধারে কণা এবং তরঙ্গও । তাই ইলেকট্রন একটি সুস্থিত কক্ষপথে থাকাকালীন এটি অনেকটা ত্রিমাত্রিক তরঙ্গের মত আচরণ করে ।সহজ করে বললে - একটা গিটারের তারকে আঙ্গুল দিয়ে নাড়ালে তারটির কোন চলন হয় না। কিন্তু তারটির মধ্যে চাঞ্চল্য আমরা দেখতে পাই । ইলেকট্রনের ক্ষেত্রেও একই জিনিস পরিলক্ষিত হয় ।এবার হাইজেনবার্গের অনিশ্চয়তা সূত্র অনুযায়ী , একই‌ সাথে কোনো দ্বৈতসত্ত্বা বিশিষ্ট কণার অবস্থান ও ভরবেগ নির্ণয় করা সম্ভব নয় । সুতরাং এই সূত্রের আরেকটি রূপ হল -এখানে Δp বলতে ভরবেগের স্ট্যান্ডার্ড ডেভিয়েশান এবংΔX বলতে তার অবস্থানের স্ট্যান্ডার্ড ডেভিয়েশান বোঝায় ।এবার এখানে প্রশ্ন ছিল যে যদি ইলেকট্রন চলাচল বন্ধ করে দেয় । তবে কী হবে ? বেগ তো শূন্য হবে না। কারণ ইলেকট্রনের তো ঘূর্ণন হয় না সেই অর্থে । তাই এর যদি স্পন্দন স্তব্ধ হয়। তবে এর ভরবেগ শূন্য হয়ে যাবে। এবার এক সেকেন্ডের জন্যও যদি ভরবেগ শূন্য হয়ে যায় , তবে এর ভরবেগের পরিবর্তনও শূন্য হয়ে যাবে।সুতরাং তার অবস্থান অসীম হবে অর্থাৎ এটি পরমাণুর সীমানা পেরিয়ে সারা বিশ্বব্রহ্মাণ্ডে অবস্থান করবে। এমতাবস্থায় পরমাণুর অস্তিত্ব যে বিনষ্ট হবে সেটিই স্বাভাবিক।অন্যভাবে বললেইলেকট্রনের চলাচল বন্ধ হয়ে গেলে , এর গতিশক্তি শূন্য হয়ে যাবে। সুতরাং শক্তির সংরক্ষণ সূত্রানুযায়ী , গতিশক্তি অন্য কোন শক্তিতে রূপান্তরিত হয়ে যাবে । এরফলে পরমাণুটির সুস্থিততা বিনষ্ট হবে অর্থাৎ পরমাণুটির ক্ষয় হতে পারে অথবা তেজস্ক্রিয়তা দেখা যেতে পারে অথবা সেটি অন্য কোন পরমাণুর সঙ্গে সংযুক্ত হয়ে নতুন কোন পরমাণু তৈরি করতে পারে ।"
p-62-a-27,পরমাণু মধ্যে ইলেকট্রন চলাচল কোনভাবে বন্ধ করে দিলে কি হবে?,পদার্থবিজ্ঞান,2,0,157,https://www.sciencebee.com.bd/qna/28377/%E0%A6%87%E0%A6%B2%E0%A7%87%E0%A6%95%E0%A6%9F%E0%A7%8D%E0%A6%B0%E0%A6%A8-%E0%A6%95%E0%A7%8B%E0%A6%A8%E0%A6%AD%E0%A6%BE%E0%A6%AC%E0%A7%87,"['পদার্থ', 'ইলেকট্রন', 'পরমাণু']","ইলেকট্রন নিউক্লিয়াসে পতিত হয়ে পরমাণুর আকার ছোট হয়ে যাবে। কাজেই, সবকিছুর আকার ছোট হয়ে যাবে এবং সকল পদার্থের ঘনত্ব বেড়ে যাবে।কিন্তু এটি বাস্তবে অসম্ভব!"
p-62-a-28,কৃত্রিম সূর্য কেন তৈরি করা হয়েছে?,প্রযুক্তি,1,0,98,https://www.sciencebee.com.bd/qna/28375/%E0%A6%95%E0%A7%83%E0%A6%A4%E0%A7%8D%E0%A6%B0%E0%A6%BF%E0%A6%AE-%E0%A6%B8%E0%A7%82%E0%A6%B0%E0%A7%8D%E0%A6%AF,"['কৃত্রিম', 'সূর্য', 'আলো']","সূর্য শব্দটা শুনলেই আমাদের চোখে ভেসে উঠে আকাশে ঝুলে থাকা গনগনে আগুনের একটি পিন্ড যার দিকে খালি চোখে তাকানো অসম্ভব প্রায়। নতুন খবর হলো চীনের কৃত্রিম সূর্য মূল সূর্যের চেয়ে ৫গুণ বেশি তাপ উৎপন্ন করেছে। এখন আপনার মনে প্রশ্ন জাগতেই পারে প্রায় ১৫ কোটি কিলোমিটার দূরের সূর্যের তাপই সহ্য করতে পারিনা আর আমাদের থেকে মাত্র কয়েক হাজার কিলোমিটার দূর থেকে সেই তাপের ৫ গুণ বেশি তাপ কিভাবে সহ্য করবো!!!প্রথমেই আপনাকে আশ্বস্ত করছি ভয় পাওয়ার কিছুই নেই। এই সূর্য আকাশে ঝুলেও থাকবেনা আর এই তাপও আপনার গায়ে লাগবেনা। চীনের আনহুই প্রদেশের হফেই শহরের ‘এক্সপেরিমেন্টাল অ্যাডভান্সড সুপারকন্ডাক্টিং টকামাক (EAST)’ নামের নিউক্লিয় ফিউশন চুল্লিতে হাইড্রোজেন ও ডিউটেরিয়াম গ্যাসের বিক্রিয়ার মাধ্যমে সূর্যের নিউক্লিয় ফিউশন পদ্ধতিতে শক্তি উৎপন্ন করা হয় আর সূর্যে ঘটা এই পদ্ধতি অনুসরণ করার জন্যই এর নাম দেওয়া হয়েছে ""কৃত্রিম সূর্য""। এটি সম্পূর্ণ পরিবেশবান্ধব একটি প্রক্রিয়া।এই পদ্ধতিতে সমুদ্রের ১ লিটার পানি থেকে যে পরিমাণ ডিউটেরিয়াম গ্যাস পাওয়া যাবে তা দিয়ে প্রায় ৩০০ লিটার জীবাশ্ম জ্বালানির শক্তি পাওয়া যাবে। একবার ভেবে দেখুন যদি এই প্রকল্প সফল হয় তাহলে পৃথিবীর মানুষকে আর জ্বালানী নিয়ে টেনশন করতে হবেনা। আশার কথা হলো সর্বশেষ পরীক্ষায় চীনের বিজ্ঞানীরা প্রায় ৭ কোটি ℃ তাপ উৎপন্ন করতে পেরেছেন তাও ১৭ মিনিট ৩৬ সেকেন্ড স্থায়ী হয়েছিলো। যদি একবার আমরা এই প্রকল্পে সফল হই হাজার হাজার বছরের জন্য পরিবেশবান্ধব জ্বালানী পাওয়া কোন সমস্যাই হবেনা তখন।"
p-62-a-29,জননকোষ আর জননমাতৃকোষের মধ্যে পার্থক্য কি?,জীববিজ্ঞান,1,+1,143,https://www.sciencebee.com.bd/qna/28374/%E0%A6%9C%E0%A6%A8%E0%A6%A8%E0%A6%AE%E0%A6%BE%E0%A6%A4%E0%A7%83%E0%A6%95%E0%A7%8B%E0%A6%B7%E0%A7%87%E0%A6%B0,"['পার্থক্য', 'জননকোষ']",দেহকোষজননকোষ১। জীবের দেহ গঠনে অংশ নেয় অর্থাৎ এই কোষ দ্বারা জীবদেহের সমস্ত অঙ্গ প্রতাঙ্গ গঠিত।১। জনন কোষ হচ্ছে জীবের প্রজননের জন্য গঠিত বিশেষ কোষ।২। দেহকোষের ক্রোমোসোম সংখ্যা ২n অর্থাৎ ডিপ্লয়েড।২। জনন কোষের ক্রোমোসোম সংখ্যা n অর্থাৎ হ্যাপ্লয়েড।৩। জনন অঙ্গও দেহকোষ দ্বারা গঠিত।৩। জননকোষ শুধুমাত্র ডিম্বাণু বা শুক্রাণু বা উদ্ভদের ক্ষেত্রে পরাগরেণূ বা স্পোর।৪। নিম্নশ্রেণির জীবেও দেহকোষ দ্বারা জনন হতে পারে। বিশেষ করে এককোষী জীবদের। যেমন এমিবা বা ব্যাকটেরিয়া।৪। শুধুমাত্র উচ্চশ্রেণির জীবের প্রজননে দেখা যায়। এবং স্ত্রী ও পুং দেহে শুধু ডিম্বানু বা শুক্রানু উৎপন্ন হয়। তবে ছত্রাক বা উভয়লিঙ্গ জীব বা উদ্ভিদে একই দেহে উৎপন্ন হতে পারে।৫। দেহকোষ নিশ্চল। রক্তকোষ প্রবাহিত হয় মাত্র। তবে শ্বেতকণিকা সামান স্থানান্তর হতে পারে যা শুধু কোষের অভ্যান্তরে প্রবেশক্ষমতাটুকু।।৫। জননকোষের শুক্রানু সচল তবে ডিম্বানু নিশ্চল। এছাড়া জুস্পোরও সচল।
p-62-a-30,কাচের গ্লাসে ঠান্ডা পানি রাখলে গ্লাস ঘামে কেন?,রসায়ন,1,+1,257,https://www.sciencebee.com.bd/qna/28359/%E0%A6%97%E0%A7%8D%E0%A6%B2%E0%A6%BE%E0%A6%B8%E0%A7%87-%E0%A6%A0%E0%A6%BE%E0%A6%A8%E0%A7%8D%E0%A6%A1%E0%A6%BE,"['পানি', 'ঠাণ্ডা']",আমারা জানি তাপমাত্রা কমে গেলে বায়বীয় পদার্থ সংকুচিত হতে থাক। বায়ুতে থাকা জলীয়বাষ্প শিশিরাংকের তাপমাত্রায় পৌছিলে তা সংকুচিত হয়ে শিশির বিন্দুতে অর্থ্যাৎ ছোট ছোট জল বিন্দুতে পরিনত হয়।গ্লাসের ভেতরের তাপমাত্রা বাহিরের তাপমাত্রা থেকে কম হওয়ার কারণে গ্লাসের পার্শ্বদেশে বায়ুর জলীয় বাষ্প এসে সংকুচিত হয়ে শিশিরে পরিনত হয়ে ঘামতে থাক। ফলে গ্লাসটি ভেজা দেখা যায়।
