id,question,question_category,number_of_answer,number_of_vote,number_of_view,answer_link,question_tag,answer
p-410-a-0,সফ্ট ড্রিংকস এ কার্বন ডাই অক্সাইড না দিলে কি কোকা কোলার ওজন কমে যেত,লাইফ,3,+11,191,https://www.sciencebee.com.bd/qna/7485/%E0%A6%A1%E0%A7%8D%E0%A6%B0%E0%A6%BF%E0%A6%82%E0%A6%95%E0%A6%B8-%E0%A6%85%E0%A6%95%E0%A7%8D%E0%A6%B8%E0%A6%BE%E0%A6%87%E0%A6%A1,"['ওজন', 'কার্বন']",কোকা-কোলা (ইংরেজি: Coca-Cola) হচ্ছে এক প্রকার কার্বোনেটেড কোমল পানীয়।কার্বন ডাই অক্সাইড ছাড়া কোকাকোলা তৈরি হতই না ৷
p-410-a-1,সফ্ট ড্রিংকস এ কার্বন ডাই অক্সাইড না দিলে কি কোকা কোলার ওজন কমে যেত,লাইফ,3,+11,191,https://www.sciencebee.com.bd/qna/7485/%E0%A6%A1%E0%A7%8D%E0%A6%B0%E0%A6%BF%E0%A6%82%E0%A6%95%E0%A6%B8-%E0%A6%85%E0%A6%95%E0%A7%8D%E0%A6%B8%E0%A6%BE%E0%A6%87%E0%A6%A1,"['ওজন', 'কার্বন']",কোকা-কোলা (ইংরেজি: Coca-Cola) হচ্ছে এক প্রকার কার্বোনেটেড কোমল পানীয়।কার্বন ডাই অক্সাইড ছাড়া কোকাকোলা তৈরি হতই না
p-410-a-2,সফ্ট ড্রিংকস এ কার্বন ডাই অক্সাইড না দিলে কি কোকা কোলার ওজন কমে যেত,লাইফ,3,+11,191,https://www.sciencebee.com.bd/qna/7485/%E0%A6%A1%E0%A7%8D%E0%A6%B0%E0%A6%BF%E0%A6%82%E0%A6%95%E0%A6%B8-%E0%A6%85%E0%A6%95%E0%A7%8D%E0%A6%B8%E0%A6%BE%E0%A6%87%E0%A6%A1,"['ওজন', 'কার্বন']","কোমল পানীয় (ইংরেজিঃ Soft drink) হচ্ছে এক প্রকার মাদকবিহীন তরল পানীয়বিশেষ। এতে সচরাচর দ্রবীভূত অবস্থায় কার্বনসমৃদ্ধ পানি, মিষ্টিজাতীয় পদার্থসহ সুগন্ধযুক্ত পদার্থের উপাদান সন্নিবেশিত থাকে। এছাড়াও, ক্যাফেইন, ফলের রস কিংবা উভয়ই কোমল পানীয়ে দ্রবীভূত অবস্থা থাকে। কোমল পানীয়কে অনেকে সোডা, পপ, কোক,[১] সোডা পপ, ফিজি ড্রিঙ্ক, টনিক বা কার্বনেটেড বেভারেজ নামে ডেকে থাকেন।বিশুদ্ধ ফলের রস, উচ্চ তাপে প্রস্তুতকৃত হট চকোলেট, চা, কফি, দুধ এবং দুগ্ধজাত পানীয় কোমল পানীয় হিসেবে বিবেচিত হয় না। তরল পানীয় গ্যাটোরেড এবং পাওয়ারেড কোমল পানীয়ের সংজ্ঞায় পড়লেও তা খেলাধূলায় ব্যবহৃত আদর্শ পানীয়রূপে বিবেচ্য। রেড বুলও এ সংজ্ঞায় পড়ে; কিন্তু তা সাধারণতঃ এনার্জি ড্রিঙ্ক নামে পরিচিত।হার্ড ড্রিঙ্ক হিসেবে পরিচিত ও নেশাযুক্ত পানীয়ের বিপরীতে কোমল পানীয় সংক্ষেপে সফট্ নামে পরিচিত। এতে স্বল্প পরিমাণে ইথানল অ্যালকোহলের উপস্থিতি বর্তমানকালে লক্ষ্য করা যায় কিংবা থাকতে পারে। কিন্তু মাদকমুক্ত পানীয়রূপে পরিচিতির জন্য অ্যালকোহলের মাত্রা অবশ্যই পানীয়ে ব্যবহৃত সর্বমোট উপাদানের ০.৫% শতাংশের কম হতে হবে।[২][৩][৪]"
p-410-a-3,উটের বাচ্চা হয় কিভাবে?,প্রাণিবিদ্যা,1,+11,409,https://www.sciencebee.com.bd/qna/7483/%E0%A6%AC%E0%A6%BE%E0%A6%9A%E0%A7%8D%E0%A6%9A%E0%A6%BE-%E0%A6%95%E0%A6%BF%E0%A6%AD%E0%A6%BE%E0%A6%AC%E0%A7%87,"['উট', 'বংশবিস্তার', 'বাচ্চা', 'সন্তান']",Nuren Tasnim:উটের বাচ্চা কিভাবে হয় এটা জানার আগে আমরা উট সম্পর্কে কিছু বেসিক ধারণা নিয়ে নেই। উট হলো দুই প্রকার।একটা হলো Dromedary Camel আরেকটা হলো Bactrian Camel। এই Dromedary Camel কে আরবিয়ান কেমেলও বলে।পৃথিবীর ৯০% উট হল এই জাতের।এই উটগুলো হালকা গড়নের এক কুজওয়ালা দ্রুতগামী উট যা মনুষ্য বহনের জন্য বিশেষভাবে প্রজনিত।এই জাতের একটি পূর্নবয়ষ্কো উটের ওজন প্রায় ৪০০-৬০০ কেজি হয়। Dromedary camel Bactrian Camel আবার দুই ধরনের হয় wild বা বন্য আর গৃহপালিত।এই ধরনের উট গুলো মঙ্গোলিয়ার গবি মরুভূমি ও চীনে দেখতে পাবেন।এদের ওজন প্রায় ৪৮০ কেজির মতো হয়। Bactrian Camel স্ত্রী উট সাধারণত ৩-৪ বছর বয়সে প্রাপ্তবযস্ক হয়।আর পুরুষ উটেরা ৪-৫ বছর বয়সে প্রাপ্তবয়স্ক হয়।Dromedary camel এর গর্ভকালীন সময় প্রায় ১৫ মাস আর Bactrian camel এর ক্ষেত্রে ১৩ মাস এই সময়টা।স্ত্রী উট সাধারণত একবার গর্ভবতী হলে একটা বাচ্চা প্রসব করতে পারে।তবে কোনো কোনো সময় দুইটাও হতে পারে।উটের সদ্যোজাত শিশুর ওজন সাধারণত ৩৬- ৪০ কেজির মতো হয়।বাচ্চার ওজন প্রতিদিন প্রায় ২ পাউন্ড করে বাড়ে (মানে প্রায় এক কেজির মতো)।এই শিশুকে তার মা প্রায় ১.৫ বছরের মতো মায়ের তত্ত্বাবধানে রাখতে হয়।তাই সাধারণত প্রায় দুই বছর পর পর স্ত্রী উট গর্ভবতী হয়। মা Dromectric Camel এর সাথে সন্তান মা Bactrian Camel এর সাথে সন্তান একটা উট এর বাচ্চা প্রসব করতে অনেক কষ্ট হয়।আপনারা চাইলে ইউটিউব এর থেকে কিভাবে বাচ্চা প্রসব করে তা দেখতে পারেন।source:quora
p-410-a-4,বৃষ্টির দিনে বাচ্চা থেকে শুরু করে সবার এত প্রস্রাব পায় কেন?? এ নিয়ে বিজ্ঞান কি বলে??,মনোবিজ্ঞান,2,+8,259,https://www.sciencebee.com.bd/qna/7478/%E0%A6%AC%E0%A7%83%E0%A6%B7%E0%A7%8D%E0%A6%9F%E0%A6%BF%E0%A6%B0-%E0%A6%AA%E0%A7%8D%E0%A6%B0%E0%A6%B8%E0%A7%8D%E0%A6%B0%E0%A6%BE%E0%A6%AC,[],"একটু ঠান্ডা আবহাওয়ায় (বৃষ্টি এবং মেঘলা দিনগুলোতে যেমন থাকে) আপনার দেহের ত্বকের থেকে রক্ত দেহের মধ্যের দিকে গুরুত্বপূর্ণ অঙ্গপ্রত্যঙ্গের দিকে ধাবিত হয় অতিরিক্ত তাপ উৎপন্ন করার জন্য, যার ফলস্বরূপ রক্তচাপ কিছুটা বেড়ে যায় (একদমই স্বাভাবিক; যদিনা আপনি বরফ শীতল পানিতে ডুব দেওয়ার চিন্তা রাখেন)। কিডনির কাজ হলো দেহ এবং রক্ত থেকে বর্জ্য পরিষ্কার করে, প্রস্রাব উৎপন্ন করে তার মাধ্যমেই দেহ থেকে বর্জ্য নিঃসরণ করা। ব্যাস অতিরিক্ত বর্জ্য এবং ফলস্বরূপ অতিরিক্ত প্রস্রাব। একে Cold-induced Diuresis বলে।"
p-410-a-5,বৃষ্টির দিনে বাচ্চা থেকে শুরু করে সবার এত প্রস্রাব পায় কেন?? এ নিয়ে বিজ্ঞান কি বলে??,মনোবিজ্ঞান,2,+8,259,https://www.sciencebee.com.bd/qna/7478/%E0%A6%AC%E0%A7%83%E0%A6%B7%E0%A7%8D%E0%A6%9F%E0%A6%BF%E0%A6%B0-%E0%A6%AA%E0%A7%8D%E0%A6%B0%E0%A6%B8%E0%A7%8D%E0%A6%B0%E0%A6%BE%E0%A6%AC,[],"একটু ঠান্ডা আবহাওয়ায় (বৃষ্টি এবং মেঘলা দিনগুলোতে যেমন থাকে) আপনার দেহের ত্বকের থেকে রক্ত দেহের মধ্যের দিকে গুরুত্বপূর্ণ অঙ্গপ্রত্যঙ্গের দিকে ধাবিত হয় অতিরিক্ত তাপ উৎপন্ন করার জন্য, যার ফলস্বরূপ রক্তচাপ কিছুটা বেড়ে যায় (একদমই স্বাভাবিক; যদিনা আপনি বরফ শীতল পানিতে ডুব দেওয়ার চিন্তা রাখেন)। কিডনির কাজ হলো দেহ এবং রক্ত থেকে বর্জ্য পরিষ্কার করে, প্রস্রাব উৎপন্ন করে তার মাধ্যমেই দেহ থেকে বর্জ্য নিঃসরণ করা। ব্যাস অতিরিক্ত বর্জ্য এবং ফলস্বরূপ অতিরিক্ত প্রস্রাব। একে Cold-induced Diuresis বলা হয়ে থাকে।"
p-410-a-6,iMac er বিশেষত্ব কী?,প্রযুক্তি,1,+14,108,https://www.sciencebee.com.bd/qna/7477/imac-%E0%A6%AC%E0%A6%BF%E0%A6%B6%E0%A7%87%E0%A6%B7%E0%A6%A4%E0%A7%8D%E0%A6%AC,"['imac', 'apple']","একটি নতুন আইফোন কেনা যত সহজ একটি নতুন ম্যাক কেনা ততোটা সহজ নয়।কারন দুয়ের মাঝে বিস্তর তফাৎ রয়েছে। আমরা যখন কোন আইফোন কিনি তখন সাধারনত এর দাম, কালার এবং ধারন ক্ষমতা নিয়েই ভাবি। কিন্ত যখন একটি ম্যাক কিনি তখন অনেকগুলো বিষয় মাথায় রাখতে হয়। যেমন, বহনযোগ্যতা, ক্ষমতা, কাজের গতি, স্টোরেজ, স্ক্রিন সাইজ প্রভৃতি।ম্যাকের নির্মাতা অ্যাপল এর বিভিন্ন ধরনের ম্যাক রয়েছে। যদি আপনার একটি ডেক্সটপ দরকার হয় সেক্ষেত্রে রয়েছে mak mini, imak, mac pro। আর বহনযোগ্যতা আপনার প্রথম পছন্দ হয় সেক্ষেত্রে রয়েছে, Macbbok Air, Makbook, Macbook Pro।একটা নতুন ম্যাকবুক কেনা একটি লং- টার্ম ইনভেস্টমেন্ট। আপনি অবশ্যই চাইবেন না একটি ভুল ম্যাক কিনে পরবর্তীতে বছরের পর বছর অনুশোচনা করতে। তাই আপনাদের জন্য নিচে বিভিন্ন রকম ম্যাক তুলে ধরা হলঃMac Mini:ম্যাক জগতের বর্তমানে সবচেয়ে সাশ্রয়ী কম্পিউটার হলো ম্যাক মিনি। একটি ম্যাক মিনির দাম একটি আইফোনের মতই। কিন্ত এটি আসলে সম্পূর্ণ কম্পিউটার নয়। এককথায় বলতে গেলে এটি একটি C.P.U।কিন্ত এর বিশেষ বৈশিষ্ট্য হলো এটি আকারে অনেক ক্ষুদ্র। ফলে যেকনো ডেস্কেই সহজেই একে রাখা যায়। এটি কোর-আই ৫ দ্বারা পরিচালিত। যারা বেশি হার্ড কাজ করতে চান না তবে ম্যাক এর স্বাদ সহজেই পেতে চান তাদের জন্য এটি একেবারে একটি আদর্শ ম্যাক।IMakআইম্যাক কে আমরা অনেকেই কমবেশি চিনি। কারন এটি ম্যাক এর সবচেয়ে প্রচলিত কম্পিউটার। এর বিশেষত্ব হলো এর মনিটর। কারন এর সকলকিছু এর ২১ ইঞ্চি মনিটরের মাঝেই বিদ্যমান। আইম্যাক এর সবচেয়ে বেশি ব্যবহার দেখা যায় ব্যবসা প্রতিষ্ঠানে। এছাড়াও অনেকে নিজের পার্সোনাল ব্যবহারের জন্যেও IMak কিনে থাকেন।Mac Pro:ম্যাক প্রো বর্তমানের প্রচলিত শক্তিশালী কম্পিউটার গুলোর মাঝে অন্যতম। এর মাঝে শক্তিশালী প্রসেসর ও গ্রাফিক্স ব্যবহার করআ হয়েছে যা একে করে তুলেছে অনন্য। একে একটি আল্টিমেট পাওয়ার হাউজও বলা যায়। গেমারদের জন্য এটি একটি অনন্য কম্পিউটার। এর সবচাইতে বেশি ব্যবহার দেখা যায়, গবেষণা ক্ষেত্রে। এছাড়াও বড় বড় ব্যবসাক্ষেত্রে এর ব্যবহার বিশেষভাবে লক্ষ্যনিয়।Macbook Air:ম্যাকবুক এর সাথে আমরা সবাই কমবেশি পরিচিত। ম্যাক ওএস চালিত অ্যাপল এর যে ল্যাপটপ তাই ম্যাকবুক। আর সবচেয়ে ক্ষুদ্র ম্যাকবুক এর নামই হলো ম্যাকবুক এয়ার। এটি দুটি ভার্শনে পাওয়া যায়। ১১ ইঞ্চি এবং ১৩ ইঞ্চি। ১১ ইঞ্চি আকার এর যেটি সেটি দেখতে অনেকটা নেটবুক এর মতই। এর বিশেষত্ব হলো এর ব্যকআপ টাইম। অর্থাৎ একবার চার্জ দিলে আপনি সারাদিন অনায়াসে পার করে দিতে পারবেন।Macbook Pro:ম্যাকবুক প্রো অনেকটা আই ম্যাক প্রো এর মতই। ম্যাকবুক প্রো কে আপনি আপনার ডেস্কটপ এর রিপ্লেসমেন্ট হিসেবেও ব্যবহার করতে পারেন। কারন এর হাই কনফিগারেশন। এতে রয়েছে ১৫ ইঞ্চি রেটিনা ডিসপ্লে এবং ৭ ঘন্টা ব্যাটারি ব্যাকআপ এর সুবিধা। কনফিগারেশন এর সাথে সাথে এর দাম ও আকাশচুম্বি। তবে এর পারফর্মেন্স এর সাথে তুলনা করলে এর দামকে স্বাভাবিকই বলা যায়।-সংগৃহীত"
p-410-a-7,"Sin,Cos,Tan এগুলো কি?",গণিত,2,+13,376,https://www.sciencebee.com.bd/qna/7476/sin-cos-%E0%A6%8F%E0%A6%97%E0%A7%81%E0%A6%B2%E0%A7%8B,[],এগুলো ত্রিকোনমিতিক অনুপাত৷
p-410-a-8,"Sin,Cos,Tan এগুলো কি?",গণিত,2,+13,376,https://www.sciencebee.com.bd/qna/7476/sin-cos-%E0%A6%8F%E0%A6%97%E0%A7%81%E0%A6%B2%E0%A7%8B,[],এগুলোকে ত্রিকোনমিতিক অনুপাত বলা হয়ে থাকে।
p-410-a-9,গাছের সংগে কথা বলতে পারা কি মনের দোষ,মনোবিজ্ঞান,2,+13,128,https://www.sciencebee.com.bd/qna/7475/%E0%A6%97%E0%A6%BE%E0%A6%9B%E0%A7%87%E0%A6%B0-%E0%A6%B8%E0%A6%82%E0%A6%97%E0%A7%87-%E0%A6%AC%E0%A6%B2%E0%A6%A4%E0%A7%87,"['গাছ', 'মন']","Plants and trees do not possess the necessary organs to vocally communicate. Therefore, trees and plants can't talk to you as you would another person, or a dog barking."
p-410-a-10,গাছের সংগে কথা বলতে পারা কি মনের দোষ,মনোবিজ্ঞান,2,+13,128,https://www.sciencebee.com.bd/qna/7475/%E0%A6%97%E0%A6%BE%E0%A6%9B%E0%A7%87%E0%A6%B0-%E0%A6%B8%E0%A6%82%E0%A6%97%E0%A7%87-%E0%A6%AC%E0%A6%B2%E0%A6%A4%E0%A7%87,"['গাছ', 'মন']","গাছের কোন কথা বলার মতো অঙ্গ নেই। তাই গাছের সাথে কথা বলতে পারা আধ্যাত্মিক কোন ক্ষমতা নয়, ইলিউশান।"
p-410-a-11,High inteligency er scientific sign কি কি,সৃজনশীলতা,1,+16,109,https://www.sciencebee.com.bd/qna/7474/inteligency,['সাইন্টেফিক'],"উচ্চ বুদ্ধিমত্তা প্রায়ই শালীন আচরণ পিছনে লুকানো হয়, যা বৈজ্ঞানিক পরীক্ষায় অবশ্যই প্রমাণিত হয়। একটি পদ্ধতি যে একটি অত্যন্ত বুদ্ধিজীবী ব্যক্তির সঠিকভাবে চরিত্রায়িত করা হয়েছে এখনও উন্নত করা হয় নি। এমন ব্যক্তিদের চরিত্রগুলির তালিকা যা আইকিউ লেভেলটি গড় নির্দেশকের তুলনায় বেশি, কম্পাইল করা হয়। এই সূচক দ্বারা বুদ্ধিজীবী মানুষ নির্ধারণের পদ্ধতি শর্তাধীন -একটি পোষা প্রাণী থাকা।যেমন - একটি বিড়াল।ভালবাসা থাকা।বাদ্যযন্ত্র বাজানোর আগ্রহ থাকা।মদ্যপ বা মাদকাসক্তি ক্ষুধা থাকা।দার্শনিক মতামত এবং জীবনের প্রতি উদার মনোভাব থাকা।বড়দের চেয়েও ম্যাচিউর আচরণ করা।উচ্চ স্তরের উদ্বেগ।স্বেচ্ছাচারপূর্ণতা।উচ্চ বৃদ্ধি।পাতলা বিল্ড।অনেক বেশি পড়ার আগ্রহ ও ক্ষমতা।হাস্যরসের একটি অর্থে উপস্থিতি থাকা।"
p-410-a-12,আগুন কেন সব সময় উপরে উঠে,পদার্থবিজ্ঞান,2,+10,588,https://www.sciencebee.com.bd/qna/7473/%E0%A6%86%E0%A6%97%E0%A7%81%E0%A6%A8-%E0%A6%95%E0%A7%87%E0%A6%A8-%E0%A6%89%E0%A6%AA%E0%A6%B0%E0%A7%87,['আগুন'],"যখন যথেষ্ট তাপ থাকে তখনই অক্সিজেন আর জ্বালানীর বিক্রিয়ায় তৈরি হয় কার্বন ডাই অক্সাইড সহ অন্যান্য নানা গ্যাস। সাথে সাথে জ্বালানীর ভেতরের সঞ্চিত শক্তি বের হয়ে আসে আলো আর তাপ হয়ে। আর আমরা দেখি আগুন। এই তাপে কার্বন ডাই অক্সাইড আর অন্যান্য যেসব গ্যাস তৈরি হয় তারা উত্তপ্ত হয়। আমরা জানি বাতাস গরম হলে আয়তন বাড়ে এবং ঘনত্ব কমে । ঘনত্ব কমে যাওয়ার কারণে গ্যাস হালকা হয়ে যায় এবং উপরের ঠাণ্ডা বাতাস ভারী হওয়ার কারণে নিচের দিকে নামতে থাকে এবং গরম বাতাসকে উপরের দিকে তুলে দেয় । এই ঠাণ্ডা ও গরম বাতাসের অবিরাম প্রবাহের ফলে আগুনের শিখা মাঝে মাঝে কেঁপে ওঠে বা দপদপ করে । তাই বলা যায় অভিকর্ষজ বল এবং প্লবতার জন্য আগুনের শিখা সবসময় উপরের দিকেই ওঠে ।শান্তনু নস্কর,"
p-410-a-13,আগুন কেন সব সময় উপরে উঠে,পদার্থবিজ্ঞান,2,+10,588,https://www.sciencebee.com.bd/qna/7473/%E0%A6%86%E0%A6%97%E0%A7%81%E0%A6%A8-%E0%A6%95%E0%A7%87%E0%A6%A8-%E0%A6%89%E0%A6%AA%E0%A6%B0%E0%A7%87,['আগুন'],এটি দেখেন।https://www.sciencebee.com.bd/qna/7473/%E0%A6%86%E0%A6%97%E0%A7%81%E0%A6%A8-%E0%A6%95%E0%A7%87%E0%A6%A8-%E0%A6%89%E0%A6%AA%E0%A6%B0%E0%A7%87
p-410-a-14,"মহাকর্ষ,অভিকর্ষ,মধ্যাকর্ষণ পার্থক্য কী",পদার্থবিজ্ঞান,3,+11,691,https://www.sciencebee.com.bd/qna/7472/%E0%A6%AE%E0%A6%A7%E0%A7%8D%E0%A6%AF%E0%A6%BE%E0%A6%95%E0%A6%B0%E0%A7%8D%E0%A6%B7%E0%A6%A3,[],অভিকর্ষ হলো পৃথিবীর মহাকর্ষ বল। পৃথিবী এবং অন্য একটি বস্তুকণার মধ্যকার আকর্ষন বলকে অভিকর্ষ বল হয়ে থাকে।এ মহাবিশ্বের যে কোনো দুটি বস্তুর মধ্যে যে আকর্ষণ তাই মহাকর্ষ।দুটি বস্তুর একটি যদি পৃথিবী হয় এবং পৃথিবী যদি বস্তুটিকে আকর্ষণ করে তবে তাকে মাধ্যাকর্ষণ বা অভিকর্ষ বলে। অর্থাৎ কোনো বস্তুর উপর পৃথিবীর আকর্ষণই অভিকর্ষ। গাছের ফল মাটিতে পড়ে। ক্রিকেট বলকে উপর দিকে ছুড়েদিলে মাটিতে পড়ে। এখানে পৃথিবী যেমন ফল বা ক্রিকেট বলকে আকর্ষণ করে তেমনি এরাও পৃথিবীকে আকর্ষণ করে। পৃথিবী অনেক বড় এবং এর আকর্ষণ বল অনেক বেশি হওয়ায় ফল ও ক্রিকেট বল মাটিতে পড়ে। পৃথিবী এবংঅন্য যে কোনো বস্তুর মধ্যে যে আকর্ষণ তাকে অভিকর্ষ বলে।
p-410-a-15,"মহাকর্ষ,অভিকর্ষ,মধ্যাকর্ষণ পার্থক্য কী",পদার্থবিজ্ঞান,3,+11,691,https://www.sciencebee.com.bd/qna/7472/%E0%A6%AE%E0%A6%A7%E0%A7%8D%E0%A6%AF%E0%A6%BE%E0%A6%95%E0%A6%B0%E0%A7%8D%E0%A6%B7%E0%A6%A3,[],অভিকর্ষ হলো পৃথিবীর মহাকর্ষ বল। পৃথিবী এবং অন্য একটি বস্তুকণার মধ্যকার আকর্ষন বলকে অভিকর্ষ বল হয়ে থাকে।এ মহাবিশ্বের যে কোনো দুটি বস্তুর মধ্যে যে আকর্ষণ তাই মহাকর্ষ।
p-410-a-16,"মহাকর্ষ,অভিকর্ষ,মধ্যাকর্ষণ পার্থক্য কী",পদার্থবিজ্ঞান,3,+11,691,https://www.sciencebee.com.bd/qna/7472/%E0%A6%AE%E0%A6%A7%E0%A7%8D%E0%A6%AF%E0%A6%BE%E0%A6%95%E0%A6%B0%E0%A7%8D%E0%A6%B7%E0%A6%A3,[],দুটি বস্তুর একটি যদি পৃথিবী হয় এবং পৃথিবী যদি বস্তুটিকে আকর্ষণ করে তবে তাকে মাধ্যাকর্ষণ বা অভিকর্ষ বলে। অর্থাৎ কোনো বস্তুর উপর পৃথিবীর আকর্ষণই অভিকর্ষ। গাছের ফল মাটিতে পড়ে। ক্রিকেট বলকে উপর দিকে ছুড়ে দিলে মাটিতে পড়ে। এখানে পৃথিবী যেমন ফল বা ক্রিকেট বলকে আকর্ষণ করে তেমনি এরাও পৃথিবীকে আকর্ষণ করে। পৃথিবী অনেক বড় এবং এর আকর্ষণ বল অনেক বেশি হওয়ায় ফল। ও ক্রিকেট বল মাটিতে পড়ে। পৃথিবী এবং অন্য যে কোনো বস্তুর মধ্যে যে আকর্ষণ তাকে অভিকর্ষ বলে।
p-410-a-17,নিউটন যদি বলের একক হয় তাহলে বল তো আস্তেও প্রয়োগ করা যায় আবার জোরেও।আসলে এক নিউটন বলতে কতটুকু কি বোঝায়?,পদার্থবিজ্ঞান,3,+13,381,https://www.sciencebee.com.bd/qna/7471/%E0%A6%9C%E0%A7%8B%E0%A6%B0%E0%A7%87%E0%A6%93%E0%A5%A4%E0%A6%86%E0%A6%B8%E0%A6%B2%E0%A7%87,"['বল', 'বলপ্রয়োগ', 'নিউটন']","এক কিলোগ্রাম ভরের কোন বস্তুকে এক মিটার/বর্গ-সেকেন্ড ত্বরণ দিতে এর উপর যে পরিমাণ বল প্রয়োগ করতে হয়, তাকে এক নিউটন বল বলা হয়। গাণিতিকভাবে, :১ নিউটন = ১ কেজি-মি/সেকেন্ড স্কয়ার"
p-410-a-18,নিউটন যদি বলের একক হয় তাহলে বল তো আস্তেও প্রয়োগ করা যায় আবার জোরেও।আসলে এক নিউটন বলতে কতটুকু কি বোঝায়?,পদার্থবিজ্ঞান,3,+13,381,https://www.sciencebee.com.bd/qna/7471/%E0%A6%9C%E0%A7%8B%E0%A6%B0%E0%A7%87%E0%A6%93%E0%A5%A4%E0%A6%86%E0%A6%B8%E0%A6%B2%E0%A7%87,"['বল', 'বলপ্রয়োগ', 'নিউটন']","এক কিলোগ্রাম ভরের কোন বস্তুকে এক মিটার/বর্গ সেকেন্ড ত্বরণ দিতে এর উপর যে পরিমাণ বল প্রয়োগ করতে হয়, তাকে এক নিউটন বল বলা হয়। গাণিতিকভাবে, :১ নিউটন = ১ কেজি-মি/সেকেন্ড স্কয়ার"
p-410-a-19,নিউটন যদি বলের একক হয় তাহলে বল তো আস্তেও প্রয়োগ করা যায় আবার জোরেও।আসলে এক নিউটন বলতে কতটুকু কি বোঝায়?,পদার্থবিজ্ঞান,3,+13,381,https://www.sciencebee.com.bd/qna/7471/%E0%A6%9C%E0%A7%8B%E0%A6%B0%E0%A7%87%E0%A6%93%E0%A5%A4%E0%A6%86%E0%A6%B8%E0%A6%B2%E0%A7%87,"['বল', 'বলপ্রয়োগ', 'নিউটন']","১ নিউটন বল সমান কতটুকু তা যদি ফীল করতে চান, তাহলে একটি এক্সপেরিমেন্ট করতে পারেন। আপনি ১০০ গ্রাম ভরের যেকোন বস্তু নিন, হতে পারে সেটা কোন মশলার প্যাকেট বা অন্য যে কোন কিছু। তারপর সেটা আপনার হাতের উপরে ধরে রাখুন, আপনি যেটুকু ওজন বল অনুভব করবেন, সেটাই মোটামুটি ১ নিউটন বল! আসুন ম্যাথমেটিক্যাল প্রুফ দেখি:W = mgএখানে, m = 100 gm = 0.1 kg এবং g = 9.8 m/s^2তাহলে, W = 0.1 × 9.8 = 0.98 N ≈ 1 N[আইডিয়াটা চমক হাসানের 'গণিতের রঙ্গে হাসিখুশি গণিত' বই থেকে নেওয়া]"
p-410-a-20,Fire extingusher এর ভিতর কি থাকে,রসায়ন,3,+11,150,https://www.sciencebee.com.bd/qna/7470/extingusher,"['আগুন', 'গ্যাস']",এখানে দেখুন :https://www.sciencebee.com.bd/qna/375/%E0%A6%85%E0%A6%97%E0%A7%8D%E0%A6%A8%E0%A6%BF%E0%A6%A8%E0%A6%BF%E0%A6%B0%E0%A7%8D%E0%A6%AC%E0%A6%BE%E0%A6%AA%E0%A6%95
p-410-a-21,Fire extingusher এর ভিতর কি থাকে,রসায়ন,3,+11,150,https://www.sciencebee.com.bd/qna/7470/extingusher,"['আগুন', 'গ্যাস']",ফায়ার এক্সটিংগুইসারের ভেতর তরল কার্বন ডাই অক্সাইড থাকে যা আগুন নেভাতে সাহায্য করে।
p-410-a-22,Fire extingusher এর ভিতর কি থাকে,রসায়ন,3,+11,150,https://www.sciencebee.com.bd/qna/7470/extingusher,"['আগুন', 'গ্যাস']",ফায়ার এক্সটিংগুইসারের ভিতরে থাকে কার্বন ডাই অক্সাইড ।
p-410-a-23,"আগুন নেভাতে কি প্র‍য়োজন?পানও,বালু কোনটা",রসায়ন,2,+12,135,https://www.sciencebee.com.bd/qna/7469/%E0%A6%A8%E0%A7%87%E0%A6%AD%E0%A6%BE%E0%A6%A4%E0%A7%87-%E0%A6%AA%E0%A7%8D%E0%A6%B0%E2%80%8D%E0%A7%9F%E0%A7%8B%E0%A6%9C%E0%A6%A8,[],"দুটোই , তবে বৈদ্যুতিক লাইনে/ যন্ত্রপাতিতে আগুন ধরলে পানি ব্যবহার করবেন না। বহনযোগ্য কার্বন ডাই-অক্সাইড বা ড্রাই কেমিক্যাল পাউডার এক্সটিংগুইশার ব্যবহার করুন। না পেলে শুকনো বালু ব্যবহার করুন।তেল–জাতীয় পদার্থ থেকে লাগা আগুনে পানি ব্যবহার বিপজ্জনক। বহনযোগ্য ফোম–টাইপ ফায়ার এক্সটিংগুইশার বা শুকনো বালু অথবা ভেজা মোটাকাপড়/ চটের বস্তা দিয়ে চাপা দিন।"
p-410-a-24,"আগুন নেভাতে কি প্র‍য়োজন?পানও,বালু কোনটা",রসায়ন,2,+12,135,https://www.sciencebee.com.bd/qna/7469/%E0%A6%A8%E0%A7%87%E0%A6%AD%E0%A6%BE%E0%A6%A4%E0%A7%87-%E0%A6%AA%E0%A7%8D%E0%A6%B0%E2%80%8D%E0%A7%9F%E0%A7%8B%E0%A6%9C%E0%A6%A8,[],"দুটোই , তবে বৈদ্যুতিক লাইনে/ যন্ত্রপাতিতে আগুন ধরলে পানি ব্যবহার করবেন না। বহনযোগ্য কার্বন ডাই-অক্সাইড বা ড্রাই কেমিক্যাল পাউডার এক্সটিংগুইশার ব্যবহার করুন। না পেলে শুকনো বালু ব্যবহার করুন"
p-410-a-25,লেবু কী রাতে খাওয়া যায় না?,স্বাস্থ্য ও চিকিৎসা,2,+11,159,https://www.sciencebee.com.bd/qna/7468/%E0%A6%B2%E0%A7%87%E0%A6%AC%E0%A7%81-%E0%A6%B0%E0%A6%BE%E0%A6%A4%E0%A7%87-%E0%A6%96%E0%A6%BE%E0%A6%93%E0%A7%9F%E0%A6%BE,"['লেবু', 'রাত']","যায় , সাধারণত সকালে ঘুম থেকে উঠে খালি পেটে বা রাতে ঘুমানোর আগে এই পানীয় পান করা যেতে পারে। এ ছাড়া দিনের অন্য যেকোনো সময়ও পান করা যেতে পারে। এতে ক্যালরি অনেক কম থাকে। সাধারণত ১ গ্লাস কুসুম গরম পানিতে ২ চা চামচ লেবুর রস এবং ১ বা ১/২ চা–চামচ মধু (ক্যালরিভেদে) মিশিয়ে এই পানীয় তৈরি করা হয়।লেখক: পুষ্টি বিশেষজ্ঞ, মেডিনোভা মেডিকেল, মালিবাগ"
p-410-a-26,লেবু কী রাতে খাওয়া যায় না?,স্বাস্থ্য ও চিকিৎসা,2,+11,159,https://www.sciencebee.com.bd/qna/7468/%E0%A6%B2%E0%A7%87%E0%A6%AC%E0%A7%81-%E0%A6%B0%E0%A6%BE%E0%A6%A4%E0%A7%87-%E0%A6%96%E0%A6%BE%E0%A6%93%E0%A7%9F%E0%A6%BE,"['লেবু', 'রাত']","হ্যাঁ। যায়, সাধারণত সকালে ঘুম থেকে উঠে খালি পেটে বা রাতে ঘুমানোর আগে এই পানীয় পান করা যেতে পারে। এ ছাড়া দিনের অন্য যেকোনো সময়ও পান করা যেতে পারে। এতে ক্যালরি অনেক কম থাকে। সাধারণত ১ গ্লাস কুসুম গরম পানিতে ২ চা চামচ লেবুর রস এবং ১ বা ১/২ চা-চামচ মধু (ক্যালরিভেদে) মিশিয়ে এই পানীয় তৈরি করা হয়।"
p-410-a-27,ইনরা ব্ল্যাড গ্রুপ সম্পর্কে বিস্তারিত জানাবেন প্লিজ!,স্বাস্থ্য ও চিকিৎসা,2,+12,279,https://www.sciencebee.com.bd/qna/7467/%E0%A6%B8%E0%A6%AE%E0%A7%8D%E0%A6%AA%E0%A6%B0%E0%A7%8D%E0%A6%95%E0%A7%87-%E0%A6%AC%E0%A6%BF%E0%A6%B8%E0%A7%8D%E0%A6%A4%E0%A6%BE%E0%A6%B0%E0%A6%BF%E0%A6%A4,[],"২০১৬ সালের ৩ সেপ্টেম্বর প্রথম এই গ্রুপের রক্তের সন্ধান পাওয়া যায়। তার পর থেকে এখনো পর্যন্ত বিশ্বে মাত্র ৭ জন মানুষের মধ্যে 'ইনরাব্লাড'-এর অস্তিত্ব খুঁজে পাওয়া গেছে। এই বিরল গ্রূপের রক্তের খোঁজ প্রথম পাওয়া যায় এই ভারতবর্ষে। সুরাটের এক ব্যক্তির দেহে এই বিরল ব্লাড গ্রূপের প্রথম সন্ধান মেলে। যেহেতু এই ব্লাড গ্রুপ ভারতে পাওয়া যায় তাই India নামের IN এবং ওই ব্যাক্তির নামে প্রথম দুই অক্ষর RA নিয়ে এই রক্তের গ্রুপের নাম ""INRA"" নামে অভিহিত করা হয়। বিরল এই ব্লাড গ্রুপকে WHO-এর তরফেও স্বীকৃতি দেওয়া হয়েছেবলেও জানা গেছে।বর্তমানে গোটা বিশ্বের জনসংখ্যা প্রায় ৮০০ কোটি। জানা গেছে, বিশ্বের মোট জনসংখ্যার মধ্যে মাত্র ৭ জনকে পাওয়া গেছে, যাদের শরীরে এই বিরল গ্রুপের রক্ত রয়েছে।এখন অবধি এই গ্রুপের এন্টিবডি ও এন্টিজেন ও অন্যান্য তথ্যাবলী জানার জন্য গবেষণা চলমান। বিজ্ঞানীরা একাধারে কাজ করছেন এই সবচাইতে রেয়ার ব্লাড গ্রুপ ' INRA ' নিয়ে বিস্তর তথ্য জানার। বিশেষজ্ঞদের মতে, এই ব্লাডের অধিকারীরা যে কোনও গ্রুপের মানুষকে রক্ত দিতে পারেন তবে সবার থেকে রক্ত নিতে পারেন না। তাই চিকিত্‍সকদের মতে, বিরল এই ব্লাড গ্রুপের অধিকারী যে সব মানুষ রয়েছেন, তাদের খুব সাবধানে জীবন যাপন করা জরুরি।Source : eisomoy.india , anadabazar"
p-410-a-28,ইনরা ব্ল্যাড গ্রুপ সম্পর্কে বিস্তারিত জানাবেন প্লিজ!,স্বাস্থ্য ও চিকিৎসা,2,+12,279,https://www.sciencebee.com.bd/qna/7467/%E0%A6%B8%E0%A6%AE%E0%A7%8D%E0%A6%AA%E0%A6%B0%E0%A7%8D%E0%A6%95%E0%A7%87-%E0%A6%AC%E0%A6%BF%E0%A6%B8%E0%A7%8D%E0%A6%A4%E0%A6%BE%E0%A6%B0%E0%A6%BF%E0%A6%A4,[],এই নিন।https://www.sciencebee.com.bd/qna/7467/%E0%A6%B8%E0%A6%AE%E0%A7%8D%E0%A6%AA%E0%A6%B0%E0%A7%8D%E0%A6%95%E0%A7%87-%E0%A6%AC%E0%A6%BF%E0%A6%B8%E0%A7%8D%E0%A6%A4%E0%A6%BE%E0%A6%B0%E0%A6%BF%E0%A6%A4
p-410-a-29,একজন মানুষ এর অ্যাভারেজ এ প্রতিদিন মিনিমাম কত টুকু পানি খেলে কোনো প্রব্লেম হবে না?,লাইফ,2,+8,187,https://www.sciencebee.com.bd/qna/7462/%E0%A6%85%E0%A7%8D%E0%A6%AF%E0%A6%BE%E0%A6%AD%E0%A6%BE%E0%A6%B0%E0%A7%87%E0%A6%9C-%E0%A6%AA%E0%A7%8D%E0%A6%B0%E0%A6%A4%E0%A6%BF%E0%A6%A6%E0%A6%BF%E0%A6%A8,"['ক্ষতি', 'পানি']","প্রাপ্তবয়স্ক ও কর্মক্ষম নারী-পুরুষের প্রতিদিন দুই থেকে তিন লিটার পানি পান করা প্রয়োজন। তবে দিনে কতটুকু পানি পান করতে হবে, তা নির্ভর করে মূলত আবহাওয়া ও শারীরিক শ্রমের ওপর। শীতকালের চেয়ে গরমকালে শরীরে পানির চাহিদা বেড়ে যায় আবহাওয়ার কারণেই। আর যাঁরা কায়িক পরিশ্রম বেশি করেন, তাঁদের বেশি পানি পান করতে হবে। যারা স্বাভাবিকের তুলনায় বেশি ঘামেন, তাঁদের জন্য একটু বেশি পানি পান করা জরুরি। অনেকে মনে করেন সকালে খালি পেটে অনেক পানি পান করা ভালো। এর সুনির্দিষ্ট বৈজ্ঞানিক ব্যাখ্যা নেই। তবে কিছু শারীরিক সমস্যায় এই অভ্যাসে উপকার পাওয়া যেতে পারে। কিন্তু সাধারণভাবে যখনই পানির তৃষ্ণা তৈরি হবে, তখনই পানি পান করে শরীরের ঘাটতি মেটানো উচিত।"
p-410-a-30,একজন মানুষ এর অ্যাভারেজ এ প্রতিদিন মিনিমাম কত টুকু পানি খেলে কোনো প্রব্লেম হবে না?,লাইফ,2,+8,187,https://www.sciencebee.com.bd/qna/7462/%E0%A6%85%E0%A7%8D%E0%A6%AF%E0%A6%BE%E0%A6%AD%E0%A6%BE%E0%A6%B0%E0%A7%87%E0%A6%9C-%E0%A6%AA%E0%A7%8D%E0%A6%B0%E0%A6%A4%E0%A6%BF%E0%A6%A6%E0%A6%BF%E0%A6%A8,"['ক্ষতি', 'পানি']","এটা নির্ভর করে আপনার বয়স ,শারীরিক কাঠামো,পরিশ্রমের হার এসবের ওপর।কিন্তু অতিরিক্ত পানি পান করতে যাবেন না ।পিপাসা পেলেই পানি খাবেন।"
p-410-a-31,কান্না করলে মাথা ব্যাথা করে কেন?,স্বাস্থ্য ও চিকিৎসা,3,+11,"1,799",https://www.sciencebee.com.bd/qna/7457/%E0%A6%95%E0%A6%BE%E0%A6%A8%E0%A7%8D%E0%A6%A8%E0%A6%BE-%E0%A6%AC%E0%A7%8D%E0%A6%AF%E0%A6%BE%E0%A6%A5%E0%A6%BE,"['কান্না', 'মাথা', 'ব্যাথা']","Nishat Tasnim-কান্না একটি প্রাকৃতিক প্রক্রিয়া। তবে চোখ বেয়ে অশ্রুর ধারা পড়ার সঙ্গে সঙ্গে বেশ কয়েকটি লক্ষণ প্রকাশ পায়। যেমন: চোখ লাল হয়ে যায়, সর্দিতে নাক বন্ধ, লাল মুখ এবং সর্বোপরি তীব্র মাথাব্যথা।কান্না মস্তিষ্কে চাপ এবং উদ্বেগের সৃষ্টি করে। কান্নার ফলে দেহে করটিসলের মতো হরমোন নিঃসরণ হয়। যা মস্তিস্কে নিউরোট্রান্সমিটারকে উদ্দীপিত করে। ফলে আপনি কান্নার পর তীব্র মাথা ব্যথা অনুভব করেন।"
p-410-a-32,কান্না করলে মাথা ব্যাথা করে কেন?,স্বাস্থ্য ও চিকিৎসা,3,+11,"1,799",https://www.sciencebee.com.bd/qna/7457/%E0%A6%95%E0%A6%BE%E0%A6%A8%E0%A7%8D%E0%A6%A8%E0%A6%BE-%E0%A6%AC%E0%A7%8D%E0%A6%AF%E0%A6%BE%E0%A6%A5%E0%A6%BE,"['কান্না', 'মাথা', 'ব্যাথা']","বিজ্ঞানীদের মতে, কান্না মস্তিষ্কে চাপ এবং উদ্বেগের সৃষ্টি করে। কান্নার ফলে দেহে করটিসলের মতো হরমোন নিঃসরণ হয়। যা মস্তিস্কে নিউরোট্রান্সমিটারকে উদ্দীপিত করে। ফলে আপনি কান্নার পর তীব্র মাথা ব্যথা অনুভব করেন।গবেষণা অনুসারে, পেঁয়াজ কাটার পর বা কোনো আনন্দের সংবাদে কাঁদলে ব্যথা অনুভূত হয় না। তবে আপনি যখন ক্ষোভ প্রকাশ করবেন তখনই মাথা ব্যথা অনুভব করবেন। তবে মন মতো কান্নার পর মাথা ব্যথা খানিকটা অস্বস্তিতেই ফেলে। জেনে নিন তাৎক্ষণিক এ মাথা ব্যথা সারাতে কী করবেন-> ঘাড়ে এবং চোখে গরম বা ঠাণ্ডা সেঁক দিতে পারেন।> আদা চা পান করুন।> বেশি করে পানি পান করুন। এতেও মাথা ব্যথা কমে যাবে।> ম্যাগনেসিয়াম সমৃদ্ধ খাবার খান। এক্ষেত্রে বাদাম, ডার্ক চকোলেট বা কলা খেতে পারেন।সূত্র: টাইমসঅবইন্ডিয়াক্রেডিট: ডেইলি বাংলাদেশ​​​​​​"
p-410-a-33,কান্না করলে মাথা ব্যাথা করে কেন?,স্বাস্থ্য ও চিকিৎসা,3,+11,"1,799",https://www.sciencebee.com.bd/qna/7457/%E0%A6%95%E0%A6%BE%E0%A6%A8%E0%A7%8D%E0%A6%A8%E0%A6%BE-%E0%A6%AC%E0%A7%8D%E0%A6%AF%E0%A6%BE%E0%A6%A5%E0%A6%BE,"['কান্না', 'মাথা', 'ব্যাথা']","বিজ্ঞানীদের মতে, কান্না মস্তিষ্কে চাপ এবং উদ্বেগের সৃষ্টি করে। কান্নার ফলে দেহে করটিসলের মতো হরমোন নিঃসরণ হয়। যা মস্তিস্কে নিউরোট্রান্সমিটারকে উদ্দীপিত করে। ফলে আপনি কান্নার পর তীব্র মাথা ব্যথা অনুভব করেন।"
p-410-a-34,আগুন দেখতে হলুদ হয় কেন?,রসায়ন,1,+8,188,https://www.sciencebee.com.bd/qna/7456/%E0%A6%86%E0%A6%97%E0%A7%81%E0%A6%A8-%E0%A6%A6%E0%A7%87%E0%A6%96%E0%A6%A4%E0%A7%87-%E0%A6%B9%E0%A6%B2%E0%A7%81%E0%A6%A6,"['আগুন', 'হলুদ']","রঙের এই পার্থক্যের কারণ হলো, বাতাসের অক্সিজেনের সঙ্গে দাহ্যপদার্থগুলোর মিলিত হওয়ার গতি ও প্রক্রিয়ার ভিন্নতা। জ্বলার সময় বেশি অক্সিজেন যুক্ত হলে শিখার রং নীল হয়, কম অক্সিজেন মিশলে হলদে রঙের হয়।"
p-410-a-35,মাছের কাটা বিড়ালের গলায় আটকায় না কেনো?,বিবিধ,1,+9,"1,427",https://www.sciencebee.com.bd/qna/7454/%E0%A6%AE%E0%A6%BE%E0%A6%9B%E0%A7%87%E0%A6%B0-%E0%A6%AC%E0%A6%BF%E0%A7%9C%E0%A6%BE%E0%A6%B2%E0%A7%87%E0%A6%B0,"['মাছের', 'কাটা', 'বিড়াল']","Mobin Sikder-এটা অনেক বড় মিথ যে ওদের গলায় মাছের কাটা আটকায় না, এবং সহজে খেতে পারে৷ কিন্তু আসল কথা হচ্ছে এটি তাদের জন্য অনেক বড় বিপদ ডেকে আনতে পারে। দেখা যায় যে ওরা খুব মজা করে কাটা খাচ্ছে কিন্তু এটি মানুষের মতোই ঝামেলা সৃষ্টি করে। এজন্য যারা বিড়াল পালেন তাদের বলা হয় কাটাঁ ছাড়া মাছ তাদের সামনে দিতে।বিস্তারিতঃhttps://www.quora.com/How-do-cats-eat-fish-bones-when..."
p-410-a-36,দুধ আনারস একসাথে খেলে কী কী ক্ষতি হয় ?,জীববিজ্ঞান,4,+9,366,https://www.sciencebee.com.bd/qna/7451/%E0%A6%86%E0%A6%A8%E0%A6%BE%E0%A6%B0%E0%A6%B8-%E0%A6%8F%E0%A6%95%E0%A6%B8%E0%A6%BE%E0%A6%A5%E0%A7%87,"['দুধ', 'আনারস', 'ক্ষতি']",এখানে দেখুনhttps://sciencebee.com.bd/qna/1165/%E0%A6%86%E0%A6%A8%E0%A6%BE%E0%A6%B0%E0%A6%B8-%E0%A6%AE%E0%A6%BE%E0%A6%A8%E0%A7%81%E0%A6%B7?show=1165#q1165
p-410-a-37,দুধ আনারস একসাথে খেলে কী কী ক্ষতি হয় ?,জীববিজ্ঞান,4,+9,366,https://www.sciencebee.com.bd/qna/7451/%E0%A6%86%E0%A6%A8%E0%A6%BE%E0%A6%B0%E0%A6%B8-%E0%A6%8F%E0%A6%95%E0%A6%B8%E0%A6%BE%E0%A6%A5%E0%A7%87,"['দুধ', 'আনারস', 'ক্ষতি']","আনারস ও দুধ একসঙ্গে খেলে বিষক্রিয়া হয়ে কেউ মারা যায় এই ধারণা ভুল। এগুলো একধরনের ফুড ট্যাবু বা খাদ্য কুসংস্কার। দুধ আর আনারস একসঙ্গে খেলে কেউ মারা যায় না। এটি সম্পূর্ণ ভুল ধারণা।বদ হজম, পেট ফাঁপা, পেট খারাপআনারস ও দুধ একসঙ্গে খেলে বিষক্রিয়া হয় না। আনারস একটি অ্যাসিডিক এবং টকজাতীয় ফল। দুধের মধ্যে যে কোনো টকজাতীয় জিনিস দিলে দুধ ছানা হয়ে যেতে পারে বা ফেটে যেতে পারে। হতে পারে বদহজম, পেট ফাঁপা, পেট খারাপ।, তবে বিষক্রিয়ার কোনো আশঙ্কা নেই।গ্যাসট্রিকের সমস্যাদুধ ও আনারস খেলে বিষক্রিয়া সমস্যা নেই। তবে যাদের গ্যাসট্রিকের সমস্যা রয়েছে, খালি পেটে আনারস খেলে তাদের এই সমস্যা বেড়ে যেতে পারে। তাই খালি পেঠে আনারস ও টকজাতীয় কোনো খাবার খাবেন না।কুসংস্কারএমন কখনো দেখিনি যে দুধ-আনারস একসঙ্গে খেয়ে মানুষ মারা গেছে। এটা একটা কুসংস্কার। ডেজার্ট, কাস্টার্ড বা স্মুদিতে আনারস-দুধ একত্রে মিশিয়ে খাই। এ ক্ষেত্রে কোনো সমস্যা হয় না।এটি এটি সম্পূর্ণ কুসংস্কার।খাদ্যের সমন্বয়পাইনঅ্যাপেল কাস্টার্ড, ডেজার্ট, পাইনঅ্যাপেল স্মুদি, পাইনঅ্যাপেল মিল্ক সেক, পাইনঅ্যাপেল সালাদ, পাইনঅ্যাপেল ইয়োগার্ট ইত্যাদি ফলগুলো আমরা একসঙ্গে খাই। এই ফলগুলোর মধ্যে খাদ্যের সঠিক সমন্বয় থাকে। তাই কোনো সমস্যা হয় না।অন্যদিকে এক গ্লাস দুধ খেলেন, পাশাপাশি আনারস খেয়ে নিলেন তাহলে সঠিক খাদ্যের সমন্বয় হয় না। এ ক্ষেত্রে সঠিক সমন্বয় না হওয়ার ফলে পাতলা পায়খানা, বদ হজম, অ্যাসিডিটিসহ বিভিন্ন সমস্যা হতে পারে।দুই থেকে তিন ঘণ্টা বিরতিদুধ-আনারস একসঙ্গে না খেয়ে দুই থেকে তিন ঘণ্টা বিরতি দেয়া যেতে পারে। কারণ একসঙ্গে খেলে হজমের সমস্যা হতে পারে। তবে এ ক্ষেত্রে খাদ্যে বিষক্রিয়া হওয়ার কোনো কারণ নেই।-যুগান্তর"
p-410-a-38,দুধ আনারস একসাথে খেলে কী কী ক্ষতি হয় ?,জীববিজ্ঞান,4,+9,366,https://www.sciencebee.com.bd/qna/7451/%E0%A6%86%E0%A6%A8%E0%A6%BE%E0%A6%B0%E0%A6%B8-%E0%A6%8F%E0%A6%95%E0%A6%B8%E0%A6%BE%E0%A6%A5%E0%A7%87,"['দুধ', 'আনারস', 'ক্ষতি']",না কোনো ক্ষতি হয় না ।এটা কুসংস্কার ।দুধ এসিডে বিক্রিয়া করে একটু বদহজম হতে পারে ।
p-410-a-39,দুধ আনারস একসাথে খেলে কী কী ক্ষতি হয় ?,জীববিজ্ঞান,4,+9,366,https://www.sciencebee.com.bd/qna/7451/%E0%A6%86%E0%A6%A8%E0%A6%BE%E0%A6%B0%E0%A6%B8-%E0%A6%8F%E0%A6%95%E0%A6%B8%E0%A6%BE%E0%A6%A5%E0%A7%87,"['দুধ', 'আনারস', 'ক্ষতি']","আনারস একটি অ্যাসিডিক এবং টকজাতীয় ফল। দুধের মধ্যে যে কোনো টকজাতীয় জিনিস দিলে দুধ ছানা হয়ে যেতে পারে বা ফেটে যেতে পারে। হতে পারে বদহজম, পেট ফাঁপা, পেট খারাপ।, তবে বিষক্রিয়ার কোনো আশঙ্কা নেই। দুধ ও আনারস খেলে বিষক্রিয়া সমস্যা নেই।"
p-410-a-40,ফল খাওয়ার পর নাকি পানি খেতে হয় না এটা আসলে কতটুকু সত্য?,স্বাস্থ্য ও চিকিৎসা,2,+10,"1,542",https://www.sciencebee.com.bd/qna/7450/%E0%A6%96%E0%A6%BE%E0%A6%93%E0%A7%9F%E0%A6%BE%E0%A6%B0-%E0%A6%95%E0%A6%A4%E0%A6%9F%E0%A7%81%E0%A6%95%E0%A7%81,"['ফল', 'পানি']","চণ্ড গরমে সুস্থ থাকতে পর্যাপ্ত পানি পান জরুরি।এছাড়া এ সময় শরীরে পানির ঘাটতি পূরণে রসালো সব ফলও খেতে পারেন। পানি এবং রসালো ফল দুটিতেই প্রচুর পরিমাণে খনিজ ও পুষ্টি রয়েছে যা শরীরের শক্তি বাড়াতে ভূমিকা রাখে।তবে প্রশ্ন হচ্ছে ফল খাওয়ার পর পরই পানি পান করা ঠিক কিনা?প্রচলিত ভাষায়, ফল খাওয়ার সঙ্গে সঙ্গে পানি পান করলে পাকস্থলীর গতি বাঁধা প্রাপ্ত হয়। কারণ অনেক ফলে ফ্রুকটোজ থাকে। ফল খেয়ে পানি পান করলে কার্বন ডাই অক্সাইড উৎপাদনের জন্য পাকস্থলীতে একটি অনুকূল পরিবেশ তৈরি হয়, এতে পেটে গ্যাসের পরিমাণ বাড়ে।স্বাস্থ্য বিশেষজ্ঞরা বলছেন, তরমুজের মতো ফল খেয়ে পানি পান করা ঠিক নয়।কারণ এটি ধীরে ধীরে শোষণ হয় এবং গ্যাস তৈরি হওয়ার সম্ভাবনা বাড়ায়। যাদের পাকস্থলী তুলনামুলকভাবে স্পর্শকাতর তারা এই ফলটি খাওয়ার পর পানি খেলে অস্বস্তি বোধ করেন। এমনকী আয়ুর্বেদিক চিকিৎসায়ও তরমুজ বা যেসব ফলে পানির পরিমাণ বেশি থাকে সেগুলি খাওয়ার পর পানি না পান করার পরামর্শ দেওয়া হয়েছে।কিছু বিশেষজ্ঞর মতে, কলা খাওয়ার পর পর পানি খেলে হজমের সমস্যা হতে পারে। তাদের ভাষায়, কলায় থাকা উপাদানের সঙ্গে পানির মিল থাকায় হজমে সমস্যা তৈরি হয়।এছাড়া সাইট্রাস জাতীয় ফল যেমন-কমলা, আঙুর, জাম্বুরা, লেবু ইত্যাদি খাওয়ার পরও পানি না পান করার পরামর্শ দিয়েছেন বিশেষজ্ঞরা। তারা বলছেন, প্রচুর পানিযুক্ত ফল খাওয়ার পর পানি পান করলে শরীরে পি এইচ ভারসাম্যে সমস্যা হয় এবং হজমে সমস্যা তৈরি করে। এ কারণে বেশিরভাগ ফল খাওয়ার অন্তত আধঘণ্টা পর পানি পান করা উচিত। সূত্র : এনডিটিভি"
p-410-a-41,ফল খাওয়ার পর নাকি পানি খেতে হয় না এটা আসলে কতটুকু সত্য?,স্বাস্থ্য ও চিকিৎসা,2,+10,"1,542",https://www.sciencebee.com.bd/qna/7450/%E0%A6%96%E0%A6%BE%E0%A6%93%E0%A7%9F%E0%A6%BE%E0%A6%B0-%E0%A6%95%E0%A6%A4%E0%A6%9F%E0%A7%81%E0%A6%95%E0%A7%81,"['ফল', 'পানি']",হ্যাঁ বিজ্ঞানসম্মত ভাবে এটা সত্য
