id,question,question_category,number_of_answer,number_of_vote,number_of_view,answer_link,question_tag,answer
p-124-a-0,অ্যাকুয়াজেনিক আর্টিকারিয়া কিভাবে নির্ণয় করা হয়?,স্বাস্থ্য ও চিকিৎসা,1,0,57,https://www.sciencebee.com.bd/qna/21815/%E0%A6%85%E0%A7%8D%E0%A6%AF%E0%A6%BE%E0%A6%95%E0%A7%81%E0%A7%9F%E0%A6%BE%E0%A6%9C%E0%A7%87%E0%A6%A8%E0%A6%BF%E0%A6%95,"['অ্যাকুয়াজেনিক', 'আর্টিকারিয়া', 'নির্ণয়']","অ্যাকোয়াজেনিক ছত্রাকের রোগ নির্ণয় সাধারণত চারিত্রিক লক্ষণ ও উপসর্গের উপস্থিতির উপর ভিত্তি করে সন্দেহ করা হয় । তারপরে রোগ নির্ণয় নিশ্চিত করার জন্য একটি ""জল চ্যালেঞ্জ পরীক্ষার"" আদেশ দেওয়া যেতে পারে। এই পরীক্ষার সময়, 30 মিনিটের জন্য শরীরের উপরের অংশে 35ºC জলের একটি কম্প্রেস প্রয়োগ করা হয়। শরীরের উপরের অংশটিকে পরীক্ষার জন্য পছন্দের স্থান হিসেবে বেছে নেওয়া হয়েছে কারণ অন্যান্য স্থান যেমন পা, কম প্রভাবিত হয়। পরীক্ষার আগে রোগীকে বেশ কয়েকদিন অ্যান্টিহিস্টামাইন না খাওয়ার কথা বলা জরুরি।কিছু ক্ষেত্রে রিপোর্টে, শরীরের নির্দিষ্ট অংশগুলি জল দিয়ে ধুয়ে ফেলা বা সরাসরি গোসল এবং ঝরনা দেওয়ার চ্যালেঞ্জ নেওয়ার চেষ্টা করা হয়েছে। এই পরীক্ষাগুলি ব্যবহার করার প্রয়োজন হতে পারে যখন একটি ছোট জলের কম্প্রেস ব্যবহার করে স্বাভাবিক জল চ্যালেঞ্জ পরীক্ষা নেতিবাচক হয়, যদিও গুরুতর লক্ষণগুলির ইতিহাস রয়েছে এমন রোগীদের ক্ষেত্রে এটি এড়ানো উচিত"
p-124-a-1,অ্যাকুয়াজেনিক আর্টিকারিয়া কেনো হয়?,স্বাস্থ্য ও চিকিৎসা,1,0,77,https://www.sciencebee.com.bd/qna/21813/%E0%A6%85%E0%A7%8D%E0%A6%AF%E0%A6%BE%E0%A6%95%E0%A7%81%E0%A7%9F%E0%A6%BE%E0%A6%9C%E0%A7%87%E0%A6%A8%E0%A6%BF%E0%A6%95,"['অ্যাকুয়াজেনিক', 'আর্টিকারিয়া', 'কারন']","অ্যাকোয়াজেনিক ছত্রাকের সঠিক অন্তর্নিহিত কারণ খারাপভাবে বোঝা যায় না। যাইহোক, বিজ্ঞানীরা নিম্নলিখিত তত্ত্বগুলি প্রস্তাব করেছেন:১)জলে দ্রবীভূত একটি পদার্থ ত্বকে প্রবেশ করে এবং একটি ইমিউন প্রতিক্রিয়া ট্রিগার করে। এই তত্ত্বে, আমবাত জলের কারণে হয় না, বিশেষ করে, বরং জলে অ্যালার্জেন ।২)জল এবং ত্বকে বা ত্বকে পাওয়া পদার্থের মধ্যে একটি মিথস্ক্রিয়া একটি বিষাক্ত উপাদান তৈরি করে, যা আমবাতের বিকাশের দিকে পরিচালিত করে।"
p-124-a-2,কোভিড-১৯ থেকে সুস্থ হওয়ার পর শরীরের ভিতরে থাকা করোনাভাইরাসটি কোথায় যায়?,চিন্তা ও দক্ষতা,1,+2,39,https://www.sciencebee.com.bd/qna/21811/%E0%A6%95%E0%A6%B0%E0%A7%8B%E0%A6%A8%E0%A6%BE%E0%A6%AD%E0%A6%BE%E0%A6%87%E0%A6%B0%E0%A6%BE%E0%A6%B8%E0%A6%9F%E0%A6%BF,"['করোনাভাইরাস', 'কোথায়', 'যায়']",ভাইরাসটি কোথাও বেড়াতে যায় না। ভাইরাস ধ্বংস হয়ে যায় বা মারা যায় বলতে পারেন।
p-124-a-3,কোভিড টেস্টে False Positive আসে কেন?,স্বাস্থ্য ও চিকিৎসা,1,+2,56,https://www.sciencebee.com.bd/qna/21810/%E0%A6%9F%E0%A7%87%E0%A6%B8%E0%A7%8D%E0%A6%9F%E0%A7%87-positive,"['কোভিড', 'টেস্ট']","সবাই জানি, করোনা নামের ভাইরাসটি যে আতংকিত রোগ বয়ে এনেছে তার নাম কোভিড-১৯। কোভিড-১৯ পজিটিভ মানে ওই ব্যক্তির শরীরে করোনা ভাইরাস বিদ্যমান। এখন পর্যন্ত যতগুলো পদ্ধতিতে ভাইরাসটির টেস্ট করা হয়, তার মধ্যে সবচাইতে কার্যকর আর বহুল প্রচলিত পদ্ধতির নাম আরটি-পিসিআর (রিভার্স ট্রান্সক্রিপশন পলিমারেজ চেইন রি-অ্যাকশন টেস্ট)। এই পদ্ধতিতে রোগীর সোয়াবের সঙ্গে পাওয়া ভাইরাসের আরএনএ শনাক্ত করা হয়।এই পদ্ধতিতে নাকের অথবা গলার এক্কেবারে ভেতরের দেয়ালে কটন সোয়াব ঢুকিয়ে সোয়াবটি চেপে ঘুরিয়ে ঘুরিয়ে যথেষ্ট পরিমাণে ভিজিয়ে বাইরে বের করে আনতে হয়। সোয়াবটি যদি শুধুমাত্র নাকের ভেতরে ঢুকিয়ে ভাইরাসে আক্রান্ত জায়গা স্পর্শ করিয়ে বের করা হয়, তবে যথেষ্ট পরিমাণে ভাইরাল আরএনএ পাওয়া যাবে না এবং রোগীর রেজাল্ট নেগেটিভ আসবে। আরও কথা আছে, ভাইরাস কারো শরীরে প্রবেশের সঙ্গে সঙ্গে টেস্ট করা হলেও ভুল রেজাল্ট পাবার সম্ভাবনা থাকে।করোনাভাইরাসের রেজাল্ট ভুল হওয়ার পেছনে অনেকগুলো ফ্যাক্টর কাজ করে। নমুনা সংগ্রহের প্রক্রিয়া যথাযথ না হলে টেস্টের ফলাফল ভুল হতে বাধ্য। নমুনা সংগ্রহেও কয়েকটি বিষয়কে গুরুত্ব দিতে হয়। প্রথমত: পরীক্ষার জন্য যথেষ্ট পরিমাণে নমুনা (সোয়াব) নেওয়া হলো কী না, দ্বিতীয়ত: সঠিক টুলস ব্যবহার করা হলো কী না, তৃতীয়ত: কীভাবে নমুনা প্রসেস করা হলো, আর চতুর্থত: সংক্রমণের কোন পর্যায়ে নমুনা সংগ্রহ করা হলো। এই এতোগুলো জিনিস ঠিকঠাক-মতো মিলে না গেলে করোনা টেস্টের ফলাফল ভুল আসার প্রবল সম্ভাবনা রয়েছে।উদাহরণ হিসেবে বলা যায়, করোনা আক্রান্ত হবার পরপরই যদি অ্যা-সিম্পটোম্যাটিক মানুষদেরকে টেস্ট করা হয়, তবে তার ফলাফল শতকরা ৩০ ভাগ ক্ষেত্রে ভুল অর্থাৎ রেজাল্ট নেগেটিভ আসবে অথচ তাদের শরীরে ভাইরাসটি রয়েছে! আর ভুল-পজিটিভ আসে বেশিরভাগ সময় মেশিনের ত্রুটির কারণে। কিছু আসে যারা কাজ করছেন তাদের অদক্ষতার কারণে।এখন এই পুরো প্রক্রিয়ার ভুলত্রুটিগুলো নানাভাবে পরবর্তী ডিলেমা তৈরি করতে পারে। যেমন, কারো যদি ভুলভাবে পজিটিভ আসে, তবে তার ব্যক্তি ও সামাজিক জীবনে তার বিরাট প্রভাব পরবে। নানারকম ট্যাবু আর সংকট তাকে বিপর্যস্ত করতে পারে। আবার কারো যদি ভুলভাবে রেজাল্ট নেগেটিভ আসে তাহলে ব্যক্তি নিজের অজান্তেই অন্যদেরও ভাইরাস ছড়ানোর বিরাট ঝুঁকি তৈরি করবে। অথবা সময়মত চিকিৎসা নেওয়ার ব্যাপারটিও হয়তো উপেক্ষিত হবে।করোনার টেস্টের এই ভুল বা ফলস পজিটিভ-ফলস নেগেটিভ থেকে পরিত্রাণ পাওয়ার উপায় কী! নমুনা সংগ্রহে বাড়তি মনোযোগ, নমুনা সংগ্রহকারীদের প্রয়োজনীয় যোগ্যতা অবশ্যই প্রয়োজনীয়। ল্যাবরেটরির সক্ষমতা এবং যারা টেস্ট করবেন তাদের দক্ষতাও এই ক্ষেত্রে জরুরি। যিনি নমুনা সংগ্রহ করছেন, তাকে কাজটি করার প্রয়োজনীয় দক্ষতা অর্জন করতে হবে। যার সোয়াব নেওয়া হচ্ছে, তাকে প্রস্তুত করা অর্থাৎ নাক/মুখের ভেতরে সোয়াবের কাঠি ঢুকানো হলে সেটা বেশ একটা অস্বস্তিকর অনুভূতি বা ব্যথাও হতে পারে, এই ব্যাপারে তাকে সচেতন করার দরকার আছে, নইলে অযাচিত হাঁচি-কাশি বা রোগীর নেগেটিভ শারীরিক প্রতিক্রিয়া প্রকাশ পেতে পারে। আবার সোয়াব সংগ্রহকারী যদি পর্যাপ্ত দূরত্বে না থাকেন অথবা যদি একই গ্লাভস হাতে পরে একের পর এক নমুনা সংগ্রহ করতে থাকেন, প্রতিটি নমুনা সংগ্রহের পর গ্লাভস এবং মাস্ক পরিবর্তন না করেন, হাত ডিসইনফেক্ট না করেন, তাহলে তার মাধ্যমে ভাইরাসটি ছড়িয়ে পরার ক্ষেত্রও কিন্তু তৈরি হয়।-সেরীন ফেরদৌস"
p-124-a-4,HIV test তে False positive আসার কারণ কি?,স্বাস্থ্য ও চিকিৎসা,1,+2,56,https://www.sciencebee.com.bd/qna/21809/false-positive,"['hiv', 'false-positive']","এইচআইভি পরীক্ষা এইচআইভির অ্যান্টিবডি সনাক্তকরণের উপর ভিত্তি করে। এগুলি হল এইচআইভি-এর মতো  পদার্থের প্রতিক্রিয়ায় ইমিউন সিস্টেম দ্বারা উৎপাদিত প্রোটিন। মিথ্যা ইতিবাচক ফলাফলের প্রধান কারণ হল পরীক্ষাটি অ্যান্টিবডি সনাক্ত করেছে, কিন্তু তারা এইচআইভি-এর অ্যান্টিবডি নয় - তারা অন্য পদার্থ বা সংক্রমণের অ্যান্টিবডি। পরীক্ষাগুলি অন্য ধরণের অ্যান্টিবডিগুলির সনাক্ত করার জন্য নয়, তবে এটি কখনও কখনও ঘটে।আবার এইচআইভি পরীক্ষা টেস্টিং ডিভাইসের উপর নির্ভর করে, পরীক্ষার ফলাফল পড়া বিষয়ভিত্তিক ব্যাখ্যার উপর নির্ভর করতে পারে। যখন ফলাফল সীমারেখা হয়, অভিজ্ঞ কর্মীরা আরও ধারাবাহিকভাবে সঠিক ফলাফল দেয়। একটি মিথ্যা ইতিবাচক ফলাফল একটি নমুনা ভুল লেবেল করা, অন্য ব্যক্তির সঙ্গে মিশ্রিত, বা অন্য কিছু করণিক বা প্রযুক্তিগত ত্রুটির ফলাফল হতে পারে।কম সাধারণভাবে, যারা সম্প্রতি ফ্লু ভ্যাকসিন নিয়েছেন, এইচআইভি ভ্যাকসিন গবেষণায় অংশ নিচ্ছেন, বা অটোইমিউন রোগ (যেমন লুপাস) আছে তাদের ক্ষেত্রে মিথ্যা ইতিবাচক ফলাফল হতে পারে।Collected- [Aidsamp]"
p-124-a-5,হাইপারসোমনিয়া কিভাবে নির্ণয় এবং চিকিৎসা করা হয়?,স্বাস্থ্য ও চিকিৎসা,1,+1,158,https://www.sciencebee.com.bd/qna/21806/%E0%A6%B9%E0%A6%BE%E0%A6%87%E0%A6%AA%E0%A6%BE%E0%A6%B0%E0%A6%B8%E0%A7%8B%E0%A6%AE%E0%A6%A8%E0%A6%BF%E0%A7%9F%E0%A6%BE,"['হাইপারসোমনিয়া', 'নির্ণয়', 'চিকিৎসা']","উপসর্গ এবং ঘুমানোর অভ্যাসের মূল্যায়ন করার জন্য পরিবারের সদস্যের উপস্থিতিতে বিশদে চিকিৎসাজনিত ইতিহাস জেনে নিলে রোগ নির্ণয়ে সাহায্য পাওয়া যায়।যে সমস্য় ওষুধের কারণে হাইপারসোমনিয়া হচ্ছে, তা দূর করতে ওষুধ বন্ধ করতে হতে পারে।চিকিৎসাজনিত অবস্থার অন্তর্নিহিত কারণ নির্ণয়ের উদ্দেশে আপনাকে হয়তো পরীক্ষা করার পরামর্শ দেওয়া হতে পারে।হাইপারসোমনিয়ার অনুসন্ধানে অন্তর্ভুক্ত:১)সারারাতে ঘুমানোর পরীক্ষা অথবা পলিসোমনোগ্রাফি (পিএসজি) টেস্ট২)মাল্টিপল স্লিপ লেটেন্সি টেস্ট (এমএসএলটি)জেগে থাকা বা সচেতনতা পরীক্ষার রক্ষণাবেক্ষণহাইপারসোমনিয়ার চিকিৎসাপ্রণালী নির্ভর করে উপসর্গ থেকে উপশম প্রদান এবং অন্তর্নিহিত কারণের চিকিৎসার উপর১)অ্যান্টিডিপ্রেসেন্ট এবং সচেতনতা-বর্ধক এজেন্টের মতো ওষুধ কগ্নিটিভ বিহেভরিয়াল থেরাপি (সিবিটি) সহায়ক হিসেবে প্রমাণিত হয়েছে হাইপারসোমনিয়া রয়েছে এমন কিছু রোগীর জন্য।২)নিজ যত্ন নেওয়া৩)ঘুমনোর ধরণে প্রভাব ফেলে এমন কারণ এড়িয়ে চলা, যেমন রাত অবধি জেগে কাজ করা বা রাতে সামাজিক কাজকর্মে অংশ নেওয়া।৪)মদ এবং ক্যাফিন জাতীয় জিনিস এড়িয়ে চলা"
p-124-a-6,অ্যাকুয়াজেনিক আর্টিকারিয়ার এর উপসর্গ কীভাবে দূর করা যায়?,স্বাস্থ্য ও চিকিৎসা,1,0,94,https://www.sciencebee.com.bd/qna/21797/%E0%A6%85%E0%A7%8D%E0%A6%AF%E0%A6%BE%E0%A6%95%E0%A7%81%E0%A7%9F%E0%A6%BE%E0%A6%9C%E0%A7%87%E0%A6%A8%E0%A6%BF%E0%A6%95,"['উপসর্গ', 'দূর']","পানির অপর নাম জীবন।মানুষের দেহের শতকরা ৭০ ভাগই পানি দিয়ে গঠিত। আমাদের দিনে কম-বেশি আড়াই লিটার পানির প্রয়োজন হয়।তাই জীবন বাঁচাতে হলে পানি লাগবেই।কিন্তু পৃথিবীতে এমন কয়েকজন মানুষ রয়েছেন যাদের জন্য পানির অপর নাম """"অ্যালার্জি""""।সত্যি বলছি তাদের পানিতে অ্যালার্জি আছে। এ রোগের নামই """"অ্যাকুয়াজেনিক আর্টিকারিয়া (Aquagenic urticaria)""""।অ্যাকুয়াজেনিক আর্টিকারিয়ার রক্তস্ফোট ;Healthline: Medical information and health advice you can trust.অত্যন্ত বিরল এই রোগে আক্রান্ত ব্যক্তির সংখ্যা সারা বিশ্বে এখন পর্যন্ত একশোরও কম। মেডিকেল জার্নালগুলো এই রোগের স্বীকৃতি দিয়েছে।আক্রান্ত রোগী পানির প্রতি অ্যালার্জিক, এমনকি নিজের কান্না বা ঘামের প্রতিও।প্রাপ্তবয়স্কদের দেহে এ রোগের উপসর্গ দেখা যায় তবে একদম কম বয়সে আক্রান্ত হবার নজিরও আছে।যেমন ধরা যাক ***১৮ মাস বয়সী আইভি অ্যাকারম্যান ***এর কথা। তাকে মাত্র পনেরো সেকেন্ড পানিতে রাখলেই তার দেহের এখানে-সেখানে দেখা যায় রক্তস্ফোট।১৮ মাস বয়সী আইভি অ্যাকারম্যান Image:People.com | Celebrity News, Exclusives, Photos and Videosঅ্যাকুয়াজেনিক আর্টিকারিয়া আসলে একধরনের অ্যালার্জি। এই রোগে আক্রান্ত ব্যক্তির ত্বক যখন পানির সংস্পর্শে আসে, তখন খুব দ্রুত তার দেহে রক্তস্ফোট বা লাল-লাল বিন্দু দেখা যায়। পানির তাপমাত্রা এই রক্তস্ফোট সৃষ্টিতে কোনো প্রভাব রাখে না।আক্রান্তদের মধ্যে অনেকেই জানান- রক্তস্ফোট উঠার সঙ্গে সঙ্গে তারা শরীরে চুলকানিও বোধ করেন।সাধারণত মেয়েরাই বেশি আক্রান্ত হয়। উপসর্গগুলো দেখা যায় বয়ঃসন্ধিকাল অথবা যৌবনের শেষ দিকে।অ্যাকুয়াজেনিক আর্টিকারিয়া রোগের কথা প্রথম বর্ণনা করেন শেলী এবং রনসলি, ১৯৬৪ সনে।১৯৬৩ সালে এক পনেরো বছর বয়সী কিশোরী পানিতে স্কি করার পর অসুস্থ হয়ে পড়ে।তার দেহে প্রথমে দেখা যায় রক্তস্ফোট এবং পরবর্তীতে ক্ষত।এ রোগটি খুবই বিরল।যেহেতু এ রোগে আক্রান্ত ব্যাক্তির সংখ্যা খুবই কম তাই এ রোগ সম্পর্কে খুব বেশি কিছু জানা যায়নি।তবে কারো কারো মতে, পানিতে যোগ করা** ক্লোরিনই** এর কারণ। কেউ কেউ আবার খোদ পানিকেই এই অ্যালার্জির কারণ বলে উল্লেখ করে থাকেন।একই পরিবারের একাধিক সদস্যের মাঝে অ্যাকুয়াজেনিক আর্টিকারিয়ার উপস্থিতি সাধারণত লক্ষ্য করা যায় না।তবে কয়েকটা ক্ষেত্রে দেখাও গিয়েছে।একটা বিশেষ পরিবারে একাধিক সদস্য এই রোগে আক্রান্ত,সঙ্গে আরও একটা জেনেটিক রোগ আছে তাদের। সেটি হলো **বার্নার্ড-সলিয়ের সিন্ড্রোম**।এ রোগটি **শরীরে রক্ত-তঞ্চন জনিত সমস্যার জন্ম দেয়।**এ কারণে অ্যাকুয়াজেনিক আর্টিকারিয়ার সঙ্গে যে বংশগত বৈশিষ্ট্যের কোনো সম্পর্ক নেই- তা নিশ্চিত করে বলা সম্ভব নয়।অ্যাকুয়াজেনিক আর্টিকারিয়ার উপসর্গঃপ্রথমেই ত্বকে রক্তস্ফোট জন্ম নেয়, সেই সঙ্গে শুরু হয় চুলকানি এবং ব্যথা।ঘাড়, হাত এবং বুকের উপরের দিকেই মূলত ফুটে উঠে লাল-লাল রক্তস্ফোটগুলো।তবে শরীরের যেকোন অংশেই ওগুলো দেখা যেতে পারে।এ রোগে আক্রান্ত ব্যাক্তির পানির সঙ্গে সাক্ষাৎ হবার মিনিটখানেকের মাঝেই আরো যে-যে উপসর্গ দেখা যেতে পারে১.ত্বক লাল হয়ে যাওয়া২.জ্বলা-পোড়ার অনুভূতি৩.ক্ষত৪.ফুলে ওঠা৫.প্রদাহতবে কিছু ক্ষেত্রে এই রোগে আক্রান্ত রোগীর উপসর্গ প্রথম দেখা দেয় পানি পান করার পর।তার মদ্ধ্যে উল্লেখযোগ্য কিছু উপসর্গ হলোঃ১.মুখের চারপাশে লাল দাগ২.গিলতে সমস্যা৩.শ্বাসকষ্ট৪.শ্বাসের সঙ্গে শোঁশোঁ শব্দ হওয়াদেহে লাল-লাল রক্তস্ফোটসাধারণত শরীর থেকে পানি মুছে ফেললে, অথবা পানি থেকে দূরে সরে গেলে, আধা ঘণ্টা থেকে এক ঘণ্টার মাঝে সব উপসর্গ দূর হয়ে যায়।গোসল করলে অথবা বৃষ্টিতে ভিজলে,সাঁতার কাটলে অথবা শরীরে পানি ঢাললে,ঘাম আসলে বা কান্না করলে এ রোগের উপসর্গগুলো দেখা যায় শরীরে।এখন পর্যন্ত অ্যাকুয়াজেনিক আর্টিকারিয়ার কোনো চিকিৎসা আবিষ্কার হয়নি। তবে উপসর্গগুলো দূর করার জন্য নানা ওষুধের সাহায্য নেওয়া হয়।###যেকোনো ধরনের অ্যালার্জির জন্য** অ্যান্টি-হিস্টামিনের** কোনো বিকল্প নেই।যেহেতু অ্যাকুয়াজেনিক আর্টিকারিয়ার একধরণের অ্যালার্জি;তাই এ রোগের উপসর্গগুলো দূর করতে অ্যান্টি-হিস্টামিন ব্যবহার করা হয়।###এ অ্যালার্জি থেকে বাঁচতে **পেট্রোলিয়াম-সমৃদ্ধ ক্রিম** ও ব্যবহার করা হয়ে থাকে।কারণ এই ক্রিমগুলো ত্বক এবং পানির মাঝে একধরনের বাধা হিসেবে কাজ করে। তাই এ ক্রিম ব্যবহার করে পানির সংস্পর্শে আসতে হতে পারে এমন যেকোনো কাজ করা যেতে পারে।###উপসর্গ অত্যন্ত প্রবল হলে রোগীর জীবন পর্যন্ত বিপন্ন হতে পারে। সেক্ষেত্রে **এপিনেফ্রিন বা অ্যাড্রেনালিনের** ব্যবহার করা হয় ।**এপিপেন**-এ থাকে সেই জীবনদায়ী ওষুধ এপিনেফ্রিন বা অ্যাড্রেনালিন যা দ্বারা রোগীর জীবন বাঁচানো সম্ভব।এছাড়া আরো দুটি উপায় রয়েছে যা কিছু অ্যাকুয়াজেনিক আর্টিকারিয়ার রোগে আক্রান্ত ব্যাক্তির উপসর্গ উপশমে এনেছে।সেগুলো হলো ফটো-থেরাপি এবং ওমালিযুমাব###ফটো-থেরাপিঃ কিছু কিছু কেসে, আলট্রা-ভায়োলেট রশ্মির ব্যবহারে রোগীদের উপসর্গ কমে গিয়েছে বলে জানা যায়।###ওমালিযুমাবঃবিশেষ এই ওষুধটি হাঁপানিতে আক্রান্ত রোগীদের ক্ষেত্রে দারুণ কাজ করে। বেশ কিছু অ্যাকুয়াজেনিক আর্টিকারিয়ার রোগীর ক্ষেত্রেও উপশম এনে দিয়েছে।"
p-124-a-7,অ্যাকুয়াজেনিক আর্টিকারিয়ার উপসর্গ কী?,স্বাস্থ্য ও চিকিৎসা,1,0,52,https://www.sciencebee.com.bd/qna/21795/%E0%A6%85%E0%A7%8D%E0%A6%AF%E0%A6%BE%E0%A6%95%E0%A7%81%E0%A7%9F%E0%A6%BE%E0%A6%9C%E0%A7%87%E0%A6%A8%E0%A6%BF%E0%A6%95,"['রোগ', 'উপসর্গ', 'কী']",১.ত্বক লাল হয়ে যাওয়া২.জ্বলা-পোড়ার অনুভূতি৩.ক্ষত৪.ফুলে ওঠা৫.প্রদাহতবে কিছু ক্ষেত্রে এই রোগে আক্রান্ত রোগীর উপসর্গ প্রথম দেখা দেয় পানি পান করার পর।তার মধ্যে উল্লেখযোগ্য কিছু উপসর্গ হলোঃ১.মুখের চারপাশে লাল দাগ২.গিলতে সমস্যা৩.শ্বাসকষ্ট৪.শ্বাসের সঙ্গে শোঁশোঁ শব্দ হওয়া
p-124-a-8,অ্যাকুয়াজেনিক আর্টিকারিয়া রোগ কী?,স্বাস্থ্য ও চিকিৎসা,2,0,103,https://www.sciencebee.com.bd/qna/21793/%E0%A6%85%E0%A7%8D%E0%A6%AF%E0%A6%BE%E0%A6%95%E0%A7%81%E0%A7%9F%E0%A6%BE%E0%A6%9C%E0%A7%87%E0%A6%A8%E0%A6%BF%E0%A6%95,"['রোগ', 'কী']","পানির অপর নাম জীবন।মানুষের দেহের শতকরা ৭০ ভাগই পানি দিয়ে গঠিত। আমাদের দিনে কম-বেশি আড়াই লিটার পানির প্রয়োজন হয়।তাই জীবন বাঁচাতে হলে পানি লাগবেই।কিন্তু পৃথিবীতে এমন কয়েকজন মানুষ রয়েছেন যাদের জন্য পানির অপর নাম """"অ্যালার্জি""""।সত্যি বলছি তাদের পানিতে অ্যালার্জি আছে। এ রোগের নামই """"অ্যাকুয়াজেনিক আর্টিকারিয়া (Aquagenic urticaria)""""।"
p-124-a-9,অ্যাকুয়াজেনিক আর্টিকারিয়া রোগ কী?,স্বাস্থ্য ও চিকিৎসা,2,0,103,https://www.sciencebee.com.bd/qna/21793/%E0%A6%85%E0%A7%8D%E0%A6%AF%E0%A6%BE%E0%A6%95%E0%A7%81%E0%A7%9F%E0%A6%BE%E0%A6%9C%E0%A7%87%E0%A6%A8%E0%A6%BF%E0%A6%95,"['রোগ', 'কী']","অ্যাকোয়াজেনিক urticaria হল একটি বিরল অবস্থা যেখানে ত্বকের তাপমাত্রা নির্বিশেষে জলের সংস্পর্শে আসার পরে urticaria ( আবাত ) দ্রুত বিকাশ লাভ করে। এটি সাধারণত মহিলাদের প্রভাবিত করে এবং লক্ষণগুলি প্রায়শই বয়ঃসন্ধির শুরুতে শুরু হয়। কিছু রোগী চুলকানির অভিযোগও করেন। এটি শারীরিক ছত্রাকের একটি রূপ । অ্যাকোয়াজেনিক ছত্রাকের সঠিক অন্তর্নিহিত কারণ বর্তমানে অজানা। অবস্থার বিরলতার কারণে, পৃথক চিকিত্সার কার্যকারিতা সম্পর্কিত খুব সীমিত তথ্য রয়েছে; যাইহোক, বিভিন্ন ওষুধ এবং থেরাপি পরিবর্তনশীল সাফল্যের সাথে ব্যবহার করা হয়েছে"
p-124-a-10,মৃত্যুর পর বরই পাতার পানি দিয়ে গোসল করানো হয় কেন,বিবিধ,2,0,78,https://www.sciencebee.com.bd/qna/21791/%E0%A6%AE%E0%A7%83%E0%A6%A4%E0%A7%8D%E0%A6%AF%E0%A7%81%E0%A6%B0-%E0%A6%AA%E0%A6%BE%E0%A6%A4%E0%A6%BE%E0%A6%B0,"['মৃত্যু', 'পানি']","বরই পাতা মেশানো পানিতে গোসল দেয়ার কারণ- বিজ্ঞানের গবেষণা থেকে প্রমাণিত যে, বরই পাতায় বেশ কিছু এন্টিসেপটিক উপাদান রয়েছে। যা পানিতে কিছুক্ষণ ভিজিয়ে রাখলে বা পানিতে দিয়ে হালকা গরম করলে বরই পাতা থেকে এক ধরনের আঁঠালো নির্যাস পানির সঙ্গে মিশে যায়। আর এ নির্যাসগুলো মানুষের শরীরকে জীবানুমুক্ত করার কার্যকরী এন্টিসেপটিক হিসেবে কাজ করে। সহজে এ শরীরে যেমন পোকা-মাকড় আক্রমণ করতে পারে না আবার এ দেহে সহজে পচন ধরে না।সোর্সঃ Jagonews 24"
p-124-a-11,মৃত্যুর পর বরই পাতার পানি দিয়ে গোসল করানো হয় কেন,বিবিধ,2,0,78,https://www.sciencebee.com.bd/qna/21791/%E0%A6%AE%E0%A7%83%E0%A6%A4%E0%A7%8D%E0%A6%AF%E0%A7%81%E0%A6%B0-%E0%A6%AA%E0%A6%BE%E0%A6%A4%E0%A6%BE%E0%A6%B0,"['মৃত্যু', 'পানি']",ইসলামৎধরৃমের হাদিসের নির্দেশনা অনুযায়ী মৃতব্যক্তির গোসলের পানিতে বড়ই বা কুলপাতা দেয়া ইসলামি শরিয়ত সম্মত একটা রীতি। কেননা বরই পাতা পরিষ্কার-পরিচ্ছন্নতার জন্য খুব কার্যকরী। যদি বরই পাতা না পাওয়া যায় তবে সাবান বা এ জাতীয় কিছু ব্যবহার করাই যথেষ্ট।ধন্যবাদ।
p-124-a-12,হাইপারসমনিয়ার নিরাময় কী?,স্বাস্থ্য ও চিকিৎসা,2,0,49,https://www.sciencebee.com.bd/qna/21789/%E0%A6%B9%E0%A6%BE%E0%A6%87%E0%A6%AA%E0%A6%BE%E0%A6%B0%E0%A6%B8%E0%A6%AE%E0%A6%A8%E0%A6%BF%E0%A6%AF%E0%A6%BC%E0%A6%BE%E0%A6%B0,"['হাইপার', 'নিরাময়']","আপনার হাইপারসমনিয়ার কারণের উপর নির্ভর করে এই অবস্থার চিকিৎসার অবস্থা পরিবর্তিত হতে পারে। narcolepsy এর উদ্দেশ্যে তৈরি অনেকগুলি ওষুধ হাইপারসমনিয়ার চিকিৎসা করতে পারে। এর মধ্যে ___amphetamine,methylphenidate, এবং modafinil অন্তর্ভুক্ত রয়েছে। এই ওষুধগুলি উত্তেজক হিসেবে আপনাকে আরও জাগ্রত বোধ করতে সহায়তা করে।জীবনযাত্রার পরিবর্তনগুলির মধ্যে চিকিৎসা প্রক্রিয়া একটি গুরুত্বপূর্ণ অঙ্গ। একজন ডাক্তার রোগীকে নিয়মিত ঘুমের সময়সূচী নেওয়ার পরামর্শ দিতে পারেন। নির্দিষ্ট ক্রিয়াকলাপ এড়ানো রোগীটির অবস্থা উন্নত করতে পারে, বিশেষত শয়নকালের আশেপাশে। হাইপারসমনিয়া আক্রান্ত বেশিরভাগ লোকের অ্যালকোহল পান করা বা বেশি ওষুধ ব্যবহার করা উচিত নয়। হাইপারসোমনিয়াতে আচ্ছন্ন রোগীকে একজন ডাক্তার প্রাকৃতিকভাবে শক্তির মাত্রা বজায় রাখতে উচ্চ পুষ্টিযুক্ত খাবারেরও পরামর্শও দিতে পারেন।"
p-124-a-13,হাইপারসমনিয়ার নিরাময় কী?,স্বাস্থ্য ও চিকিৎসা,2,0,49,https://www.sciencebee.com.bd/qna/21789/%E0%A6%B9%E0%A6%BE%E0%A6%87%E0%A6%AA%E0%A6%BE%E0%A6%B0%E0%A6%B8%E0%A6%AE%E0%A6%A8%E0%A6%BF%E0%A6%AF%E0%A6%BC%E0%A6%BE%E0%A6%B0,"['হাইপার', 'নিরাময়']","হাইপারসোমনিয়ার চিকিৎসাপ্রণালী নির্ভর করে উপসর্গ থেকে উপশম প্রদান এবং অন্তর্নিহিত কারণের চিকিৎসার উপরঅ্যান্টিডিপ্রেসেন্ট এবং সচেতনতা-বর্ধক এজেন্টের মতো ওষুধকগ্নিটিভ বিহেভরিয়াল থেরাপি (সিবিটি) সহায়ক হিসেবে প্রমাণিত হয়েছে হাইপারসোমনিয়া রয়েছে এমন কিছু রোগীর জন্যনিজ যত্ন নেওয়া:ঘুমনোর ধরণে প্রভাব ফেলে এমন কারণ এড়িয়ে চলা, যেমন রাত অবধি জেগে কাজ করা বা রাতে সামাজিক কাজকর্মে অংশ নেওয়া।মদ এবং ক্যাফিন জাতীয় জিনিস এড়িয়ে চলা"
p-124-a-14,হাইপার সোমনিয়ার কারন কী ?,স্বাস্থ্য ও চিকিৎসা,2,0,86,https://www.sciencebee.com.bd/qna/21787/%E0%A6%B9%E0%A6%BE%E0%A6%87%E0%A6%AA%E0%A6%BE%E0%A6%B0-%E0%A6%B8%E0%A7%8B%E0%A6%AE%E0%A6%A8%E0%A6%BF%E0%A6%AF%E0%A6%BC%E0%A6%BE%E0%A6%B0,"['হাইপার', 'কারণ']","প্রাথমিক হাইপারসমনিয়া মস্তিষ্কের যেসব সিস্টেম (Hypothalamus) সমস্যাগুলি ঘুম এবং জাগ্রত ফাংশনগুলিকে নিয়ন্ত্রণ করে তাদের দ্বারা সৃষ্ট বলে মনে করা হয়। সেকেন্ডারি বা গৌণ হাইপারসোমনিয়া হল ক্লান্তি বা অপর্যাপ্ত ঘুমের কারণগুলির ফলাফল। উদাহরণস্বরূপ, sleep apnea হাইপারসমনিয়া সৃষ্টি করতে পারে কারণ এটি রাতে শ্বাসকষ্ট করতে পারে, যার ফলে মানুষ সারা রাত জুড়ে একাধিকবার জাগাতে বাধ্য হয়।কিছু ঔষুধি বা ড্রাগস হাইপারসমনিয়ার কারন হতে পারে। ঘন ঘন ড্রাগ এবং অ্যালকোহল ব্যবহার দিনের বেলা ঘুমের কারণ হতে পারে। অন্যান্য সম্ভাব্য কারণগুলি হল কম থাইরয়েড ফাংশন এবং মাথার আঘাত। এছাড়াও নীচের চিত্রে কিছু কারন দেওয়া হল -"
p-124-a-15,হাইপার সোমনিয়ার কারন কী ?,স্বাস্থ্য ও চিকিৎসা,2,0,86,https://www.sciencebee.com.bd/qna/21787/%E0%A6%B9%E0%A6%BE%E0%A6%87%E0%A6%AA%E0%A6%BE%E0%A6%B0-%E0%A6%B8%E0%A7%8B%E0%A6%AE%E0%A6%A8%E0%A6%BF%E0%A6%AF%E0%A6%BC%E0%A6%BE%E0%A6%B0,"['হাইপার', 'কারণ']","অন্যান্য স্নায়বিক ব্যাধির মতোই হাইপারসোমনিয়ার কারণও ভালো করে জানা নেই। তবে, শরীরে একটি নির্দিষ্ট অণুর বেশিমাত্রায় উৎপাদন হওয়ার প্রমাণ পাওয়া গিয়েছে, যা মস্তিষ্কের একটি হরমোনের সঙ্গে যোগাযোগ করে এবং তন্দ্রাভাব বাড়িয়ে দেয়।সাধারণ কারণগুলি হল:ঘুমের ব্যাধি, যেমন ন্যারকোলেপ্সি এবং স্লিপ অ্যাপনিয়াঅটোনমিক স্নায়ু তন্ত্রের অকার্যকারিতামাদক অথবা মদ্যপানের অপব্যবহারঅন্য কারণগুলি হল:টিউমারকেন্দ্রীয় স্নায়ু তন্ত্রে অথবা মস্তিষ্কে আঘাতনির্দিষ্ট কিছু ওষুধ খাওয়া বা কিছু ওষুধ বন্ধ হওয়া হাইপারসোমনিয়ায় পরিণত হতে পারে, যেমন অ্যান্টিডিপ্রেসেন্ট, উদ্বেগ কমানোর এজেন্ট, অ্যান্টিহিস্ট্যামিনিক ও প্রভৃতিব্যাধি যেমন একাধিক স্কেলেরোসিস, ডিপ্রেশন, এনসেফালাইটিস, মৃগী অথবা ওবেসিটি’র মতো অসুখও হাইপারসোমনিয়ার কারণ হতে পারেজেনেটিক কারণেও হাইপারসোমনিয়ার হতে পারে, এরও প্রমাণ পাওয়া গিয়েছে। হাইপারসোমনিয়া সাধারণত কৈশোরাবস্থার আগেই ধরা পড়ে যায়।"
p-124-a-16,হাইপারসোমনিয়ার প্রকারভেদ কী কী?,স্বাস্থ্য ও চিকিৎসা,1,0,64,https://www.sciencebee.com.bd/qna/21785/%E0%A6%B9%E0%A6%BE%E0%A6%87%E0%A6%AA%E0%A6%BE%E0%A6%B0%E0%A6%B8%E0%A7%8B%E0%A6%AE%E0%A6%A8%E0%A6%BF%E0%A6%AF%E0%A6%BC%E0%A6%BE%E0%A6%B0,"['হাইপারসোমনিয়া', 'প্রকারভেদ']","হাইপারসমনিয়া প্রাথমিক বা গৌণ হতে পারে। সাধারণত প্রাথমিক হাইপারসমনিয়াটি অন্য কোনও মেডিকেল সিনড্রোম উপস্থিত না হয়ে দেখা দেয়। এর একমাত্র লক্ষণ হল অতিরিক্ত ক্লান্তি।গৌন বা সেকেন্ডারি হাইপারসমনিয়া অন্যান্য চিকিৎসাজনিত অবস্থার কারণে হয়। এর মধ্যে sleep apnea, Parkinson&rsquo;s disease, kidney failure, এবং chronic fatigue syndrome অন্তর্ভুক্ত থাকতে পারে। এই অবস্থাগুলির ফলে রাতে ঘুম কম হয় , যা আপনাকে দিনের বেলা ক্লান্ত বোধ করায়।"
p-124-a-17,হাইপারসোমনিয়া কী ধরনের রোগ?,স্বাস্থ্য ও চিকিৎসা,2,0,94,https://www.sciencebee.com.bd/qna/21783/%E0%A6%B9%E0%A6%BE%E0%A6%87%E0%A6%AA%E0%A6%BE%E0%A6%B0%E0%A6%B8%E0%A7%8B%E0%A6%AE%E0%A6%A8%E0%A6%BF%E0%A6%AF%E0%A6%BC%E0%A6%BE,"['হাইপারসোমনিয়া', 'কী']",হাইপারসমনিয়া এমন একটি অবস্থা যেখানে আপনি দিনের বেলা অত্যধিক ঘুম অনুভব করেন। দীর্ঘ ঘুমের পরেও এটি হতে পারে। হাইপারসোমনিয়ার অপর নাম হল Excessive Daytime Sleepiness (EDS).
p-124-a-18,হাইপারসোমনিয়া কী ধরনের রোগ?,স্বাস্থ্য ও চিকিৎসা,2,0,94,https://www.sciencebee.com.bd/qna/21783/%E0%A6%B9%E0%A6%BE%E0%A6%87%E0%A6%AA%E0%A6%BE%E0%A6%B0%E0%A6%B8%E0%A7%8B%E0%A6%AE%E0%A6%A8%E0%A6%BF%E0%A6%AF%E0%A6%BC%E0%A6%BE,"['হাইপারসোমনিয়া', 'কী']","হাইপারসোমনিয়া হল দীর্ঘস্থায়ী স্নায়ুতন্ত্রের ব্যাধি, যেখানে একজন হয়তো দীর্ঘক্ষণ ধরে রাতের ঘুম অথবা দিনের বেলা অত্যাধিক ঘুমভাব উপলব্ধি করতে পারেন। যাঁরা অপর্যাপ্ত অথবা অশান্ত ঘুমের কারণে ক্লান্ত বোধ করেন তাঁদের তুলনায় যাঁরা হাইপারসোমনিয়ায় ভোগেন তাঁরা সারারাত ঠিক কমে ঘুমনো সত্ত্বেও দিনের বেলা লম্বা ঘুম দিতে বাধ্য বোধ করেন। হাইপারসোমনিয়া প্রায়শই অন্য রোগের সাথে জড়িত আর তা রোগীর দৈনন্দিন জীবনে প্রভাব ফেলে।"
p-124-a-19,কী করলে কিডনি ভালো থাকবে?,স্বাস্থ্য ও চিকিৎসা,3,0,92,https://www.sciencebee.com.bd/qna/21781/%E0%A6%95%E0%A6%BF%E0%A6%A1%E0%A6%A8%E0%A6%BF-%E0%A6%A5%E0%A6%BE%E0%A6%95%E0%A6%AC%E0%A7%87,"['কিডনি', 'ভালো']","কিডনি সুস্থ রাখতে যেসব খাবার ভুলেও খাবেন নাকিডনি রোগ একটি নীরব ঘাতক। বাংলাদেশে কিডনি রোগে আক্রান্ত রোগীর সংখ্যা প্রতিনিয়ত বাড়ছে। প্রতিবছর অনেক মানুষ এ রোগে মৃত্যুবরণ করে। এ ধরনের রোগের চিকিৎসাও বেশ ব্যয়বহুল। তাই আগে থেকেই কিডনির যত্ন নেয়া উচিত।মানুষের শরীরে দুটি কিডনি থাকে যেগুলো শরীরের পানির ভারসাম্য রক্ষা করে এবং বিভিন্ন দূষিত পদার্থ ছেঁকে ফেলে। এই কিডনি যদি আপনার শরীরের কাজ না করে তবে আমরা বলে থাকি কিডনি নষ্ট হতে চলেছে। আর কিডনি কাজ না করলে শরীরে নানাবিধ সমস্যা দেখা দেবে।তাই কিডনি ভালো রাখাতে হলে খাওয়ার ক্ষেত্রে অবশ্যই কিছু নিয়ম মেনে চলতে হবে। এমন কিছু খাবার রয়েছে যা খেলে আপনার কিডনি অসুস্থ হয়ে পড়বে। আসুন জেনে নেই কিডনি ভালো রাখতে হলে যেসব খাবার ভুলেও খাবেন না।১. প্রতিদিন অন্তত ৮ গ্লাস পানি বা তরল খাবার খাওয়া উচিত। তবে অতিরিক্ত ঘাম হলে পানি খাওয়ার পরিমাণ আরও বাড়াতে হবে। পর্যাপ্ত পরিমাণে পানি খেলে কিডনিতে পাথর হয় না এবং এর স্বাভাবিক কার্যক্রম ঠিক থাকে।২. মানুষের শরীরে প্রতিদিন মাত্র ১ চা চামচ লবণের চাহিদা থাকে। তাই কিডনি সুস্থ রাখতে অতিরিক্ত লবণ খাওয়া পরিহার করার অভ্যাস করুন।২. গরুর মাংস, শুকরের মাংস ইত্যাদি খেলে কিডনির ওপর অতিরিক্ত চাপ পড়ে। এমনকি চিপস, ফাস্টফুড, প্রক্রিয়াজাত খাবার, ইন্সট্যান্ট নুডলস এবং লবণ দিয়ে ভাজা বাদামও কিডনির জন্য অত্যন্ত ক্ষতিকর।৩. খাবার তালিকায় অতিরিক্ত প্রোটিন থাকলে কিডনির ওপর চাপ পড়ে এবং কিডনির দুর্বল কোষগুলোর ক্ষতি হওয়ার আশংকা থাকে। তাই প্রাণিজ প্রোটিন এড়িয়ে মাছ বা ডাল জাতীয় প্রোটিন রাখুন।৪. রক্তচাপ ১৪০/৯০ এর উপরে থাকলে কিডনির সমস্যা হওয়ার ঝুঁকি বেড়ে যায়। তাই কিডনি ভালো রাখতে রক্তচাপ সবসময় ১৩০/৮০ অথবা এর কম রাখার চেষ্টা করুন।৫. ডায়াবেটিস নিয়ন্ত্রণে না রাখলে কিডনির রোগের ঝুঁকি বেড়ে যায়। নিয়মিত রক্তের সুগারের পরিমাণ পরীক্ষা করান। সুগার বেশি থাকলে মিষ্টিজাতীয় খাবার এড়িয়ে চলুন।৬. কম বেশি প্রায় সব ওষুধই কিডনির জন্য ক্ষতিকর। বিশেষ করে ব্যথানাশক ওষুধগুলো কিডনির জন্য একেবারেই ভালো নয়। নিয়ম না জেনে নিজে ওষুধ খাবেন না।৭. মানুষের শরীরে প্রতিদিন ৫০০ মিলিগ্রামের বেশি ভিটামিন সি এর প্রয়োজন নেই। নিয়মিত প্রয়োজনের চেয়ে বেশি ভিটামিন সি যুক্ত খাবার খেলে কিডনিতে পাথর হওয়ার আশংকা থাকে। তাই প্রতিদিন ৫০০ মিলিগ্রাম বা এর কম ভিটামিন সি গ্রহণ করুন।৮. অনেকেই পানির বদলে কোমল পানীয় বা বিভিন্ন রকমের এনার্জি ড্রিঙ্কস খেয়ে থাকেন। এ ধরনের পানীয় কিডনির জন্য অত্যন্ত ক্ষতিকর।৯. ধূমপান ও মদ্যপানের কারণে ধীরে ধীরে কিডনিতে রক্ত চলাচল কমে যেতে থাকে এবং এর ফলে কিডনির কর্মক্ষমতাও হ্রাস পায়। ফলে ধূমপায়ী ও মদ্যপায়ী ব্যক্তি একপর্যায়ে গিয়ে কিডনির রোগে আক্রান্ত হয়।"
p-124-a-20,কী করলে কিডনি ভালো থাকবে?,স্বাস্থ্য ও চিকিৎসা,3,0,92,https://www.sciencebee.com.bd/qna/21781/%E0%A6%95%E0%A6%BF%E0%A6%A1%E0%A6%A8%E0%A6%BF-%E0%A6%A5%E0%A6%BE%E0%A6%95%E0%A6%AC%E0%A7%87,"['কিডনি', 'ভালো']","(১) পর্যাপ্ত পরিমাণ পানি পান করুন:প্রতিদিন অন্তত ৮ গ্লাস পানি বা তরল খাবার খাওয়া উচিত। তবে অতিরিক্ত ঘাম হলে পানি খাওয়ার পরিমাণ আরো বাড়াতে হবে। পর্যাপ্ত পরিমাণে পানি খেলে কিডনিতে পাথর হয় না এবং এর স্বাভাবিক কার্যক্রম ঠিক থাকে।(২) লবণ কম খান:খাবারে অতিরিক্ত লবণ খাওয়া কিডনির স্বাস্থ্যের জন্য ক্ষতিকর। মানুষের শরীরে প্রতিদিন মাত্র ১ চা চামচ লবণের চাহিদা থাকে। তাই কিডনি সুস্থ রাখতে অতিরিক্ত লবণ খাওয়া পরিহার করার অভ্যাস করুন।(৩) অতিরিক্ত প্রাণিজ প্রোটিন খাওয়া থেকে বিরত থাকুন:গরুর মাংস, শুকরের মাংস ইত্যাদি খেলে কিডনির ওপর অতিরিক্ত চাপ পড়ে। এমনকি চিপস, ফাস্টফুড, প্রক্রিয়াজাত খাবার, ইন্সট্যান্ট নুডলস এবং লবণ দিয়ে ভাজা বাদামও কিডনির জন্য অত্যন্ত ক্ষতিকর। খাবার তালিকায় অতিরিক্ত প্রোটিন থাকলে কিডনির ওপর চাপ পড়ে এবং কিডনির দুর্বল কোষগুলোর ক্ষতি হওয়ার আশংকা থাকে। তাই প্রাণিজ প্রোটিন এড়িয়ে মাছ বা ডাল জাতীয় প্রোটিন রাখুন।(৪) রক্তচাপ স্বাভাবিক রাখুনরক্তচাপ ১৪০/৯০ এর উপরে থাকলে কিডনির সমস্যা হওয়ার ঝুঁকি বেড়ে যায়। তাই কিডনি ভালো রাখতে রক্তচাপ সবসময় ১৩০/৮০ অথবা এর কম রাখার চেষ্টা করুন। রক্তচাপ কমিয়ে রাখতে নিয়মিত ব্যায়াম করা ও লবণ কম খাওয়া জরুরি।(৫) ডায়াবেটিস নিয়ন্ত্রণে রাখুন:ডায়াবেটিস নিয়ন্ত্রণে না রাখলে কিডনির রোগের ঝুঁকি বেড়ে যায়। নিয়মিত রক্তের সুগারের পরিমাণ পরীক্ষা করান। সুগার বেশি থাকলে মিষ্টিজাতীয় খাবার এড়িয়ে চলুন।(৬) ওষুধ খাওয়ার ক্ষেত্রে সাবধান:কম বেশি প্রায় সব ওষুধই কিডনির জন্য ক্ষতিকর। বিশেষ করে ব্যথানাশক ওষুধগুলো কিডনির জন্য একেবারেই ভালো নয়। নিয়ম না জেনে নিজে নিজে ওষুধ কিনে খেলে আপনার অজান্তেই কিডনির বড় কোনো ক্ষতি হয়ে যাবে। তাই যে কোনো ওষুধ খাওয়ার আগে ডাক্তারের পরামর্শ নিয়ে নিন।(৭) প্রয়োজনের বেশি ভিটামিন সি খাবেন না:মানুষের শরীরে প্রতিদিন ৫০০ মিলিগ্রামের বেশি ভিটামিন সি এর প্রয়োজন নেই। নিয়মিত প্রয়োজনের চেয়ে বেশি ভিটামিন সি যুক্ত খাবার খেলে কিডনিতে পাথর হওয়ার আশংকা থাকে। তাই প্রতিদিন ৫০০ মিলিগ্রাম বা এর কম ভিটামিন সি গ্রহণ করুন।(৮) কোমল পানীয় ত্যাগ করুন:অনেকেই পানির বদলে কোমল পানীয় বা বিভিন্ন রকমের এনার্জি ড্রিঙ্কস খেয়ে থাকেন। এ ধরনের পানীয় কিডনির জন্য অত্যন্ত ক্ষতিকর। তাই কোমল পানীয় এড়িয়ে চলুন এবং যখনই তৃষ্ণা পায় পানি খেয়ে নিন।(৯) ধূমপান ও মদ্যপান ত্যাগ করুন:ধূমপান ও মদ্যপানের কারণে ধীরে ধীরে কিডনিতে রক্ত চলাচল কমে যেতে থাকে এবং এর ফলে কিডনির কর্মক্ষমতাও হ্রাস পায়। ফলে ধূমপায়ী ও মদ্যপায়ী ব্যক্তি একপর্যায়ে গিয়ে কিডনির রোগে আক্রান্ত হয়।(১০) কিডনির পরীক্ষা করান:উচ্চ রক্তচাপ, ডায়াবেটিস, অতিরিক্ত ওজন অথবা পরিবারের কারো কিডনি সমস্যা থাকলে কিডনি রোগ হওয়ার ঝুঁকি বেশি থাকে। যাদের কিডনি রোগের ঝুঁকি আছে তাদের অবশ্যই নিয়মিত কিডনি পরীক্ষা করানো উচিত।"
p-124-a-21,কী করলে কিডনি ভালো থাকবে?,স্বাস্থ্য ও চিকিৎসা,3,0,92,https://www.sciencebee.com.bd/qna/21781/%E0%A6%95%E0%A6%BF%E0%A6%A1%E0%A6%A8%E0%A6%BF-%E0%A6%A5%E0%A6%BE%E0%A6%95%E0%A6%AC%E0%A7%87,"['কিডনি', 'ভালো']","কিডনি কীভাবে সুস্থ রাখবেনকিডনির রোগ নিয়ে কি কেবল কিডনি রোগীরা সচেতন হবেন? নিশ্চয়ই নয়। কিডনি রোগ একটি নীরব ঘাতক। নীরবে কারও কিডনি বিকল হতে থাকলেও তেমন কোনো শারীরিক সমস্যা অনুভব করা যায় না। যখন যায়, তখন হয়তো রোগটি জটিল অবস্থায় চলে গেছে। তাই যেকোনো সুস্থ মানুষকেও জানতে হবে কিডনি ভালো রাখার উপায়, প্রতিরোধ করতে হবে কিডনিবৈকল্যকে।কিডনি ভালো রাখতে কী করবেনকিডনি ভালো রাখতে সবারই পর্যাপ্ত পানি খেতে হবে। এই পানি অবশ্যই হতে হবে নিরাপদ। অসুস্থতায় (জ্বর, ডায়রিয়া, বমি প্রভৃতি) এবং ব্যায়ামের পর পানির চাহিদা বাড়ে। বিশেষত ডায়রিয়া বা বমি হলে পর্যাপ্ত পানি, স্যালাইন এবং অন্যান্য তরল খাবার খেতে হবে অবশ্যই। গর্ভবতী এবং স্তন্যদায়ী মায়ের জন্যও পানির চাহিদা বেশি। আবহাওয়ার পরিবর্তনে পানির চাহিদা কমবেশি হয়।ওজন নিয়ন্ত্রণে রাখুন।সুষম খাদ্যাভ্যাস গড়ে তুলুন।রোজ অন্তত ৩০ মিনিট ব্যায়াম করুন (রোজ না পারলেও সপ্তাহের অধিকাংশ দিন)। হাঁটা, দৌড়ানো, সাইকেল চালানো, ফ্রি-হ্যান্ড ব্যায়াম ভালো।ধূমপান, পান-জর্দা, অ্যালকোহল বর্জনীয়। ধূমপায়ীর কিডনিতে রক্তসঞ্চালন কমে যায়। কিডনির কর্মক্ষমতা কমে যায়। ক্যানসারের ঝুঁকিও বাড়ে।পর্যাপ্ত ঘুম চাই রোজ। মানসিক চাপ নিয়ন্ত্রণে রাখুন।"
p-124-a-22,ADHD এর উপসর্গ কী?,স্বাস্থ্য ও চিকিৎসা,2,0,73,https://www.sciencebee.com.bd/qna/21778/adhd-%E0%A6%89%E0%A6%AA%E0%A6%B8%E0%A6%B0%E0%A7%8D%E0%A6%97,"['adhd', 'উপসর্গ']","ADHD-র মূল তিনটি উপসর্গ হলোইন-অ্যাটেনটিভঃ মনযোগ রাখতে সক্ষম নয় এমন।ভুলে যাওয়া বা জিনিস হারিয়ে ফেলার প্রবণতা, একটি কাজ সম্পূর্ণ করতে অসুবিধা, নির্দেশ অনুসরণ করতে অসুবিধা,একাধিক নির্দেশ মেনে চলে কাজ সম্পূর্ণ না করতে পারা, সহজে মনসংযোগে ঘাটতি হওয়া, দৈনিক কাজ মনে রাখতে অসুবিধা।হাইপারঅ্যাকটিভিটিঃ প্রয়োজনের তুলনায় অতি-সক্রিয়। একটানা স্থির ভাবে বসে থাকতে বা কোনো কাজ করতে অসুবিধা, দুর্ঘটনা প্রবণ, দ্রুত অস্থির আচরণ, একটানা কথা বলে যাওয়া, অন্যের মনযোগ আকর্ষণ করার চেষ্টা, অন্যকে সুযোগ না দিয়ে নিজেকে প্রকাশ করার প্রবণতা।ইম্পালসিভিটিঃ চিন্তা ছাড়াই দ্রুত ঘটে এমন কাজ করা। ধৈর্যের অভাব। অন্যকে অকারণে বিরক্ত করা। হঠাৎ হঠাৎ করে যে কোনও কাজ করে ফেলা।"
p-124-a-23,ADHD এর উপসর্গ কী?,স্বাস্থ্য ও চিকিৎসা,2,0,73,https://www.sciencebee.com.bd/qna/21778/adhd-%E0%A6%89%E0%A6%AA%E0%A6%B8%E0%A6%B0%E0%A7%8D%E0%A6%97,"['adhd', 'উপসর্গ']","একেক শিশুর মধ্যে ADHD আবির্ভাব একেক রকম হতে পারে। বিশেষজ্ঞরা একে তিনটি বিশেষ রূপে ভাগ করেছেন-১. Inattentive ADHD (আগে ADD নামে পরিচিত ছিল),২. Hyperactive Impulsive ADHD এবং৩. Combined ADHD (অর্থাৎ শিশুর মধ্যে Inattentive এবং Hyperactive Impulsive সিমটম দুটোই কাজ করবে)।"
p-124-a-24,ADHD রোগ কী?,স্বাস্থ্য ও চিকিৎসা,2,+1,167,https://www.sciencebee.com.bd/qna/21775/adhd-%E0%A6%B0%E0%A7%8B%E0%A6%97-%E0%A6%95%E0%A7%80,"['রোগ', 'abhd']","চঞ্চলতা যে কোনও শিশুর সাধারণ বৈশিষ্ট্য। শিশুরা যখন-তখন হাসবে, খেলবে, দুষ্টুমি করবে, হইচই করবে, সমবয়সী ও সহোদরদের সঙ্গে ঝগড়া করবে, এটাই স্বাভাবিক। তবে ভাবনার বিষয় হলো যদি শিশুর এই চঞ্চলতা মাত্রাতিরিক্ত পর্যায়ে পৌঁছায় এবং তার কারণে শিশুর দৈনন্দিন জীবনে বিরূপ প্রভাব পড়ে।কিছু শিশুর ক্ষেত্রে অতিরিক্ত চঞ্চলতা এক এক সময় এমন পর্যায়ে পৌঁছায় যে তারা কোনো কাজই ঠিক ভাবে করতে পারেনা। লেখা বা আঁকা বা পড়া বা খেলা যে কোনো বিষয়েই অস্থিরতা চরম মাত্রায় পৌঁছায় , ফলে তাদের দৈনন্দিন জীবনে এর বিরূপ প্রভাব পড়তে শুরু করে। অতিরিক্ত চঞ্চলতার ফলে বারবার দুর্ঘটনার শিকার হতে থাকে। বিশেষত এই ধরণের শিশুরা এক স্থানে বেশিক্ষণ বসতে বা দাঁড়াতে পারেনা।এই শিশুরা শুধু শারীরিকভাবেই চঞ্চল নয়, তাদের মস্তিস্কও একইরকম কর্মব্যস্ত থাকে। তাদের চিন্তাধারার কোনো সুনির্দিষ্ট দিকে স্থির থাকে না- এই এখন এদিকে মন, পরক্ষণেই অন্য কিছু নিয়ে ভাবনা।তার প্রতিফলন তাদের প্রতিটি কাজে লক্ষ্য করা যায়। ইদানিংকালে শিশুদের মধ্যে এই রোগের প্রাদুরভাব বৃদ্ধি পাচ্ছে।এই রোগকে বিশেষজ্ঞরা ADHD - Attention Deficit Hyperactivity Disorder বা মনোযোগ ঘাটতির ব্যাধি বলে চিহ্নিত করেছেন।ADHD সাধারণ মানসিক ব্যাধিগুলোর একটি। এটি মস্তিষ্কের মনোযোগ-সংক্রান্ত এক অসুস্থতা। Attention Deficit মানে মনোযোগের অভাব, আর hyperactivity মানে অতি চাঞ্চল্য। এডিএইচডি মূলত শিশুদের ক্ষেত্রেই বেশি দেখা যায়, তবে শিশুদের ছাড়াও অনেক প্রাপ্তবয়স্কের এই ব্যাধি প্রভাবিত করে।"
p-124-a-25,ADHD রোগ কী?,স্বাস্থ্য ও চিকিৎসা,2,+1,167,https://www.sciencebee.com.bd/qna/21775/adhd-%E0%A6%B0%E0%A7%8B%E0%A6%97-%E0%A6%95%E0%A7%80,"['রোগ', 'abhd']",Attention deficithyperactivity disorder (ADHD) হল এমন একটি অবস্থা যা হলে শিশুরা তাদের কার্যকলাপ বা আবেগ ধরে রাখতে পারে না। এই ডিসঅর্ডারে আক্রান্ত শিশুদের পক্ষে কোন একটি জিনিসে মনোযোগ ধরে রাখাও কষ্টকর হয়ে পড়ে।
p-124-a-26,কোন কোন রোগ ভাইরাস জনিত?,স্বাস্থ্য ও চিকিৎসা,4,+1,85,https://www.sciencebee.com.bd/qna/21773/%E0%A6%AD%E0%A6%BE%E0%A6%87%E0%A6%B0%E0%A6%BE%E0%A6%B8-%E0%A6%9C%E0%A6%A8%E0%A6%BF%E0%A6%A4,"['রোগ', 'ভাইরাস']","এনসেফালাইসিস ও এইডসইনফ্লুয়েঞ্জা ও ইবোলাপোলিওমাম্পসহারপিসজলাতঙ্ক ও জন্ডিস(A,B,C,D,E)হাম ও হংকং ভাইরাস(SARS)বসন্ত(গুটি বসন্ত ও জল বসন্ত)গরু মহিষের ক্ষুরা রোগসোয়াইন ফ্লু ও বার্ড বার্ড ফ্লুরানীক্ষেত(মুরগী)নিপা ভাইরাসডেংগুক্যান্সার(প্যাপি&shy;লোমা)"
p-124-a-27,কোন কোন রোগ ভাইরাস জনিত?,স্বাস্থ্য ও চিকিৎসা,4,+1,85,https://www.sciencebee.com.bd/qna/21773/%E0%A6%AD%E0%A6%BE%E0%A6%87%E0%A6%B0%E0%A6%BE%E0%A6%B8-%E0%A6%9C%E0%A6%A8%E0%A6%BF%E0%A6%A4,"['রোগ', 'ভাইরাস']","ভাইরাস ঘটিত রোগগুলি হলো এইডস, গুটিবসন্ত, সাধারণ ঠাণ্ডা লাগা, পোলিও মাইলেটিস, জলাতঙ্ক, রুবেলা, প্রসার্স, সিনগেলস, জলবসন্ত, পীতজ্বর, এনকেফেলাইটিস,  হেপাটাইটিস বি, ইনফ্লুয়েঞ্জা, হাম, মাম্পস, মেনিনজাইটিস ইত্যাদি ।"
p-124-a-28,কোন কোন রোগ ভাইরাস জনিত?,স্বাস্থ্য ও চিকিৎসা,4,+1,85,https://www.sciencebee.com.bd/qna/21773/%E0%A6%AD%E0%A6%BE%E0%A6%87%E0%A6%B0%E0%A6%BE%E0%A6%B8-%E0%A6%9C%E0%A6%A8%E0%A6%BF%E0%A6%A4,"['রোগ', 'ভাইরাস']","জল বসন্তফ্লু (ইনফ্লুয়েঞ্জা)হারপিসহিউম্যান ইমিউনোডেফিসিয়েন্সি ভাইরাস (এইচআইভি/এইডস)হিউম্যান প্যাপিলোমা ভাইরাস (HPV)সংক্রামক মনোনিউক্লিওসিসমাম্পস, হাম এবং রুবেলাদাদভাইরাল গ্যাস্ট্রোএন্টেরাইটিস (পেটের ফ্লু)যকৃতের বিষাক্ত প্রদাহভাইরাল মেনিনজাইটিসভাইরাল নিউমোনিয়া"
p-124-a-29,কোন কোন রোগ ভাইরাস জনিত?,স্বাস্থ্য ও চিকিৎসা,4,+1,85,https://www.sciencebee.com.bd/qna/21773/%E0%A6%AD%E0%A6%BE%E0%A6%87%E0%A6%B0%E0%A6%BE%E0%A6%B8-%E0%A6%9C%E0%A6%A8%E0%A6%BF%E0%A6%A4,"['রোগ', 'ভাইরাস']","ভাইরাস নামক এক ধরনের রোগসৃষ্টিকারী জীবাণু (কারও কারও মতে নির্জীব কণিকা) মানবদেহকে আক্রমণ করে দেহে যেসব রোগের সৃষ্টি করে, তাদেরকে ভাইরাসঘটিত রোগ বা ভাইরাসজনিত রোগ বলে। ভাইরাস আক্রমণ করে দেহে প্রবেশ করতে সফল হলে বলা হয়, ভাইরাসের সংক্রমণ (ইনফেকশন) হয়েছে। সব ভাইরাসই পরজীবী। তারা কেবলমাত্র জীবন্ত কোষের ভেতরে প্রজনন ও বংশবিস্তার করতে পারে। ভাইরাস যে জীবন্ত কোষের ভেতরে বাস করে, তাকে পোষক কোষ বলে। ভাইরাস আকারে ব্যাকটেরিয়া কোষের চেয়ে অনেক ছোট হয়; এদের বেশির ভাগের আকার ০.০১ মাইক্রোমিটার থেকে ০.১ মাইক্রোমিটার ব্যাসার্ধের হয় (১ মাইক্রোমিটার ১ মিটারের ১০ লক্ষ ভাগের এক ভাগ)। খুবই কম সংখ্যক ভাইরাস ব্যাকটেরিয়া কোষকে আক্রমণ করে। মানুষ ছাড়াও অন্যান্য প্রাণী এবং বহু উদ্ভিদেরও ভাইরাসঘটিত রোগ হয়।"
p-124-a-30,কোন কোন রোগ ব্যাকটেরিয়া জনিত?,স্বাস্থ্য ও চিকিৎসা,4,+1,97,https://www.sciencebee.com.bd/qna/21768/%E0%A6%AC%E0%A7%8D%E0%A6%AF%E0%A6%BE%E0%A6%95%E0%A6%9F%E0%A7%87%E0%A6%B0%E0%A6%BF%E0%A7%9F%E0%A6%BE,"['রোগ', 'ব্যাকটেরিয়া']","যক্ষাটাইফয়েড,প্যা­রাটাইপয়েডমেনিন জাইটিসঅ্যানথ্রাক্সধনুষ্টংকারকুষ্ঠ (লেপ্রোসী)ডিপথেরিয়াবটুলিজমহুপিংকাশিসিফিলিসগনোরিয়াকলেরারক্ত আমাশয়ফোড়প্লেগ"
p-124-a-31,কোন কোন রোগ ব্যাকটেরিয়া জনিত?,স্বাস্থ্য ও চিকিৎসা,4,+1,97,https://www.sciencebee.com.bd/qna/21768/%E0%A6%AC%E0%A7%8D%E0%A6%AF%E0%A6%BE%E0%A6%95%E0%A6%9F%E0%A7%87%E0%A6%B0%E0%A6%BF%E0%A7%9F%E0%A6%BE,"['রোগ', 'ব্যাকটেরিয়া']","ব্যাকটেরিয়া ঘটিত রোগগুলি হলো  ব্রুচেলেসিস, কলেরা, নিউমোনিয়া, স্কারলেট জ্বর, সিফিলিস,  টিটেনাস, যক্ষা, টাইফয়েড জ্বর, হুপিং কাশি, ডিপথোরিয়া, গনোরিয়া, কুষ্ঠ, মেনিনজাইটিস, প্যারাটাইফয়েড জ্বর ইত্যাদি ।"
p-124-a-32,কোন কোন রোগ ব্যাকটেরিয়া জনিত?,স্বাস্থ্য ও চিকিৎসা,4,+1,97,https://www.sciencebee.com.bd/qna/21768/%E0%A6%AC%E0%A7%8D%E0%A6%AF%E0%A6%BE%E0%A6%95%E0%A6%9F%E0%A7%87%E0%A6%B0%E0%A6%BF%E0%A7%9F%E0%A6%BE,"['রোগ', 'ব্যাকটেরিয়া']","গনোরিয়া, নাইসেরিয়া, গনোরিয়া,সিফিলিস, ট্রেপোনেমা, প্যালিডাম,সালমোনেলোসিস, সালমোনেলা, এন্টারাইটিস,বোটুলিজম, ক্লোস্ট্রিডিয়াম, বোটুলিনাম"
p-124-a-33,কোন কোন রোগ ব্যাকটেরিয়া জনিত?,স্বাস্থ্য ও চিকিৎসা,4,+1,97,https://www.sciencebee.com.bd/qna/21768/%E0%A6%AC%E0%A7%8D%E0%A6%AF%E0%A6%BE%E0%A6%95%E0%A6%9F%E0%A7%87%E0%A6%B0%E0%A6%BF%E0%A7%9F%E0%A6%BE,"['রোগ', 'ব্যাকটেরিয়া']","রোগ সংক্রামক ব্যাকটেরিয়া টিটেনাস, টাইফয়েড, জ্বর, ডিপথেরিয়া, সিফিলিস, এবং কুষ্ঠ ইত্যাদি সংক্রমণ সৃষ্টি করতে পারে।"
p-124-a-34,কিসের অভাবে দেহের বিভিন্ন অংশে শ্বেতী রোগ দেখা দেয়?,স্বাস্থ্য ও চিকিৎসা,3,0,101,https://www.sciencebee.com.bd/qna/21765/%E0%A6%AC%E0%A6%BF%E0%A6%AD%E0%A6%BF%E0%A6%A8%E0%A7%8D%E0%A6%A8-%E0%A6%B6%E0%A7%8D%E0%A6%AC%E0%A7%87%E0%A6%A4%E0%A7%80,"['শ্বেতী', 'রোগ', 'অভাব']","ঠিক কিসের অভাবে শ্বেতী রোগ হয় তা বলা মুশকিল। বলা যেতে পারে শরীরের সুরক্ষা রক্ষার ক্ষমতার সঙ্গে এই রোগের যোগ আছে। শ্বেতী আসলে এক ধরনের অটো ইমিউন রোগ। এই রোগে আক্রান্ত মানুষের শরীরের অ্যান্টিবডি নিজের শরীরের বিরুদ্ধে কাজ করে মেলানোসাইট ধ্বংস করে দেয়। অর্থাৎ, দেহের রোগ প্রতিরোধ ক্ষমতা দেহের বিরুদ্ধাচরণ করতে থাকে। বলা যায়, রক্ষকই ভক্ষক। স্ট্রেস থেকে শরীরের সুরক্ষা ক্ষমতা কমে গেলেও শ্বেতীর সমস্যা বাড়ে। আবার দীর্ঘদিন ধরে থাইরয়েড সমস্যার চিকিত্সা না করালেও তা আগে থেকেই শ্বেতীর সমস্যাকে বাড়িয়ে তোলে।"
p-124-a-35,কিসের অভাবে দেহের বিভিন্ন অংশে শ্বেতী রোগ দেখা দেয়?,স্বাস্থ্য ও চিকিৎসা,3,0,101,https://www.sciencebee.com.bd/qna/21765/%E0%A6%AC%E0%A6%BF%E0%A6%AD%E0%A6%BF%E0%A6%A8%E0%A7%8D%E0%A6%A8-%E0%A6%B6%E0%A7%8D%E0%A6%AC%E0%A7%87%E0%A6%A4%E0%A7%80,"['শ্বেতী', 'রোগ', 'অভাব']",শ্বেতী রোগসাধারণত শরীরের কোনো বিশেষ স্থানের ত্বকের রং উৎপাদনকারী কোষ বা মেলানোসাইট রোগাক্রান্ত হলে বা সংখ্যায় কমে গেলে অথবা মরে গেলে মেলানিন নামক ত্বকের রঞ্জক (রং) তৈরি বন্ধ হয়ে যায় এবং ওই নির্দিষ্ট স্থানে সাদা দাগ পড়ে।
p-124-a-36,কিসের অভাবে দেহের বিভিন্ন অংশে শ্বেতী রোগ দেখা দেয়?,স্বাস্থ্য ও চিকিৎসা,3,0,101,https://www.sciencebee.com.bd/qna/21765/%E0%A6%AC%E0%A6%BF%E0%A6%AD%E0%A6%BF%E0%A6%A8%E0%A7%8D%E0%A6%A8-%E0%A6%B6%E0%A7%8D%E0%A6%AC%E0%A7%87%E0%A6%A4%E0%A7%80,"['শ্বেতী', 'রোগ', 'অভাব']",মেলনিন এর অভাবে দেহের বিভিন্ন অংশে শ্বেতী রোগ দেখা দেয়।
