id,question,question_category,number_of_answer,number_of_vote,number_of_view,answer_link,question_tag,answer
p-421-a-0,"আমাদের যখন সর্দি লাগে, সাথে জ্বর থাকে না শুধু নাক দিয়ে পানি পড়ে তখন এত পানি আসে কোথা থেকে? আর পিপাসা ও তেমন লাগেনা! এই পানির যোগান আসে কিভাবে?",বিবিধ,2,+11,"2,672",https://www.sciencebee.com.bd/qna/7015/%E0%A6%86%E0%A6%AE%E0%A6%BE%E0%A6%A6%E0%A7%87%E0%A6%B0-%E0%A6%AA%E0%A6%BF%E0%A6%AA%E0%A6%BE%E0%A6%B8%E0%A6%BE,"['সর্দি', 'নাক', 'পানি']","মানুষের শরীরের ৭০ শতাংশই পানি! অর্থাৎ কারও ওজন ১০০ কেজি হলে, ৭০ কেজিই জল! শরীর থেকে প্রায় ১ লিটারের মত পানি বেরিয়ে গেলে পিপাসা লাগবে, তবে সর্দিতে এতটা পানি বের হয় না, তাই পিপাসা লাগে না।সর্দি সাধারণত ভাইরাস ঘটিত রোগ, যে ভাইরাসগুলো মানুষের নাকে বসবাস করে, এই ভাইরাসগুলোকে শরীর নাকের মধ্যেই আটকে রাখে, এখন ঠান্ডা আবহাওয়ায় নাক ও তার আশেপাশে রক্ত চলাচল কমে যায়, কারণ ঠান্ডায় শিরাগুলো সংকুচিত হয়, এই সুযোগে ভাইরাস নাকের অনেক ভেতরে চলে আাসে, তখন আমাদের শরীর অতিরিক্ত জল বের করে ভাইরাসগুলো ধুয়ে বের করে দেয়।"
p-421-a-1,"আমাদের যখন সর্দি লাগে, সাথে জ্বর থাকে না শুধু নাক দিয়ে পানি পড়ে তখন এত পানি আসে কোথা থেকে? আর পিপাসা ও তেমন লাগেনা! এই পানির যোগান আসে কিভাবে?",বিবিধ,2,+11,"2,672",https://www.sciencebee.com.bd/qna/7015/%E0%A6%86%E0%A6%AE%E0%A6%BE%E0%A6%A6%E0%A7%87%E0%A6%B0-%E0%A6%AA%E0%A6%BF%E0%A6%AA%E0%A6%BE%E0%A6%B8%E0%A6%BE,"['সর্দি', 'নাক', 'পানি']","মানুষের শরীরের ৭০ শতাংশই পানি! অর্থাৎ কারও ওজন ১০০ কেজি হলে, ৭০ কেজিই জল! শরীর থেকে প্রায় ১ লিটারের মত পানি বেরিয়ে গেলে পিপাসা লাগবে, তবে সর্দিতে এতটা পানি বের হয় না, তাই পিপাসা লাগে না।"
p-421-a-2,কৃমি হওয়ার কারণ কি?,স্বাস্থ্য ও চিকিৎসা,3,+8,535,https://www.sciencebee.com.bd/qna/7014/%E0%A6%95%E0%A7%83%E0%A6%AE%E0%A6%BF-%E0%A6%B9%E0%A6%93%E0%A7%9F%E0%A6%BE%E0%A6%B0-%E0%A6%95%E0%A6%BE%E0%A6%B0%E0%A6%A3,['কৃমি'],"পিনওয়ার্ম বা কৃমি হল একধরনের কীট, যা সাদা রঙের হয় এবং দুর্ঘটনাক্রমে এর ডিম পাকস্থলীতে প্রবেশ করার পরে মলদ্বার অঞ্চলে অবস্থান করে। কৃমির ডিমগুলি শরীরের বাইরে দুই থেকে তিন সপ্তাহ অবধি বেঁচে থাকতে পারে। একবার খাওয়ার পরে এগুলি অন্ত্রের মধ্যে প্রবেশ করে এবং পরিপক্ক মহিলা কৃমিগুলি রাতে মলদ্বারের দিকে সরে যায় এবং চুলকানি ও অস্বস্তি সৃষ্টি করে সেই অঞ্চলের ত্বকে ডিম পারে।"
p-421-a-3,কৃমি হওয়ার কারণ কি?,স্বাস্থ্য ও চিকিৎসা,3,+8,535,https://www.sciencebee.com.bd/qna/7014/%E0%A6%95%E0%A7%83%E0%A6%AE%E0%A6%BF-%E0%A6%B9%E0%A6%93%E0%A7%9F%E0%A6%BE%E0%A6%B0-%E0%A6%95%E0%A6%BE%E0%A6%B0%E0%A6%A3,['কৃমি'],"বিভিন্ন কারণে কৃমি হয়ে থাকে। অস্বাস্থ্যকর টয়লেট ব্যবহার, অপরিষ্কার ঘরবাড়ি, টয়লেট-এর পর হাত ভালোভাবে না ধোয়া, দূষিত পানি ব্যবহার, খাবার ভালোভাবে না ধুয়ে রান্না করা, অস্বাস্থ্যকর পরিবেশে রান্না করা, হাতের নখ বড় রাখলে এবং অর্ধসেদ্ধ গরুর মাংস খেলে কৃমি হতে পারে। অনেকে মনে করেন মিষ্টি খেলে কৃমি হয়ে থাকে এটি একটি ভুল ধারণা। মিষ্টি খাওয়ার সাথে কৃমি হওয়ার কোনো সম্পর্কই নেই।"
p-421-a-4,কৃমি হওয়ার কারণ কি?,স্বাস্থ্য ও চিকিৎসা,3,+8,535,https://www.sciencebee.com.bd/qna/7014/%E0%A6%95%E0%A7%83%E0%A6%AE%E0%A6%BF-%E0%A6%B9%E0%A6%93%E0%A7%9F%E0%A6%BE%E0%A6%B0-%E0%A6%95%E0%A6%BE%E0%A6%B0%E0%A6%A3,['কৃমি'],"কৃমি হল একধরনের কীট, যা সাদা রঙের হয় এবং দুর্ঘটনাক্রমে এর ডিম পাকস্থলীতে প্রবেশ করার পরে মলদ্বার অঞ্চলে অবস্থান করে। কৃমির ডিমগুলি শরীরের বাইরে দুই থেকে তিন সপ্তাহ অবধি বেঁচে থাকতে পারে। একবার খাওয়ার পরে এগুলি অন্ত্রের মধ্যে প্রবেশ করে এবং পরিপক্ক মহিলা কৃমিগুলি রাতে মলদ্বারের দিকে সরে যায় এবং চুলকানি ও অস্বস্তি সৃষ্টি করে সেই অঞ্চলের ত্বকে ডিম পারে।"
p-421-a-5,মারমেডের অস্তিত্ব রয়েছে?,প্রাণিবিদ্যা,1,+4,90,https://www.sciencebee.com.bd/qna/7013/%E0%A6%AE%E0%A6%BE%E0%A6%B0%E0%A6%AE%E0%A7%87%E0%A6%A1%E0%A7%87%E0%A6%B0-%E0%A6%85%E0%A6%B8%E0%A7%8D%E0%A6%A4%E0%A6%BF%E0%A6%A4%E0%A7%8D%E0%A6%AC,[],এখানে দেখুন-https://sciencebee.com.bd/qna/6482/%E0%A6%86%E0%A6%B8%E0%A6%B2%E0%A7%87-%E0%A6%AA%E0%A7%83%E0%A6%A5%E0%A6%BF%E0%A6%AC%E0%A7%80%E0%A6%A4%E0%A7%87-%E0%A6%9C%E0%A6%B2%E0%A6%AA%E0%A6%B0%E0%A7%80%E0%A6%B0-%E0%A6%95%E0%A7%8B%E0%A6%A8%E0%A7%8B-%E0%A6%85%E0%A6%B8%E0%A7%8D%E0%A6%A4%E0%A6%BF%E0%A6%A4%E0%A7%8D%E0%A6%AC-%E0%A6%86%E0%A6%9B%E0%A7%87-%E0%A6%95%E0%A6%BF?show=6482#q6482
p-421-a-6,"রাত জেগে পড়লে কি কোনো উপকার হয়, নাকি ক্ষতি বেশি?",স্বাস্থ্য ও চিকিৎসা,2,+9,255,https://www.sciencebee.com.bd/qna/7002/%E0%A6%89%E0%A6%AA%E0%A6%95%E0%A6%BE%E0%A6%B0-%E0%A6%95%E0%A7%8D%E0%A6%B7%E0%A6%A4%E0%A6%BF,"['রাত', 'জেগে', 'পড়া']",এখানে দেখতে পারেন :https://sciencebee.com.bd/qna/1454/%E0%A6%B0%E0%A6%BE%E0%A6%A4-%E0%A6%9C%E0%A6%BE%E0%A6%97%E0%A6%B2%E0%A7%87-%E0%A6%86%E0%A6%AE%E0%A6%BE%E0%A6%A6%E0%A7%87%E0%A6%B0-%E0%A6%95%E0%A6%BF-%E0%A6%95%E0%A6%BF-%E0%A6%95%E0%A7%8D%E0%A6%B7%E0%A6%A4%E0%A6%BF-%E0%A6%B9%E0%A6%A4%E0%A7%87-%E0%A6%AA%E0%A6%BE%E0%A6%B0%E0%A7%87
p-421-a-7,"রাত জেগে পড়লে কি কোনো উপকার হয়, নাকি ক্ষতি বেশি?",স্বাস্থ্য ও চিকিৎসা,2,+9,255,https://www.sciencebee.com.bd/qna/7002/%E0%A6%89%E0%A6%AA%E0%A6%95%E0%A6%BE%E0%A6%B0-%E0%A6%95%E0%A7%8D%E0%A6%B7%E0%A6%A4%E0%A6%BF,"['রাত', 'জেগে', 'পড়া']",এটি পড়ুন:https://sciencebee.com.bd/qna/1454/%E0%A6%B0%E0%A6%BE%E0%A6%A4-%E0%A6%9C%E0%A6%BE%E0%A6%97%E0%A6%B2%E0%A7%87-%E0%A6%86%E0%A6%AE%E0%A6%BE%E0%A6%A6%E0%A7%87%E0%A6%B0-%E0%A6%95%E0%A6%BF-%E0%A6%95%E0%A6%BF-%E0%A6%95%E0%A7%8D%E0%A6%B7%E0%A6%A4%E0%A6%BF-%E0%A6%B9%E0%A6%A4%E0%A7%87-%E0%A6%AA%E0%A6%BE%E0%A6%B0%E0%A7%87
p-421-a-8,গরম খাবারে ফুঁ দিলে কি তা টক্সিক হয়ে যায়?,স্বাস্থ্য ও চিকিৎসা,2,+9,227,https://www.sciencebee.com.bd/qna/7001/%E0%A6%96%E0%A6%BE%E0%A6%AC%E0%A6%BE%E0%A6%B0%E0%A7%87-%E0%A6%9F%E0%A6%95%E0%A7%8D%E0%A6%B8%E0%A6%BF%E0%A6%95,"['গরম', 'খাবার', 'ফুঁ', 'টক্সিক']","হ্যাঁ, কারণ আমাদের মুখে প্রচুর সংখ্যক জীবাণু থাকে, আর এই জীবাণু গুলো প্রতিনিয়ত আমাদের শ্বাস প্রশ্বাস এর সাথে যায় আর আসে , অতএব আমরা যখন গরম দুধে ফুঁ দেই তখন আমাদেন মুখ থেকে জীবাণু গুলো গরম খাবারের  মধ্যে মিশ্রিত হয়ে যায়, আর তখন সেটা আর বিশুদ্ধ থাকে না হয়ে যায় আবার জীবাণুদের ঘাঁটি,,আর তখন আপনার লাভের থেকে ক্ষতির দিকটা বেশিই হবে,,, তদ্রূপ গরম খাবারে ফুঁ দিয়ে খাওয়া ঠিক নয়।"
p-421-a-9,গরম খাবারে ফুঁ দিলে কি তা টক্সিক হয়ে যায়?,স্বাস্থ্য ও চিকিৎসা,2,+9,227,https://www.sciencebee.com.bd/qna/7001/%E0%A6%96%E0%A6%BE%E0%A6%AC%E0%A6%BE%E0%A6%B0%E0%A7%87-%E0%A6%9F%E0%A6%95%E0%A7%8D%E0%A6%B8%E0%A6%BF%E0%A6%95,"['গরম', 'খাবার', 'ফুঁ', 'টক্সিক']","হ্যাঁ, কারণ আমাদের মুখে প্রচুর সংখ্যক জীবাণু থাকে, আর এই জীবাণু গুলো প্রতিনিয়ত আমাদের শ্বাস প্রশ্বাস এর সাথে যায় আর আসে, অতএব আমরা যখন গরম দুধে ফুঁ দেই তখন আমাদেন মুখ থেকে জীবাণু গুলো গরম খাবারের মধ্যে মিশ্রিত হয়ে যায়, আর তখন সেটা আর বিশুদ্ধ থাকে না হয়ে যায় আবার জীবাণুদের ঘাঁটি,,আর তখন আপনার লাভের থেকে ক্ষতির দিকটা বেশিই ।  তদ্রূপ গরম খাবারে ফুঁ দিয়ে খাওয়া ঠিক নয়।"
p-421-a-10,"বিড়াল কখনই মিষ্টির স্বাদ বোঝে না, এটা কি সত্যি?",প্রাণিবিদ্যা,2,+6,257,https://www.sciencebee.com.bd/qna/7000/%E0%A6%AC%E0%A6%BF%E0%A7%9C%E0%A6%BE%E0%A6%B2-%E0%A6%AE%E0%A6%BF%E0%A6%B7%E0%A7%8D%E0%A6%9F%E0%A6%BF%E0%A6%B0,"['বিড়াল', 'মিষ্টি', 'স্বাদ']","বিজ্ঞান বলে, বিড়াল কখনই মিষ্টির স্বাদ বোঝে না। জন্মগত ভাবে বিড়াল মাংসাশী প্রাণী। স্বভাবগত ভাবে এই প্রাণী শিকার করে খেতে পছন্দ করে। তাদের পছন্দের তালিকায় থাকে ইঁদুরের মত ছোট প্রাণী। শিকার করার যে প্রবণতা বিড়ালের মধ্যে দেখা যায়, সেই তাগিদে বাসা-বাড়ির খাবার চুরি করে খাওয়ার অভ্যাসও রয়েছে এদের। বিজ্ঞান বলে, বেশিরভাগ স্তন্যপায়ী মুখে মিষ্টি দিলে তা সরাসরি মতিষ্কে জানান দেয়। কিন্তু বিড়াল একদমই তাদের মত নয়। যখন মিষ্টি জাতীয় খাবার মুখে প্রবেশ করে, তখন দুটো জিন দ্বারা সমন্বিত প্রোটিন এই তথ্যকে মস্তিষ্কে প্রেরণ করে। মিষ্টি জাতীয় খাবারে শর্করা থাকে যা তৃণভোজী এবং মানুষের গুরুত্বপূর্ণ খাবারের উৎস। । এই ধরনের খাদ্য চাহিদার কারণে সকল বিড়াল প্রজাতি (যেমন-সিংহ,বাঘ) অ্যামাইনো এসিডের অভাবে সঠিক প্রোটিন কোড তৈরী করতে পারে না। যা বিড়াল প্রজাতিকে মিষ্টির স্বাদ গ্রহন করতে দেয় না।তথ্যসুত্রঃ এনিমেল ফ্যাক্টস।"
p-421-a-11,"বিড়াল কখনই মিষ্টির স্বাদ বোঝে না, এটা কি সত্যি?",প্রাণিবিদ্যা,2,+6,257,https://www.sciencebee.com.bd/qna/7000/%E0%A6%AC%E0%A6%BF%E0%A7%9C%E0%A6%BE%E0%A6%B2-%E0%A6%AE%E0%A6%BF%E0%A6%B7%E0%A7%8D%E0%A6%9F%E0%A6%BF%E0%A6%B0,"['বিড়াল', 'মিষ্টি', 'স্বাদ']","বিড়াল মাংসাশী প্রাণী। স্বভাবগত ভাবে এই প্রাণী শিকার করে খেতে পছন্দ করে। তাদের পছন্দের তালিকায় থাকে ইঁদুরের মত ছোট প্রাণী। শিকার করার যে প্রবণতা বিড়ালের মধ্যে দেখা যায়, সেই তাগিদে বাসা-বাড়ির খাবার চুরি করে খাওয়ার অভ্যাসও রয়েছে এদের। বিজ্ঞান বলে, বেশিরভাগ স্তন্যপায়ী মুখে মিষ্টি দিলে তা সরাসরি মতিষ্কে জানান দেয়। কিন্তু বিড়াল একদমই তাদের মত নয়। যখন মিষ্টি জাতীয় খাবার মুখে প্রবেশ করে, তখন দুটো জিন দ্বারা সমন্বিত প্রোটিন এই তথ্যকে মস্তিষ্কে প্রেরণ করে। মিষ্টি জাতীয় খাবারে শর্করা থাকে যা তৃণভোজী এবং মানুষের গুরুত্বপূর্ণ খাবারের উৎস। । এই ধরনের খাদ্য চাহিদার কারণে সকল বিড়াল প্রজাতি (যেমন সিংহ,বাঘ) অ্যামাইনো এসিডের অভাবে সঠিক প্রোটিন কোড তৈরী করতে পারে না। যা বিড়াল প্রজাতিকে মিষ্টির স্বাদ গ্রহন করতে দেয় না।"
p-421-a-12,ঝাল খাওয়ার পর নাক দিয়ে পানি পড়ে কেনো?,জীববিজ্ঞান,2,+10,"1,342",https://www.sciencebee.com.bd/qna/6998/%E0%A6%96%E0%A6%BE%E0%A6%93%E0%A7%9F%E0%A6%BE%E0%A6%B0-%E0%A6%A6%E0%A6%BF%E0%A7%9F%E0%A7%87,"['ঝাল', 'নাক', 'পানি']","Nishat Tasnim-ঝালের জন্য প্রধানত যে রাসায়নিক দায়ী তার নামক্যাপসাইসিন। স্তন্যপায়ী প্রজাতির প্রাণীদের জন্য ক্যাপসাইসিন কাজ করে অনেকটা neurotoxin এর মতো। মানে এটা সত্যি সত্যি টিসু জ্বালায় বা পোড়ায় না। বরং জিভে থাকা স্নায়ুতন্ত্রকে আক্রান্ত করে এবং আমাদের জ্বালাপোড়া করার মিথ্যে অনুভুতি দেয়। জিভে অনেক বেশি অনুভূতি সংগ্রাহক স্নায়ু বিদ্যমান। তাই ঝালের অনুভূতি জিভে সবচেয়ে বেশি হয়।ঝাল অর্থাৎ জ্বালা পোড়া অনুভূতিটি শুধু জিভে হয় তাই না, শরীরের বিভিন্ন জায়গায়(যেখানে স্নায়ু সক্রিয়) হয়, হাতে লঙ্কা লাগলে জ্বালা করে, খুব বেশি লঙ্কা খেলে পেটেও জ্বালা অনুভব হয়। ঝাল কিছু খাওয়ার পর গরম কিছু খেলে এই জ্বালাপোড়া বেড়ে যায় কারণ আমরা যে নার্ভ দিয়ে আমরা গরম অনুভব করি ক্যাপসাইসিন তাকে উদ্দীপিত করে দেয়, তাই আরো বেশি ঝাল লাগে। আবার ঝাল কিছু খাওয়ার পর গরম পানি খেলে ঝাল টা পুরো মুখে ছড়িয়ে পড়ে এবং ব্যথার রিসেপ্টর গুলোকে সক্রিয় করে দেয়, তাই আরো বেশি ঝাল লাগ।আর,আপনার স্নায়ু তন্ত্রকে বেশি উত্তেজিত করে চোখ নাক দিয়ে পানি বের করে!"
p-421-a-13,ঝাল খাওয়ার পর নাক দিয়ে পানি পড়ে কেনো?,জীববিজ্ঞান,2,+10,"1,342",https://www.sciencebee.com.bd/qna/6998/%E0%A6%96%E0%A6%BE%E0%A6%93%E0%A7%9F%E0%A6%BE%E0%A6%B0-%E0%A6%A6%E0%A6%BF%E0%A7%9F%E0%A7%87,"['ঝাল', 'নাক', 'পানি']","ক্যাপসাইসিনয়েডসের মাঝে ক্যাপসাইসিন অনেকেরই পরিচিত। মরিচের ভেতরের সাদা অংশে তা বেশি থাকে। এ কারণেই মরিচ খাওয়ার পর ঝাল লাগে, যা অনেকে উপভোগ করেন। ক্যাপসাইসিন যখন জ্বিহ্বা ও মুখের সংস্পর্শে আসে তখন জিহ্বায় এক ধরণের &ldquo;গরম&rdquo; সেনসেশন তৈরি হয়। সংবাদ বহনকারী দূত যাদেরকে নিউরোট্রান্সমিটার বলা হয় তারা এই সংবাদ বহন করে মস্তিষ্কে পাঠিয়ে দেয়। ক্যাপসাইসিন নাকের মিউকাস মেমব্রেনকে irritate করে, ফলে সতর্কতামূলক এই irritating substance কে ওয়াশ করতে মিউকাস সিক্রেশন বেড়ে যায়।নিউরোট্রান্সমিটার থেকে আসা খবরে মস্তিষ্ক সতর্কতা অবলম্বন করে এবং দেহকে সাবধান করে দেয়। হৃদকম্পন বাড়তে থাকে, মুখে লালা তৈরি হয়, নাক থেকে পানি নির্গত হতে শুরু করে এবং মাথা, কপাল ও চোয়াল থেকে ঘামের স্রোত বইতে থাকে। নাক ও ঠোঁট লাল হয়ে যায়।-হেলথটিপস"
p-421-a-14,টিভি খুব কাছে থেকে দেখলে আদৌ কী চোখে এর কোন বিরুপ প্রভাব পড়তে পারে?,স্বাস্থ্য ও চিকিৎসা,2,+8,210,https://www.sciencebee.com.bd/qna/6997/%E0%A6%AC%E0%A6%BF%E0%A6%B0%E0%A7%81%E0%A6%AA-%E0%A6%AA%E0%A7%8D%E0%A6%B0%E0%A6%AD%E0%A6%BE%E0%A6%AC,"['টিভি', 'কাছ', 'থেকে', 'দেখা']","লম্বা সময় ধরে টিভি দেখতে থাকলে তা অবশ্যই শারীরিক সমস্যার কারণ হয়ে দাঁড়াতে পারে। বড়দের কাজের চাপে ততটা টিভি দেখা না হলেও ছোটদের মধ্যে টিভি দেখার প্রবণতা ও আগ্রহ অনেক বেশি। আর এই দেখা বেশিক্ষন চলতে থাকলে চোখের উপর বেশ চাপ পড়ে, আর এর ফলে শিশুদের মাথা ব্যাথা হতে পারে, আবার কোন কোন ক্ষেত্রে চোখের স্বাভাবিক অশ্রু নিঃসরণ কমে গিয়ে চোখ শুষ্ক হয়ে যেতে পারে। অনেক সময় ধরে টিভি দেখার ফলে কোন শারীরিক পরিশ্রম হয় না। গবেষকদের মতে এর ফলে ওজন বেড়ে যাওয়া অর্থাৎ মোটা হয়ে যাওয়ার সম্ভাবনা থাকে।"
p-421-a-15,টিভি খুব কাছে থেকে দেখলে আদৌ কী চোখে এর কোন বিরুপ প্রভাব পড়তে পারে?,স্বাস্থ্য ও চিকিৎসা,2,+8,210,https://www.sciencebee.com.bd/qna/6997/%E0%A6%AC%E0%A6%BF%E0%A6%B0%E0%A7%81%E0%A6%AA-%E0%A6%AA%E0%A7%8D%E0%A6%B0%E0%A6%AD%E0%A6%BE%E0%A6%AC,"['টিভি', 'কাছ', 'থেকে', 'দেখা']","লম্বা সময় ধরে টিভি দেখতে থাকলে তা অবশ্যই শারীরিক সমস্যার কারণ হয়ে দাঁড়াতে পারে। বড়দের কাজের চাপে ততটা টিভি দেখা না হলেও ছোটদের মধ্যে টিভি দেখার প্রবণতা ও আগ্রহ অনেক বেশি। আর এই দেখা বেশিক্ষন চলতে থাকলে চোখের উপর বেশ চাপ পড়ে, আর এর ফলে শিশুদের মাথা ব্যাথা হতে পারে, আবার কোন কোন ক্ষেত্রে চোখের স্বাভাবিক অশ্রু নিঃসরণ কমে গিয়ে চোখ শুষ্ক হয়ে যেতে পারে। অনেক সময় ধরে টিভি দেখার ফলে কোন শারীরিক পরিশ্রম হয় না।"
p-421-a-16,তেলাপোকা দেখলে মেয়েরা ভয় পায় কেন?,মনোবিজ্ঞান,2,+10,"1,997",https://www.sciencebee.com.bd/qna/6995/%E0%A6%A4%E0%A7%87%E0%A6%B2%E0%A6%BE%E0%A6%AA%E0%A7%87%E0%A6%BE%E0%A6%95%E0%A6%BE-%E0%A6%AE%E0%A7%87%E0%A7%9F%E0%A7%87%E0%A6%B0%E0%A6%BE,"['তেলাপোকা', 'মেয়ে', 'ভয়']","Nishat Tasnim-সব মেয়েরা যে তেলাপোকা ভয় পায় তা নয়। তেলাপোকা ভীতিকে বলেKatsaridaphobia। ভয়ের জন্য দায়ী হরমোন হচ্ছে adrenocorticotropic বা ACTH।আমি কয়েকজন মেয়েকে এই প্রশ্নটা করার পর তাদের অধিকাংশের ই উত্তর ছিল এটা ভয়ের থেকেই বেশি 'গা' ঘিনঘিন করা ব্যাপার। আসলে তেলাপোকার পায়ে ধারালো খাঁজকাটা খাঁজকাটা কিছু অংশ থাকে যার কারনে দেয়াল বা কোথাও এরা বসে থাকতে পারে। সেই খাঁজকাটা পা নিয়ে হঠাৎ গায়ে বসলে শরীরে 'বিঁধে যায়' কিছুটা। এটাই প্রধান রহস্য। তাছাড়া তেলাপোকা বাথরুম খুব পছন্দ করে। তো যে প্রাণী বাথরুম ঘুরে এসেছে সে আপনার শরীরে লাগ সেটা কেউ ই চাইবেনা। শুধু মেয়েরাই নয়, অনেক ছেলেরাও তেলাপোকা ভয় পায়। এটা মূলত adrenocorticotropic বা ACTH এর জন্য হয়।"
p-421-a-17,তেলাপোকা দেখলে মেয়েরা ভয় পায় কেন?,মনোবিজ্ঞান,2,+10,"1,997",https://www.sciencebee.com.bd/qna/6995/%E0%A6%A4%E0%A7%87%E0%A6%B2%E0%A6%BE%E0%A6%AA%E0%A7%87%E0%A6%BE%E0%A6%95%E0%A6%BE-%E0%A6%AE%E0%A7%87%E0%A7%9F%E0%A7%87%E0%A6%B0%E0%A6%BE,"['তেলাপোকা', 'মেয়ে', 'ভয়']","আপনি কয়েকজন মেয়েকে এই প্রশ্নটা করবেন। দেখবেন তাদের অধিকাংশেই উত্তর দিবে, এটা ভয়ের থেকেই বেশি 'গা' ঘিনঘিন করার ব্যাপারে। তাই, তেলাপোকা দেখে মেয়েরা ভয় পায় ।তেলাপোকা বাথরুম খুব পছন্দ করে। তো যে প্রাণী বাথরুম ঘুরে এসেছে সে আপনার শরীরের পদাঙ্ক রাখুক সেটা কেউই চাইবে না। তাছাড়া তেলাপোকার সাথে বিচ্ছিরি গন্ধ আছে এবং এরা শরীরে পড়ার সাথে সাথে ফুড়ুৎ করে উড়াল মারে যা এক্সট্রা থ্রিল জন্মায়।আসলে তেলাপোকার পায়ে ধারালো খাঁজকাটা কিছু অংশ থাকে। যার কারনে দেয়াল বা কোথাও এরা বসে থাকতে পারে। সেই খাঁজকাটা পা নিয়ে হঠা গায়ে বসলে শরীরে 'বিঁধে যায়' কিছুটা। এটাই প্রধান রহস্য।আবার অনেকের মতে এটা মেয়েদের একটা আচরনগত সমস্যা। মাকড়সা বা তেলাপোকা দেখে মেয়েরা আসলে ভয় পায় না অসস্তি বোধ করে এবং তাই চিৎকার চেচামেচি করে (এটাই এদের স্বাভাবিকতা)।বাড়ি মাথায় তুলে ফেলে যাতে কোন পুরুষ এসে তাকে এই অপভ্রংসের হাত থেকে বাঁচায়। এটা প্রায় সব মেয়েদেরই কমন প্রবলেম। এবং সবচেয়ে মজার ব্যাপার হচ্ছে - তারা যেকোন ভয়কে তুচ্ছ করার চেষ্টা করে এবং সবার কাছে নিজদের সাহসী করে রাখারও চেষ্টা করে কিন্তু সাধারন এই মাকড়সা, তেলাপোকা কিংবা টিকটিকি দেখে যে তারা ভয় পায় সেটা কখনই লুকাবার চেষ্টা করে না।তেলাপোকা ( আরশোলা ) দেখে মানুষ কেন ভয় পায়, এ নিয়েই গবেষণা করেছেন জেফরি লকহুড। কোনও পতঙ্গকে মানুষ কখন ও কেন ভয় পায়, সেটাই তাঁর গবেষণার বিষয়।সেখানে তিনি দেখিয়েছেন, সাধারণত রোগের কারণেই এই ভয় আসে। শিশুরা অত্যন্ত মনোযোগ দিয়ে পতঙ্গ দেখে। কিন্তু বড় হলেও যখন এই বোধ জন্মায় যে এদের থেকে রোগ আসতে পারে, তখনই সবাই দূরে সরে যায়। সেই কারণে তেলাপোকাকে ভয় পাওয়ারও যথেষ্ট কারণ রয়েছে।কারণ- আরশোলার থেকে অ্যালার্জি হয়। এরা শ্বাসকষ্টের জীবাণুও বহন করে। কিন্তু সে রোগ তো অন্য অনেক কিছু থেকেই হয়। তার মধ্যে মশা থেকে হয় সবথেকে বেশি। কই মশা দেখে তো কেউ ভয় অত ভয় পান না। এরও ব্যাখ্যা দিয়েছেন গবেষক।প্রায় ৪৬০০ প্রজাতির তেলাপোকা রয়েছে পৃথিবীতে। ডাইনোসরের সময় থেকে বাস করছে এরা। সাধারণত অন্ধকার জায়গায় লুকিয়ে থাকে এরা আর হঠাৎ বেরিয়ে আসে। তাতেই অনেকে ভয় পেয়ে যান। এছাড়া আরশোলা দেখতে তৈলাক্ত হয়, যা অত্যন্ত ঘৃণ্য লাগে। এছাড়া তেলাপোকার গতি অত্যন্ত বেশি। ঘণ্টায় প্রায় সাড়ে ৩ মাইল। এছাড়া খাবারেও বসে তেলাপোকা। তা থেকে রোগ ছড়ায়, এটা জেনেও অনেকে আতঙ্কিত হয়ে পড়েন।সংগৃহীত"
p-421-a-18,ইয়ারফোন এত গুছিয়ে রাখার পরেও তা কিভাবে এলোমেলো হয়ে যায়? এটার পিছনে বৈজ্ঞানিক ব্যাখ্যা কি?,বিবিধ,3,+9,"1,360",https://www.sciencebee.com.bd/qna/6994/%E0%A6%AC%E0%A7%88%E0%A6%9C%E0%A7%8D%E0%A6%9E%E0%A6%BE%E0%A6%A8%E0%A6%BF%E0%A6%95-%E0%A6%AC%E0%A7%8D%E0%A6%AF%E0%A6%BE%E0%A6%96%E0%A7%8D%E0%A6%AF%E0%A6%BE,"['ইয়ারফোন', 'তার', 'এলোমেলো']","হেডফোনের তারে জট লাগে মূলত এর আকারের জন্য। আসুন, একটু পদার্থবিজ্ঞানে নিজেদের আলোকিত করি।পদার্থের গাঠনিক ধর্মের উপর ভিত্তি করে ইয়োঙের গুণাঙ্ক (Young's Modulus) বলে একটি বিষয় আছে।"
p-421-a-19,ইয়ারফোন এত গুছিয়ে রাখার পরেও তা কিভাবে এলোমেলো হয়ে যায়? এটার পিছনে বৈজ্ঞানিক ব্যাখ্যা কি?,বিবিধ,3,+9,"1,360",https://www.sciencebee.com.bd/qna/6994/%E0%A6%AC%E0%A7%88%E0%A6%9C%E0%A7%8D%E0%A6%9E%E0%A6%BE%E0%A6%A8%E0%A6%BF%E0%A6%95-%E0%A6%AC%E0%A7%8D%E0%A6%AF%E0%A6%BE%E0%A6%96%E0%A7%8D%E0%A6%AF%E0%A6%BE,"['ইয়ারফোন', 'তার', 'এলোমেলো']","ইয়ারফোন ব্যবহার করলে ইয়ারফোনের তারের প্যাঁচ খোলাও আমাদের জন্য একটা নিত্যনৈমিত্তিক বিষয়। আমরা অনেকেই তখন ভাবি, এলোমেলোভাবে রাখার কারণে এভাবে প্যাঁচ খেয়ে গেছে। কিন্তু লক্ষ্য করলে দেখবেন, সুন্দর করে গুছিয়ে রাখার পরেও প্যাঁচ লাগে। এর কারণ উদ্ধার করতে বিজ্ঞানীরা করেছেন নানা রকম পরীক্ষা। প্রথমত তারা যে পরীক্ষা চালিয়েছেন তা হলো, তারা বিভিন্ন দৈর্ঘ্যের কিছু তার একটি বাক্সে রেখে ভালভাবে ঝাঁকিয়েছেন এটা দেখতে যে তাদের মধ্যে প্যাঁচ লাগে কিনা! তারা এই পরীক্ষা একবার দু’বার করেননি, করেছেন মোট ৩,৪১৫ বার!ডোরিয়ান এম. রেমার এবং ডগলাস ই. স্মিথ; দুজন গবেষক তাদের ‘Spontaneous knotting of an agitated string’ নামক গবেষণা পত্রে, খুব কম সময়ের মধ্যে যেকোন জটিল গিঁট লাগার দুটি মূল বিষয়ের উপরে আলোকপাত করেছেন। প্রথমটি হলো, ‘তারের তুলনামূলক দৈর্ঘ্য’ এবং দ্বিতীয়টি, ‘আলোড়ন সময়’। আলোড়ন বলতে এখানে ঝাঁকুনির ফলে তারগুলোর মধ্যে যে নড়াচড়ার সৃষ্টি হয় তা বুঝিয়েছেন।তাদের মতে, তার যত বড় হবে এবং সেখানে আলোড়ন যত বেশি হবে, তত তারের নিজেদের ভেতর আপনা-আপনি গিঁট লাগার সম্ভাবনাও বাড়বে। প্যাঁচ লাগার ক্ষেত্রে মাঝেমাঝে তারের গুণগত মান; যেমন তারের দৃঢ়তা এবং ব্যাসও দায়ী থাকে তবে তারের দৈর্ঘ্য এবং ঝাঁকির ফলে তাদের মাঝে সৃষ্ট আলোড়নই মূলত গিঁট লাগার পেছনে বেশি দায়ী। দুর্ভাগ্যবশত, এগুলোর খুব একটা সমাধানও নেই।রেমার এবং স্মিথ তাদের পরীক্ষায় বিভিন্ন দৈর্ঘ্যের তার এবং তাদের মাঝে বিভিন্ন সময়ব্যাপী আলোড়ন সৃষ্টি করে দেখেছেন। দেখা গেছে, ৪৬ সেন্টিমিটার এবং এর থেকে ছোট তারে আপনা আপনি গিঁট লাগেনি এবং লাগার সম্ভাবনাও একদম নেই। কিন্তু ৪৬ সেন্টিমিটার থেকে যত বেশি দৈর্ঘ্যের তার নেয়া হয়েছে তত তাদের মধ্যে গিঁট লাগার প্রবণতা বেশি দেখা গেছে। সর্বোচ্চ ২ মিটার দৈর্ঘ্য পর্যন্ত তারগুলো নিজেরাই নিজেদের মধ্যে গিঁট লাগিয়েছে। ২ মিটারের বড় তারগুলো সাধারণত বেশি দৈর্ঘ্যের কারণে পকেট জুড়ে থাকে। এজন্য ঝাঁকি পেলেও নিজেদের ভেতর আলোড়িত হবার মত জায়গা পায় না,তাই এদের মধ্যে আপনাআপনি গিঁট লাগে না।বর্তমানে প্রচলিত ইয়ারফোনগুলো যেগুলোর গড়ে দৈর্ঘ্য ১৩৯ সেন্টিমিটার তাদের নিজেদের ভেতরে প্যাঁচ লাগার সম্ভাবনা ৫০%। অর্থাৎ আপনার পকেটসমান জায়গা আছে এমন আবদ্ধ স্থানে এরকম দৈর্ঘ্যের হেডফোন রাখলে প্রতি দুইবারে অন্তত একবার সেই হেডফোনের তারে প্যাঁচ লাগার সম্ভাবনা থেকে যায়।রেমার এবং স্মিথ আরো দেখেছেন, Y আকারের ইয়ারফোনগুলোয় প্যাঁচ লাগার সম্ভাবনা সবচেয়ে বেশি থাকে। কারণ এ ধরনের ইয়ারফোনের শুধু একটি তারের মাথা নিজের ভেতর একবার ‘ডিগবাজি’ দেয়ার মতো করে ঢুকতে পারলেই জটিল প্যাঁচের সৃষ্টি করে ফেলে। দুর্ভাগ্যবশত, বর্তমানে প্রচলিত সব তারের ইয়ারফোনই দেখতে Y আকারের।তারা তাদের পরীক্ষায় তারগুলোর মধ্যে প্রায় ১২০ রকমের গিঁটের দেখা পেয়েছেন, যেখানে অধিকাংশ গিঁটে তারগুলো নিজেদের মধ্যেই প্রায় ৭ বার করে প্যাঁচ লাগিয়েছে।আর তাই, ইয়ারফোনের তারে গিট লাগা মোটেই আপনার দোষ নয়!তথ্যসূত্রঃ রোর বাংলা"
p-421-a-20,ইয়ারফোন এত গুছিয়ে রাখার পরেও তা কিভাবে এলোমেলো হয়ে যায়? এটার পিছনে বৈজ্ঞানিক ব্যাখ্যা কি?,বিবিধ,3,+9,"1,360",https://www.sciencebee.com.bd/qna/6994/%E0%A6%AC%E0%A7%88%E0%A6%9C%E0%A7%8D%E0%A6%9E%E0%A6%BE%E0%A6%A8%E0%A6%BF%E0%A6%95-%E0%A6%AC%E0%A7%8D%E0%A6%AF%E0%A6%BE%E0%A6%96%E0%A7%8D%E0%A6%AF%E0%A6%BE,"['ইয়ারফোন', 'তার', 'এলোমেলো']",এই দেখুন:https://www.sciencebee.com.bd/qna/6994/%E0%A6%AC%E0%A7%88%E0%A6%9C%E0%A7%8D%E0%A6%9E%E0%A6%BE%E0%A6%A8%E0%A6%BF%E0%A6%95-%E0%A6%AC%E0%A7%8D%E0%A6%AF%E0%A6%BE%E0%A6%96%E0%A7%8D%E0%A6%AF%E0%A6%BE
p-421-a-21,মেয়েদের চোখে চোখ রেখে কথা না বলতে পারার কারণ কি?,মনোবিজ্ঞান,4,+12,"10,496",https://www.sciencebee.com.bd/qna/6993/%E0%A6%AE%E0%A7%87%E0%A7%9F%E0%A7%87%E0%A6%A6%E0%A7%87%E0%A6%B0-%E0%A6%AA%E0%A6%BE%E0%A6%B0%E0%A6%BE%E0%A6%B0,"['মেয়ে', 'চোখে', 'চোখ', 'কথা']",এটা সাধারণত লজ্জা কিংবা ভয় থেকে তৈরি হয়। বেশিরভাগ মানুষেরই এমন হয় । তবে আপনি যদি ছেলে হন এবং কোনো মেয়ের কাছে কিছু চান তাইলে তার চোখের দিকে না তাকিয়ে পাশাপাশি দাঁড়িয়ে কিংবা বসে চান । তাইলে তা পাওয়ার সম্ভাবনা বাড়ে।
p-421-a-22,মেয়েদের চোখে চোখ রেখে কথা না বলতে পারার কারণ কি?,মনোবিজ্ঞান,4,+12,"10,496",https://www.sciencebee.com.bd/qna/6993/%E0%A6%AE%E0%A7%87%E0%A7%9F%E0%A7%87%E0%A6%A6%E0%A7%87%E0%A6%B0-%E0%A6%AA%E0%A6%BE%E0%A6%B0%E0%A6%BE%E0%A6%B0,"['মেয়ে', 'চোখে', 'চোখ', 'কথা']","চোখে চোখ রেখে কথা বলতে না পারার কারণ হতে পারে আত্মবিশ্বাসের অভাব।এছাড়া মিথ্যা বলার সময়ও মানুষ চোখে চোখ রেখে কথা বলতে পারে না।মেয়েদের চোখে চোখ রেখে কথা বলতে না পারার কারণ হতে পারে আপনার আত্মবিশ্বাসের অভাব।এছাড়া ছোটবেলা থেকে মেয়েদের থেকে দূরত্ব বজায় রাখা,তাদেরকে নিজেদের চেয়ে আলাদা ভাবা এসব কারণও হতে পারে।এই সমস্যা থেকে পরিত্রাণ পাওয়ার জন্য মেয়েদের সাথে বেশি বেশি মিশতে হবে।প্রচুর কথা বলতে হবে।প্রয়োজন হলে,আয়নার সামনে দাঁড়িয়ে নিজের সাথে নিজে কথা বলে আত্মবিশ্বাস বাড়াতে হবে।"
p-421-a-23,মেয়েদের চোখে চোখ রেখে কথা না বলতে পারার কারণ কি?,মনোবিজ্ঞান,4,+12,"10,496",https://www.sciencebee.com.bd/qna/6993/%E0%A6%AE%E0%A7%87%E0%A7%9F%E0%A7%87%E0%A6%A6%E0%A7%87%E0%A6%B0-%E0%A6%AA%E0%A6%BE%E0%A6%B0%E0%A6%BE%E0%A6%B0,"['মেয়ে', 'চোখে', 'চোখ', 'কথা']","এটি মূলত হয় লজ্জার কারণে।যারা অনেক ছোট থেকেই মেয়েদের সাথে কম মেশে তাদেরকে যদি হঠাৎ কোনো মেয়ের সাথে কথা বলতে বলা হয় তারা মানে ঐ ছেলেটা হয়তো লজ্জায় নয়তো নিজের ওপর আত্মবিশ্বাসের অভাবে কথা বলতে পারবে না।এই সমস্যা কাটানোর জন্য মূলত প্র্যাকটিসের প্রয়োজন।আপনি আপনার বাসার লোকদের সাথে অথবা আপনার চাচাতো ভাই বোনের সাথে কথা বলার চেষ্টা করবেন।আপনি আয়নার সামনে দাঁড়িয়েও ট্রাই করতে পারেন।বি:দ্র: এই প্রবলেম শুধু ছেলেদের ক্ষেত্রে না, মেয়েদের ক্ষেত্রেও হয়।"
p-421-a-24,মেয়েদের চোখে চোখ রেখে কথা না বলতে পারার কারণ কি?,মনোবিজ্ঞান,4,+12,"10,496",https://www.sciencebee.com.bd/qna/6993/%E0%A6%AE%E0%A7%87%E0%A7%9F%E0%A7%87%E0%A6%A6%E0%A7%87%E0%A6%B0-%E0%A6%AA%E0%A6%BE%E0%A6%B0%E0%A6%BE%E0%A6%B0,"['মেয়ে', 'চোখে', 'চোখ', 'কথা']",সাধারণত এটি হয় লজ্জার কারণে। অনেকে আবার কথা বলতে নার্ভাস ফিল করে এটি সাধারণত ভয় পাওয়ার কারণে।
p-421-a-25,মন বলতে আপনি কি বুঝেন?,মনোবিজ্ঞান,2,+8,258,https://www.sciencebee.com.bd/qna/6992/%E0%A6%AC%E0%A6%B2%E0%A6%A4%E0%A7%87-%E0%A6%86%E0%A6%AA%E0%A6%A8%E0%A6%BF-%E0%A6%AC%E0%A7%81%E0%A6%9D%E0%A7%87%E0%A6%A8,"['মন', 'মনোবিজ্ঞান']","মনদর্শনশাস্ত্রেরএকটি অন্যতম কেন্দ্রীয় ধারণা। মন বলতে সাধারণভাবে বোঝায় যে, বুদ্ধিএবং বিবেকবোধেরএক সমষ্টিগত রূপ যা চিন্তা,  অনুভূতি, আবেগ, ইচ্ছাএবং কল্পনারমাধ্যমে প্রকাশিত হয়।"
p-421-a-26,মন বলতে আপনি কি বুঝেন?,মনোবিজ্ঞান,2,+8,258,https://www.sciencebee.com.bd/qna/6992/%E0%A6%AC%E0%A6%B2%E0%A6%A4%E0%A7%87-%E0%A6%86%E0%A6%AA%E0%A6%A8%E0%A6%BF-%E0%A6%AC%E0%A7%81%E0%A6%9D%E0%A7%87%E0%A6%A8,"['মন', 'মনোবিজ্ঞান']","যার দ্বারাআবেগ,অনুভুতি প্রকাশ করে।বুদ্ধি,বিবেক, এর সমন্বয়ে যে কাজ করে"
p-421-a-27,দীর্ঘ সময় কানে হেডফোন লাগিয়ে গান শুনলে কি কি ক্ষতি হতে পারে?,স্বাস্থ্য ও চিকিৎসা,1,+8,739,https://www.sciencebee.com.bd/qna/6991/%E0%A6%B9%E0%A7%87%E0%A6%A1%E0%A6%AB%E0%A7%8B%E0%A6%A8-%E0%A6%B2%E0%A6%BE%E0%A6%97%E0%A6%BF%E0%A7%9F%E0%A7%87,"['কান', 'ইয়ারফোন', 'দীর্ঘ', 'সময়']","আমরা হয়তো অনেকেই জানি শব্দের তীব্রতা লেভেল পরিমাপ করা হয় ডেসিবলে স্কেলে । কোনো শব্দের তীব্রতা লেভেল মাত্রা যখন ৮৫ ডেসিবল ছাড়িয়ে যায় তখনই তা আমাদের কানের জন্য ক্ষতিকর হওয়া শুরু করে। আর সবচেয়ে আতঙ্গকের বিষয় হলো একটি হেডফোনে সাধারণত ১০০ ডেসিবল বা তার চেয়ে অধিক ডেসিবলের শব্দ উত্‍পন্ন করে থাকে। ফলে স্বাভাবিকভাবেই হেডফোনের ব্যবহার আমাদের কানের শ্রবনের উপর সরাসরি প্রভাব ফেলে এবং আমাদের শ্রবণ শক্তি নষ্ট করে দেয়। মূলত আমাদের কানের গঠন ও শোনার উপায় নির্ভর করে আমাদের কানের বাইরের দিকের অংশে। যার নাম পিনা। এই পিনা শব্দ সংগ্রহ করে এবং তা আমাদের মস্তিষ্কে প্রেরণ করে। কানের ঠিক ক্যানেলের শেষের অংশে একটি পাতলা পর্দা রয়েছে, যাকে আমরা কানের পর্দা বলে থাকি। এর আসল নাম ইয়ার ড্রাম। এই ইয়ার ড্রামে শব্দের কম্পনগুলো এনার্জিতে রূপান্তরিত হয়। বেশি মাত্রায় হেডফোন বা ইয়ার ফোন ব্যবহার এবং এর তীব্রতা বেশি হলে এই ইয়ার ড্রামের কম্পন বেশি হয় ফলে ইয়ার ড্রাম ক্ষতিগ্রস্থ হতে পারে। আমাদের কানের ভেতরে আছে হেয়ার সেল নামক খুবই পাতলা এবং সুক্ষ এক ধরনের কোষ। যা দেখতে প্রায় চুলের মতো। যখন উচ্চমাত্রার কোনো শব্দ আমাদের কানে প্রবেশ করে তখন এটি মস্তিষ্কে সঙ্কেত পাঠায় এবং এই কোষ আক্রান্ত হতে থাকে । ফলে ধীরে ধীরে শ্রবণশক্তি ক্ষতিগ্রস্ত হতে থাকে। ক্রমাগত হেডফোন ব্যবহারের কারণে এরকমের ক্ষতি আরো বেশি হতে পারে। তাহলে কি আমরা হেডফোন বা ইয়ার ফোন ব্যবহার করবো না? যেহেতু এতে আমাদের কানের ক্ষতি হয় তাহলে এটি বানানো হয় কেন? আসলে প্রত্যেকটি জিনিস ব্যবহারের নিয়ম আছে। তেমনি হেডফোন ব্যবহারেও কিছু নিয়ম আছে যা আমাদের মেনে চলতে হবে। যে ডিভাইসে আমরা হেডফোন বা ইয়ার ফোন ব্যবহার করবো, সেই ডিভাইসের সর্বোচ্চ ভলিউমের ৪০ % কমিয়ে দিতে হবে। একটানা লম্বা সময় হেডফোন ব্যবহার একদমই করা যাবে না। সারাদিনে সর্বোচ্চ ১ ঘণ্টা হেডফোন ব্যবহারকে সার্বজনিন ভাবে নিরাপদ বলে ধরা হয়। হেডফোন বা ইয়ার ফোন ব্যবহার করলে তা একটু বড় সাইজের হেডফোন ব্যবহার করতে হবে, কারণ বড় হেডফোন কান থেকে অনেক দূরে থাকে। এর ফলে সাধারণ হেডফোনের চেয়ে এতে ক্ষতি কম হয়। সাধারণ হেডফোন বলতে ইন ইয়ার ফোন অথাত্‍ যেগুলো একদমই কানের ভেতরে ঢুকে যায় সেগুলোর কথা বোঝানো হচ্ছে। আর বড় হেডফোন বলতে যেটা পুরো কান ঢেকে রাখে সেটার কথা বুঝানো হচ্ছে। তবে এক্ষেত্রে শব্দের তীব্রতার কথা অবশ্যই মাথায় রাখতে হবে। কান মানব আমাদের মানবদেহের অত্যন্ত মূল্যবান অঙ্গ। তাই এ ব্যাপারে আমাদের সর্বোচ্চ সচেতন হওয়া উচিত। যদি কখনো আপনি মনে করেন আপনার শ্রবন ক্ষমতা কমে যাচ্ছে বা কানে শুনতে সমস্যা হচ্ছে তাহলে দেরি না করেই ডাক্তারের পরামর্শ নিন।লেখক : মহিউদ্দিন আল মামুন"
p-421-a-28,"শারীরিক ভাবে কষ্ট পেলে মানসিক দুঃচিন্তা কমে যায়, এর কারণ কি?",মনোবিজ্ঞান,2,+7,243,https://www.sciencebee.com.bd/qna/6988/%E0%A6%B6%E0%A6%BE%E0%A6%B0%E0%A7%80%E0%A6%B0%E0%A6%BF%E0%A6%95-%E0%A6%A6%E0%A7%81%E0%A6%83%E0%A6%9A%E0%A6%BF%E0%A6%A8%E0%A7%8D%E0%A6%A4%E0%A6%BE,"['শারীরিক', 'কষ্ট', 'মানসিক', 'দুঃচিন্তা']","Nishat Tasnim-সাধারণত নিউরাল ওভারল্যাপের কারণে আমরা যখন শারীরিক ব্যথা অনুভব করি তখন তা আমাদের মানসিক ব্যথা ও দুশ্চিন্তাকে অনেকাংশে কমিয়ে দেয়। মূলত, শারীরিক ব্যথা মানসিক ব্যথার সাথে জড়িত মস্তিষ্কের কিছু জায়গায় ক্রিয়াকলাপ পরিবর্তন করে দেয়। ফলস্বরূপ, শারীরিক ব্যথা আমাদের মনের ব্যথাকে হ্রাস করতে পারে এবং আমাদের স্বস্তি অনুভব হয়।"
p-421-a-29,"শারীরিক ভাবে কষ্ট পেলে মানসিক দুঃচিন্তা কমে যায়, এর কারণ কি?",মনোবিজ্ঞান,2,+7,243,https://www.sciencebee.com.bd/qna/6988/%E0%A6%B6%E0%A6%BE%E0%A6%B0%E0%A7%80%E0%A6%B0%E0%A6%BF%E0%A6%95-%E0%A6%A6%E0%A7%81%E0%A6%83%E0%A6%9A%E0%A6%BF%E0%A6%A8%E0%A7%8D%E0%A6%A4%E0%A6%BE,"['শারীরিক', 'কষ্ট', 'মানসিক', 'দুঃচিন্তা']",Anamika Sultana Sayida-ধরুন আপনি কোনো কিছু নিয়ে অনেক চিন্তা করতেছেন। সারাদিন মাথায় একটাই চিন্তা ঘুরপাক খাচ্ছে।তখন শারিরীক ভাবে আঘাত পেলেন। ধরুন পা ভেঙে গেলো। আপনার প্রচন্ড ব্যাথা। তখন কিন্তু চাইলেই আপনি আগের চিন্তা করতে পারবেন না।যতবার চিন্তা করতে ব্রেইনে প্রেশার দিবেন ততবার আপনার ব্রেইন বলবে যে আপনার পায়ে ব্যাথা হচ্ছে।আপনি চাইলেই পায়ের ব্যাথা ভুলে অন্য চিন্তা করতে পারবেন না। অটোমেটিক ভাবে আপনার সব চিন্তা পায়ের দিকে চলে যাবে আর আপনি আগের চিন্তা ভুলে যাবেন।এইটাই।
p-421-a-30,টক জাতীয় খাবার খেলে প্রায় সময় আমাদের এক চোখ অটোমেটিক্যালি বন্ধ হয়ে যায়। এর কারণ কি?,জীববিজ্ঞান,3,+10,486,https://www.sciencebee.com.bd/qna/6987/%E0%A6%85%E0%A6%9F%E0%A7%8B%E0%A6%AE%E0%A7%87%E0%A6%9F%E0%A6%BF%E0%A6%95%E0%A7%8D%E0%A6%AF%E0%A6%BE%E0%A6%B2%E0%A6%BF,"['টক', 'চোখ', 'বন্ধ']","জিহ্বার স্বাদ গ্রহনের জন্য ছোট ছোট স্বাদ কুঁড়ির সঙ্গে হাজার হাজার bumps আছে। সেগুলো আপনাকে, সুস্বাদু, মিষ্টি, টক, তিক্ত, বা সুস্বাদু যখন স্বাদ জানায়। প্রতিটি স্বাদ কুঁড়ির আছে কয়েকটি স্বাদ কোষ, এতে আছে চুলের মতো ছোট্ট স্প্রাউট যা শুধুমাত্র মাইক্রোস্কোপের সাথে দেখা যায়। যখন মুখের লালায় দ্রবীভূত খাবারগুলি তাদের স্পর্শ করে, তখন মস্তিষ্ক খাবারের তথ্য পায়। যখন তারা খুব টক খাবারের সংপর্শে আসে তখন মুখ কুঁচকে গিয়ে চোখ বন্ধ হতে পারে।প্রায়শই অনিচ্ছাকৃতভাবে এটা ঘটতে পারে। বিপদজনক জিনিসগুলি খেতে না পারার প্রবণতা আমাদের রয়েছে।অবশ্যই, সব টক খাবার খারাপ না।কিন্তু কিছু টক খাবার আমাদের অসুস্থ-করতে পারে।তাই আমাদের মস্তিষ্ক টক খাবারের সংবাদ পেলেই আগে থেকেই সতর্ক করে দেয়।তাই টক খাবারে মুখ কুঁচকে চোখ বন্ধ হয় আবার ঝাল খাবারে লালা আসে, পচা খাবারে বমি চলে আসে।"
p-421-a-31,টক জাতীয় খাবার খেলে প্রায় সময় আমাদের এক চোখ অটোমেটিক্যালি বন্ধ হয়ে যায়। এর কারণ কি?,জীববিজ্ঞান,3,+10,486,https://www.sciencebee.com.bd/qna/6987/%E0%A6%85%E0%A6%9F%E0%A7%8B%E0%A6%AE%E0%A7%87%E0%A6%9F%E0%A6%BF%E0%A6%95%E0%A7%8D%E0%A6%AF%E0%A6%BE%E0%A6%B2%E0%A6%BF,"['টক', 'চোখ', 'বন্ধ']","টক খাবার দেখলে জিহ্বায় পানি আসে কেন?যেকোন টক জাতীয় খাবার দেখলেই আমাদের জিহ্বায় পানি আসে। কারন উক্ত খাবারের স্বাদ কীরকম, তার ধারনা আমাদের জিহ্বা আগে থেকেই জানে। তাই তেঁতুল বা টক জাতীয় খাবার দেখলে বা শুনলেই মানব মনে একধরনের উদ্দীপনা সৃষ্টি হয়। খাবার টক হয় জৈব এসিডের উপস্থিতিতে। যেহেতু জিহ্বা আগে থেকেই এর স্বাদ সম্পর্কে অবগত থাকে, তাই টক খাবার দেখলেই আমাদের মস্তিষ্কের অনিয়ন্ত্রিনযোগ্য অংশের মাঝে উত্তেজনা সৃষ্টি করে। ফলে টক জাতীয় খাবার দেখলেই তা আমাদের স্যালিভা,স্যাকরেশন বাড়ায় যা লালাগ্রন্থী কে লালা ক্ষরন করার নির্দেশ দেয়। তাই জিবে পানি আসে। তবে টক জাতীয় খাবার স্বাদ সমন্ধে যদি পূর্বে থেকে কোন ধারনাই না থাকে তাহলে জিহ্বায় পানি আসবেনা। মূলত তা সিমপ্যাথেটিক ও প্যারাসিমপ্যাথেটিক স্নায়ুর আবেগজনিত ক্রিয়ার ফলে লালারস নিঃসৃত হয়ে থাকে।ধন্যবাদ"
p-421-a-32,টক জাতীয় খাবার খেলে প্রায় সময় আমাদের এক চোখ অটোমেটিক্যালি বন্ধ হয়ে যায়। এর কারণ কি?,জীববিজ্ঞান,3,+10,486,https://www.sciencebee.com.bd/qna/6987/%E0%A6%85%E0%A6%9F%E0%A7%8B%E0%A6%AE%E0%A7%87%E0%A6%9F%E0%A6%BF%E0%A6%95%E0%A7%8D%E0%A6%AF%E0%A6%BE%E0%A6%B2%E0%A6%BF,"['টক', 'চোখ', 'বন্ধ']","আমাদের মস্তিষ্ক টক খাবারকে বিপদজনক মনে করে, যার ফলে জিহ্বা টক স্বাদ পেলে আগে থেকে সংকেত হিসেবে এক চোখ বন্ধ করে দেয়।"
p-421-a-33,পেটের ভিতরের গুরগুর শব্দ বাহিরে আসে কিভাবে?,জীববিজ্ঞান,1,+8,637,https://www.sciencebee.com.bd/qna/6985/%E0%A6%AD%E0%A6%BF%E0%A6%A4%E0%A6%B0%E0%A7%87%E0%A6%B0-%E0%A6%97%E0%A7%81%E0%A6%B0%E0%A6%97%E0%A7%81%E0%A6%B0,"['পেট', 'গুরগুর', 'শব্দ']","Nishat Tasnim-একটানা অনেকক্ষন না খেয়ে থাকলে পেটে ব্যথার সৃষ্টি হয় সেই সাথে মাঝে মাঝে পেট ""গুড় গুড়"" ও করে। একে বলে""Hunger pang""!আমরা যখন অনেক লম্বা সময় ধরে না খেয়ে থাকি (প্রায় ৮-১০ ঘন্টা) তখন পাকস্থলী এর পেশীগুলোতে বিশেষ ধরনের পেশি সংকোচন হয়। আর এই সংকোচন এর জন্য পেইন সেনসেশন আমাদের ব্রেইন এ যায়, ফলে ব্যথা অনুভূত হয় ।আর ঐ সংকোচন এর আওয়াজ টাই আমাদের পেটের ""গুড় গুড়""। তবে এই ""গুড় গুড়"" এর জন্য অন্ত্র এর সংকোচনও কিছুটা দায়ী ।পেটের এই ব্যথা যদি শুধু খিদার কারনেই হয় তাহলে খাওয়ার সাথে সাথে চলে যায়। কিন্তু কিছু কিছু ক্ষেত্রে খিদা ছাড়াও এ ব্যথা হতে পারে।অনেক আন্ত্রিক এবং পাকস্থলীর রোগ এর প্রাথমিক লক্ষণ হলো এই ব্যথা। যদি পর্যাপ্ত খাওয়ার পরেও পেটে ব্যথা থেকে যায় তাহলে ডাক্তার দেখানো উচিত।।শরীরে গ্লুকোজ এর ঘাটতি হলে এই ধরনের ব্যথা দেখা দিতে পারে।©নাফিস হাইয়ান"
p-421-a-34,গর্ভবতী মহিলারা কেনো টক খায়?,জীববিজ্ঞান,3,+8,"1,115",https://www.sciencebee.com.bd/qna/6984/%E0%A6%97%E0%A6%B0%E0%A7%8D%E0%A6%AD%E0%A6%AC%E0%A6%A4%E0%A7%80-%E0%A6%AE%E0%A6%B9%E0%A6%BF%E0%A6%B2%E0%A6%BE%E0%A6%B0%E0%A6%BE,"['গর্ভবতী', 'মহিলা', 'টক']","মহিলারা গর্ভবতী হওয়ার সময় টক জাতীয় খাবার খেতে পছন্দ করার জন্য শারীরবৃত্তীয় কারণগুলি এখানে তিনটি মূল কারণ:1. বমি বমি ভাবের কারণে টক জাতীয় খাবার ক্ষুধা হ্রাস করেগর্ভাবস্থার প্রাথমিক পর্যায়ে, ভ্রূণের প্রাকৃতিক গঠন পাকস্থলীর অ্যাসিড পদার্থকে হ্রাস করতে পারে। গর্ভাবস্থার প্রথম ত্রৈমাসিকের সময়, মায়ের দেহও হজম এনজাইমগুলির ক্রিয়াকলাপ হ্রাস করে, যাতে গর্ভবতী মহিলাগুলি বমি বমি ভাব হয়, ওরফে মর্নিং অসুস্থতা, ক্ষুধা হ্রাস এবং অন্যান্য লক্ষণগুলির মধ্যে থেকে। তাই গর্ভবতী মহিলাদের তাদের ক্ষুধা পুনরুদ্ধার করতে কিছু প্রয়োজন, যার মধ্যে একটি মিষ্টি খাবার খেয়ে।2. শিশুর হাড় গঠনে সহায়তা করেগর্ভাবস্থার 2 থেকে 3 মাস বয়সে, ভ্রূণের কঙ্কাল গঠন শুরু হয়। পটাসিয়াম এবং আয়রনযুক্ত অম্লীয় খাবার খেলে যা বাচ্চাদের হাড় গঠনের জন্য ভাল। সুতরাং কোনও গর্ভবতী মহিলা যদি স্বভাবতই খাবারের স্বাদ গ্রহণ করে এবং খাবারের স্বাদ গ্রহণ করে তবে অবাক হবেন না।৩. ধৈর্য বাড়ানগর্ভাবস্থায় টক খাবার খাওয়া আসলে আয়রন শোষণের জন্য ভাল এবং হিমোগ্লোবিন গঠনে সহায়তা করে। ভিটামিন সিযুক্ত অ্যাসিডিক খাবারগুলি মা এবং ভ্রূণের পুষ্টির জন্য প্রয়োজন। ভিটামিন সি মূলত গর্ভবতী মহিলাদের রোগ প্রতিরোধ ক্ষমতা উন্নত করতে পারে।Medicaldivicetrend"
p-421-a-35,গর্ভবতী মহিলারা কেনো টক খায়?,জীববিজ্ঞান,3,+8,"1,115",https://www.sciencebee.com.bd/qna/6984/%E0%A6%97%E0%A6%B0%E0%A7%8D%E0%A6%AD%E0%A6%AC%E0%A6%A4%E0%A7%80-%E0%A6%AE%E0%A6%B9%E0%A6%BF%E0%A6%B2%E0%A6%BE%E0%A6%B0%E0%A6%BE,"['গর্ভবতী', 'মহিলা', 'টক']","গর্ভবতী মায়ের দেহে হরমোনের প্রতিনিয়ত ওঠানামা হয়। একই সাথে ওই সময়ে দেহে অম্ল ও সোডিয়ামের চাহিদাও বেশি থাকে। চিকিৎসকদের মতে, গর্ভাবস্থায় এমন চেঞ্জ গুলোর জন্যই গর্ভবতী মায়েরা টক বা আচার জাতীয় খাবার খেতে পছন্দ করেন।"
p-421-a-36,গর্ভবতী মহিলারা কেনো টক খায়?,জীববিজ্ঞান,3,+8,"1,115",https://www.sciencebee.com.bd/qna/6984/%E0%A6%97%E0%A6%B0%E0%A7%8D%E0%A6%AD%E0%A6%AC%E0%A6%A4%E0%A7%80-%E0%A6%AE%E0%A6%B9%E0%A6%BF%E0%A6%B2%E0%A6%BE%E0%A6%B0%E0%A6%BE,"['গর্ভবতী', 'মহিলা', 'টক']",এটি দেখুন:https://www.sciencebee.com.bd/qna/6984/%E0%A6%97%E0%A6%B0%E0%A7%8D%E0%A6%AD%E0%A6%AC%E0%A6%A4%E0%A7%80-%E0%A6%AE%E0%A6%B9%E0%A6%BF%E0%A6%B2%E0%A6%BE%E0%A6%B0%E0%A6%BE
p-421-a-37,প্রেমের অনুভূতি শুধু একজনের জন্যেই কেনো আসে?,মনোবিজ্ঞান,4,+11,"4,232",https://www.sciencebee.com.bd/qna/6982/%E0%A6%AA%E0%A7%8D%E0%A6%B0%E0%A7%87%E0%A6%AE%E0%A7%87%E0%A6%B0-%E0%A6%85%E0%A6%A8%E0%A7%81%E0%A6%AD%E0%A7%82%E0%A6%A4%E0%A6%BF,['অনুভূতি'],এটি হয়তো ভুল ধারণা অনেক সময় আমরা দেখি দুজনের ই প্রেমের অনুভুতি আছে।
p-421-a-38,প্রেমের অনুভূতি শুধু একজনের জন্যেই কেনো আসে?,মনোবিজ্ঞান,4,+11,"4,232",https://www.sciencebee.com.bd/qna/6982/%E0%A6%AA%E0%A7%8D%E0%A6%B0%E0%A7%87%E0%A6%AE%E0%A7%87%E0%A6%B0-%E0%A6%85%E0%A6%A8%E0%A7%81%E0%A6%AD%E0%A7%82%E0%A6%A4%E0%A6%BF,['অনুভূতি'],সবসময় একজনের প্রতি আসে তা না। একাধিক জনের সাথেও আসে। তবে সেটি আর প্রেম না হয়ে আকর্ষণ হয়ে যায়। আবার একাধিক জনের  সাথেও হয়।
p-421-a-39,প্রেমের অনুভূতি শুধু একজনের জন্যেই কেনো আসে?,মনোবিজ্ঞান,4,+11,"4,232",https://www.sciencebee.com.bd/qna/6982/%E0%A6%AA%E0%A7%8D%E0%A6%B0%E0%A7%87%E0%A6%AE%E0%A7%87%E0%A6%B0-%E0%A6%85%E0%A6%A8%E0%A7%81%E0%A6%AD%E0%A7%82%E0%A6%A4%E0%A6%BF,['অনুভূতি'],অনেক সময় একজনে ভালোবাসে অন্যপক্ষ রাজি থাকে না সাধারণত। তবে এটা ভালোবাসা না ভালোলাগা।
p-421-a-40,প্রেমের অনুভূতি শুধু একজনের জন্যেই কেনো আসে?,মনোবিজ্ঞান,4,+11,"4,232",https://www.sciencebee.com.bd/qna/6982/%E0%A6%AA%E0%A7%8D%E0%A6%B0%E0%A7%87%E0%A6%AE%E0%A7%87%E0%A6%B0-%E0%A6%85%E0%A6%A8%E0%A7%81%E0%A6%AD%E0%A7%82%E0%A6%A4%E0%A6%BF,['অনুভূতি'],প্রেমের অনুভূতি আসলে দুজনের ভিতরেই আসে। তবে এক তরফা ভালোবাসার মাঝেই একজনের ভিতর প্রেমের অনুভূতি কাজ করে।
p-421-a-41,রাতে আকাশে বিমান চললে শুনা যায় না কেন?,বিবিধ,2,+8,"1,999",https://www.sciencebee.com.bd/qna/6978/%E0%A6%86%E0%A6%95%E0%A6%BE%E0%A6%B6%E0%A7%87-%E0%A6%AC%E0%A6%BF%E0%A6%AE%E0%A6%BE%E0%A6%A8,"['রাত', 'বিমান', 'শব্দ']",Nishat Tasnim-বিমান রাতে এবং দিনে সমান পরিমাণ শব্দই করে। রাতের বেলা বাতাসের তাপমাত্রা দিনের বেলার চেয়ে কম থাকে। শব্দের গতি তাপমাত্রার উপর নির্ভর করে। তাই রাতে বিমান চলাচল করলে তার শব্দ কম শোনা যায়।
p-421-a-42,রাতে আকাশে বিমান চললে শুনা যায় না কেন?,বিবিধ,2,+8,"1,999",https://www.sciencebee.com.bd/qna/6978/%E0%A6%86%E0%A6%95%E0%A6%BE%E0%A6%B6%E0%A7%87-%E0%A6%AC%E0%A6%BF%E0%A6%AE%E0%A6%BE%E0%A6%A8,"['রাত', 'বিমান', 'শব্দ']",আসলে যখন আকাশে বিমান চলে তখন একই পরিমান শব্দ উৎপন্ন হয়। কিন্তু রাত ও দিনে শব্দ শোনার তারতম্য ঘটে বাতাসে তাপমাত্রার কারনে। রাতের বেলা বাতাসের তাপমাত্রা দিনের বেলার চেয়ে কম থাকে। শব্দের গতি তাপমাত্রার উপর নির্ভর করে। তাই রাতে বিমান চলাচল করলে তার শব্দ কম শোনা যায়।
p-421-a-43,কিছু ওষুধ খালি পেটে খেতে হয় আর কিছু ভরা পেটে। এমন কেন?,স্বাস্থ্য ও চিকিৎসা,2,+8,"4,131",https://www.sciencebee.com.bd/qna/6977/%E0%A6%95%E0%A6%BF%E0%A6%9B%E0%A7%81-%E0%A6%93%E0%A6%B7%E0%A7%81%E0%A6%A7-%E0%A6%AA%E0%A7%87%E0%A6%9F%E0%A7%87%E0%A5%A4,"['ওষুধ', 'খালি', 'ভরা', 'পেট']",●একটি জিনিস খেয়াল করেছেন কখনো ! আপনাকে যখনই ব্যাথা বা জ্বরের ট্যাবলেট দেয়া হয় তখন সেটা সবসময় ভরা পেটেই খেতে বলা হয়। এবং সাথে গ্যাস্ট্রিকের ট্যাবলেট অবশ্যই দিয়ে দেয় যেটা খালি পেটে খেতে বলা হয়।● আপনাকে যদি খালি পেটে ব্যাথার ওষুধ খেতে দেয়া হতো তাহলে যে ব্যাথার ওষুধ আপনার উপকারের জন্য সেটাই হতো আপনার জীবন নাশের কারণ সেটা তাৎক্ষণিক হোক বা দেরীতে। কারণ এই টাইপের ওষুধ খালি পেটে খেলে আপনার পাকস্থলীতে রক্তক্ষরণ ও হতে পারে। তাই আগে গ্যাস্ট্রিকের ওষুধ খেয়ে পাকস্থলী ঠান্ডা করা হয় তারপর কিছু খেতে বলা হয় তারপর সেই ব্যাথার ওষুধ●আবার কিছু গ্যাস্ট্রিকের ওষুধ খাবার পরেও খেতে বলা হয় এটা নিয়ে দ্বিধায় পরে যাওয়ার কিছু নেই ব্যাপার হলো খাবার আগের ওষুধটাতে এমন উপাদান ছিলো যেটা পাকস্থলির রস যেন কম বের হয় তাই ব্যবহার করা হয় আর খাবার পরের ওষুধ টা বের হয়ে যাওয়া রসটাকে কন্ট্রল করতে ব্যাবহার করা হয়.●এমন করেই খবার আগে বমির ওষুধ দেয়া হয় যেন খবার সময় বমি বমি ভাব না হয়।●আর এন্টিবায়োটিকের কোনো খাবার আগে পরে নাই(ম্যাক্সিমাম) কারণ হলো এটাতে সময় মেইনটেইন করতে হয়####এবার আসি আসল উত্তরে খাবার আগে শুধু ওইসব ওষুধ গুলোই দেয়া হয় যেগুলো আপনার পাকস্থলির ক্ষতি করেনা। আর খাওয়ার পরে ঐগুলো যারা খালি পেটে গেলে আপনারা পাকস্থলির 12টা বাজিয়ে দিবে।লেখক : চৈতি
p-421-a-44,কিছু ওষুধ খালি পেটে খেতে হয় আর কিছু ভরা পেটে। এমন কেন?,স্বাস্থ্য ও চিকিৎসা,2,+8,"4,131",https://www.sciencebee.com.bd/qna/6977/%E0%A6%95%E0%A6%BF%E0%A6%9B%E0%A7%81-%E0%A6%93%E0%A6%B7%E0%A7%81%E0%A6%A7-%E0%A6%AA%E0%A7%87%E0%A6%9F%E0%A7%87%E0%A5%A4,"['ওষুধ', 'খালি', 'ভরা', 'পেট']",এটি পড়ুন:https://www.sciencebee.com.bd/qna/6977/%E0%A6%95%E0%A6%BF%E0%A6%9B%E0%A7%81-%E0%A6%93%E0%A6%B7%E0%A7%81%E0%A6%A7-%E0%A6%AA%E0%A7%87%E0%A6%9F%E0%A7%87%E0%A5%A4
