id,question,question_category,number_of_answer,number_of_vote,number_of_view,answer_link,question_tag,answer
p-193-a-0,রোবোটিক্স এর গুরুত্ব কী?,প্রযুক্তি,1,+1,148,https://www.sciencebee.com.bd/qna/18501/%E0%A6%B0%E0%A7%8B%E0%A6%AC%E0%A7%8B%E0%A6%9F%E0%A6%BF%E0%A6%95%E0%A7%8D%E0%A6%B8-%E0%A6%97%E0%A7%81%E0%A6%B0%E0%A7%81%E0%A6%A4%E0%A7%8D%E0%A6%AC,"['এইচএসসি-আইসিটি', 'রোবোটিক্স', 'গুরুত্ব']","আজকাল বিভিন্ন শিল্প কারখানায় জিনিসপত্র উঠানামা ও স্থাপনের জন্য রোবট কাজে লাগানো যায়। আবার জিনিসপত্র জোড়া লাগানো, প্যাকিং এবং জিনিষপত্র ব্যবহারের জন্য রোবটের ব্যবহার ফলপ্রসূ। আমরা যে “ড্রোন” দেখি সেটাও রোবটের মতন কাজ করে। তাকে দূর থেকে রিমোটের সাহায্যে নিয়ন্ত্রণ করা হয়। কম্পিউটার এর মাদারবোর্ড এবং অন্যান্য সার্কিট তৈরিতেও রোবট ব্যবহার করা হয়।"
p-193-a-1,রোবট কাকে বলে?,প্রযুক্তি,1,0,378,https://www.sciencebee.com.bd/qna/18499/%E0%A6%B0%E0%A7%8B%E0%A6%AC%E0%A6%9F-%E0%A6%95%E0%A6%BE%E0%A6%95%E0%A7%87-%E0%A6%AC%E0%A6%B2%E0%A7%87,"['এইচএসসি-আইসিটি', 'রোবট']","রোবট শব্দটির উৎপত্তি চেক শব্দ ‘রোবোটা’ থেকে, যার অর্থ ফোরসড লেবার বা মানুষের দাসত্ব কিংবা একঘেয়েমি খাটুনি বা পরিশ্রম করতে পারে এমন যন্ত্র। রোবট হলো কম্পিউটার নিয়ন্ত্রিত একটি স্বয়ংক্রিয় ব্যবস্থা। অর্থাৎ কম্পিউটার রোবটের সকল কাজকর্ম নিয়ন্ত্রণ করে। সকল রোবটের কাজের ধারা পূর্ব থেকে ঠিক করে দেয়া থাকে। পরবর্তীতে সেই নির্দেশ অনুযায়ী রোবট কাজ করে থাকে।রোবটের সাহায্যে যে কোনো প্রতিকূল পরিবেশে কাজ করা যায় এবং শিল্প কারখানায় স্বয়ংক্রিয় উৎপাদন করা যায়। তবে রোবট যে নির্দেশনা ইনুযায়ী কাজ করে তা অনেক শ্রমসাদ্ধ এবং ব্যায়বহুল। কেননা যেই নির্দেশনা তৈরী করতে হয় তাতে হাজার হাজার প্রোগ্রাম কোড ব্যবহার করতে হয়। তাই এটার জন্যে প্রয়োজন অনেক বেশি গবেষণা। জাপানের মুরাতা কোম্পানির মুরাতা বয়, সনি কর্পোরেশনের আইবো ইত্যাদি রোবট প্রায় মানুষের মতন বিশেষ কাজ করতে পারে।"
p-193-a-2,জীববৈচিত্র্য সংরক্ষণের উপায়গুলো কী কী?,পরিবেশ,1,+7,74,https://www.sciencebee.com.bd/qna/18497/%E0%A6%9C%E0%A7%80%E0%A6%AC%E0%A6%AC%E0%A7%88%E0%A6%9A%E0%A6%BF%E0%A6%A4%E0%A7%8D%E0%A6%B0%E0%A7%8D%E0%A6%AF,"['জীববৈচিত্র্য', 'সংরক্ষণ']","জীববৈচিত্র্য সংরক্ষণ:১)গাছ না কাটা এবং প্রচুর গাছ লাগানো।২)পাহাড় না কাটা।৩)নদীর পানি দূষিত না করা।৪)পাখি শিকার না করা।৫)রাস্তা -ঘাটের কুকুর-বিড়াল না মারা।৬)শখের বসে পাখি খাঁচায় আটকে না রেখে প্রকৃতি তে অবমুক্ত করা।৭)প্রত্যেকে নিজ নিজ জায়গা পরিষ্কার-পরিচ্ছন্ন রাখা।এক কথায় যদি বলি, তাহলে বলবো, যেহেতু আমরা সবাই পরিবেশের অংশ, নিজেকে, নিজের পরিবার এর উপর যেমন পূর্ণ দায়িত্ব নিয়ে ভালোবাসেন, ঠিক তেমনি ভাবেই প্রকৃতির প্রত্যেকটি জিনিস কে নিজের মনে করে ভালোবাসুন,ভালো রাখুন,দেখবেন প্রত্যেকে নিজ নিজ জায়গা থেকে যত্নশীল হলে এমনিতেই, জীববৈচিত্র্য সংরক্ষিত থাকতে পারে।"
p-193-a-3,নিউরন কাকে বলে?,জীববিজ্ঞান,1,+8,203,https://www.sciencebee.com.bd/qna/18495/%E0%A6%A8%E0%A6%BF%E0%A6%89%E0%A6%B0%E0%A6%A8-%E0%A6%95%E0%A6%BE%E0%A6%95%E0%A7%87-%E0%A6%AC%E0%A6%B2%E0%A7%87,"['নিউরন', 'স্নায়ুতন্ত্র']",স্নায়ুতন্ত্রের গঠন ও কার্যকরী একককে নিউরন বা স্নায়ুকোষ বলে।
p-193-a-4,এন্টিবায়োটিক বলতে কী বোঝায়?,স্বাস্থ্য ও চিকিৎসা,1,+8,59,https://www.sciencebee.com.bd/qna/18493/%E0%A6%8F%E0%A6%A8%E0%A7%8D%E0%A6%9F%E0%A6%BF%E0%A6%AC%E0%A6%BE%E0%A6%AF%E0%A6%BC%E0%A7%8B%E0%A6%9F%E0%A6%BF%E0%A6%95,"['অ্যান্টিবায়োটিক', 'জৈব-রাসায়নিক']","অ্যান্টিবায়োটিক (ইংরেজি: antibiotic) কয়েক ধরনের জৈব-রাসায়নিক ঔষধ যা অণুজীবদের (বিশেষ করে ব্যাক্টেরিয়া) নাশ করে বা বৃদ্ধিরোধ করে। সাধারানতঃ এক এক অ্যান্টিবায়োটিক এক এক ধরনের প্রকৃয়ায় অন্যান্য অণুজীবের বিরুদ্ধে কাজ করে। বিভিন্ন ব্যাক্টেরিয়া(Bacteria) ও ছত্রাক(Fungi) অ্যান্টিবায়োটিক তৈরি করে। ""অ্যান্টিবায়োটিক"" সাধারণভাবে ব্যাক্টেরিয়ার বিরুদ্ধে ব্যবহার হয়, ভাইরাসের বিরুদ্ধে কাজ করে না। তবে অ্যান্টিবায়োটিক হল আরও বড় জীবাণু-নাশক শ্রেণীর সদস্য যার মধ্যে আছে নানা প্রকার অ্যান্টি-ভাইরাল (ভাইরাস-নাশক), অ্যান্টি-ফাঙ্গাল (ছত্রাক-নাশক) ইত্যাদি। প্রকৃতিতেও বহু জীবাণু-নাশক আছে যাদের অনেককেই এখনও ঔষধ হিসাবে পরিক্ষা করে দেখা হয়নি, যেমন ব্যাক্টেরিওসিন (Bacteriocin)- ব্যাক্টেরিয়া দ্বারা নিসৃত কাছাঁকাছি ধরনের ব্যাক্টেরিয়া-ঘাতক প্রোটিন টক্সিন (বিষ)। সাধারণভাবে অ্যান্টিবায়োটিক শব্দটি ক্ষুদ্র জৈব-রাসায়নিক পদার্থ বোঝায়, বৃহত প্রোটিন নয় বা অজৈব-রাসায়নিক অণু নয়, (যেমন আর্সেনিক)Source: Wikipedia"
p-193-a-5,প‍্যারালডিহাইডের গাঠনিক সংকেত কী?,রসায়ন,1,+8,"1,021",https://www.sciencebee.com.bd/qna/18489/%E0%A6%AA%E2%80%8D%E0%A7%8D%E0%A6%AF%E0%A6%BE%E0%A6%B0%E0%A6%BE%E0%A6%B2%E0%A6%A1%E0%A6%BF%E0%A6%B9%E0%A6%BE%E0%A6%87%E0%A6%A1%E0%A7%87%E0%A6%B0,"['প্যারালডিহাইড', 'গাঠনিক', 'সংকেত']",প্যারালডিহাইড হলো মূলত ইথ্যান্যালের ট্রাইমার ।তিন অনু ইথ্যান্যালকে উত্তপ্ত করলে এটি তৈরি হয়। ঘুমের ওষুধ তৈরিতে এর ব্যবহার হয়ে থাকে। এটি হিপনোটিক পদার্থ হিসেবেও পরিচিত।
p-193-a-6,আর্টিফিসিয়াল ইন্টেলিজেন্স বলতে কী বুঝায়?,প্রযুক্তি,1,+1,769,https://www.sciencebee.com.bd/qna/18483/%E0%A6%86%E0%A6%B0%E0%A7%8D%E0%A6%9F%E0%A6%BF%E0%A6%AB%E0%A6%BF%E0%A6%B8%E0%A6%BF%E0%A6%AF%E0%A6%BC%E0%A6%BE%E0%A6%B2,"['এইচএসসি-আইসিটি', 'আর্টিফিসিয়াল', 'ইন্টেলিজেন্স']","আর্টিফিশিয়াল ইন্টেলিজেন্স (Artificial Intelligence) হলো মূলত মানুষ যেভাবে চিন্তা করে, কৃত্রিম উপায়ে কম্পিউটারে সেভাবে চিন্তা ভাবনার রূপদান করা। বাংলায় একে আমরা কৃত্রিম বুদ্ধিমত্তা বলে থাকি। আমরা একটি জিনিস চিন্তা করি। একটা কম্পিউটার যেভাবে অতি দ্রুত কাজ গুলো সম্পন্ন করে, মানুষ কি সেভাবে পারে? না, পারে না। Artificial Intelligence এ মানুষের বুদ্ধি কে কাজে লাগিয়ে কম্পিউটার পরিচালনা করা হয়। কৃত্রিম বুদ্ধিমত্তা সাধারণত কম্পিউটার কিভাবে মানুষের মতো চিন্তা করবে, কিভাবে অসম্পূর্ণ তথ্য দিয়ে পূর্ণাঙ্গ সিদ্ধান্তে পৌঁছাবে, কিভাবে সমস্যা সমাধান করবে, কিভাবে বিচক্ষণতার পরিকল্পনা প্রণয়ন করবে ইত্যাদি নিয়ে গবেষণা করে।কিছুদিন আগে সামাজিক যোগাযোগের মাধ্যম Facebook (ফেইসবুক) অফিসে গবেষণার সময় দেখা যায় যে ২টি আলাদা আর্টিফিশিয়াল ইন্টেলিজেন্ট প্রোগ্রাম নিজেদের মধ্যে নতুন একটি ভাষায় কথা বলছে, যার কারণে অতি দ্রুত সেটি বন্ধ করে দেয় ফেইসবুক কর্তৃপক্ষ। এটা দেখে অনেকেই মনে করতে পারে যে artificial intelligence ক্ষতিকর অথবা মারাত্মক কিছু। কিন্তু এরকম কিছুই না। Artificial Intelligence এর জন্য আমাদের জীবন যাত্রা আরো সুষম হচ্ছে ধীরে ধীরে। বিভিন্ন সূত্রের প্রতিপাদন ও সমস্যা সমাধান, জ্ঞানের উপস্থাপন, পরিকল্পনা, যন্ত্রের শিক্ষায় এবং স্পিচ ও প্যাটার্ন শনাক্তকরণ ইত্যাদি কাজে আর্টিফিশিয়াল ইন্টেলিজেন্স এর ব্যাবহার উল্লেখযোগ্য।"
p-193-a-7,ভার্চুয়াল রিয়েলিটির প্রভাব কেমন?,প্রযুক্তি,1,0,119,https://www.sciencebee.com.bd/qna/18481/%E0%A6%AD%E0%A6%BE%E0%A6%B0%E0%A7%8D%E0%A6%9A%E0%A7%81%E0%A7%9F%E0%A6%BE%E0%A6%B2-%E0%A6%B0%E0%A6%BF%E0%A7%9F%E0%A7%87%E0%A6%B2%E0%A6%BF%E0%A6%9F%E0%A6%BF%E0%A6%B0,"['এইচএসসি-আইসিটি', 'ভার্চুয়াল', 'রিয়েলিটি', 'প্রভাব']","ভার্চুয়াল রিয়েলিটি এর ধারণা কিন্তু বেশি পুরাতন না। এটি মাত্র আমাদের মধ্যে ডানা মেলতে শুরু করেছে। ধীরে ধীরে এটি সবদিকে ছড়িয়ে যাবে এবং খুব সহজে পাওয়া যাবে। কিন্তু এর ইতিবাচক এবং নেতিবাচক উভয় ধরণের প্রভাব আছে।আমরা যেমন চিকিৎসা ক্ষেত্রে ভার্চুয়াল রিয়েলিটির প্রয়োগ করে বিভিন্ন ধরনের মারাত্মক ভুল এড়াতে পারি। সিমুলেটেড ট্রেনিং এর মাধ্যমে আমরা শিক্ষার্থীদের প্রশিক্ষণ দিতে পারি। আবার মিলিটারি প্রশিক্ষণেও এর ব্যবহার লক্ষ্য করা যায়। বিমান প্রশিক্ষণে ভার্চুয়াল রিয়ালিটির ব্যবহার অপরিসীম। ফ্লাইট সিমুলেটর এর মাধ্যমে বিমান চালনার ট্রেনিং নেয়া যায়। আমরা আমাদের সৈনিকদের অনেক উন্নত প্রশিক্ষণ দিতে পারবো এর মাধ্যমে।ভার্চুয়াল রিয়েলিটির কিছু নেতিবাচক প্রভাব আছে যা আমাদের জীবনের সাথে সম্পর্কিত। Dehumanization ইস্যুটি হলো ভার্চুয়াল রিয়েলিটির প্রভাবে মনুষ্যত্ব হারানো। আসলে জিনিসটা হলো যে আমাদের অস্তিত্ব টিকিয়ে রাখার জন্যে আমাদের বাস্তব থাকা তা খুব বেশি দরকার। ভার্চুয়াল রিয়েলিটির প্রভাব বেশি বিস্তার হলে তখন মানুষ বেশির ভাগ সময় প্রযুক্তির সংস্পর্শে থাকার জন্যে ভার্চুয়াল জগতে থাকতে পছন্দ করবে। এতে করে সে ইচ্ছেমতন তার কল্পনার জগতে বিচরণ করতে পারবে। এভাবে যদি মানুষ ক্রমাগত googles আর gloves ব্যবহার করে কল্পনার রাজ্যে বিচরণ করে, তাহলে মানব সমাজ বিলুপ্ত হতে বেশিদিন লাগবে না। ভার্চুয়াল রিয়েলিটির জন্যে মানুষের দৃষ্টিশক্তিও ক্ষতিগ্রস্ত হয়।"
p-193-a-8,ভার্চুয়াল রিয়েলিটি কী?,প্রযুক্তি,1,0,35,https://www.sciencebee.com.bd/qna/18479/%E0%A6%AD%E0%A6%BE%E0%A6%B0%E0%A7%8D%E0%A6%9A%E0%A7%81%E0%A6%AF%E0%A6%BC%E0%A6%BE%E0%A6%B2,"['এইচএসসি-আইসিটি', 'ভার্চুয়াল', 'রিয়েলিটি']",প্রকৃত অর্থে বাস্তব নয় কিন্তু বাস্তবের চেতনার উদ্যোগকারী বিজ্ঞান নির্ভর কল্পনাকে ভার্চুয়াল রিয়েলিটি বা অনুভবের বাস্তবতা কিংবা কল্পবাস্তবতা বলে।ভার্চুয়াল রিয়েলিটি হচ্ছে সফটওয়্যার নির্মিত একটি কাল্পনিক পরিবেশ যা ব্যবহারকারীর কাছে বাস্তব জগৎ হিসেবে বিবেচিত হয়। এখানে অনুকরণকৃত পরিবেশ হুবুহু বাস্তব পৃথিবীর মতন হতে পারে। আবার অনেক সময় অনুকরণকৃত পরিবেশ বাস্তব পরিবেশ থেকে আলাদা হতে পারে।
p-193-a-9,বিশ্বগ্রাম কী?,প্রযুক্তি,1,0,302,https://www.sciencebee.com.bd/qna/18477/%E0%A6%AC%E0%A6%BF%E0%A6%B6%E0%A7%8D%E0%A6%AC%E0%A6%97%E0%A7%8D%E0%A6%B0%E0%A6%BE%E0%A6%AE,"['এইচএসসি-আইসিটি', 'বিশ্বগ্রাম']",সভ্যতার শুরুতে মানুষ যেমন বিভিন্ন দ্রব্যাদি আদান প্রদানের মাধ্যমে একে অপরের প্রয়োজন মিটিয়ে আসতো ঠিক তেমনি বর্তমান আধুনিক বিশ্বেও মানুষ একে অপরকে সেবা প্রদানের মাধ্যমে প্রয়োজন মিটিয়ে থাকে কিন্তু সেটা হলো তথ্য ও প্রযুক্তি ব্যবহারের মাধ্যমে।আমরা যদি বিশ্বগ্রামের সংজ্ঞা জানতে চাই তাহলে বলা যেতে পারে-গ্লোবাল ভিলেজ বা বিশ্বগ্রাম হচ্ছে এমন একটি পরিবেশ যেখানে পৃথিবীর সকল মানুষই একটি একক সমাজে বসবাস করে এবং ইলেকট্রনিক মিডিয়া ও তথ্য প্রযুক্তির ব্যবহারের মাধ্যমে একে অপরকে সেবা প্রদান করে থাকে।
p-193-a-10,ইন্টারনেট কী?,প্রযুক্তি,1,0,58,https://www.sciencebee.com.bd/qna/18475/%E0%A6%87%E0%A6%A8%E0%A7%8D%E0%A6%9F%E0%A6%BE%E0%A6%B0%E0%A6%A8%E0%A7%87%E0%A6%9F-%E0%A6%95%E0%A7%80,"['এইচএসসি-আইসিটি', 'ইন্টারনেট']",“ইন্টারনেট হচ্ছে নেটওয়ার্কের নেটওয়ার্ক” অনেক গুলো কম্পিউটারকে যুক্ত করে যেমন এক বা একাধিক নেটওয়ার্ক তৈরি করা হচ্ছে ঠিক তেমনি পৃথিবীর সকল কম্পিউটারের মধ্যে ডাটা বা তথ্য আদান প্রদান করার জন্য রয়েছে একটি নেটওয়ার্ক যাকে বলা হচ্ছে ইন্টারনেট।ইন্টারনেট কিছু নির্দেশ বা নিয়মাবলী মেনে চলে তথ্য আদান প্রদান করার সময় যেটাকে বলা হয়ে থাকে প্রটোকল। বর্তমানে এটিকে Internet Protocol (IP) বলা হয়ে থাকে।
p-193-a-11,রেডিও কেমন প্রযুক্তি?,প্রযুক্তি,1,+1,52,https://www.sciencebee.com.bd/qna/18473/%E0%A6%B0%E0%A7%87%E0%A6%A1%E0%A6%BF%E0%A6%93-%E0%A6%AA%E0%A7%8D%E0%A6%B0%E0%A6%AF%E0%A7%81%E0%A6%95%E0%A7%8D%E0%A6%A4%E0%A6%BF,"['এইচএসসি-আইসিটি', 'রেডিও', 'প্রযুক্তি']","রেডিও হলো এক প্রকারের যোগাযোগ ব্যবস্থা যেখানে প্রথমে শব্দ তরঙ্গকে বৈদ্যুতিক পরিবর্তী প্রবাহ (AC/ Alternating Current) এ রূপান্তর করা হয় , পরে সেটিকে তড়িৎ চৌম্বকীয় তরঙ্গে পরিণত করে শূন্যমাধ্যমের মধ্য দিয়ে চালনা করা হয়, এবং সেটিকে পুনরায় একই ভাবে শব্দ তরঙ্গে যখন রূপান্তর করা হয় তখন আমরা সেই প্রেরিত শব্দ শুনতে পাই।"
p-193-a-12,যোগাযোগ-প্রযুক্তি বলতে কী বুঝায়?,প্রযুক্তি,1,+1,443,https://www.sciencebee.com.bd/qna/18471/%E0%A6%AF%E0%A7%8B%E0%A6%97%E0%A6%BE%E0%A6%AF%E0%A7%8B%E0%A6%97-%E0%A6%AA%E0%A7%8D%E0%A6%B0%E0%A6%AF%E0%A7%81%E0%A6%95%E0%A7%8D%E0%A6%A4%E0%A6%BF,"['এইচএসসি-আইসিটি', 'যোগাযোগ', 'প্রযুক্তি']","কোনো তথ্য যদি একটি নির্দিষ্ট জায়গায় আবদ্ধ হয়ে থাকে, তবে তার কোনো মূল্য থাকে না। তথ্য যথার্থতা লাভ করে আদান-প্রদান এর মাধ্যমে। তথ্য যোগাযোগ প্রযুক্তির সাথে সংশ্লিষ্ট প্রযুক্তিকে যোগাযোগ প্রযুক্তি বলে। যেকোনো যন্ত্র (যেমন- কম্পিউটার, মোবাইল ইত্যাদি ) এর মাধ্যমে তথ্যকে একস্থান থেকে অন্য স্থানে কিংবা এক যন্ত্র থেকে অন্য যন্ত্রে স্থানান্তরের প্রক্রিয়া হচ্ছে তথ্য যোগাযোগ প্রক্রিয়া। এই প্রক্রিয়াকে অবশ্যই নির্ভরযোগ্য হতে হবে এবং তথ্য আদান-প্রদানের সময় যাতে এর কোনো ক্ষতি সাধন না হয় সেদিকে লক্ষ্য রাখতে হবেকখনো কখনো কোনো প্রযুক্তি একা যতটা না পরিবর্তন আনতে পারে, দুটো প্রযুক্তি মিলে এর চেয়ে অনেক বেশি গুরুত্বপূর্ণ পরিবর্তন আনতে পারে। এর সবচেয়ে উদাহরণ হচ্ছে তথ্য প্রযুক্তি ও যোগাযোগ প্রযুক্তির একীভূতকরণ অর্থাৎ তথ্য ও যোগাযোগ প্রযুক্তি।১৫ বছর আগের কথা চিন্তা করো। যখন মোবাইল ফোনের কথা অনেকে চিন্তাও করতে পারতো না। তখন যোগাযোগের মাধ্যম ছিলো চিঠি, রেডিও ইত্যাদি। তখনকার দিনে যোগাযোগ করতে অনেক বেশি সময় ব্যয় হতো। এরপর চলে আসলো মোবাইল, টেলিভিশন, টেলিগ্রাফ, টেলিপ্রিন্টার, ফ্যাক্স ইত্যাদি। এইগুলো আসার পর যোগাযোগ ব্যবস্থার আগের চেয়ে অনেক উন্নতি হয়েছে। তথ্য আদান প্রদানে এসেছে গতি। কিন্তু মানুষের তথ্যের চাহিদা প্রতিনিয়ত বেড়েই চলছে। মানুষ এখন যখন যেখানে প্রয়োজন তখন সেখানে সঠিক তথ্য পেতে চায়। কিন্তু মানুষের এই চাহিদা পূরণ শুধুমাত্র তথ্য প্রযুক্তি দ্বারা সম্ভব নয়। এর জন্য প্রয়োজন তথ্য প্রযুক্তির সাথে যোগাযোগ প্রযুক্তির সংযোজন এবং ক্রমাগত এর সীমাবর্ধন। সার্বিকভাবে প্রযুক্তির ব্যাপক উন্নয়নের ফলে তথ্য প্রযুক্তি ও যোগাযোগ প্রযুক্তির একীভূতকরণ করা হয়েছে।বাংলাদেশের তথ্য ও যোগাযোগ প্রযুক্তি নীতিমালা ২০০৯ অনুসারে তথ্য ও যোগাযোগ প্রযুক্তি বলতে, “যেকোনো প্রকারের তথ্যের উৎপত্তি, সংরক্ষণ, প্রক্রিয়াকরণ, সঞ্চালন এবং বিচ্ছুরণে ব্যবহৃত সকল ইলেক্ট্রনিক প্রযুক্তি” কে বোঝায়। বিশ্বব্যাংক গ্রুপ কর্তৃক প্রকাশিত তথ্য ও যোগাযোগ প্রযুক্তি (Information & Communication Technology-ICT) সেক্টর উন্নয়ন কৌশলপত্র অনুসারে-“ICT consists of hardware, software, networks and media for collection, storage, processing, transmission and presentation of information (Voice, data, text, images).”"
p-193-a-13,তথ্য-প্রযুক্তি বলতে কী বুঝায়?,প্রযুক্তি,2,+2,551,https://www.sciencebee.com.bd/qna/18469/%E0%A6%AA%E0%A7%8D%E0%A6%B0%E0%A6%AF%E0%A7%81%E0%A6%95%E0%A7%8D%E0%A6%A4%E0%A6%BF-%E0%A6%AC%E0%A7%81%E0%A6%9D%E0%A6%BE%E0%A7%9F,"['এইচএসসি-আইসিটি', 'তথ্য', 'প্রযুক্তি']","মানুষের কিছু আবশ্যিক অধিকারগুলোর মধ্যে সবচেয়ে গুরুত্বপূর্ণ অধিকার হচ্ছে তথ্য জানার অধিকার। প্রতিনিয়ত আমরা নানান ধরনের তথ্য পাচ্ছি। এর ফলে তথ্যের পরিমাণও দিন দিন বৃদ্ধি পাচ্ছে। বিভিন্ন ক্ষেত্রে মানুষের সক্রিয় অংশ গ্রহণ বৃদ্ধি পাওয়ার ফলে মানুষের কাছে উপযুক্ত সময়ে উপযুক্ত তথ্য পাওয়ার গুরুত্বও অনেক বেড়ে যাচ্ছে। কারণ একজন মানুষের পক্ষে অনেক তথ্য একসাথে জানা বা সংরক্ষণ করা সম্ভব না। এই জন্য, প্রযুক্তির সহায়তা নিয়ে সঠিক সময়ে সঠিক তথ্যের সহজলভ্যতা নিশ্চিত করা প্রয়োজন। আর এটিকে মূলত ‘তথ্য প্রযুক্তি’ বলে আখ্যায়িত করা হয়।বর্তমান জ্ঞান-বিজ্ঞানের যুগে দ্রুত সিদ্ধান্ত নেয়ার জন্য, অথবা দক্ষ ব্যবস্থাপনার জন্য তথ্য আহরণ, সংরক্ষণ, প্রক্রিয়াকরণ ও তথ্য বিতরণের গুরুত্ব অনেক। আর এই তথ্য আহরণ, সংরক্ষণ, প্রক্রিয়াকরণ, বিতরণ ও এর সঙ্গে সংশ্লিষ্ট সামগ্রিক কার্যাবলী পরিচালনার বিজ্ঞানসম্মত প্রক্রিয়াকেই তথ্য প্রযুক্তি বলে।Oxford English Dictionary অনুসারে তথ্য প্রযুক্তি হলো-“The branch of technology concerned with the dissemination, processing and storage of information, esp. By means of computers.”Information Technology Association of America (ITAA) এর সংজ্ঞা অনুসারে তথ্য প্রযুক্তি হলো-“The study, design, development, implementation, support or management of computer-based information systems, particularly software applications and computer hardware.”তথ্য প্রযুক্তি মূলত ইনপুট হিসেবে উপাত্ত গ্রহণ করে এবং উপাত্তকে প্রক্রিয়াজাত করে আউটপুট হিসেবে তথ্য উৎপন্ন করে।"
p-193-a-14,তথ্য-প্রযুক্তি বলতে কী বুঝায়?,প্রযুক্তি,2,+2,551,https://www.sciencebee.com.bd/qna/18469/%E0%A6%AA%E0%A7%8D%E0%A6%B0%E0%A6%AF%E0%A7%81%E0%A6%95%E0%A7%8D%E0%A6%A4%E0%A6%BF-%E0%A6%AC%E0%A7%81%E0%A6%9D%E0%A6%BE%E0%A7%9F,"['এইচএসসি-আইসিটি', 'তথ্য', 'প্রযুক্তি']","যে প্রযুক্তির মাধ্যমেতথ্যসংগ্রহ, এর সত্যতা ও বৈধতা যাচাই, সংরক্ষণ, প্রক্রিয়াকরণ, আধুনিকীকরণ, পরিবহন, বিতরণ ও ব্যবস্থাপনা করা হয় তাকেতথ্য প্রযুক্তিবা ইনফরমেশন টেকনোলজি (Information Technology) সংক্ষেপে আইটি (IT) বলা হয়।"
p-193-a-15,পরিবেশের উপর প্লাস্টিকের কি ধরণের প্রভাব আছে?,পরিবেশ,3,+6,146,https://www.sciencebee.com.bd/qna/18462/%E0%A6%AA%E0%A7%8D%E0%A6%B2%E0%A6%BE%E0%A6%B8%E0%A7%8D%E0%A6%9F%E0%A6%BF%E0%A6%95%E0%A7%87%E0%A6%B0,"['প্লাস্টিক', 'পরিবেশ']","বেশিরভাগ প্লাস্টিক টেকসই এবং খুব ধীরে ধীরে ক্ষয় হয়, কারণ প্লাস্টিকের রাসায়নিক কাঠামো তাদের প্রাকৃতিক পদ্ধতিতে ক্ষয় হওয়া থেকে প্রতিরোধী করে তোলে।ওশান কনজারভেন্সি জানিয়েছে যে চীন, ইন্দোনেশিয়া, ফিলিপাইন, থাইল্যান্ড এবং ভিয়েতনাম অন্যান্য সমস্ত দেশের চেয়ে বেশি প্লাস্টিক সমুদ্রে ফেলে দেয়। ছাং চিয়াং নদী, সিন্ধু নদ, হুয়াংহো নদী, হাই নদী, নীলনদ, গঙ্গা নদী, ছুচিয়াং নদী, আমুর নদী, নাইজার নদী এবং মেকং নদী বিশ্বব্যাপী প্লাস্টিকের ৮৮-৯৫% সমুদ্রের মধ্যে পরিবহন করে।প্লাস্টিক পুনর্ব্যবহার:প্লাস্টিক উৎপাদনের প্রথম দিন থেকে ২০১৫ সাল অবধি বিশ্ব প্রায় ৬.৩ বিলিয়ন টন প্লাস্টিকের বর্জ্য উৎপাদন করেছিল, যার মধ্যে ৯% পুনর্ব্যবহার করা হয়েছে, যদিও সমস্ত প্লাস্টিকের মাত্র ~১% একাধিকবার পুনর্ব্যবহার করা হয়েছে।Source: Wikipedia"
p-193-a-16,পরিবেশের উপর প্লাস্টিকের কি ধরণের প্রভাব আছে?,পরিবেশ,3,+6,146,https://www.sciencebee.com.bd/qna/18462/%E0%A6%AA%E0%A7%8D%E0%A6%B2%E0%A6%BE%E0%A6%B8%E0%A7%8D%E0%A6%9F%E0%A6%BF%E0%A6%95%E0%A7%87%E0%A6%B0,"['প্লাস্টিক', 'পরিবেশ']","তাই প্লাস্টিক বর্জ্য পরিবেশে দীর্ঘস্থায়ী ক্ষতিকর প্রভাব সৃষ্টি করে ৷ সাধারনত উদ্ভিদকূল, জলজ প্রাণী, দ্বীপ অঞ্চলের প্রাণীরা প্লাস্টিক বর্জ্যের জন্য মারাত্মক ক্ষতির সম্মুখীন হচ্ছে৷ প্লাস্টিক বর্জ্য ঐসকল প্রাণীর বাসস্থান, খাদ্য সংগ্রহের স্থান ও উদ্ভিদের খাদ্য গ্রহণের পথে বাধার সৃষ্টি করে"
p-193-a-17,পরিবেশের উপর প্লাস্টিকের কি ধরণের প্রভাব আছে?,পরিবেশ,3,+6,146,https://www.sciencebee.com.bd/qna/18462/%E0%A6%AA%E0%A7%8D%E0%A6%B2%E0%A6%BE%E0%A6%B8%E0%A7%8D%E0%A6%9F%E0%A6%BF%E0%A6%95%E0%A7%87%E0%A6%B0,"['প্লাস্টিক', 'পরিবেশ']","প্লাস্টিক বেশি যেহেতু অসংখ্য মনোমার দিয়ে তৈরি এক ধরণের পলিমার। যা মাটির ৩০০-৪০০ বছর পর মাটির সাথে মিশে,মাটিতে রাখলে মাটির পরিবেশ দূষিত হয়,পোড়ানো কার্বন মনোক্সাইড মতো ক্ষতিকর গ্যাস উৎপন্ন হয়।"
p-193-a-18,ইলেকট্রন আসক্তি কাকে বলে?,রসায়ন,3,+6,"12,394",https://www.sciencebee.com.bd/qna/18459/%E0%A6%87%E0%A6%B2%E0%A7%87%E0%A6%95%E0%A6%9F%E0%A7%8D%E0%A6%B0%E0%A6%A8-%E0%A6%86%E0%A6%B8%E0%A6%95%E0%A7%8D%E0%A6%A4%E0%A6%BF,"['এইসএসসি-রসায়ন', 'ইলেকট্রন', 'আসক্তি']",গ্যাসীয় অবস্থায় কোনো মৌলের 1 মোল চার্জ নিরপেক্ষ বিছিন্ন পরমাণুর প্রত্যেকটির সাথে একটি করে মোট 1 মোল ইলেকট্রন পরমাণুর সর্বশেষ শক্তিস্তরে যুক্ত হয়ে 1 মোল একক ঋণাত্নক চার্জযুক্ত গ্যাসীয় আযন সৃষ্টি করতে যে পরিমাণ শক্তি নির্গত হয় তা হলো ঐ মৌলের ইলেকট্রন আসক্তি।
p-193-a-19,ইলেকট্রন আসক্তি কাকে বলে?,রসায়ন,3,+6,"12,394",https://www.sciencebee.com.bd/qna/18459/%E0%A6%87%E0%A6%B2%E0%A7%87%E0%A6%95%E0%A6%9F%E0%A7%8D%E0%A6%B0%E0%A6%A8-%E0%A6%86%E0%A6%B8%E0%A6%95%E0%A7%8D%E0%A6%A4%E0%A6%BF,"['এইসএসসি-রসায়ন', 'ইলেকট্রন', 'আসক্তি']",ইলেকট্রন আসক্তি ( Electron Affinities): গ্যাসীয় অবস্থায় কোনো মৌলের এক মোল গ্যাসীয় পরমাণুতে এক মোল ইলেকট্রন প্রবেশ করিয়ে ঋণাত্মক আয়নে পরিনত করতে যে শক্তি নির্গত হয় তাকে ঐ মৌলের ইলেকট্রন আসক্তি বলে।
p-193-a-20,ইলেকট্রন আসক্তি কাকে বলে?,রসায়ন,3,+6,"12,394",https://www.sciencebee.com.bd/qna/18459/%E0%A6%87%E0%A6%B2%E0%A7%87%E0%A6%95%E0%A6%9F%E0%A7%8D%E0%A6%B0%E0%A6%A8-%E0%A6%86%E0%A6%B8%E0%A6%95%E0%A7%8D%E0%A6%A4%E0%A6%BF,"['এইসএসসি-রসায়ন', 'ইলেকট্রন', 'আসক্তি']",ইলেকট্রন আসক্তি ( Electron Affinities): গ্যাসীয় অবস্থায় কোনো মৌলের এক মোল গ্যাসীয় পরমাণুতে এক মোল ইলেকট্রন প্রবেশ করিয়ে ঋণাত্মক আয়নে পরিনত করতে যে শক্তি নির্গত হয় তাকে ঐ মৌলের ইলেকট্রন আসক্তি
p-193-a-21,বিড়াল পোষা কী বিপদজনক?,স্বাস্থ্য ও চিকিৎসা,1,+1,114,https://www.sciencebee.com.bd/qna/18457/%E0%A6%AC%E0%A6%BF%E0%A7%9C%E0%A6%BE%E0%A6%B2-%E0%A6%AC%E0%A6%BF%E0%A6%AA%E0%A6%A6%E0%A6%9C%E0%A6%A8%E0%A6%95,"['বিড়াল', 'পোষা', 'বিপদজনক']","টক্সোপ্লাজমা গন্ডী বলে বিচিত্র এক পরজীবি আছে। এদের মূল পোষক হলো বিড়াল। একমাত্র বিড়ালের দেহের মধ্যেই এরা বংশবৃদ্ধি করে। তাই সে এমন বাহক খুঁজে বেড়ায় যাকে কিনা বিড়াল খেতে পারে। যেমন ধরা যাক ইঁদুর। সাধারণত ইদুর বিড়ালের মূত্র এড়িয়ে চলে। কিন্তু টক্সোপ্লাজমা আক্রান্ত ইঁদুর বিড়ালের মূত্রের প্রতি দুর্নিবার আকর্ষণ অনুভব করে। ফলাফল একটাই – বিড়ালের সহজ শিকারে পরিণত হওয়া। ইদুরের সাথে সাথে টক্সোপ্লাজমাও বেড়লের দেহের ভিতরে গিয়ে বংশবৃদ্ধি করে, ছড়িয়ে দেয় নিজেকে।খারাপ খবর এই যে, টক্সোপ্লাজমা মানুষের মাথাতেও বাসা বাঁধতে পারে। সেখানে সে সাধারণত ঘুমিয়েই থাকে। কিন্তু ঘুম শেষে জেগে উঠলে সে কিছু রাসায়নিক ক্ষরণ করে। এই রাসায়নিকগুলো মানুষের আচরণের উপর প্রভাব ফেলে। সে উত্তেজনা-প্রবণ হয়ে যায়, কম সময়ের মধ্যে ঝুঁকিপূর্ণ সিদ্ধান্ত নিয়ে ফেলে।ক্রেডিট: বিজ্ঞান পত্রিকা"
p-193-a-22,প্রতিরক্ষা ব্যবস্থায় স্মৃতিকোষের ভূমিকা কী?,প্রাণিবিদ্যা,2,+1,128,https://www.sciencebee.com.bd/qna/18455/%E0%A6%B8%E0%A7%8D%E0%A6%AE%E0%A7%83%E0%A6%A4%E0%A6%BF%E0%A6%95%E0%A7%8B%E0%A6%B7%E0%A7%87%E0%A6%B0,"['এইচএসসি-প্রাণীবিজ্ঞান', 'প্রতিরক্ষা', 'স্মৃতিকোষ', 'ভূমিকা']","প্রতিরক্ষা ব্যবস্থায় মূলত ২ ধরনের স্মৃতিকোষ কাজ করে:১. মেমোরি T কোষ২. মেমোরি B কোষT লিম্ফোসাইট ও B লিম্ফোসাইট রূপান্তরিত হয়ে যথাক্রমে এই ২ ধরনের স্মৃতিকোষ তৈরি করে। কোষগুলো সারা দেহে অনুপ্রবেশকারী জীবাণুর সন্ধানে থাকে এবং আগের কথা মনে রেখে দ্রুত জীবাণু ধ্বংস করে। T কোষ জীবাণুকে সরাসরি আক্রমণ করে, অপরদিকে B কোষ অ্যান্টিবডি উৎপন্ন করে জীবাণু ধ্বংসে নিয়োজিত হয়।দেহে কোনো জীবাণু প্রথমবারের মত সংক্রমণ ঘটালে তার বিরুদ্ধে গড়ে ওঠে প্রাইমারি সাড়া। আবারও যদি ঐ জীবাণু দেহে সংক্রমণ ঘটায় তখন স্মৃতিকোষগুলো প্রাইমারি সাড়ার কথা মনে করে দ্রুত সেকেন্ডারি সাড়া দিয়ে দেহকে রোগমুক্ত রাখে।"
p-193-a-23,প্রতিরক্ষা ব্যবস্থায় স্মৃতিকোষের ভূমিকা কী?,প্রাণিবিদ্যা,2,+1,128,https://www.sciencebee.com.bd/qna/18455/%E0%A6%B8%E0%A7%8D%E0%A6%AE%E0%A7%83%E0%A6%A4%E0%A6%BF%E0%A6%95%E0%A7%8B%E0%A6%B7%E0%A7%87%E0%A6%B0,"['এইচএসসি-প্রাণীবিজ্ঞান', 'প্রতিরক্ষা', 'স্মৃতিকোষ', 'ভূমিকা']",মানবদেহের প্রতিরক্ষা ব্যবস্থার অন্যতম গুরুত্বপূর্ণ কোষ হলো স্মৃতি কোষ বা মেমরি সেল। এই কোষগুলো আক্রমণরত জীবাণুর (প্যাথোজেন) সংস্পর্শে এলে নিজের প্রতিলিপি তৈরি করে জীবাণু ধ্বংস করে। এরপরে এই কোষ লিম্ফ নোডে থেকে যায়। যে কারণে পরবর্তীতে সেই একই জীবাণু আক্রমণ করলে স্মৃতিকোষসমূহ দ্রুত সচল হয়ে জীবাণু আক্রমণ করে। ফলে জীবাণু নিধনে আগের তুলনায় দ্রুত ও আরো বেশি কার্যকর ফল পাওয়া যায়। [১] দুইধরনের কোষ এরূপ স্মৃতিকোষ হিসেবে ভূমিকা রাখে। এরা হলো টি লিম্ফোসাইট ও বি লিম্ফোসাইট। স্মৃতিকোষ মূলত লিম্ফোসাইট নামক অদানাদার শ্বেত রক্তকণিকা। [২]
p-193-a-24,প্রতিরক্ষা ব্যবস্থায় ভ্যাক্সিন বা টিকার ভূমিকা কী?,প্রাণিবিদ্যা,1,+4,90,https://www.sciencebee.com.bd/qna/18453/%E0%A6%AA%E0%A7%8D%E0%A6%B0%E0%A6%A4%E0%A6%BF%E0%A6%B0%E0%A6%95%E0%A7%8D%E0%A6%B7%E0%A6%BE,"['এইচএসসি-প্রাণীবিজ্ঞান', 'প্রতিরক্ষা', 'ভ্যাক্সিন', 'টিকা', 'ভূমিকা']","ভ্যাক্সিন শব্দটি আসলে এসেছে ল্যাটিন শব্দ ‘vacca’ থেকে। ‘vacca’ অর্থ cow বা গরু। ভ্যাক্সিন আবিষ্কার হওয়ারও আগে কৃষকদের মাঝে এ বিশ্বাস প্রচলিত ছিল যে- কারো যদি একবার গো-বসন্ত(cowpox) হয়, তবে তার শরীরে আর মারাত্মক গুটিবসন্ত (small pox) দানা বাঁধবে না। এই ধারণাকে কাজে লাগিয়েই এডওয়ার্ড জেনার ১৭৯৬ সালে সর্বপ্রথম গুটিবসন্তের ভ্যাক্সিন আবিষ্কার করেন। গো-বসন্তে আক্রান্ত এক গোয়ালিনীর শরীরের পুঁজ নিয়ে তিনি তার বাগানের মালীর আট বছরের ছেলের দেহে প্রবেশ করান। কিছুদিনের মাঝেই ছেলেটির দেহে গো-বসন্তের গুটি দেখা দেয়। তবে দ্রুতই সে সুস্থ হয়ে ওঠে। তারপর জেনার তার শরীরে প্রবেশ করান গুটিবসন্তের জীবাণু। কিন্তু এবার লক্ষ করেন ছেলেটির শরীরে আর গুটিবসন্তের সংক্রমণ ঘটছে না। এভাবেই আবিষ্কৃত হয় পৃথিবীর প্রথম ভ্যাক্সিন।এর অনেক বছর পর ফরাসী বিজ্ঞানী লুই পাস্তুর আবিষ্কার করেন কলেরা এবং জলাতঙ্ক রোগের টিকা। এভাবে একের পর এক পোলিও, টাইফয়েড, ডিপথেরিয়াসহ অন্যান্য মারাত্মক রোগের টিকা আবিষ্কৃত হতে থাকে। ফলে প্রতিবছর প্রায় ৩ মিলিয়ন মানুষের জীবন রক্ষা পায় এবং বিকলাঙ্গ হওয়ার হাত থেকে রক্ষা পায় আরো কয়েক মিলিয়ন মানুষ।শৈশব ও কৈশোরের সময়ই মূলত দেহে ভ্যাক্সিন প্রয়োগ করা হয়। শিশু যদি ভ্যাক্সিন না নিয়ে থাকে তবে রোগ ব্যাধি অন্য শিশুতে ছড়াতে পারে।"
p-193-a-25,ভ্যাক্সিনেশনের নীতি কী?,প্রাণিবিদ্যা,1,+1,75,https://www.sciencebee.com.bd/qna/18451/%E0%A6%AD%E0%A7%8D%E0%A6%AF%E0%A6%BE%E0%A6%95%E0%A7%8D%E0%A6%B8%E0%A6%BF%E0%A6%A8%E0%A7%87%E0%A6%B6%E0%A6%A8%E0%A7%87%E0%A6%B0,"['এইচএসসি-প্রাণীবিজ্ঞান', 'ভ্যাক্সিনেশন', 'নীতি']",ভ্যাক্সিনেশন কয়েকটি নীতির উপর প্রতিষ্ঠিত:১। মৃত বা নির্জীব জীবাণু কিংবা তাদের উপজাত থেকে ভ্যাক্সিন তৈরি করা হয়।২। জীবাণু ভ্যাক্সিন হিসেবে শরীরে প্রবেশ করানো হলে এটি বংশবৃদ্ধি করতে পারে কিন্তু রোগ সৃষ্টি করতে পারে না।৩। ভ্যাক্সিন প্রয়োগে দেহ যে অনাক্রম্যতা লাভ করে তা সারাজীবন স্থায়ী হয় না। তবে বুস্টার ডোজ প্রয়োগ করে এর  বাড়িয়ে নেয়া যায়।৪। ভ্যাক্সিন প্রয়োগের পথের উপর অনেক সময় অনাক্রম্যতার স্থায়িত্ব নির্ভর করে।৫। দেহে অনাক্রম্যতা জাগাতে যে সময় লাগে তা জীবাণুর ইনকিউবেশন পিরিয়ডের তুলনায় অনেক বেশি। তাই জীবাণুর সংক্রমণের পর ভ্যাক্সিন প্রয়োগে লাভ হয় না। ব্যতিক্রম- জলাতঙ্ক রোগ। কারণ এক্ষেত্রে ইনকিউবেশন পিরিয়ড বেশি দীর্ঘ।
