id,question,question_category,number_of_answer,number_of_vote,number_of_view,answer_link,question_tag,answer
p-175-a-0,বাবা-মা দুজনেই শ্যামলা বর্ণের। তাহলে সন্তান কেন ফর্সা হয়?,বিবিধ,1,+2,288,https://www.sciencebee.com.bd/qna/19393/%E0%A6%B6%E0%A7%8D%E0%A6%AF%E0%A6%BE%E0%A6%AE%E0%A6%B2%E0%A6%BE-%E0%A6%AC%E0%A6%B0%E0%A7%8D%E0%A6%A3%E0%A7%87%E0%A6%B0%E0%A5%A4,"['রঙ', 'সন্তান', 'বাবা', 'মা']",কারণ এর পিছনে প্রচ্ছন্ন জিন দায়ি । মেন্ডেলের থিওরী অনুসারে দুই ধরনের জিন থাকে একটি প্রকট আরেকটি প্রচ্ছন্ন। মা বাবা উভয় থেকে যদি প্রছন্ন জিনটি কাজ করে তবে সে ক্ষেত্রে মা বাবার সাথে সন্তানের বৈশিষ্ট্য ভিন্ন দেখায়। তাই অনেক সময় মা বাবা ফর্সা কিন্তু সন্তান কালো হয় একই ভাবে মা বাবা কালো কিন্তু সন্তান ফর্সা হয়।
p-175-a-1,"শুনেছি যাদের রক্তের গ্রুপ এক জাতীয় হয়, তারা বিয়ে করতে পারবে না। বিয়ে করলে নাকি ক্ষতি হবে সন্তানের! এটা কি আসলেও সত্য? যদি সত্য হয়ে থাকে, তাহলে এরকম অনেক মানুষই তো আছেন! তাদের কেন কোনো ক্ষতি হচ্ছে না? বিস্তারিত জানতে চাই!",স্বাস্থ্য ও চিকিৎসা,2,+4,902,https://www.sciencebee.com.bd/qna/19392/%E0%A6%B8%E0%A6%A8%E0%A7%8D%E0%A6%A4%E0%A6%BE%E0%A6%A8%E0%A7%87%E0%A6%B0-%E0%A6%AC%E0%A6%BF%E0%A6%B8%E0%A7%8D%E0%A6%A4%E0%A6%BE%E0%A6%B0%E0%A6%BF%E0%A6%A4,"['রক্ত', 'গ্রুপ', 'সন্তান', 'বাবা', 'মা']","ভুল জেনেছেন, বিস্তারিতঃhttps://www.sciencebee.com.bd/qna/1093/%E0%A6%B0%E0%A6%95%E0%A7%8D%E0%A6%A4%E0%A7%87%E0%A6%B0-%E0%A6%B8%E0%A6%A8%E0%A7%8D%E0%A6%A4%E0%A6%BE%E0%A6%A8%E0%A7%87%E0%A6%B0?show=1093#q1093"
p-175-a-2,"শুনেছি যাদের রক্তের গ্রুপ এক জাতীয় হয়, তারা বিয়ে করতে পারবে না। বিয়ে করলে নাকি ক্ষতি হবে সন্তানের! এটা কি আসলেও সত্য? যদি সত্য হয়ে থাকে, তাহলে এরকম অনেক মানুষই তো আছেন! তাদের কেন কোনো ক্ষতি হচ্ছে না? বিস্তারিত জানতে চাই!",স্বাস্থ্য ও চিকিৎসা,2,+4,902,https://www.sciencebee.com.bd/qna/19392/%E0%A6%B8%E0%A6%A8%E0%A7%8D%E0%A6%A4%E0%A6%BE%E0%A6%A8%E0%A7%87%E0%A6%B0-%E0%A6%AC%E0%A6%BF%E0%A6%B8%E0%A7%8D%E0%A6%A4%E0%A6%BE%E0%A6%B0%E0%A6%BF%E0%A6%A4,"['রক্ত', 'গ্রুপ', 'সন্তান', 'বাবা', 'মা']","গোটা পৃথিবীতে রক্তের গ্রুপ ৩৬ শতাংশ 'ও' গ্রুপ, ২৮ শতাংশ 'এ' গ্রুপ, ২০ শতাংশ 'বি' গ্রুপ। কিন্তু এশিয়াতে প্রায় ৪৬ ভাগ মানুষের রক্তের গ্রুপ 'বি। এশিয়ায় নেগেটিভ ব্লাড গ্রুপ ৫ শতাংশ, সেখানে ইউরোপ আমেরিকাতে প্রায় ১৫ শতাংশ। যেখানে উপমহাদেশে সিংহভাগ মানুষের রক্তের গ্রুপ 'বি'। সেখানে স্বামী-স্ত্রীর রক্তের গ্রুপের মিল হবে সেটাই স্বাভাবিক। এতে কোনো সমস্যা হয় না।কিন্তু, যদি স্ত্রীর নেগেটিভ রক্তের গ্রুপ থাকে এবং স্বামীর পজিটিভ গ্রুপ থাকে তাহলে সমস্যা হয়ে থাকে। যাকে জয Rh Isoimmunization বলে। সেটারও সহজ চিকিত্&zwj;সা বা টিকা আছে। অনেকের ভ্রান্ত ধারণা- বাবা মায়ের রক্তের গ্রুপ এক হলে বাচ্চার থ্যালাসেমিয়া হয়। এটাও সম্পূর্ণ ভুল ধারণা। কারণ, থ্যালাসেমিয়া রোগ ক্রোমোজোম এবনরমালিটি থেকে হয়। রক্তের যে সকল গ্রুপ রয়েছে তা হলো: এ পজেটিভ, এ নেগেটিভ, বি পজেটিভ, বি নেগেটিভ, এবি পজেটিভ, এবি নেগেটিভ, ও পজেটিভ এবং ও নেগেটিভ।স্বামীর রক্তের গ্রুপ স্ত্রীর রক্তের গ্রুপ সন্তানের অবস্থান:-পজিটিভ(+) পজেটিভ(+) সুস্থ সন্তাননেগেটিভ (-) নেগেটিভ (-) সুস্থ সন্তাননেগেটিভ (-) পজেটিভ (+) সুস্থ সন্তানপজিটিভ (+) নেগেটিভ (-) প্রথম সন্তান সুস্থ, দ্বিতীয় থেকে সমস্যাউল্লেখ্য, প্রধানত রক্তের গ্রুপকে দুই ভাগে ভাগ করা হয়। একটা হলো এবিও পদ্ধতি (এ, বি, এবি এবং ও) অন্যটা আরএইচ ফ্যাক্টর (আরএইচ পজেটিভ এবং আরএইচ নেগেটিভ)। এ রেসাস ফ্যাক্টরই ঠিক করে দেয় ব্লাড গ্রুপ পজেটিভ হবে না নেগেটিভ হবে।"
p-175-a-3,ক্যারোটিন এর কারণে আমের শাস কমলারঙহয় কেন [poll],জীববিজ্ঞান,1,+3,175,https://www.sciencebee.com.bd/qna/19391/%E0%A6%95%E0%A7%8D%E0%A6%AF%E0%A6%BE%E0%A6%B0%E0%A7%8B%E0%A6%9F%E0%A6%BF%E0%A6%A8-%E0%A6%95%E0%A6%AE%E0%A6%B2%E0%A6%BE%E0%A6%B0%E0%A6%99%E0%A6%B9%E0%A6%AF%E0%A6%BC,"['পাকা', 'আমের', 'শাস']","ক্রোমোপ্লাস্ট হলো রঙিন প্লাস্টিড। এসব প্লাস্টিডে জ্যান্থফিল, ক্যারোটিন, ফাইকোএরিথ্রিন ও ফাইকোসায়ানিন নামক রঞ্জক থাকে। রঞ্জকসমূহ যথাক্রমে হলুদ, কমলা, লাল ও নীলাভ সবুজ বর্ণের হয়।পাকা আমের শাঁসে ক্যারোটিন নামক কমলা বর্ণের রঞ্জক বিদ্যমান থাকে বিধায় এর রঙ কমলা হয়।"
p-175-a-4,"যাদের চোখে সমস্যা আছে, তারা চশমা ব্যবহার করে। প্রশ্ন হচ্ছে; তাদের চোখ কি আর ঠিক করা সম্ভব? যাতে করে চশমা আর ব্যবহার করা না লাগে?",স্বাস্থ্য ও চিকিৎসা,2,+5,971,https://www.sciencebee.com.bd/qna/19388/%E0%A6%AC%E0%A7%8D%E0%A6%AF%E0%A6%AC%E0%A6%B9%E0%A6%BE%E0%A6%B0-%E0%A6%AC%E0%A7%8D%E0%A6%AF%E0%A6%AC%E0%A6%B9%E0%A6%BE%E0%A6%B0,"['চশমা', 'চোখ']",জ্বি সম্ভব। এর জন্য একটি অপারেশন করাতে হয়।  ল্যাসিক অপারেশন বলে। ল্যাসিক দুভাবে করা হয়ে থাকে। কনভেনশনাল ও আপডেট কনভেনশনাল ল্যাসিক করাতে খরচ পড়বে ৪০ হাজার থেকে ৫০ হাজার টাকা। আপডেট ল্যাসিক করাতে খরচ হবে ৯০ হাজার টাকা থেকে ১ লক্ষ টাকা পর্যন্ত।
p-175-a-5,"যাদের চোখে সমস্যা আছে, তারা চশমা ব্যবহার করে। প্রশ্ন হচ্ছে; তাদের চোখ কি আর ঠিক করা সম্ভব? যাতে করে চশমা আর ব্যবহার করা না লাগে?",স্বাস্থ্য ও চিকিৎসা,2,+5,971,https://www.sciencebee.com.bd/qna/19388/%E0%A6%AC%E0%A7%8D%E0%A6%AF%E0%A6%AC%E0%A6%B9%E0%A6%BE%E0%A6%B0-%E0%A6%AC%E0%A7%8D%E0%A6%AF%E0%A6%AC%E0%A6%B9%E0%A6%BE%E0%A6%B0,"['চশমা', 'চোখ']","The short answer:Yes, LASIK surgery is designed to reshape the cornea.Permanently. This means that, once they've undergone this life-changing procedure, many of our patients won't have to wear glasses or contact lenses in the decades to come."
p-175-a-6,"আমরা একটি ফ্যান চালাচ্ছি ব্যাটারির সাহায্যে, ধিরে চালালে যতটুকু এনার্জি খরচ হবে, দ্রুত চালালেও কি ততটুকুই এনার্জি খরচ হবে? নাকি দ্রুত চালানোর কারণে একটু বেশি এনার্জি খরচ হবে?",প্রযুক্তি,1,+3,106,https://www.sciencebee.com.bd/qna/19387/%E0%A6%9A%E0%A6%BE%E0%A6%B2%E0%A6%BE%E0%A6%9A%E0%A7%8D%E0%A6%9B%E0%A6%BF-%E0%A6%AC%E0%A7%8D%E0%A6%AF%E0%A6%BE%E0%A6%9F%E0%A6%BE%E0%A6%B0%E0%A6%BF%E0%A6%B0,"['চার্জ', 'এনার্জি', 'ব্যাটারী', 'ফ্যান']",ব্যাটারির সাহায্যে যদি একটি ফ্যান আমরা চালাই তাহলে ধিরে চালালে যতটুক এনার্জি খরচ হবে দ্রুত চলালে তার চেয়ে বেশি এনার্জি খরচ হবে।যেহেতু ব্যাটারি দিয়ে চালানোর কথা বলা হয়েছে তাই এমনটা ঘটবে আর যদি বিদ্যুৎ এর সাহায্যে চালানো হতো তাহলে ধিরে চালালে যে পরিমাণ এনার্জি খরচ হবে দ্রুত চালালেও সেই একই পরিমাণ এনার্জি খরচ হবে। আমি নিজেও অনেকবার ব্যাটারির সাহায্যে ফ্যান চালিয়েছি তাই বলা যায় এটি আমার কাছে পরিক্ষিত।উদাহরণ হিসেবে বলা যেতে পারে যখন ব্যাটারির এনার্জি কমে যেতে থাকে তখন ফ্যানের ঘূর্ণায়মান গতিশক্তিও ধিরে ধিরে কমতে থাকে।
p-175-a-7,"যাদের দাঁত একটু উঁচু, তাদের করনীয় কী?",স্বাস্থ্য ও চিকিৎসা,1,+3,165,https://www.sciencebee.com.bd/qna/19385/%E0%A6%AF%E0%A6%BE%E0%A6%A6%E0%A7%87%E0%A6%B0-%E0%A6%A4%E0%A6%BE%E0%A6%A6%E0%A7%87%E0%A6%B0,"['দাঁত', 'উঁচু']","উচু দাত নিচু করার প্রধান চিকিৎসা হল orthodontic চিকিৎসা পদ্ধতি যা সাধারণত ব্রেস পড়িয়ে করা হয়।এটি সময় সাপেক্ষ চিকিৎসা। তাই যত দ্রুত শুরু করবেন তত ভাল।এই চিকিৎসারর উত্তম সময় হল ১৩-২৫ বছর এর ভিতর।এটি বেড়ে উঠার বয়স বা growing age, তাই এ সময় এ ধরনের চিকিৎসার ফলাফল ভাল আসে। খরচ চিকিৎসা ধরন ও সময় এবং জায়গার উপর নির্ভর করে।মানে হচ্ছে সরকারি হাসপাতালে খরচ কম হবেপ, কিন্তু চেম্বার এর খরচ বেশি হবে।আবার কতটি দাতের চিকিৎসা করাতে হবে তাও বিবেচ্য।আপনি ডেন্টিস্ট কে দেখিয়ে পরামর্শ নিতে পারেন।Dr.akbor Mahmud"
p-175-a-8,"কারো কারো যৌনাঙ্গ একটু বাকানো থাকে। এখন প্রশ্ন হচ্ছে, যৌনাঙ্গ বাকা হয় কেন?এবং হলে কোনো ক্ষতি আছে কি?",স্বাস্থ্য ও চিকিৎসা,2,+3,829,https://www.sciencebee.com.bd/qna/19384/%E0%A6%AF%E0%A7%8C%E0%A6%A8%E0%A6%BE%E0%A6%99%E0%A7%8D%E0%A6%97-%E0%A6%AF%E0%A7%8C%E0%A6%A8%E0%A6%BE%E0%A6%99%E0%A7%8D%E0%A6%97,"['লজ্জাস্থান', 'যৌনাঙ্গ', 'পুরুষ']","পৃথিবীর বেশিরভাগ পুরুষের লিঙ্গ কোন না কোন এক দিকে বাকা বা হেলে থাকতে পারে, কারো উপর দিকে নিচের দিকে বাম দিকে ডান দিকে বা,  কিছুটা বাকা থাকতে পারে, এটি সম্পুর্ন স্বাভাবিক। অনেকের অতিরিক্ত পর্যন্ত বাকা আছে, সেটিও স্বাভাবিক! (যদি মিলনে কোন ধরণের সমস্যা সৃষ্টি না হয়)। লিঙ্গের অাকার ও গঠন নির্ভর করে শারীরিক গঠন অার জিনগত বৈশিষ্টের উপর। তাই বাঁকা বা হেলে থাকা এটি যৌন মিলনে কোন ধরণের বাধা সৃষ্টি করেনা, চিন্তা মুক্ত থাকুন"
p-175-a-9,"কারো কারো যৌনাঙ্গ একটু বাকানো থাকে। এখন প্রশ্ন হচ্ছে, যৌনাঙ্গ বাকা হয় কেন?এবং হলে কোনো ক্ষতি আছে কি?",স্বাস্থ্য ও চিকিৎসা,2,+3,829,https://www.sciencebee.com.bd/qna/19384/%E0%A6%AF%E0%A7%8C%E0%A6%A8%E0%A6%BE%E0%A6%99%E0%A7%8D%E0%A6%97-%E0%A6%AF%E0%A7%8C%E0%A6%A8%E0%A6%BE%E0%A6%99%E0%A7%8D%E0%A6%97,"['লজ্জাস্থান', 'যৌনাঙ্গ', 'পুরুষ']","অনেক কারণে আপনার লিঙ্গবাঁকাহতে পারে, যেমন বাহ্যিক আঘাত বা অতিরিক্ত হস্তমৈথুন। এছাড়াও এমন অনেক পুরুষ আছেন যাদের লিঙ্গ একদিকে সামান্য বেঁকে থাকে। এই পৃথিবীতে সামান্যবাঁকালিঙ্গের অধিকারী পুরুষের সংখ্যাই বেশি।"
p-175-a-10,মাছ কি মুখ দ্বারা আওয়াজ করতে পারে?,প্রাণিবিদ্যা,2,+4,92,https://www.sciencebee.com.bd/qna/19380/%E0%A6%A6%E0%A7%8D%E0%A6%AC%E0%A6%BE%E0%A6%B0%E0%A6%BE-%E0%A6%86%E0%A6%93%E0%A7%9F%E0%A6%BE%E0%A6%9C,"['মাছ', 'আওয়াজ']","আমরা ভাবি, সমুদ্রের তলে অত্যন্ত শান্তশিষ্ট পরিবেশ। আসলে বিষয়টি মোটেই সেরকম নয়।কারণ মাছ তার সঙ্গী মাছের সঙ্গে কথা বলে। নিউজিল্যান্ডের একজন বিজ্ঞানীর গবেষণায় এমনই তথ্য বেরিয়ে এসেছে।অকল্যান্ড বিশ্ববিদ্যালয়ের গবেষক শাহরিমান ঘাজালি জানান সব মাছই স্পষ্ট শুনতে পায় তবে সবাই শব্দ সৃষ্টি করতে পারে না।ঘোঁত ঘোঁত, কিচির মিচির পটপট এরকম নানা শব্দের মাধ্যমে মাছেরা পরস্পরের সঙ্গে যোগাযোগ করে।বিভিন্ন কারণে মাছেরা পরস্পরের সঙ্গে যোগাযোগ করে।এগুলোর মধ্যে আছে,সঙ্গীকে আকর্ষণ করা,শিকারির ভয় ও নিজেদের মধ্যে বোঝাপড়ার জন্য।সমুদ্রের নিচে বসবাসকারী মাছের দূরপাল্লার গলার আওয়াজ রয়েছে এবং এরা সবসময় শব্দ সৃষ্টি করে থাকে। ঘাজালি জানান, তবে ডিম ছাড়ার সময় ব্যতিত কড মাছ সচরাচর চুপচাপ থাকে।মাছ কথা বলে এটা জেনে উচ্ছ্বসিত হয়ে যদি আপনার পোষা গোল্ডফিশের কথা শুনতে চান তবে ভুল করবেন।কারন গোল্ডফিশ কথা শুনে কোনো শব্দ করে না বলে ঘাজালি জানান।ঘাজালি গবেষণার ফল নিউজিল্যান্ডের মেরিন সায়েন্সের সোসাইটির সম্মেলনে বুধবার উপস্থাপন করেন।বাংলাদেশে স্থানীয় সময়: ১৫২৮ ঘন্টা, জুলাই ০৭,২০১০সোর্স: Bangla News 24 .com"
p-175-a-11,মাছ কি মুখ দ্বারা আওয়াজ করতে পারে?,প্রাণিবিদ্যা,2,+4,92,https://www.sciencebee.com.bd/qna/19380/%E0%A6%A6%E0%A7%8D%E0%A6%AC%E0%A6%BE%E0%A6%B0%E0%A6%BE-%E0%A6%86%E0%A6%93%E0%A7%9F%E0%A6%BE%E0%A6%9C,"['মাছ', 'আওয়াজ']","মাছের রয়েছে বায়ুথলি। বায়ুথলির মাধ্যমে মাছের অনেক গুরুত্বপূর্ণ কাজ সম্পাদিত হয়। মাছের দেহের ভারসাম্য বজায় রাখে,  খাদ্যনালীর সাথে যুক্ত থাকে, শ্বসনেও গুরুত্বপূর্ণ ভূমিকা পালন করে। মাছের এই বায়ুথলি বা পটকারই আরেকটা গুরুত্বপূর্ণ কাজ হচ্ছে শুব্দ উৎপন্ন করা। মাছ তার পটকার মাধ্যমে শুব্দ উৎপন্ন করে।"
p-175-a-12,দিনে গড়ে ১০০ টা চুল পরলেও মানুষ টাক হয়ে যায় না কেন ??,স্বাস্থ্য ও চিকিৎসা,1,+3,289,https://www.sciencebee.com.bd/qna/19379/%E0%A6%AA%E0%A6%B0%E0%A6%B2%E0%A7%87%E0%A6%93-%E0%A6%AE%E0%A6%BE%E0%A6%A8%E0%A7%81%E0%A6%B7,"['টাক', 'অল্প', 'মোবাইল', 'চুল']","গড়ে মানুষের মাথায় ১০ হাজার চুল থাকে। চিকিৎসা বিজ্ঞানের তথ্যানুযায়ী, প্রতিটা চুলের জীবনকাল দুই থেকে আট বছর। এইসব চুল মারা গেলে আপনা - আপনি পড়ে যায়।আমাদের মাথা থেকে প্রতিদিন একারণে প্রায় ১০০ - ১২৫ টা চুল পড়ে যায়। এটি খুব স্বাভাবিক।আমাদের মাথায় একই সময় প্রায় সমান সংখ্যক নতুন চুল গজায়। তাই দৈনিক ১০০ টা চুল পড়ে গেলেও মাথায় টাক হয় না।আবার চুল পড়ার অনুপাতে যদি চুল না গজায় তাহলে টাক হবার একটা সম্ভাবনা থাকে।"
p-175-a-13,চুম্বক কিভাবে কাজ করে? তাপ দিলে চৌম্বকত্ব নষ্ট হয় কেন?,পদার্থবিজ্ঞান,2,+2,329,https://www.sciencebee.com.bd/qna/19377/%E0%A6%9A%E0%A7%81%E0%A6%AE%E0%A7%8D%E0%A6%AC%E0%A6%95-%E0%A6%9A%E0%A7%8C%E0%A6%AE%E0%A7%8D%E0%A6%AC%E0%A6%95%E0%A6%A4%E0%A7%8D%E0%A6%AC,"['চুম্বক', 'চৌম্বকক্ষেত্র', 'চুম্বকত্ব', 'পদার্থবিদ্যা']",ইলেকট্রন বিন্যাস দিয়ে এর ব্যাখ্যা দেওয়া যায় । লোহা/এ জাতীয় বস্তুুর সু-স্থিত আয়নের ইলেকট্রন বিন্যাসে বেশ কিছু সংখ্যক অযুগ্ম ইলেকট্রন দেখা যায় ।এভাবে অনেকগুলো পরপমানুর অযুগ্ম ইলেকট্রন ( প্রায় 10^16 থেকে 10^19 সংখ্যক ) পরস্পর ডোমেইন এর সৃষ্টি করে । তাই কোন চুম্বক এর কাছে লোহা জাতীয় বস্তুুকে নিয়ে আসলে এসব ডোমেইন এ শক্তিশালী চুম্বকভ্রামক এর সৃষ্টি হয় ফলে এটি চুম্বক কর্তৃক আকর্ষিত হয় ।ডোমেন তত্ত্বানুসারে  একটি চুম্বকের ভেতর অসংখ্যা ডোমেইন চুম্বক দ্বিপোল থাকে একটি নির্দিষ্ট বিন্যাসে সজ্জিত। দ্বিপোলগুলো সব সমান্তরালে একই দিকে মুখ করে থাকে বলেই চুম্বকে আকর্ষন মেরু সৃষ্টি হয়।তাপ দিলে পদার্থের অনু পরমানু গুলোর কম্পন বেড়ে যায় ফলে ডোমেন গুলো তাদের নির্দিষ্ট বন্ধন হারিয়ে চুম্বক দ্বিপোল গুলো বিক্ষিপ্ত বিন্যাসে ছড়িয়ে পড়ে। ফলে পাশাপাশি দুটি দ্বিপোলের আকর্ষণ ক্রিয়া বিপরীত মুখী হওয়ায় একে অপরের ক্রিয়া নাকোচ বা নিউট্রাল করে দেয়। ফলে চুম্বকের বলরেখা বাইরে নির্গত না হওয়ায় আর চুম্বকত্ব প্রকাশ পায়না।এভাবে তাপে চুম্বকত্ব নষ্ট হয়।
p-175-a-14,চুম্বক কিভাবে কাজ করে? তাপ দিলে চৌম্বকত্ব নষ্ট হয় কেন?,পদার্থবিজ্ঞান,2,+2,329,https://www.sciencebee.com.bd/qna/19377/%E0%A6%9A%E0%A7%81%E0%A6%AE%E0%A7%8D%E0%A6%AC%E0%A6%95-%E0%A6%9A%E0%A7%8C%E0%A6%AE%E0%A7%8D%E0%A6%AC%E0%A6%95%E0%A6%A4%E0%A7%8D%E0%A6%AC,"['চুম্বক', 'চৌম্বকক্ষেত্র', 'চুম্বকত্ব', 'পদার্থবিদ্যা']",চুম্বকের চুম্বকত্বের কারণে চৌম্বক ক্ষেত্র তৈরি করে। এই চৌম্বকক্ষেত্র অদৃশ্য কিন্তু এর মাধ্যমেই চুম্বকের প্রায় সব ধর্ম প্রকাশ পায়; এটি একটি বল যা তার চারপাশের ফেরোচৌম্বক পদার্থকে আকর্ষণ করে এবং অন্য চুম্বককে আকর্ষণ বা বিকর্ষণ করে। প্রথম স্থায়ী চুম্বক তৈরি করা হয়েছিল ইস্পাত দিয়ে ।ধন্যবাদ।
p-175-a-15,অতিরিক্ত ঘুমের ক্ষতিকর দিক কী?,স্বাস্থ্য ও চিকিৎসা,2,+4,306,https://www.sciencebee.com.bd/qna/19374/%E0%A6%85%E0%A6%A4%E0%A6%BF%E0%A6%B0%E0%A6%BF%E0%A6%95%E0%A7%8D%E0%A6%A4-%E0%A6%95%E0%A7%8D%E0%A6%B7%E0%A6%A4%E0%A6%BF%E0%A6%95%E0%A6%B0,"['অতিরিক্ত', 'ঘুম', 'ক্ষতিকর']","দীর্ঘ সময়ের ঘুম মেজাজকে প্রভাবিত করতে পারে। এটি হতাশার দিকেও নিয়ে যেতে পারে। স্বাস্থ্য বিশেষজ্ঞদের মতে, ঘুম মস্তিষ্কের নিউরোট্রান্সমিটারকে প্রভাবিত করে।শরীরের জন্য ঘুম খুব জরুরি বিষয়। ঘুমের সময় শরীর পরের দিনের জন্য পর্যাপ্ত শক্তি সঞ্চয় করে নেয়। বিশেষজ্ঞরা এই জন্য দিনে ৮ থেকে ৯ ঘণ্টা ঘুমানোর পরামর্শ দেন। তবে এর চেয়ে বেশি ঘুমালে হিতে বিপরীত হতে পারে। দেখা দিতে পারে নানা ধরনের শারীরিক সমস্যা। চলুন দেখে নিই কী সেগুলো।ডায়বেটিসের আশঙ্কা বাড়ে:দীর্ঘ সময় ঘুমানোর ফলে শারীরিক ক্রিয়াকলাপ কম হয়। এর ফলে রক্তে শর্করার মাত্রা বেড়ে যাওয়ার ঝুঁকি সৃষ্টি হয়। কয়েক বছর আগে টোকিও বিশ্ববিদ্যালয়ে ১২টিরও বেশি এই নিয়ে গবেষণা করা হয়। যেখানে বলা হয়, ৯ ঘণ্টার বেশি ঘুমায় এমন ব্যক্তির শরীরে ডায়বেটিসের ঝুঁকি বেশি।হৃদরোগ দেখা দেয়:আমেরিকান জার্নাল অফ কার্ডিওলজির এক প্রতিবেদনে বলা হয়েছে, দীর্ঘ ঘুম বাম ভেন্ট্রিকুলারের ওজন বাড়িয়ে দিতে পারে। তাতে হার্ট অ্যাটাকের ঝুঁকি বাড়ে। আর একটি গবেষণায় দেখা গেছে যে, দীর্ঘ সময় ঘুমানোর কারণে স্ট্রোকের ঝুঁকি ৪৬ শতাংশ বৃদ্ধি পায়। যেসব মহিলা ৯ থেকে ১১ ঘণ্টা ঘুমান তাদের হৃদরোগ হওয়ার আশঙ্কা ৩৮ শতাংশ বৃদ্ধি পায়।ডিপ্রেশন বাড়ে:দীর্ঘ সময়ের ঘুম মেজাজকে প্রভাবিত করতে পারে। এটি হতাশার দিকেও নিয়ে যেতে পারে। স্বাস্থ্য বিশেষজ্ঞদের মতে, ঘুম মস্তিষ্কের নিউরোট্রান্সমিটারকে প্রভাবিত করে। দীর্ঘ ঘুম শারীরিক ক্রিয়াকলাপকে হ্রাস করে। নিউরোট্রান্সমিটারের মাত্রা বাড়ানোর জন্য আরও শারীরিক ক্রিয়াকলাপ গুরুত্বপূর্ণ, যা আপনার মেজাজও ঠিক রাখবে।পিঠে ব্যথা হতে পারে:যারা চেয়ারে বসে ঘণ্টার পর ঘণ্টা কাজ করেন, তারা যদি দীর্ঘ সময় ধরে ঘুমান, তাহলে তাদের পিঠ, ঘাড়, কাঁধে ব্যথার সমস্যা হতে পারে।স্থূলতা দেখা দেয়:অতিরিক্ত ঘুমালে শরীরে মেদ জমে। ফলে শরীর মোটা হয়ে যায়। আবার শরীর মোটা হলে ঘুম আরও বেশি জেঁকে ধরে।"
p-175-a-16,অতিরিক্ত ঘুমের ক্ষতিকর দিক কী?,স্বাস্থ্য ও চিকিৎসা,2,+4,306,https://www.sciencebee.com.bd/qna/19374/%E0%A6%85%E0%A6%A4%E0%A6%BF%E0%A6%B0%E0%A6%BF%E0%A6%95%E0%A7%8D%E0%A6%A4-%E0%A6%95%E0%A7%8D%E0%A6%B7%E0%A6%A4%E0%A6%BF%E0%A6%95%E0%A6%B0,"['অতিরিক্ত', 'ঘুম', 'ক্ষতিকর']","কানাডার কুইবেক বিশ্ববিদ্যালয়ের এক গবেষণায় বলা হয়, রাতে আট ঘণ্টার বেশি ঘুমের কারণে রক্তের গ্লুকোজ নিয়ন্ত্রণের ক্ষমতা হারায় দেহ। এতে টাইপ ২ ডায়াবেটিসের শঙ্কা বেড়ে যায়।ওজন বৃদ্ধির শঙ্কা থাকেএকই বিশ্ববিদ্যালয়ের আরেক গবেষণায় বলা হয়, খুব কম বা বেশি ঘুমের কারণে দেহের ওজন অস্বাভাবিক হারে বাড়তে থাকে। এসব মানুষের ওজন বৃদ্ধির হার ২৫ শতাংশ বেশি থাকে। অতিরিক্ত ঘুমের কারণে স্থূলতা দেখা দিতে পারে।হৃদযন্ত্রকে ক্ষতিগ্রস্ত করতে পারেআমেরিকান কলেজ অব কার্ডিওলজি ২০১২ সালে এক গবেষণা চালায়। সেখানে বলা হয়, আট ঘণ্টার বেশি সময় নিয়মিত ঘুমালে হৃদযন্ত্রের সমস্যা বাড়তে থাকে। অতিরিক্ত ঘুমান এমন তিন হাজার মানুষের ওপর পরীক্ষা চালিয়ে দেখা গেছে, অন্যদের অপেক্ষা দ্বিগুণ পরিমাণ এনজিনা এবং দেড়গুণ করোনারি আর্টেরি রোগের ঝুঁকিতে ভোগেন তাঁরা।আয়ু কমতে পারে২০১০ সালে ১৬টি ভিন্ন ভিন্ন গবেষণা নিয়ে একটি রিভিউ প্রকাশিত হয়। সেখানে বলা হয়, যাঁরা বেশি ঘুমান তাঁদের দ্রুত মৃত্যুর শঙ্কা অন্যদের চেয়ে ১ দশমিক ৩ শতাংশ বেশি থাকে। ওই গবেষণাগুলো ১৩ লাখ ৮২ হাজার ৯৯৯ জন মানুষের ওপর পরিচালিত হয়।"
p-175-a-17,করোনার টিকা নেয়া নিয়ে ভীতির কারন কি? এটা কতটুকু যৌক্তিক?,স্বাস্থ্য ও চিকিৎসা,1,+2,63,https://www.sciencebee.com.bd/qna/19373/%E0%A6%95%E0%A6%A4%E0%A6%9F%E0%A7%81%E0%A6%95%E0%A7%81-%E0%A6%AF%E0%A7%8C%E0%A6%95%E0%A7%8D%E0%A6%A4%E0%A6%BF%E0%A6%95,"['ভীতি', 'ভ্যাকসিন', 'স্বাস্থ্য']","মুলত লোকমুখে শোনা অনেক ধরনের কথা, কিছু সংবাদ মাধ্যমের বিতর্কিত প্রতিবেদন, এবং কিছু ঘটনাকে কেন্দ্র করেই মুলত এই ভীতির সৃষ্টি হয়েছে। অনেক ক্ষেত্রে যৌক্তিক আবার অনেক ক্ষেত্রে অযৌক্তিক। তাই যৌক্তিকতার বিশ্লেষণে না যাই।"
p-175-a-18,"ইউটিউব থেকে যদি মাসে ৫০/১ লক্ষ টাকা আয় করা যায়, তাহলে দেশে এত বেকারত্ব কেন?",প্রযুক্তি,1,+3,107,https://www.sciencebee.com.bd/qna/19372/%E0%A6%87%E0%A6%89%E0%A6%9F%E0%A6%BF%E0%A6%89%E0%A6%AC-%E0%A6%AC%E0%A7%87%E0%A6%95%E0%A6%BE%E0%A6%B0%E0%A6%A4%E0%A7%8D%E0%A6%AC,"['বেকারত্ব', 'ইউটিউব', 'ব্যবসা']","ইউটিউব থেকে মাসে ৫০হাজার - ১লক্ষ টাকা ইনকাম করা যায় কিন্তু সবার দ্বারা সেটা সম্ভব হয় না। কারণ এখান থেকে ইনকাম করার জন্য বেশ কয়েকটা জিনিসের প্রয়োজন রয়েছে। প্রথমত কোয়ালিটি সম্পন্ন ভিডিও তৈরি করতে হবে। এবং পাবলিকের চাহিদা অনুযায়ী ভিডিও তৈরি করতে হবে। আপনি আপনাকে দিয়েই চিন্তা করুন, যদি ভালো মানসম্পন্ন  ভিডিও না হয় বা আপনি যেমন ভিডিও পছন্দ করেন তেমন ভিডিও না হয় তাহলে কি আপনি দেখবেন?? আর যদি এভাবে যদি নিম্ন মানের ভিডিও তৈরির জন্য কেউ না দেখে তাহলে ইনকামও হবে না। এখন সবাই কোয়ালিটি সম্পন্ন ভিডিও তৈরি করতে পারবে না। তাই সবার সেভাবে ইনকামও হবে না। যারা সেইরকম কোয়ালিটি মেইনটেইন করে ভিডিও তৈরি করতেছে তারা ঠিকই অনেক টাকা ইনকাম করতেছে। তারপরের বিষয় হচ্ছে ভিডিও বানালেই হবে না, সেটাকে মানুষের কাছে পৌছে দেওয়ার জন্য SEO করতে হবে। এই কাজটা একটু হার্ডই বটে। কারণ বর্তমানে এই ক্ষেত্রটাতে প্রতিযোগিতা বেশি তাই নিজের ভিডিওকে টপে নেওয়া একটু কঠিন হয়ে পরে। এই জিনিসগুলো যারা মেইনটেইন করতে পারতেছে তারা ইনকাম করতেছে। ১লাখের বেশিও ইনকাম করতেছে।"
p-175-a-19,জন্মদাগ কী? এটা থাকা কি কোনো সমস্যা অথবা পূর্বজন্মের সাথে সম্পর্কিত? শরীরের জন্মদাগ কীভাবে দূর করা যায়?,স্বাস্থ্য ও চিকিৎসা,1,+2,108,https://www.sciencebee.com.bd/qna/19371/%E0%A6%AA%E0%A7%82%E0%A6%B0%E0%A7%8D%E0%A6%AC%E0%A6%9C%E0%A6%A8%E0%A7%8D%E0%A6%AE%E0%A7%87%E0%A6%B0,"['জন্মদাগ', 'জীনতত্ত্ব', 'স্বাস্থ্য']","জন্মদাগ কি?জন্মদাগ হলো জন্ম বা জীবনের প্রথম কয়েক সপ্তাহ থেকে ত্বকে দৃশ্যমান এক ধরনের বিবর্ণতা। মুখমণ্ডল বা শরীরের যেকোনো স্থানে জন্মদাগ থাকতে পারে। রঙ, আকার-আকৃতি ও উপস্থিতিতে জন্মদাগের বৈচিত্র্য রয়েছে।কিছু জন্মদাগ স্থায়ী এবং সময় পরিক্রমায় বড় হতে থাকে। অন্যান্য জন্মদাগ বয়স বৃদ্ধির সঙ্গে সঙ্গে সম্পূর্ণরূপে মিলিয়ে যায়। অধিকাংশ জন্মদাগই নিরীহ প্রকৃতির, তবে কোনো কোনো জন্মদাগ রোগ নির্দেশক হতে পারে। শারীরিক সৌন্দর্য ফিরিয়ে আনতে কিছু জন্মদাগ অপসারণ করা যেতে পারে।জন্মদাগ কি কোনো সমস্যা? বা পূর্বজন্মের সাথে সম্পর্কীত?জন্মদাগ অধিকাংশ ক্ষেত্রেই কোনো সমস্যার নির্দেশক নয়, তবে এক্ষেত্রে কিছু ব্যতিক্রম আছে।বেশির ভাগ ক্ষেত্রে এসব দাগের কোনো গুরুত্ব নেই। তবে রক্তনালিজনিত দাগ, যেমন হেমানজিওমা, যা অস্বাভাবিক রক্তনালির ফুলে ওঠার কারণে হয়ে থাকে। এটি কখনো কখনো সমস্যার সৃষ্টি করতে পারে। তার জন্য চিকিৎসকের পরামর্শ নেওয়া যেতে পারে। নয়তো জন্মদাগ নিয়ে চিন্তিত হওয়ার কিছু নেই।জন্মদাগ নিয়ে পূর্বজন্ম সংক্রান্ত নানা কুঃসংস্কার বিদ্যমান থাকলেও বৈজ্ঞানিক কোনো ভিত্তি নেই।জন্মদাগ দূর করার পদ্ধতিঃঅধিকাংশ জন্মদাগই নির্দোষ প্রকৃতির এবং চিকিৎসা বা অপসারণের প্রয়োজন হয় না। কিছু জন্মদাগের কারণে সৌন্দর্যে অস্বস্তি বোধ হতে পারে। কোনো কোনো জন্মদাগ মারাত্মক রোগের ঝুঁকি বাড়াতে পারে, যেমন: স্কিন ক্যানসার। জন্মদাগ অপসারণের পদ্ধতি হলো: লেজার থেরাপি, বিটা-ব্লকার্স, করটিকোস্টেরয়েডস ও সার্জারি।লেজার থেরাপি দিয়ে পোর্ট-ওয়াইন স্টেইন দূর করা যায়। এই দাগের চিকিৎসা শুরুর দিকে করলে সফলতার সম্ভাবনা বেশি। লেজার থেরাপি জনিত অস্বস্তি কমাতে চিকিৎসক লোকাল অ্যানেস্থেটিক দিতে পারেন। এই চিকিৎসার অন্যতম পার্শ্বপ্রতিক্রিয়া হলো সাময়িক ফোলা বা কালশিটে। লেজার থেরাপি ব্যবহারে স্থায়ীভাবে জন্মদাগ দূর করা যায়।সার্জারির মাধ্যমে জন্মদাগ অপসারণের পর স্কার কমাতে টিস্যু এক্সপানশনের প্রয়োজন হতে পারে। এক্ষেত্রে অপসারিত জন্মদাগের পাশে সুস্থ ত্বকের নিচে বেলুন প্রবেশ করানো হয়। এতে নতুন সুস্থ ত্বকের বিকাশ হয়। চিকিৎসক যখন প্রয়োজন মনে করবেন ওটা খুলে নেবেন।Source:https://en.m.wikipedia.org/wiki/Birthmark,https://www.prothomalo.com/lifestyle/%E0%A6%B6%E0%A6%BF%E0%A6%B6%E0%A7%81%E0%A6%B0-%E0%A6%9C%E0%A6%A8%E0%A7%8D%E0%A6%AE%E0%A6%A6%E0%A6%BE%E0%A6%97-%E0%A6%A8%E0%A6%BF%E0%A7%9F%E0%A7%87-%E0%A6%9A%E0%A6%BF%E0%A6%A8%E0%A7%8D%E0%A6%A4%E0%A6%BF%E0%A6%A4"
p-175-a-20,azoospermia রোগের লক্ষণ।কারণ ও তার প্রতিকার?,স্বাস্থ্য ও চিকিৎসা,1,+3,728,https://www.sciencebee.com.bd/qna/19370/azoospermia,"['রোগ', 'প্রতিকার', 'কারণ', 'চিকিৎসা']","এজোস্পার্মিয়া&rsquo; পুরুষত্বহীনতার এমন একটি অবস্থা যেখানে পুরুষের শুক্রাণু শূন্যতা বা বীর্য না হওয়া। শুক্রানু হচ্ছে পুরুষের প্রজনন কোষ যা বীর্য (Semen) এ থাকে, শুক্রানু খালি চোখে দেখা যায় না ।★এর কয়েকটি কারণ রয়েছে->ফলিকুলার স্ট্যামুলেটিং হরমোনের ঘাটতি>জিনগত কারণ>কখনও কখনও কেমোথেরাপি বা >রেডিওথেরাপিও একটি কারণ>ভুল জীবনযাপন,>খাদ্যাভ্যাস,>স্ট্রেস>ইনফেকশন>শুক্রানু উৎপাদন ঠিকমতো হয় কিনতু চলাচলের নালি বন্ধ থাকে★এ রোগের তেমন কোনো লক্ষ্মণ দেখা যায় না।★Azoospermia সমস্যা সনাক্ত করতে অনেক পদ্ধতি ব্যবহার করা হয় যেমন সিম্যানের পরীক্ষা, রক্ত ​​পরীক্ষা, ট্রান্সারিটাল আল্ট্রাসাউন্ড, টিএসএইচ এবং এলএইচ পরীক্ষার মতো। এই পরীক্ষাগুলিতে সমস্যা অনুযায়ী এটি সহজেই চিকিৎসা করা যেতে পারে।"
p-175-a-21,erectile dysfunction [ED] কি? এটি কি কারণে হয় ? এর থেকে রক্ষা পেতে কি করণীয়?,স্বাস্থ্য ও চিকিৎসা,3,+2,436,https://www.sciencebee.com.bd/qna/19369/dysfunction,"['শুক্রাণু', 'সেক্স', 'চিকিৎসা']","ইরেকটাইল ডিসফাংশন কি?পুরুষত্বহীনতা বা ইরেকটাইল ডিসফাংশন ঘটে যখন একজন পুরুষ যৌন সঙ্গমের জন্য সন্তোষজনকভাবে লিঙ্গের ইরেক্শন অর্জন বা বজায় রাখতে সক্ষম হয় না। যদিও একজন মানুষের মাঝে মাঝে ইরেকশনে কিছু সমস্যা হওয়া স্বাভাবিক, কিন্তু ইরেকটাইল ডিসফাংশন যা নিয়মিত বা বার বার হয়ে হয় তা স্বাভাবিক নয় এবং এর চিকিৎসা করা প্রয়োজন।ইরেকটাইল ডিসফাংশন একটি সাধারণ সমস্যা যা লিঙ্গের অপর্যাপ্ত রক্ত প্রবাহ, ডায়াবেটিস, স্থূলতা, ধূমপান, অ্যালকোহল সেবন, মানসিক চাপ ইত্যাদি অনেক কারণে হতে পারে। এবং ইরেকটাইল ডিসফেকশন সম্পূর্ণরূপে বিপরীত হতে পারে এবং তাই ডাক্তারের সাথে পরামর্শ করা গুরুত্বপূর্ণ। স্বাস্থ্যকর যৌন জীবন জীবনের মান উন্নত করতে, আত্মবিশ্বাস বাড়াতে এবং দম্পতিদের মধ্যে উত্তেজনাপূর্ণ সম্পর্ক রোধ করতে সাহায্য করতে পারে।"
p-175-a-22,erectile dysfunction [ED] কি? এটি কি কারণে হয় ? এর থেকে রক্ষা পেতে কি করণীয়?,স্বাস্থ্য ও চিকিৎসা,3,+2,436,https://www.sciencebee.com.bd/qna/19369/dysfunction,"['শুক্রাণু', 'সেক্স', 'চিকিৎসা']","ইরেকটাইল ডিসফাংশন কি কারনে হয়?ইরেকশন একটি নিউরোভাসকুলার প্রক্রিয়া যার জন্য পুরুষাঙ্গে পর্যাপ্ত রক্ত ​​সরবরাহ এবং স্নায়ু সরবরাহ প্রয়োজন। যৌন উত্তেজনার সময়, স্নায়ু সংকেত পাঠায় (আবেগ) যা লিঙ্গে রক্ত ​​প্রবাহ বাড়ায়। এই রক্ত ​​দুটি ফাঁপা প্রকোষ্ঠে জমা হয় যা কর্পোরা ক্যাভেরনোসা নামে পরিচিত এবং লিঙ্গকে প্রসারিত করে এবং শক্ত করে তোলে। পুরুষাঙ্গের রক্ত ​​প্রবাহে বা নার্ভ ইমপুলেসের বাধা যে কোন বাধা ইরেকটাইল ডিসফাংশন হতে পারে।ইরেকটাইল ডিসফাংশনের সাধারণ কারণগুলি হল:সাধারণ রোগ।উচ্চ রক্তচাপ।এথেরোস্ক্লেরোসিস মানে ধমনীর শক্ত হওয়া এবং সংকীর্ণ হওয়া।হৃদরোগ সমুহ।ডায়াবেটিস।যক্ষ্মা।ডিসলিপিডেমিয়া শরীরে কোলেস্টেরলের মাত্রা বাড়ায়।কিডনি রোগ।স্থানীয় রোগ।সিফিলিস।প্রিয়াপিজম- লিঙ্গের বেদনাদায়ক স্থায়ী ইরেক্শন।তামাক, অ্যালকোহল, মাদকাসক্ত ওষুধের প্রতি আসক্তি এবং কিছু ওষুধের পার্শ্বপ্রতিক্রিয়া যেমন এন্টিডিপ্রেসেন্টস।মাথা, মেরুদণ্ড, বা মেরুদণ্ডে আঘাত।অস্ত্রোপচার যা লিঙ্গ অঞ্চল বা মেরুদণ্ডের কর্ড জড়িত।উন্নত বয়স (> 50 বছর) ।স্থূলতা।শ্রোণী অঞ্চলের কাছাকাছি ক্যান্সারের চিকিৎসা।একাধিক স্ক্লেরোসিস, এমন একটি অবস্থা যেখানে স্নায়ু ক্ষতিগ্রস্ত হয়।পারকিনসন রোগ যেখানে কেন্দ্রীয় স্নায়ুতন্ত্র আক্রান্ত হয়।পেরোনির রোগ মানে লিঙ্গের ভিতরে দাগের টিস্যুর বিকাশ।মানসিক কারণ|বিষণ্ণতা।দুশ্চিন্তা।আপনার সঙ্গীকে সন্তুষ্ট করতে না পারার ভয়।যৌন মিলনের কাজ অপছন্দ করা।ঘুমের ব্যাধি এবং ক্লান্তি।বাড়িতে বা কর্মক্ষেত্রে চাপ।"
p-175-a-23,erectile dysfunction [ED] কি? এটি কি কারণে হয় ? এর থেকে রক্ষা পেতে কি করণীয়?,স্বাস্থ্য ও চিকিৎসা,3,+2,436,https://www.sciencebee.com.bd/qna/19369/dysfunction,"['শুক্রাণু', 'সেক্স', 'চিকিৎসা']","ইরেকটাইল ডিসফাংশনের জন্য চিকিৎসা কি? (Treatment of Erectile Dysfunction in Bengali)ইরেক্টাইল ডিসফাংশনের কারণ এবং তীব্রতার উপর ভিত্তি করে অন্যান্য অন্তর্নিহিত স্বাস্থ্য অবস্থার উপর ভিত্তি করে, বিভিন্ন চিকিৎসা বিকল্প উপলব্ধ। এই চিকিৎসার মধ্যে রয়েছে-মৌখিক ওষুধ:সিলডেনাফিল (ভায়াগ্রা)টাডেলফিল (এডিসিরকে, শ্যালিস)ভারডিনাফিল (লেভিট্রা, স্ট্যাক্সিন)অভ্যানফিল (স্টান্ডারা)এই ওষুধগুলি শরীরে নাইট্রিক অ্যাসিডের প্রচলন বাড়ায়, যা লিঙ্গে পেশী শিথিল করে এবং ফলস্বরূপ রক্ত প্রবাহ বাড়ায়, যার ফলে ইরেক্শন হয়। এই ঔষধগুলির সাথে দেখা সাধারণ পার্শ্বপ্রতিক্রিয়াগুলির মধ্যে রয়েছে মুখ ফর্সা হওয়া, নাক বন্ধ হওয়া, চাক্ষুষ ব্যাঘাত, মাথাব্যথা, পিঠে ব্যথা এবং বদহজম। এই ওষুধগুলি নাইট্রেটস (সাধারণত বুকে ব্যথার জন্য নির্ধারিত), আলফা-ব্লকার, অথবা আপনার হার্ট ফেইলিওর বা হাইপোটেনশন থাকলে এই ওষুধগুলি রক্তচাপ হ্রাস করতে পারে না। তাই ইরেকটাইল ডিসফাংশনের জন্য কোনো ওষুধ খাওয়ার আগে ডাক্তারের পরামর্শ নেওয়া জরুরি।পেনাইল ইনজেকশন যেমন আলপ্রোস্টাডিল স্ব-ইনজেকশন:এই পদ্ধতিতে, আলপ্রোস্টাডিল একটি সূক্ষ্ম সূঁচ দ্বারা পুরুষাঙ্গের গোড়ায় বা পাশে ইনজেক্ট করা হয় এবং এটি প্রায় এক ঘন্টার জন্য ইমারত বজায় রাখতে সাহায্য করে। স্ব-ইনজেকশন পাঠ প্রথমে অভিজ্ঞ স্বাস্থ্যসেবা পেশাদারদের দ্বারা দেওয়া উচিত। চিকিৎসার এই পদ্ধতির সাফল্যের হার 85%হিসাবে উচ্চ। আলপ্রোস্টাডিল দুই বা ততোধিক ওষুধের সাথে মিশে যেতে পারে যা “বিমিক্স” বা “ট্রিমিক্স” সংমিশ্রণ হিসাবে পরিচিত যা একা অ্যালপ্রোস্টাডিলের চেয়ে শক্তিশালী এবং ইরেকটাইল ডিসফাংশনের জন্য আদর্শ চিকিৎসা হয়ে উঠেছে। এই পদ্ধতির সাধারণ পার্শ্ব প্রতিক্রিয়াগুলির মধ্যে রয়েছে হালকা রক্তপাত এবং দীর্ঘায়িত ইরেক্শন (প্রিয়াপিজম)।আলপ্রোস্টাডিল ইউরেথ্রাল সাপোজিটরি (ইন্ট্রাওরেথ্রাল থেরাপি):এই পদ্ধতিতে পেনাইল মূত্রনালীতে আলপ্রোস্টাডিল স্থাপন করা জড়িত। ১০ মিনিটের মধ্যে ইমারত শুরু হয় এবং প্রায় ৩০-৬০ মিনিট স্থায়ী হয়। পার্শ্বপ্রতিক্রিয়াগুলির মধ্যে রয়েছে লিঙ্গে জ্বলন্ত অনুভূতি এবং সামান্য রক্তপাত।  ইন্ট্রাউরেথ্রাল থেরাপি পেনাইল ইনজেকশনের মতো কার্যকর নয়।টেস্টোস্টেরন থেরাপি:টেস্টোস্টেরনের মাত্রা কম থাকা পুরুষদের মধ্যে, (সাধারণত বয়স্ক পুরুষদের) এই পদ্ধতিটি কার্যকর। টেস্টোস্টেরন থেরাপি দেওয়া উচিত নয় যদি একজন পুরুষ তার বয়সের জন্য স্বাভাবিক টেস্টোস্টেরন স্তর থাকে, যা প্রোস্টেট ক্যান্সারের ঝুঁকি বাড়ায়।পেনাইল পাম্প (ভ্যাকুয়াম ইরেকশন ডিভাইস):এই কৌশলটি একটি ফাঁপা নল এবং একটি পাম্প ব্যবহার করে যা হাতে চালিত বা ব্যাটারি চালিত হতে পারে। নলটি লিঙ্গে স্থাপন করা হয় এবং পাম্পটি টিউবের ভিতরে উপস্থিত বায়ু চুষতে এবং একটি ভ্যাকুয়াম তৈরি করতে ব্যবহৃত হয় যা লিঙ্গে রক্ত ​​টেনে নেয়। তারপর একটি রিং পুরুষাঙ্গের গোড়ায় স্লিপ করে যা লিঙ্গে রক্ত ​​ধরে রাখে এবং প্রায় 30-40 মিনিটের জন্য শক্ত রাখে। পুরুষাঙ্গের ক্ষত এই পদ্ধতির সম্ভাব্য পার্শ্বপ্রতিক্রিয়া হতে পারপেনাইল ইমপ্লান্টগুলি পেনাইল প্রস্থেথিসিস নামেও পরিচিত, অস্ত্রোপচারের মাধ্যমে লিঙ্গের উভয় পাশে স্থাপন করা যন্ত্র। এই ডিভাইসগুলি লিঙ্গকে শক্ত করে এবং ইমারত সৃষ্টি করে।2 ধরণের পেনাইল ইমপ্লান্ট রয়েছে:সেমি-রিজিড বা বেন্ডেবল ইমপ্লান্ট- এগুলি সিলিকন দিয়ে তৈরি সহজ ধরনের ইমপ্লান্ট। সিলিকন যৌনতার সময় অনুপ্রবেশের জন্য প্রয়োজনীয় দৃঢ়তা প্রদান করে এবং খাড়া বা অ-খাড়া অবস্থানে ম্যানিপুলেশন করার অনুমতি দেয়।ইনফ্ল্যাটেবল ইমপ্লান্টস- একটি পাম্প এবং দুটি সিলিন্ডার ইরেকশন চেম্বারে রাখা হয় অর্থাৎ লিঙ্গের কর্পোরা ক্যাভেরনোসা যা স্যালাইন সলিউশন বের করে ইরেকশন সৃষ্টি করে।পেনাইল ইমপ্লান্ট ব্যর্থতার সবচেয়ে সাধারণ কারণ হল একটি সংক্রমণ যা 2% এরও কম পুরুষদের মধ্যে ঘটে।মনস্তাত্ত্বিক পরামর্শ:বিষণ্নতা, উদ্বেগ, বা অন্যান্য মানসিক ব্যাঘাতের জন্য কঠোর।জীবনধারা পরিবর্তন যেমন:অ্যালকোহল গ্রহণ এবং ধূমপান বন্ধ/ সীমিত করা।একটি স্বাস্থ্যকর খাদ্য অনুসরণ।নিয়মিত ব্যায়াম।পর্যাপ্ত ঘুম এবং মানসিক চাপ কমানো।ডায়াবেটিস, উচ্চ রক্তচাপ এবং উচ্চ কোলেস্টেরলের মতো অন্তর্নিহিত রোগের চিকিৎসা করা।সূত্র:logintohealth.com"
p-175-a-24,শিশুরা স্তনের দুধ পান করা ছাড়া অন্যরা পান করলে কি হতে পারে? তাছাড়া এই দুধে কি আছে এবং অন্য সব দুধ থেকে পার্থক্য কি?,স্বাস্থ্য ও চিকিৎসা,1,+3,724,https://www.sciencebee.com.bd/qna/19368/%E0%A6%B6%E0%A6%BF%E0%A6%B6%E0%A7%81%E0%A6%B0%E0%A6%BE-%E0%A6%AA%E0%A6%BE%E0%A6%B0%E0%A7%8D%E0%A6%A5%E0%A6%95%E0%A7%8D%E0%A6%AF,"['দুধ', 'সেক্স', 'সহবাস', 'স্তন', 'মেয়ে']","আইবিএফএএনের তথ্য অনুযায়ী, শিশুকে মায়ের দুধ না খাওয়ালে নিউমোনিয়াজনিত মৃত্যুর ঝুঁকি প্রায় ১৫ গুণ, ডায়রিয়ায় মৃত্যুর ঝুঁকি প্রায় ১১ গুণ, শিশুদের অপুষ্টি ও অন্যান্য কারণে মৃত্যুর ঝুঁকি প্রায় ১৪ গুণ এবং জন্ডিস, কানপাকা ও পরিপাকতন্ত্রের সংক্রমণসহ ডায়রিয়ার শঙ্কা বৃদ্ধি পায়। এ ছাড়া শারীরিক বৃদ্ধি ও বুদ্ধির বিকাশ বাধাগ্রস্ত হয়; বয়সের তুলনায় ওজন অতিরিক্ত বৃদ্ধি পায়; দীর্ঘস্থায়ী রোগের (ডায়াবেটিস, হৃদরোগ, স্থূলতা) ঝুঁকি বৃদ্ধি পায়।তাই জন্মের পর থেকে দুই বছর বয়স পর্যন্ত শিশুকে মায়ের দুধ দিয়ে যেতে হবে। ছয় মাস পর্যন্ত শুধুই বুকের দুধ এবং তারপর থেকে বুকের দুধের পাশাপাশি পানি ও অন্যান্য খাবার দিতে হবে। ঢাকা শিশু হাসপাতালের চিকিৎসক ডা. লুনা পারভীন জানালেন কেন একটি শিশুকে বুকের দুধ খাওয়াতে হবে। আসুন জেনে নেই শিশুর বিকাশে মাতৃদুগ্ধ কেন জরুরি-১. মায়ের দুধে শিশুর পুষ্টি চাহিদা পূরণে ও শারীরিক গঠন বৃদ্ধিতে প্রয়োজনীয় অ্যামাইনো অ্যাসিড, প্রোটিন, শর্করা ও চর্বি থাকে।২. মায়ের দুধ পান করলে শিশুর রোগ প্রতিরোধ ক্ষমতা বাড়ে। এতে থাকা নানা রকম ইমিউনোগ্লোবিউলিন, অ্যান্টিবডি এবং রোগপ্রতিরোধক শিশুকে বিভিন্ন সংক্রমণ থেকে সুরক্ষা দেয়। যেসব শিশু প্রথম ছয় মাস এক্সক্লুসিভ ব্রেস্ট ফিডিং করেনি, তাদেরই নিউমোনিয়া, ডায়রিয়া প্রভৃতির সংক্রমণ বেশি হয়।৩. শিশুর পাকস্থলী ও পরিপাকতন্ত্র মায়ের দুধের ভিটামিন, খনিজ ও এনজাইম সম্পূর্ণরূপে শোষণ করতে ও কাজে লাগাতে সক্ষম ও প্রস্তুত। বাইরের ফর্মুলা মিল্ক বা অন্য কোনো খাবারের জন্য প্রস্তুত নয়। তাই মায়ের দুধে শিশুর বদহজম বা অ্যালার্জি হওয়ার ঝুঁকি নেই।৪. মায়ের দুধে থাকা উচ্চমাত্রার কোলেস্টেরল শিশুর মস্তিষ্ক বিকাশে সাহায্য করে। এটি ভিটামিন ডি হরমোন তৈরিতেও সহায়ক। বর্তমানে দেখা গেছে ভিটামিন ডি-এর অভাবে নানারকম অসুস্থতা দেখা দিচ্ছে শিশুসহ নানা বয়সী মানুষের। এমনকি করোনাভাইরাসের বিরুদ্ধে লড়াই করতেও ভিটামিন ডি এর উপযোগিতা পাওয়া গেছে।৫. মায়ের দুধের ওপর নির্ভরশীল শিশুর প্রথম বছরে তিন গুণ ওজন বাড়ে বলে গবেষণায় দেখা গেছে।৬. শিশুর আকস্মিক মৃত্যু (সিডস), সর্দি&ndash;কাশি বা ফ্লু, কান পাকা, হাঁপানি, একজিমা, টাইপ-১ ডায়াবেটিস, দন্তরোগ, স্থূলতা, শিশুদের ক্যানসার এবং পরবর্তী জীবনে মানসিক রোগ প্রভৃতি সমস্যা প্রতিরোধে মাতৃদুগ্ধ পানের উপকারিতা অনস্বীকার্য।৭. শিশু জন্মের পর তৃতীয় দিনে মায়ের বুকে আসল দুধ আসার আগ পর্যন্ত যে হলদেটে তরল পদার্থ বের হয়, তাকেই বলে শালদুধ। এটি নবজাতকের শ্রেষ্ঠ খাবার যা গর্ভাবস্থার শেষ দিক থেকেই স্তন থেকে নিঃসৃত হতে শুরু করে। শালদুধ পরিমাণে থাকে অল্প, কিন্তু এতে আমিষ আর শর্করার ভাগ থাকে অনেক বেশি আর চর্বি বা মাখন জাতীয় উপাদানের পরিমাণ থাকে খুব কম। ফলে নবজাতক খুব সহজেই হজম করতে পারে। এতে শিশু তাড়াতাড়ি পায়খানা করে ফলে জন্ডিস হবার সম্ভাবনাও কমে।শালদুধে প্রচুর পরিমাণ &lsquo;ইমিউনোগ্লোবিউলিন&rsquo; থাকে যা রোগ প্রতিরোধের ক্ষমতা বাড়াতে সাহায্য করে। তাই শালদুধকে বলা হয় শিশুর প্রথম টিকা।৮. মনে রাখতে হবে জন্মের পর থেকে প্রথম ছয় মাস মায়ের দুধই হবে শিশুর একমাত্র খাবার। এতেই মিটবে তার পর্যাপ্ত পুষ্টি চাহিদা। ছয় মাস থেকে অন্যান্য খাবার ও পানি শুধু হবে তাও অল্প অল্প করে। কিন্তু মাতৃদুগ্ধ পান চালিয়ে যেতে হবে দুই বছর বয়স পর্যন্ত।৯. অসুস্থ, প্রি-ম্যাচিউরড, সময়ের আগে ভূমিষ্ঠ বা কম ওজনবিশিষ্ট শিশুকে অবশ্যই মায়ের দুধ পান করাতে হবে। হাসপাতালের ইনকিউবেটর বা আইসিইউতে থাকা শিশুকেও বারবার যেয়ে দুধ পান করাতে হবে বা তার কাছে বিশেষ ব্যবস্থায় মায়ের বুকের দুধ সংগ্রহ করে নিয়ে খাওয়াতে হবে।১০. বুকের দুধ পান করালে শুধুমাত্র যে শিশুরই উপকার তা নয়, মায়েরাও নানাভাবে উপকৃত হন। বুকের দুধ পান করালে মায়েদের প্রসব-পরবর্তী রক্তপাত কম হয়। এছাড়াও একজন মা যত বেশি স্তন্যপান করাবেন, তত দ্রুত তার জরায়ু সংকুচিত হয়ে আগের অবস্থানে ফিরে আসবে। এমনকি তার ওজনও দ্রুত কমে। মায়ের গর্ভকালীন অবস্থায় ডায়াবেটিস থাকলে শিশুকে বুকের দুধ পান করালে শর্করা কমে আসে দ্রুত। তাছাড়া বর্তমানে উদ্বেগ বাড়ানো স্তন ক্যানসারের ঝুঁকিও কমে।Source:https://sarabangla.net"
p-175-a-25,ফিজিক্যাল রিলেশন আর porn এর প্রভাব।,মনোবিজ্ঞান,1,+2,633,https://www.sciencebee.com.bd/qna/19366/%E0%A6%AB%E0%A6%BF%E0%A6%9C%E0%A6%BF%E0%A6%95%E0%A7%8D%E0%A6%AF%E0%A6%BE%E0%A6%B2-%E0%A6%AA%E0%A7%8D%E0%A6%B0%E0%A6%AD%E0%A6%BE%E0%A6%AC%E0%A5%A4,"['সেক্স', 'সহবাস', 'প্রেম', 'psychology', 'হরমোন']","ফিজিকাল রিলেশন আর পর্ন আদতে এক মনে হলেও পার্থক্য রয়েছে!ফিজিকাল রিলেশনের উপকারিতা:১। নিয়মিত ফিজিকাল রিলেশনে গেলে শরীর চাঙ্গা থাকে, কাজে এনার্জি পাওয়া যায়। শারিরীর ও মানসিক স্বাস্থ্যের জন্য এটি খুবই গুরুত্বপূর্ণ!২। নিয়মিত ফিজিকাল রিলেশন রোগ প্রতিরোধ ক্ষমতা বাড়িয়ে তোলে এবং সুস্থ্য ফিজিকাল রিলেশন অনেক ভালো একটি ব্যায়াম।৩। নিয়মিত ফিজিকাল রিলেশন ব্লাড প্রেসারের মাত্রা নিয়ন্ত্রণ করে। এছাড়াও ভালো ফিজিকাল রিলেশন হৃদপিন্ডকেও সুস্থ্য রাখে। এছাড়াও প্রটেস্ট ক্যান্সার হওয়ার সম্ভাবনা অনেকাংশেই কমে যায়!এখন পর্ন ভিডিয়োতে যা হয়:পর্ন ভিডিয়োতে যেমন চাকচিক্যময় দৃশ্য উপস্থাপন করা হয় আসলে তেমন কিছুই না। একেকটা ভিডিয়ো বেশ কয়েকদিন যাবত শ্যুটিং করা হয়। এবং আমরা যা দেখি তার ষোলো আনাই মেকআপ। তাই পর্নস্টারদেরকে দেখে নিজেদের সাথে তুলনা করে হতাশ হওয়ার কিছু নেই! ঠিকমতো ভিডিয়ো শ্যুট না হলে একেকজনকে টানা ৫-৬ ঘণ্টাও পর্ন ভিডিয়োতে অ্যাক্টিং করতে হয়! সাবেক পর্ন তারকাদের ইন্টারভিউতে এরকম অনেক লোমহর্ষক তথ্য পাবেন! পর্ন ভিডিয়োতে বেশিরভাগ সময়ে উভয়ের সদিচ্ছা থাকে না, ফলে স্ত্রীর সাথে ফিজিকাল রিলেশনে যে প্রশান্তি এবং মানসিক আনন্দ আছে তা পর্ন তারকারা পান না!  এবং পর্ন তারকারা প্রায় সময়েই বিভিন্ন যৌন রোগে আক্রান্ত হয়ে থাকেন। কিন্তু, এক সঙ্গীর প্রতি আস্থা রাখাই ভালো সাধারণ মানুষের ক্ষেত্রে।- হায়াত মোহাম্মাদ ইমরান"
p-175-a-26,ইন্টারস্টেলার মুভির ভুট্টা ক্ষেত কী আসল ছিলো নাকি ভিএফএক্স?,বিবিধ,1,+2,366,https://www.sciencebee.com.bd/qna/19364/%E0%A6%87%E0%A6%A8%E0%A7%8D%E0%A6%9F%E0%A6%BE%E0%A6%B0%E0%A6%B8%E0%A7%8D%E0%A6%9F%E0%A7%87%E0%A6%B2%E0%A6%BE%E0%A6%B0,"['মুভি', 'ইন্টারস্টেলার']","ইন্টারস্টেলার মুভিতে কেবল ৮-১০ মিনিটের সিনের জন্য পরিচালক ক্রিষ্টোফার নোলান ৫০০ একর জমিতে ভুট্টা চাষ করান, যা অনায়াসেই ভিএফএক্সের সাহায্যে করা যেতো। জ্যাক স্নাইডারের ম্যান অব স্টিল মুভির সিনে সুপারম্যানকে ভুট্টা ক্ষেতের উপর দিয়ে উড়ে যাওয়ার সীন দেখা যায়। পরিচালক সেই দৃশ্য ধারণ করতে ২০০ একর জমিতে ভুট্টা চাষ করেন। সেখান থেকে উজ্জীবিত হয়ে ইন্টারস্টেলারের জন্য একেবারে ৫০০ একর ভুট্টা ক্ষেত করার পরিকল্পনা নেন ক্রিষ্টোফার নোলান। তবে পরবর্তীতে সেই ভুট্টা বিক্রি করে নোলান সাহেব ভালোই লাভ করেন।"
p-175-a-27,কাঁচা পেঁপের শাঁস কম দৃঢ় কেন?,জীববিজ্ঞান,1,+5,874,https://www.sciencebee.com.bd/qna/19357/%E0%A6%95%E0%A6%BE%E0%A6%81%E0%A6%9A%E0%A6%BE-%E0%A6%AA%E0%A7%87%E0%A6%81%E0%A6%AA%E0%A7%87%E0%A6%B0,"['কাঁচা', 'পেঁপের', 'শাঁস', 'কম', 'দৃঢ়']",কাঁচা পেঁপের শাঁসে গৌণ জাইলেম টিস্যু বিদ্যমান থাকায় এর শাঁস কম দৃঢ় হয়।https://youtu.be/qxnfO-7Ac-8
