id,question,question_category,number_of_answer,number_of_vote,number_of_view,answer_link,question_tag,answer
p-97-a-0,"- পান সূর্যের আলোয় হলুদ বর্ণ ধারণ করে কেন? আমরা জানি, গাছ বা লতাপাতা সূর্যের আলো পেলে সবুজ হয় কিন্তু মিষ্টি পান সরাসরি সূর্যের আলোয় হলুদ বর্ণ ধারণ করে, এর কারণ কী?",সৃজনশীলতা,1,+1,100,https://www.sciencebee.com.bd/qna/24910/%E0%A6%B8%E0%A7%82%E0%A6%B0%E0%A7%8D%E0%A6%AF%E0%A7%87%E0%A6%B0-%E0%A6%B8%E0%A7%82%E0%A6%B0%E0%A7%8D%E0%A6%AF%E0%A7%87%E0%A6%B0,"['পান', 'সূর্য']",ক্লোরফিলের অভাবে সম্পূর্ণভাবে পরিচর্যা করার পরো গাছের পাতা হলুদ হতে পারে। তখন বুঝতে হবে গাছের পাতায় ম্যাগনেসিয়ামের অভাব হয়েছে ফলে ক্লোরফিলের ঘাটতি দেখা যায়। যার ফলে গাছের পাতা হলুদাভ দেখা যায় ( পুরো ফ্যাকাসে হয়ে যায় )।
p-97-a-1,ঈল মাছ কেন আর লিভাবে বিদ্যুৎ উৎপন্ন করে?,চিন্তা ও দক্ষতা,2,+1,88,https://www.sciencebee.com.bd/qna/24909/%E0%A6%B2%E0%A6%BF%E0%A6%AD%E0%A6%BE%E0%A6%AC%E0%A7%87-%E0%A6%AC%E0%A6%BF%E0%A6%A6%E0%A7%8D%E0%A6%AF%E0%A7%81%E0%A7%8E,"['ঈল', 'মাছ']","ইলেকট্রিক ঈল একটি রহস্যময় এবং বিপজ্জনক মাছ যা দক্ষিণ আমেরিকা মহাদেশের উত্তর-পূর্ব অংশের অগভীর কর্দমাক্ত নদীতে বাস করে। সাধারণ ঈলের সাথে এর কোন সম্পর্ক নেই, এটি একটি স্তবকের মত মাছ। এর প্রধান বৈশিষ্ট্য হল বিভিন্ন শক্তি এবং উদ্দেশ্যগুলির বৈদ্যুতিক চার্জ তৈরি করার ক্ষমতা, সেইসাথে বৈদ্যুতিক ক্ষেত্রগুলি সনাক্ত করার ক্ষমতা।বাসস্থানবিবর্তনের সহস্রাব্দ ধরে, বৈদ্যুতিক ঈলগুলি অতিবৃদ্ধ ও পলিযুক্ত জলাশয়ের অত্যন্ত প্রতিকূল পরিস্থিতিতে বেঁচে থাকার জন্য অভিযোজিত হয়েছে। তার অভ্যাসগত আবাসস্থল হল স্থবির, ​​উষ্ণ এবং কর্দমাক্ত মিষ্টি জল যেখানে প্রচুর অক্সিজেনের ঘাটতি রয়েছে।ঈল বায়ুমণ্ডলীয় বাতাসে শ্বাস নেয়, তাই প্রতি ত্রৈমাসিক ঘন্টা বা তার বেশি সময়ে, এটি বাতাসের একটি অংশ ক্যাপচার করতে জলের পৃষ্ঠে উঠে আসে। এই সুযোগ থেকে তাকে বঞ্চিত করলে তার দম বন্ধ হয়ে যায়। কিন্তু কোন ক্ষতি ছাড়া, ব্রণ কয়েক ঘন্টার জন্য জল ছাড়া করতে পারেন যদি তার শরীর এবং মুখ আর্দ্র করা হয়।বর্ণনাবৈদ্যুতিক ঈলের একটি প্রসারিত শরীর রয়েছে, পাশ এবং পিছনের দিক থেকে কিছুটা সংকুচিত, সামনে গোলাকার। বড়দের রং সবুজাভ বাদামি। চ্যাপ্টা মাথার গলা এবং নিচের অংশ উজ্জ্বল কমলা রঙের। একটি চরিত্রগত বৈশিষ্ট্য হল আঁশের অনুপস্থিতি, ত্বক শ্লেষ্মা দিয়ে আচ্ছাদিত।"
p-97-a-2,ঈল মাছ কেন আর লিভাবে বিদ্যুৎ উৎপন্ন করে?,চিন্তা ও দক্ষতা,2,+1,88,https://www.sciencebee.com.bd/qna/24909/%E0%A6%B2%E0%A6%BF%E0%A6%AD%E0%A6%BE%E0%A6%AC%E0%A7%87-%E0%A6%AC%E0%A6%BF%E0%A6%A6%E0%A7%8D%E0%A6%AF%E0%A7%81%E0%A7%8E,"['ঈল', 'মাছ']","ইলেকট্রিক ইলের দেহের পেশি আর স্নায়ুকোষ বিশেষ ভাবে গঠিত এবং এর মাধ্যমেই ইলেকট্রিক ফিল্ড তৈরী করে। লেজের বিশেষ অঙ্গে বিদ্যুৎ উৎপন্ন হয়। কোন শত্রু বা শিকারের আভাস সে পায় তখন তার স্নায়ুর ক্রিয়ার দরুন নেগেটিভ, পজেটিভ বর্তনী তৈরি হয় এবং বিদ্যুৎ উৎপন্ন হয়।"
p-97-a-3,প্রেসার কুকারে দ্রুত রান্না হওয়ার কারণ কি ?,লাইফ,2,0,267,https://www.sciencebee.com.bd/qna/24898/%E0%A6%AA%E0%A7%8D%E0%A6%B0%E0%A7%87%E0%A6%B8%E0%A6%BE%E0%A6%B0-%E0%A6%95%E0%A7%81%E0%A6%95%E0%A6%BE%E0%A6%B0%E0%A7%87,"['পদার্থ', 'রাসায়নিক']","যখন তাপমাত্রা ১০০'সে, এর বেশি হয়, সেই অতিরিক্ত তাপে পানি বাষ্প হয়ে যায় । বাস্তবে ৯৭ বা ৯৮ ডিগ্রি সে' এই তাপমাত্রায়রান্নারকাজ হয়। যদি কোনোভাবে পানির তাপমাত্রা ১০০ ডিগ্রির চেয়ে বেশি ওঠানো সম্ভব হয়, তখন খাদ্য আগের তুলনায় কম সময়ে অনেক বেশি তাপ গ্রহণ করবে। ... এটাই হলোপ্রেসার কুকারে রান্না দ্রুতহবার কারন।"
p-97-a-4,প্রেসার কুকারে দ্রুত রান্না হওয়ার কারণ কি ?,লাইফ,2,0,267,https://www.sciencebee.com.bd/qna/24898/%E0%A6%AA%E0%A7%8D%E0%A6%B0%E0%A7%87%E0%A6%B8%E0%A6%BE%E0%A6%B0-%E0%A6%95%E0%A7%81%E0%A6%95%E0%A6%BE%E0%A6%B0%E0%A7%87,"['পদার্থ', 'রাসায়নিক']","এরপর যখন চাপ অতিরিক্তহয়ে যাবে তাপের কারনে তখনই খাবার দ্রুত রান্না হবে। এখানে তাপের ফলে ভিতরে থাকা পানি বাষ্পে পরিনত হয়। আর আমরা জানি তরল থেকে বাষ্পে গেলে আয়তন বৃদ্ধি পায়, অর্থাৎ চাপ বাড়ে। এজন্য তাপ ও চাপ একসাথে প্রেশার কুকারে ব্যবহারের কারনেই তাড়াতাড়ি রান্না হয়।"
p-97-a-5,মানুষ কোমায় গেলে শারীরিক কার্যাদি কিভাবে হয়??,স্বাস্থ্য ও চিকিৎসা,1,+1,67,https://www.sciencebee.com.bd/qna/24896/%E0%A6%B6%E0%A6%BE%E0%A6%B0%E0%A7%80%E0%A6%B0%E0%A6%BF%E0%A6%95-%E0%A6%95%E0%A6%BE%E0%A6%B0%E0%A7%8D%E0%A6%AF%E0%A6%BE%E0%A6%A6%E0%A6%BF,"['কোমা', 'কার্যাদি']","আচ্ছা কখনো কি ভেবে দেখেছেন, কোমা ব্যাপারটা আসলে কেমন? টিভিতে বা চলচ্চিত্রে কোমায় থাকা রোগীদেরকে সবসময় দেখানো হয় একজন ঘুমন্ত ব্যক্তির মতো। বাহ্যিক দিক থেকে ভাবলে, ব্যাপারটা তো ঠিকই আছে, কোমা তো আসলে ঘুমের মতই দেখতে! চোখ বন্ধ থাকবে, নিঃশ্বাস হবে ধীর, মুখের অভিব্যক্তিটা হবে শান্তিপূর্ণ- কোমা সত্যিকার অর্থে এমনটাই।তবে বাইরে থেকে একজন ঘুমন্ত ব্যক্তি আর কোমায় থাকা রোগীকে একই রকম দেখা গেলেও, ভেতরে, বিশেষ করে মস্তিষ্কের কার্যক্রম দু’ক্ষেত্রে পুরোই আলাদা। মস্তিষ্কের চোখে ঘুম আর কোমার মাঝে কোনো সাদৃশ্যই নেই।কোমাকে তার মেডিক্যাল সংজ্ঞায় দেখানো হয়েছে একধরনের অচেতনতা হিসেবে, যে অচেতনতা থেকে মানুষটিকে জাগানো সম্ভব নয়; আলো, শব্দ বা সাধারণ ব্যথার স্টিমুলির প্রতি কোমায় থাকা ব্যক্তি থাকবে অসাড়, তার কোনো স্বাভাবিক ঘুমচক্র বা স্লিপ সাইকেলও থাকবে না, তাকে কোনো স্বেচ্ছাকৃত নড়াচড়াও করতে দেখা যাবে না।কোমার সংজ্ঞাটি বিশদ বটে, কিন্তু কোমায় থাকার সময়ে আসলে একজন মানুষের মস্তিষ্কে কী চলে, সে ব্যাপারটি ভালোই কৌতূহলোদ্দীপক। কোমাকে চিকিৎসাবিজ্ঞানীরা সম্বোধন করেন এক চেতনার ব্যাধি  বা'Disorder of Consciousness'হিসেবে। চেতনার ব্যাধিগুলো সাধারণত হয় মস্তিষ্ক কোনোভাবে ক্ষতিগ্রস্থ হলে।ক্ষতিগ্রস্থতাঅনেকভাবেই হতে পারে। স্ট্রোক হতে পারে, অক্সিজেনের অভাব হতে পারে, মাথায় বড়সড় আঘাতে ফলেও হতে পারে এই ক্ষতি। আর মস্তিষ্কের কোনো একটা ক্ষতি মানুষের মাঝে গভীর অচেতনতার সূত্রপাত ঘটাতে পারে, যে অচেতনতা টিকতে পারে দিনের পর দিন, কিংবা মাসের পর মাস। এই অচেতনতার নামই কোমা। যদিও দর্শন মানুষের চেতনার স্বরূপ নিয়ে অনেক তর্ক করেছে, কিন্তু মেডিকেলের দৃষ্টিভঙ্গি খুবই সোজাসাপ্টা। কারোচেতনাআছে তখনই বলা যাবে, যখন তার দুটি বৈশিষ্ট্য ঠিকঠাক থাকবে। তাকে হতে হবেawakeবা সজাগ এবংawareবা সচেতন। সজাগ বলতে বোঝানো হচ্ছে কোনো মানুষের যদি স্বেচ্ছায় দেহকে সঞ্চালন করতে পারা, হাত নাড়ানো বা চোখের পাঁপড়ি নাড়ানো। আর সচেতন বলতে বোঝায়, আশেপাশের ঘটনার প্রতি প্রতিক্রিয়া থাকতে হবে। অর্থাৎ কেউ আঘাত করলে ব্যথা পেতে হবে, বা কেউ ডাকলে সাড়া দেবার ক্ষমতা থাকতে হবে। কারো কোনো চেতনার ব্যাধি হলে, এ দু’টো অন্তত যেকোনো একটিতে ঘাটতি দেখা যায়। কোমার ক্ষেত্রে দু’টো বৈশিষ্ট্যের একটিও থাকে না।তবে একজন কোমায় থাকা রোগীর মস্তিষ্ক যে চলছে, তা বোঝা যায় রোগীর কিছু অটোমেটিক ব্যাসিক রেস্পন্স থেকে, যেমন তাদের চোখের পিউপিল ডাইলেটেড অবস্থায় থাকে। কিন্তু এই চলাটা সাধারণের তুলনায় নিতান্তই নগণ্য। মস্তিষ্ক কোমায় থাকা অবস্থায় অনেক কম শক্তি ব্যবহার করে, আপনার সবচেয়ে গভীর ঘুম থেকেও ১০-২০% কম শক্তি, আর জাগ্রত অবস্থার তুলনায় ৫০-৬০% কম। এই কম শক্তির ব্যবহার থেকেই বোঝা যায়, সারা মস্তিষ্কের কার্যক্রম তখন কতটা শিথিল রয়েছে। এই শিথিল থাকার কারণে, মস্তিষ্কে তখন আর রেগুলার স্লিপ সাইকেল থাকে না।"
p-97-a-6,গ্যালভানাইজেশন পদ্ধতি কি ?,স্বাস্থ্য ও চিকিৎসা,2,0,112,https://www.sciencebee.com.bd/qna/24895/%E0%A6%97%E0%A7%8D%E0%A6%AF%E0%A6%BE%E0%A6%B2%E0%A6%AD%E0%A6%BE%E0%A6%A8%E0%A6%BE%E0%A6%87%E0%A6%9C%E0%A7%87%E0%A6%B6%E0%A6%A8,"['রাসায়নিক', 'পদার্থ']","গ্যালভানাইজেশন বা গ্যালভানিকরণ হলো মরিচা প্রতিরোধ করার জন্য ইস্পাত বা লোহাতে দস্তার প্রলেপ প্রয়োগ করার প্রক্রিয়া। সর্বাধিক প্রচলিত পদ্ধতি হল উত্তপ্ত-নিমজ্জিত গ্যালভানাইজেশন, এতে প্রলেপ দেওয়ার মত বস্তুগুলি গলিত গরম দস্তাতে নিমজ্জিত করে নেওয়া হয়।"
p-97-a-7,গ্যালভানাইজেশন পদ্ধতি কি ?,স্বাস্থ্য ও চিকিৎসা,2,0,112,https://www.sciencebee.com.bd/qna/24895/%E0%A6%97%E0%A7%8D%E0%A6%AF%E0%A6%BE%E0%A6%B2%E0%A6%AD%E0%A6%BE%E0%A6%A8%E0%A6%BE%E0%A6%87%E0%A6%9C%E0%A7%87%E0%A6%B6%E0%A6%A8,"['রাসায়নিক', 'পদার্থ']",গ্যালভানাইজেশন বা গ্যালভানিকরণ হলো মরিচা প্রতিরোধ করার জন্য ইস্পাত বা লোহাতে দস্তার প্রলেপ প্রয়োগ করার প্রক্রিয়া।
p-97-a-8,আন্ট্রাসনিক শব্দ তরঙ্গ শুনতে পায় কোন প্রাণী ?,জীববিজ্ঞান,7,0,188,https://www.sciencebee.com.bd/qna/24893/%E0%A6%86%E0%A6%A8%E0%A7%8D%E0%A6%9F%E0%A7%8D%E0%A6%B0%E0%A6%BE%E0%A6%B8%E0%A6%A8%E0%A6%BF%E0%A6%95,"['তরঙ্গ', 'ভাইব্রেট']",বাদুড় আন্ট্রাসনিক শব্দ তরঙ্গ শুনতে পায় I
p-97-a-9,আন্ট্রাসনিক শব্দ তরঙ্গ শুনতে পায় কোন প্রাণী ?,জীববিজ্ঞান,7,0,188,https://www.sciencebee.com.bd/qna/24893/%E0%A6%86%E0%A6%A8%E0%A7%8D%E0%A6%9F%E0%A7%8D%E0%A6%B0%E0%A6%BE%E0%A6%B8%E0%A6%A8%E0%A6%BF%E0%A6%95,"['তরঙ্গ', 'ভাইব্রেট']",বাদুড়ের দৃষ্টিশক্তি অত্যন্ত ক্ষীণ।তাই চলার সময় শ্রবনশক্তির উপর নির্ভর করতে হয়।বাদুড়ের কান শব্দোত্তর তরঙ্গের শব্দ শুনতে সক্ষম।আন্ট্রসনিক শব্দ বাদুড় শুনতে পায়।
p-97-a-10,আন্ট্রাসনিক শব্দ তরঙ্গ শুনতে পায় কোন প্রাণী ?,জীববিজ্ঞান,7,0,188,https://www.sciencebee.com.bd/qna/24893/%E0%A6%86%E0%A6%A8%E0%A7%8D%E0%A6%9F%E0%A7%8D%E0%A6%B0%E0%A6%BE%E0%A6%B8%E0%A6%A8%E0%A6%BF%E0%A6%95,"['তরঙ্গ', 'ভাইব্রেট']",আন্ট্রাসনিক শব্দ তরঙ্গ শুনতে পায় বাদুড় ।
p-97-a-11,আন্ট্রাসনিক শব্দ তরঙ্গ শুনতে পায় কোন প্রাণী ?,জীববিজ্ঞান,7,0,188,https://www.sciencebee.com.bd/qna/24893/%E0%A6%86%E0%A6%A8%E0%A7%8D%E0%A6%9F%E0%A7%8D%E0%A6%B0%E0%A6%BE%E0%A6%B8%E0%A6%A8%E0%A6%BF%E0%A6%95,"['তরঙ্গ', 'ভাইব্রেট']",বাদুড় আল্টাসনিক শব্দ তরঙ্গ শুনতে পায়।যার মাধ্যমে বাদুড় চলাফেরা  করে।বাদুড় ছাড়া ও অনেক প্রাণী আছে যারা এই শব্দ তরঙ্গ শুনতে পায়।
p-97-a-12,আন্ট্রাসনিক শব্দ তরঙ্গ শুনতে পায় কোন প্রাণী ?,জীববিজ্ঞান,7,0,188,https://www.sciencebee.com.bd/qna/24893/%E0%A6%86%E0%A6%A8%E0%A7%8D%E0%A6%9F%E0%A7%8D%E0%A6%B0%E0%A6%BE%E0%A6%B8%E0%A6%A8%E0%A6%BF%E0%A6%95,"['তরঙ্গ', 'ভাইব্রেট']",মূলত বাদুড় ই অন্টাসনিক শব্দতরঙ্গ শুনতে পারে যার মাধ্যমে সে সামনে কোন বস্তুর উপস্থিতি বুঝতে পারেl
p-97-a-13,আন্ট্রাসনিক শব্দ তরঙ্গ শুনতে পায় কোন প্রাণী ?,জীববিজ্ঞান,7,0,188,https://www.sciencebee.com.bd/qna/24893/%E0%A6%86%E0%A6%A8%E0%A7%8D%E0%A6%9F%E0%A7%8D%E0%A6%B0%E0%A6%BE%E0%A6%B8%E0%A6%A8%E0%A6%BF%E0%A6%95,"['তরঙ্গ', 'ভাইব্রেট']",বাদুড় অন্টাসনিক শব্দতরঙ্গ শুনতে পারে যে তরঙ্গ এর সাহায্যে চলাফেরা করেl
p-97-a-14,আন্ট্রাসনিক শব্দ তরঙ্গ শুনতে পায় কোন প্রাণী ?,জীববিজ্ঞান,7,0,188,https://www.sciencebee.com.bd/qna/24893/%E0%A6%86%E0%A6%A8%E0%A7%8D%E0%A6%9F%E0%A7%8D%E0%A6%B0%E0%A6%BE%E0%A6%B8%E0%A6%A8%E0%A6%BF%E0%A6%95,"['তরঙ্গ', 'ভাইব্রেট']",আন্ট্রাসনিক শব্দ তরঙ্গ শুনতে পায় বাদুড় ।।
p-97-a-15,হীরকের ও স্বাভাবিক উজ্জ্বলতা কারণ কি ?,পদার্থবিজ্ঞান,3,0,77,https://www.sciencebee.com.bd/qna/24891/%E0%A6%B8%E0%A7%8D%E0%A6%AC%E0%A6%BE%E0%A6%AD%E0%A6%BE%E0%A6%AC%E0%A6%BF%E0%A6%95-%E0%A6%89%E0%A6%9C%E0%A7%8D%E0%A6%9C%E0%A7%8D%E0%A6%AC%E0%A6%B2%E0%A6%A4%E0%A6%BE,"['রাসায়নিক', 'পদার্থ']",অধিক প্রতিসরাঙ্কের ফলে হীরকের উজ্জলতা বৃদ্ধি পায় I
p-97-a-16,হীরকের ও স্বাভাবিক উজ্জ্বলতা কারণ কি ?,পদার্থবিজ্ঞান,3,0,77,https://www.sciencebee.com.bd/qna/24891/%E0%A6%B8%E0%A7%8D%E0%A6%AC%E0%A6%BE%E0%A6%AD%E0%A6%BE%E0%A6%AC%E0%A6%BF%E0%A6%95-%E0%A6%89%E0%A6%9C%E0%A7%8D%E0%A6%9C%E0%A7%8D%E0%A6%AC%E0%A6%B2%E0%A6%A4%E0%A6%BE,"['রাসায়নিক', 'পদার্থ']",হীরকের অস্বাভাবিক উজ্জ্বলতার কারণ হচ্ছে এর অধিক প্রতিসরণাঙ্ক।
p-97-a-17,হীরকের ও স্বাভাবিক উজ্জ্বলতা কারণ কি ?,পদার্থবিজ্ঞান,3,0,77,https://www.sciencebee.com.bd/qna/24891/%E0%A6%B8%E0%A7%8D%E0%A6%AC%E0%A6%BE%E0%A6%AD%E0%A6%BE%E0%A6%AC%E0%A6%BF%E0%A6%95-%E0%A6%89%E0%A6%9C%E0%A7%8D%E0%A6%9C%E0%A7%8D%E0%A6%AC%E0%A6%B2%E0%A6%A4%E0%A6%BE,"['রাসায়নিক', 'পদার্থ']",হীরকের অস্বাভাবিক উজ্জ্বলতার কারণ হচ্ছে এর অধিক প্রতিসরণাঙ্ক।।
p-97-a-18,কৃত্রিম উপায়ে গ্যাস দ্বারা ফল পাকানোর জন্য কোন দ্রব্য ব্যবহৃত হয় ?,রসায়ন,4,0,162,https://www.sciencebee.com.bd/qna/24889/%E0%A6%95%E0%A7%83%E0%A6%A4%E0%A7%8D%E0%A6%B0%E0%A6%BF%E0%A6%AE-%E0%A6%AA%E0%A6%BE%E0%A6%95%E0%A6%BE%E0%A6%A8%E0%A7%8B%E0%A6%B0,"['পদার্থ', 'রাসায়নিক']",ইথিলিন গ্যাস ব্যবহার করে কৃত্রিমভাবে ফল পাকানো হয় I
p-97-a-19,কৃত্রিম উপায়ে গ্যাস দ্বারা ফল পাকানোর জন্য কোন দ্রব্য ব্যবহৃত হয় ?,রসায়ন,4,0,162,https://www.sciencebee.com.bd/qna/24889/%E0%A6%95%E0%A7%83%E0%A6%A4%E0%A7%8D%E0%A6%B0%E0%A6%BF%E0%A6%AE-%E0%A6%AA%E0%A6%BE%E0%A6%95%E0%A6%BE%E0%A6%A8%E0%A7%8B%E0%A6%B0,"['পদার্থ', 'রাসায়নিক']",আজকাল দুর্নীতিবাজ ব্যবসায়ীরা ফল দ্রুত পাকানোর জন্য অনেক দ্রব্য ব্যবহার করে ।এর মধ্যে ফরমালিন অন্যতম ।কিন্তু এরা গ্যাসের মধ্যে ইথিলিন গ্যাস ব্যবহার করে ফল পাকায়।
p-97-a-20,কৃত্রিম উপায়ে গ্যাস দ্বারা ফল পাকানোর জন্য কোন দ্রব্য ব্যবহৃত হয় ?,রসায়ন,4,0,162,https://www.sciencebee.com.bd/qna/24889/%E0%A6%95%E0%A7%83%E0%A6%A4%E0%A7%8D%E0%A6%B0%E0%A6%BF%E0%A6%AE-%E0%A6%AA%E0%A6%BE%E0%A6%95%E0%A6%BE%E0%A6%A8%E0%A7%8B%E0%A6%B0,"['পদার্থ', 'রাসায়নিক']",ইথিলিন গ্যাস ব্যবহার করে কৃত্রিম উপায়ে ফল পাকানো হয়।
p-97-a-21,কৃত্রিম উপায়ে গ্যাস দ্বারা ফল পাকানোর জন্য কোন দ্রব্য ব্যবহৃত হয় ?,রসায়ন,4,0,162,https://www.sciencebee.com.bd/qna/24889/%E0%A6%95%E0%A7%83%E0%A6%A4%E0%A7%8D%E0%A6%B0%E0%A6%BF%E0%A6%AE-%E0%A6%AA%E0%A6%BE%E0%A6%95%E0%A6%BE%E0%A6%A8%E0%A7%8B%E0%A6%B0,"['পদার্থ', 'রাসায়নিক']",ইথিলিন গ্যাস ব্যবহার করে কৃত্রিমভাবে ফল পাকানো হয়।।
p-97-a-22,ফেসবুকে কারো প্রোফাইল থেকে স্ক্রিনশট নেওয়া যায় না কেনো?,পদার্থবিজ্ঞান,4,0,112,https://www.sciencebee.com.bd/qna/24888/%E0%A6%AA%E0%A7%8D%E0%A6%B0%E0%A7%8B%E0%A6%AB%E0%A6%BE%E0%A6%87%E0%A6%B2-%E0%A6%B8%E0%A7%8D%E0%A6%95%E0%A7%8D%E0%A6%B0%E0%A6%BF%E0%A6%A8%E0%A6%B6%E0%A6%9F,"['#পদার্থ', 'প্রযুক্তি']",প্রোফাইল গার্ড অন করা থাকলে প্রোফাইলের স্ক্রিনশট নেওয়া যায় না।  এমন কি স্ক্রিনরেকর্ডার অন করে ভিডিও করলেও ভিডিওতে ঐ অংশ কালো দেখাবে।
p-97-a-23,ফেসবুকে কারো প্রোফাইল থেকে স্ক্রিনশট নেওয়া যায় না কেনো?,পদার্থবিজ্ঞান,4,0,112,https://www.sciencebee.com.bd/qna/24888/%E0%A6%AA%E0%A7%8D%E0%A6%B0%E0%A7%8B%E0%A6%AB%E0%A6%BE%E0%A6%87%E0%A6%B2-%E0%A6%B8%E0%A7%8D%E0%A6%95%E0%A7%8D%E0%A6%B0%E0%A6%BF%E0%A6%A8%E0%A6%B6%E0%A6%9F,"['#পদার্থ', 'প্রযুক্তি']",প্রথমত এটা পদার্থবিজ্ঞান বিভাগের প্রশ্ন নয়।দ্বিতীয়ত প্রোফাইল এর সেফটির জন্য এমনটা করা হয়েছে ।
p-97-a-24,ফেসবুকে কারো প্রোফাইল থেকে স্ক্রিনশট নেওয়া যায় না কেনো?,পদার্থবিজ্ঞান,4,0,112,https://www.sciencebee.com.bd/qna/24888/%E0%A6%AA%E0%A7%8D%E0%A6%B0%E0%A7%8B%E0%A6%AB%E0%A6%BE%E0%A6%87%E0%A6%B2-%E0%A6%B8%E0%A7%8D%E0%A6%95%E0%A7%8D%E0%A6%B0%E0%A6%BF%E0%A6%A8%E0%A6%B6%E0%A6%9F,"['#পদার্থ', 'প্রযুক্তি']",তাদের প্রোফাইল লক করা থাকে এবং কারো কারো প্রোফাইল ছবি ডাউনলোড কিংবা স্কিনশর্ট নেওয়া যায়না।তারা তাদের ছবিতে গার্ড দিয়ে রাখে যেন কেউ স্কিনশর্ট নিতে না পারে।
p-97-a-25,ফেসবুকে কারো প্রোফাইল থেকে স্ক্রিনশট নেওয়া যায় না কেনো?,পদার্থবিজ্ঞান,4,0,112,https://www.sciencebee.com.bd/qna/24888/%E0%A6%AA%E0%A7%8D%E0%A6%B0%E0%A7%8B%E0%A6%AB%E0%A6%BE%E0%A6%87%E0%A6%B2-%E0%A6%B8%E0%A7%8D%E0%A6%95%E0%A7%8D%E0%A6%B0%E0%A6%BF%E0%A6%A8%E0%A6%B6%E0%A6%9F,"['#পদার্থ', 'প্রযুক্তি']",প্রোফাইল গার্ড অন করা থাকলে প্রোফাইলের স্ক্রিনশট নেওয়া যায় না।
p-97-a-26,ভিটামিন বি টুযেলভ এ কোন ধাতুটি বর্তমান অবস্থায় থাকে?,রসায়ন,3,0,108,https://www.sciencebee.com.bd/qna/24886/%E0%A6%AD%E0%A6%BF%E0%A6%9F%E0%A6%BE%E0%A6%AE%E0%A6%BF%E0%A6%A8-%E0%A6%AC%E0%A6%B0%E0%A7%8D%E0%A6%A4%E0%A6%AE%E0%A6%BE%E0%A6%A8,"['ধাতু', 'ভিটামিন']",ভিটামিন বি টুয়েলভ এ কোবাল্ট বর্তমান অবস্থায় থাকে I
p-97-a-27,ভিটামিন বি টুযেলভ এ কোন ধাতুটি বর্তমান অবস্থায় থাকে?,রসায়ন,3,0,108,https://www.sciencebee.com.bd/qna/24886/%E0%A6%AD%E0%A6%BF%E0%A6%9F%E0%A6%BE%E0%A6%AE%E0%A6%BF%E0%A6%A8-%E0%A6%AC%E0%A6%B0%E0%A7%8D%E0%A6%A4%E0%A6%AE%E0%A6%BE%E0%A6%A8,"['ধাতু', 'ভিটামিন']",ভিটামিন বি টুয়েলভ এ কোবাল্ট ধাতুটি বর্তমান অবস্থায় থাকে ।অর্থাৎ কোনো পরিবর্তন হয় না ।
p-97-a-28,ভিটামিন বি টুযেলভ এ কোন ধাতুটি বর্তমান অবস্থায় থাকে?,রসায়ন,3,0,108,https://www.sciencebee.com.bd/qna/24886/%E0%A6%AD%E0%A6%BF%E0%A6%9F%E0%A6%BE%E0%A6%AE%E0%A6%BF%E0%A6%A8-%E0%A6%AC%E0%A6%B0%E0%A7%8D%E0%A6%A4%E0%A6%AE%E0%A6%BE%E0%A6%A8,"['ধাতু', 'ভিটামিন']",ভিটামিন বি টুয়েলভ এ কোবাল্ট ধাতুটি বর্তমান অবস্থায় থাকে । এর কোনো পরিবর্তন হয় না ।
p-97-a-29,অনেক্ষণ কোনো জিনিসকে হাতের মধ্যে ধরে রাখলে হাতে ঝিনঝিন করে কেন??,চিন্তা ও দক্ষতা,1,0,51,https://www.sciencebee.com.bd/qna/24885/%E0%A6%85%E0%A6%A8%E0%A7%87%E0%A6%95%E0%A7%8D%E0%A6%B7%E0%A6%A3-%E0%A6%9C%E0%A6%BF%E0%A6%A8%E0%A6%BF%E0%A6%B8%E0%A6%95%E0%A7%87,"['কোনো', 'জিনিস']",অনেকক্ষণ কোনো জিনিস হাতের মধ্যে ধরে রাখলে হাতের রক্ত চলাচলের বেগ কমে যায় ।এমনকি হাত অবসও হয়ে যায় ।ফলে হাত ঝিনঝিন করে।
p-97-a-30,কোন যন্ত্রের সাহায্যে রক্তচাপ মাপা হয় ?,স্বাস্থ্য ও চিকিৎসা,4,0,102,https://www.sciencebee.com.bd/qna/24883/%E0%A6%AF%E0%A6%A8%E0%A7%8D%E0%A6%A4%E0%A7%8D%E0%A6%B0%E0%A7%87%E0%A6%B0-%E0%A6%B8%E0%A6%BE%E0%A6%B9%E0%A6%BE%E0%A6%AF%E0%A7%8D%E0%A6%AF%E0%A7%87,"['যন্ত্র', 'রক্তচাপ']",স্ফিগমোম্যানোমিটার যন্ত্রের সাহায্যে রক্তচাপ মাপা হয় I
p-97-a-31,কোন যন্ত্রের সাহায্যে রক্তচাপ মাপা হয় ?,স্বাস্থ্য ও চিকিৎসা,4,0,102,https://www.sciencebee.com.bd/qna/24883/%E0%A6%AF%E0%A6%A8%E0%A7%8D%E0%A6%A4%E0%A7%8D%E0%A6%B0%E0%A7%87%E0%A6%B0-%E0%A6%B8%E0%A6%BE%E0%A6%B9%E0%A6%BE%E0%A6%AF%E0%A7%8D%E0%A6%AF%E0%A7%87,"['যন্ত্র', 'রক্তচাপ']",রক্তচাপ মাপা হয় স্ফিগমোম্যানোমিটার যন্ত্রের সাহায্যে ।
p-97-a-32,কোন যন্ত্রের সাহায্যে রক্তচাপ মাপা হয় ?,স্বাস্থ্য ও চিকিৎসা,4,0,102,https://www.sciencebee.com.bd/qna/24883/%E0%A6%AF%E0%A6%A8%E0%A7%8D%E0%A6%A4%E0%A7%8D%E0%A6%B0%E0%A7%87%E0%A6%B0-%E0%A6%B8%E0%A6%BE%E0%A6%B9%E0%A6%BE%E0%A6%AF%E0%A7%8D%E0%A6%AF%E0%A7%87,"['যন্ত্র', 'রক্তচাপ']",রক্ত চাপ মাপা হয় যে যন্ত্রের সাহায্যে তাহলো স্ফিগমোম্যামিটার।সিস্টোল ও ডায়াস্টোল চাপ মাপা হয়।
p-97-a-33,কোন যন্ত্রের সাহায্যে রক্তচাপ মাপা হয় ?,স্বাস্থ্য ও চিকিৎসা,4,0,102,https://www.sciencebee.com.bd/qna/24883/%E0%A6%AF%E0%A6%A8%E0%A7%8D%E0%A6%A4%E0%A7%8D%E0%A6%B0%E0%A7%87%E0%A6%B0-%E0%A6%B8%E0%A6%BE%E0%A6%B9%E0%A6%BE%E0%A6%AF%E0%A7%8D%E0%A6%AF%E0%A7%87,"['যন্ত্র', 'রক্তচাপ']",স্ফিগমোম্যানোমিটার যন্ত্রের সাহায্যে রক্তচাপ মাপা হয়।।
p-97-a-34,মানুষের রক্তের লোহিত কণিকার আয়ুষ্কাল কত দিন পরপর হয়?,স্বাস্থ্য ও চিকিৎসা,6,0,209,https://www.sciencebee.com.bd/qna/24881/%E0%A6%AE%E0%A6%BE%E0%A6%A8%E0%A7%81%E0%A6%B7%E0%A7%87%E0%A6%B0-%E0%A6%86%E0%A6%AF%E0%A6%BC%E0%A7%81%E0%A6%B7%E0%A7%8D%E0%A6%95%E0%A6%BE%E0%A6%B2,"['রক্ত', 'কণিকা']",মানুষের লোহিত রক্তকণিকা 120 দিন পরপর পরিবর্তন হয় I
p-97-a-35,মানুষের রক্তের লোহিত কণিকার আয়ুষ্কাল কত দিন পরপর হয়?,স্বাস্থ্য ও চিকিৎসা,6,0,209,https://www.sciencebee.com.bd/qna/24881/%E0%A6%AE%E0%A6%BE%E0%A6%A8%E0%A7%81%E0%A6%B7%E0%A7%87%E0%A6%B0-%E0%A6%86%E0%A6%AF%E0%A6%BC%E0%A7%81%E0%A6%B7%E0%A7%8D%E0%A6%95%E0%A6%BE%E0%A6%B2,"['রক্ত', 'কণিকা']",মানুষের লোহিত রক্তকণিকার আয়ুষ্কাল ১২০ দিন ।অর্থাৎ ১২০ দিন পরপর এটির পরিবর্তন হয়।
p-97-a-36,মানুষের রক্তের লোহিত কণিকার আয়ুষ্কাল কত দিন পরপর হয়?,স্বাস্থ্য ও চিকিৎসা,6,0,209,https://www.sciencebee.com.bd/qna/24881/%E0%A6%AE%E0%A6%BE%E0%A6%A8%E0%A7%81%E0%A6%B7%E0%A7%87%E0%A6%B0-%E0%A6%86%E0%A6%AF%E0%A6%BC%E0%A7%81%E0%A6%B7%E0%A7%8D%E0%A6%95%E0%A6%BE%E0%A6%B2,"['রক্ত', 'কণিকা']",মানুষের রক্তের লোহিত কণিকার আয়ুষ্কাল গড়ে ৯০-১২০ দিন।
p-97-a-37,মানুষের রক্তের লোহিত কণিকার আয়ুষ্কাল কত দিন পরপর হয়?,স্বাস্থ্য ও চিকিৎসা,6,0,209,https://www.sciencebee.com.bd/qna/24881/%E0%A6%AE%E0%A6%BE%E0%A6%A8%E0%A7%81%E0%A6%B7%E0%A7%87%E0%A6%B0-%E0%A6%86%E0%A6%AF%E0%A6%BC%E0%A7%81%E0%A6%B7%E0%A7%8D%E0%A6%95%E0%A6%BE%E0%A6%B2,"['রক্ত', 'কণিকা']","রক্ত এক ধরণের যোজক কলা।যা বিভিন্ন জৌব,অজৈব ও রাসায়নিক পদার্থ ইত্যাদি যৌগ দ্বারা গঠিত।আমাদের দেহে রক্ত প্রধানত ৩ ধরণের কণিকা আছে।১.লোহিতরক্ত কণিকা২.শ্বেতরক্ত কণিকা৩.অনুচক্রিকা।আমাদের দেহে কোষ ও রক্ত প্রতিনিয়ত নির্দিষ্ট সময় পর পর মৃত্যু ঘটে।আবার  নতুন রুপে উৎপন্ন হতে শুরু করে।মানুষের মধ্যে উপস্থিত লাল রক্ত ​​কোষগুলি এরিথ্রোপাইসিস নামক একটি প্রক্রিয়ার মাধ্যমে উৎপাদিত হয়ে থাকে, প্রতিশ্রুতিবদ্ধ স্টেম সেল থেকে প্রায় সাত দিনের মধ্যে রক্ত ​​কণিকায় পরিণত হয়। পরিপক্ক হওয়ার পরে, স্বাস্থ্যকর স্বতন্ত্র ক্ষেত্রে এই কোষগুলি প্রায় ১০০ থেকে ১২০ দিন ধরে রক্ত ​​সঞ্চালনে থাকে (এবং পুরো মেয়াদী শিশুতে ৮০ থেকে ৯০ দিন)। এই সময়কালে একটি কনিকা মানব দেহের ভিতর প্রায় 11 হাজার কিলোমিটার পথ পরিভ্রমণ করে। একেকটি কনিকা প্রতি মিনিটে একবার সমগ্র দেহ ঘুরে আসে। দেহে প্রতি সেকেন্ডে 20 লক্ষ থেকে এক কোটি লোহিত কণিকা সৃষ্টি হয় এবং সমপরিমাণ বিনষ্ট হয়। তাদের জীবদ্দশার শেষে, তাদের প্রচলন থেকে সরানো হয়। অনেক দীর্ঘস্থায়ী রোগে লাল রক্তকণিকার আয়ু কমে যায়।এরিথ্রোপোয়েসিস (Erythropoiesis) হলো এমন একটি প্রক্রিয়া যার মাধ্যমে নতুন লাল রক্ত ​​কোষ তৈরি হয়; এটি প্রায় ৭ দিন স্থায়ী হয়ে থাকে। এই প্রক্রিয়াটির মাধ্যমে লোহিত রক্তকণিকা অবিচ্ছিন্নভাবে বড় অস্থির লাল অস্থি মজ্জে উৎপাদিত হয়। (ভ্রূণে, লিভারটি লোহিত রক্ত ​​কোষের উৎপাদনের প্রধান সাইট) কিডনি দ্বারা সংশ্লেষিত এরিথ্রোপয়েটিন (ইপিও) হরমোন দ্বারা উৎপাদনের জন্য উৎসাহিত করা যায়। অস্থি মজ্জা ছাড়ার ঠিক আগে এবং পরে, বিকাশকারী কোষগুলি রেটিকুলোকাইটস হিসাবে পরিচিত; এগুলি রক্তের রক্ত ​​কণিকার প্রায় ১% রক্ত ​​সঞ্চালন করে।কার্যকারী জীবনকালঃএকটি লাল রক্ত ​​কণিকার কার্যকরী জীবনকাল প্রায় ১০০-১২০ দিন হয়, সেই সময়ে রক্তের রক্ত ​​কণিকা ক্রমাগত রক্ত ​​প্রবাহের ধাক্কায় (ধমনীতে), টান (শিরাগুলিতে) এবং দু'টির সংমিশ্রণে মিশ্রিত হয়ে ক্রমবর্ধমান ভাবে সঞ্চালিত হতে থাকে। মাইক্রোভ্যাসেল যেমন- কৈশিক। এগুলি অস্থি মজ্জে পুনর্ব্যবহৃত হয়।"
p-97-a-38,মানুষের রক্তের লোহিত কণিকার আয়ুষ্কাল কত দিন পরপর হয়?,স্বাস্থ্য ও চিকিৎসা,6,0,209,https://www.sciencebee.com.bd/qna/24881/%E0%A6%AE%E0%A6%BE%E0%A6%A8%E0%A7%81%E0%A6%B7%E0%A7%87%E0%A6%B0-%E0%A6%86%E0%A6%AF%E0%A6%BC%E0%A7%81%E0%A6%B7%E0%A7%8D%E0%A6%95%E0%A6%BE%E0%A6%B2,"['রক্ত', 'কণিকা']",মানুষের শরীরে লোহিত রক্তকনিকার গড় আয়ুষ্কাল ১২০ দিন।পূর্ণবয়স্ক ব্যক্তির রক্তে লোহিত রক্তকনিকার সংখ্যা প্রতি কিউবিক মিলিমিটারে প্রায় ৫০ লক্ষ।
p-97-a-39,মানুষের রক্তের লোহিত কণিকার আয়ুষ্কাল কত দিন পরপর হয়?,স্বাস্থ্য ও চিকিৎসা,6,0,209,https://www.sciencebee.com.bd/qna/24881/%E0%A6%AE%E0%A6%BE%E0%A6%A8%E0%A7%81%E0%A6%B7%E0%A7%87%E0%A6%B0-%E0%A6%86%E0%A6%AF%E0%A6%BC%E0%A7%81%E0%A6%B7%E0%A7%8D%E0%A6%95%E0%A6%BE%E0%A6%B2,"['রক্ত', 'কণিকা']",মানুষের লোহিত রক্তকণিকা 120 দিন পরপর পরিবর্তন হয়।।
p-97-a-40,মোবাইলে কল আসলে কথা বলার সময় স্ক্রিনের উপরে হাত দিয়ে স্পর্শ বা ধরে রাখতে চাইলে মোবাইলটি বন্ধ হয়ে যায় কেনো?,প্রযুক্তি,2,+1,90,https://www.sciencebee.com.bd/qna/24880/%E0%A6%B8%E0%A7%8D%E0%A6%95%E0%A7%8D%E0%A6%B0%E0%A6%BF%E0%A6%A8%E0%A7%87%E0%A6%B0-%E0%A6%AE%E0%A7%8B%E0%A6%AC%E0%A6%BE%E0%A6%87%E0%A6%B2%E0%A6%9F%E0%A6%BF,"['বন্ধ', 'প্রযুক্তি']",কারণ মোবাইলের অপারেটিং সিস্টেম এভাবেই সেট করা থাকে যাতে মানুষের কথা বলার সময় চোখে আলো পড়ে কোনো ক্ষতি না হয় I
p-97-a-41,মোবাইলে কল আসলে কথা বলার সময় স্ক্রিনের উপরে হাত দিয়ে স্পর্শ বা ধরে রাখতে চাইলে মোবাইলটি বন্ধ হয়ে যায় কেনো?,প্রযুক্তি,2,+1,90,https://www.sciencebee.com.bd/qna/24880/%E0%A6%B8%E0%A7%8D%E0%A6%95%E0%A7%8D%E0%A6%B0%E0%A6%BF%E0%A6%A8%E0%A7%87%E0%A6%B0-%E0%A6%AE%E0%A7%8B%E0%A6%AC%E0%A6%BE%E0%A6%87%E0%A6%B2%E0%A6%9F%E0%A6%BF,"['বন্ধ', 'প্রযুক্তি']",এমন সিস্টেম টি রাখা হয়েছে যেন ভুলে চাপ পড়ে কল কেটে কিংবা অপ্টিমাইজেশন চেঞ্জ না হয়ে যায়।
p-97-a-42,পৃথিবীর সকল জীব কেন ঘুমায়?,জীববিজ্ঞান,2,0,96,https://www.sciencebee.com.bd/qna/24871/%E0%A6%AA%E0%A7%83%E0%A6%A5%E0%A6%BF%E0%A6%AC%E0%A7%80%E0%A6%B0-%E0%A6%98%E0%A7%81%E0%A6%AE%E0%A6%BE%E0%A7%9F,"['পৃথিবী', 'ঘুম', 'কেন']","পৃথিবীর সব প্রাণীর ক্ষেত্রেই ঘুম একটি জরুরি প্রক্রিয়া। যা কি না মানুষের ক্ষেত্রে সঠিক শ্বাসক্রিয়া, রক্ত সঞ্চালন, শারীরিক বৃদ্ধি ও সংক্রমণ রোধ করতে সাহায্য করে। শুধু তাই নয়, এই সময় আমাদের শরীরের পাঁচ শতাংশ বেশি রক্ত মস্তিষ্কের দিকে সঞ্চালিত হয়। যখন আমরা ঘুমোই, তখন আমাদের মস্তিষ্কের বিভিন্ন &lsquo;কেন্দ্র&rsquo; এক টানা কাজ করে।নিদ্রা আর জাগরণের প্রক্রিয়াটি সঠিক ভাবে চালু রাখার জন্য। প্রতি দিন ২৪ ঘণ্টায় আমরা ১৬ ঘণ্টা জেগে কাটাই আর ৮ ঘণ্টা থাকি ঘুমিয়ে। আর তার জন্য যে &lsquo;কেন্দ্র&rsquo;টির ভুমিকা সবচেয়ে উল্লেখযোগ্য, সেটি হল- আমাদের মস্তিষ্কের নীচের দিকে থাকা ছোট্ট বাদামের মতো একটি অংশ। যার নাম-&lsquo;হাইপোথ্যালামাস (Hypothalamus)&rsquo;। আমরা জেগে থাকব নাকি ঘুমিয়ে পড়ব, তার অনেকটাই নির্ভর করে &lsquo;হাইপোথ্যালামাস&rsquo; আর &lsquo;ব্রেন স্টেম&rsquo; নামে দু&rsquo;টি বিশেষ অংশের ওপরে।মস্তিষ্কের যে দু&rsquo;টি অংশের কথা বললাম, তার কিছু নিউরন বা স্নায়ুকোষই এই কাজটার জন্য দায়ী। এদের দু&rsquo;ভাগে ভাগ করা যায়। এর মধ্যে যে স্নায়ুকোষগুলি উত্তেজিত থাকলে আমরা এক টানা ১৬ ঘণ্টা জেগে থাকতে পারি, তারাই তখন ক্রমাগত &lsquo;ঘুম আনার জন্য দায়ী&rsquo; স্নায়ুকোষগুলিকে দাবিয়ে রাখে।নানা পরীক্ষা-নিরীক্ষায় দেখা গেছে, মস্তিষ্কের &lsquo;হাইপোথ্যালামাস&rsquo; আর &lsquo;ব্রেন স্টেম&rsquo;-এর বিশেষ কিছু স্নায়ুকোষ উত্তেজনার সঙ্কেত (সিগন্যাল) মস্তিষ্কের &lsquo;হায়ার সেন্টার&rsquo; বা &lsquo;কর্টেক্সে&rsquo; (মস্তিষ্কের ওপরের অংশটিকে) পাঠাতে থাকে যতক্ষণ আমরা জেগে থাকি বিশেষ &lsquo;রাসায়নিক সংবাদদাতা&rsquo; বা &lsquo;কেমিক্যাল নিউরো-ট্রান্সমিটার&rsquo;-এর মাধ্যমে।মস্তিষ্ককে উত্তেজিত রাখতে গিয়ে &lsquo;হিস্টামিন&rsquo; নামে এক ধরনের নিউরো-ট্রান্সমিটার নিঃসরণ করে &lsquo;হাইপোথ্যালামাস&rsquo;-এর &lsquo;টিউবারো-ম্যামালিয়ারি নিউক্লিয়াস&rsquo; বা &lsquo;TMN&rsquo; নামে স্নায়ুগুলি থেকে। ঘুমের সময়, &lsquo;হাইপোথ্যালামাস&rsquo;-এর &lsquo;ঘুমের জন্য দায়ী&rsquo; &lsquo;ভেনট্রোল্যাটেরাল প্রি-অপটিক নি&zwnj;উক্লিয়াস&rsquo; বা, &lsquo;VLPO&rsquo; স্নায়ুকোষগুলো উত্তেজিত হয়ে ওঠে। এই সময়টিতে তারা ক্রমাগত &lsquo;জাগিয়ে রাখার&rsquo; স্নায়ুকোষগুলোকে পুরোপুরি দাবিয়ে রাখার চেষ্টা চালায়।এভাবে &lsquo;রাসায়নিক বার্তা&rsquo;র (রাসায়নিক বিক্রিয়ার মাধ্যমে যে বার্তা পাঠানো হয়) মাধ্যমে &lsquo;হাইপোথ্যালামাসে&rsquo;র &lsquo;TMN&rsquo; স্নায়ুকোষগুলোকে &lsquo;জাগ্রত অবস্থা&rsquo;থেকে &lsquo;নিদ্রা&rsquo;য় রুপান্তরিত করার সঙ্কেত পাঠায়। এ যেন জোয়ার আর ভাঁটার খেলা! মস্তিষ্কের এই &lsquo;সুইচ&rsquo;টিই আমাদের &lsquo;নিদ্রা&rsquo; আর &lsquo;জাগরণে&rsquo;র জন্য দায়ী।"
p-97-a-43,পৃথিবীর সকল জীব কেন ঘুমায়?,জীববিজ্ঞান,2,0,96,https://www.sciencebee.com.bd/qna/24871/%E0%A6%AA%E0%A7%83%E0%A6%A5%E0%A6%BF%E0%A6%AC%E0%A7%80%E0%A6%B0-%E0%A6%98%E0%A7%81%E0%A6%AE%E0%A6%BE%E0%A7%9F,"['পৃথিবী', 'ঘুম', 'কেন']","পৃথিবীর সব প্রাণীর ক্ষেত্রেই ঘুম একটি জরুরি প্রক্রিয়া। যা কি না মানুষের ক্ষেত্রে সঠিক শ্বাসক্রিয়া, রক্ত সঞ্চালন, শারীরিক বৃদ্ধি ও সংক্রমণ রোধ করতে সাহায্য করে। শুধু তাই নয়, এই সময় আমাদের শরীরের পাঁচ শতাংশ বেশি রক্ত মস্তিষ্কের দিকে সঞ্চালিত হয়। যখন আমরা ঘুমোই, তখন আমাদের মস্তিষ্কের বিভিন্ন &lsquo;কেন্দ্র&rsquo; এক টানা কাজ করে।"
p-97-a-44,নিউটনের প্রথম সূত্র কী? আর এর কোনো উদাহরণ দেখা যায় না কেনো?,পদার্থবিজ্ঞান,2,0,107,https://www.sciencebee.com.bd/qna/24856/%E0%A6%A8%E0%A6%BF%E0%A6%89%E0%A6%9F%E0%A6%A8%E0%A7%87%E0%A6%B0-%E0%A6%89%E0%A6%A6%E0%A6%BE%E0%A6%B9%E0%A6%B0%E0%A6%A3,"['#নিউটন', '#পদার্থ']","নিউটনের প্রথ সূত্রটি হলোবাইরে থেকে বল প্রয়োগ না করলে স্থির বস্তু চিরকাল স্থির থাকবে এবং গতিশীল বস্তু চিরকাল সুষমবেগে গতিশীল থাকবে।আমরা বাস্তব জীবনে এমন কিছু দেখিনা, কারণ এখানে সর্বদাই ঘর্ষন বল কাজ করে। এখানে ঘর্ষণ বলই হলো বাইরে থেকে প্রয়োগকৃত বল।"
p-97-a-45,নিউটনের প্রথম সূত্র কী? আর এর কোনো উদাহরণ দেখা যায় না কেনো?,পদার্থবিজ্ঞান,2,0,107,https://www.sciencebee.com.bd/qna/24856/%E0%A6%A8%E0%A6%BF%E0%A6%89%E0%A6%9F%E0%A6%A8%E0%A7%87%E0%A6%B0-%E0%A6%89%E0%A6%A6%E0%A6%BE%E0%A6%B9%E0%A6%B0%E0%A6%A3,"['#নিউটন', '#পদার্থ']","প্রথম সূত্রানুযায়ী, কোনোনিট বলপ্রযুক্ত না হলে স্থির বস্তু চিরকাল স্থির থাকবে এবং গতিশীল বস্তু চিরকাল সমবেগে সরলরেখায় বা সরল পথে চলতে থাকে। গাণিতিকভাবে বলা যায় যে কোনও বস্তুর উপর প্রযুক্ত নিট বল যদি শূন্য হয় তবে বস্তুর গতিবেগ ধ্রুব থাকে।{\displaystyle \sum \mathbf {F} =0\;\Leftrightarrow \;{\frac {\mathrm {d} \mathbf {v} }{\mathrm {d} t}}=0.}নিউটনের প্রথম সূত্রকে প্রায়শইজড়তার সূত্রহিসাবে উল্লেখ করা হয়।নিউটনের প্রথম (এবং দ্বিতীয়) সূত্র কেবলজড় প্রসঙ্গ কাঠামোরক্ষেত্রে প্রযোজ্য।[৪]"
p-97-a-46,গ্যাস লাইটার কিভাবে কাজ করে?,চিন্তা ও দক্ষতা,4,+2,264,https://www.sciencebee.com.bd/qna/24826/%E0%A6%B2%E0%A6%BE%E0%A6%87%E0%A6%9F%E0%A6%BE%E0%A6%B0-%E0%A6%95%E0%A6%BF%E0%A6%AD%E0%A6%BE%E0%A6%AC%E0%A7%87,"['গ্যাস', 'আগুন']",লাইটারের পাথর ঘূর্ণনক্ষম চাকার ঘর্ষণে উত্তপ্ত হয়ে অনেক ক্ষুদ্র ক্ষুদ্র অংশে বিভক্ত হয় এবং সেই বিভক্ত উত্তপ্ত অংশগুলো বাতাসে অবস্থিত অক্সিজেনের সংস্পর্শে জারিত হয়ে আগুনের স্পার্ক তৈরি করে। গ্যাসলাইট হতে ছেড়ে দেওয়া গ্যাস সেই অগ্নি-স্পার্ক সহযোগে চূড়ান্ত অগ্নিশিখা উৎপন্ন করে। আর এভাবেই কাজ করে গ্যাস লাইটার।
p-97-a-47,গ্যাস লাইটার কিভাবে কাজ করে?,চিন্তা ও দক্ষতা,4,+2,264,https://www.sciencebee.com.bd/qna/24826/%E0%A6%B2%E0%A6%BE%E0%A6%87%E0%A6%9F%E0%A6%BE%E0%A6%B0-%E0%A6%95%E0%A6%BF%E0%A6%AD%E0%A6%BE%E0%A6%AC%E0%A7%87,"['গ্যাস', 'আগুন']","ন্যাপ্থা (পেট্রোলিয়াম জাতীয়) ভিত্তিক লাইটারে তরল শোষন এবং লিক প্রতিরুধ করার জন্য একটি পরিপূর্ণ কাপড় এবং ফাইবার পেঁচানো থাকে। এর উদ্বায়ী পদার্থ উবে যাওয়া প্রতিরুধ করতে এবং প্রয়োজনে শিখা নিভিয়ে দিতে উপরিভাগে বিশেষ ব্যবস্থা আছে। বিউটন টাইপ লাইটারের ভালব লাগানো ছিদ্রে একটি মিটার থাকে গ্যাস মাপার জন্য।পাথরের সাথে ধাতুর ঘর্ষনের ফলে অগ্নি স্ফুলিঙ্গ সৃষ্টি হয়, অথবা বোতাম টিপে Piezoelectric স্ফটিক (Piezo ইগনিশন) সংকোচিত করে চাপ সৃষ্টি করে বৈদ্যুতিক স্ফুলিঙ্গ তৈরী করা হয়। লাইটারের ন্যাপ্থা জ্বালানী উদ্ধায়ী পদার্থ হওয়ায় লাইটারের উপরের অংশ খুলা হলেই উপরে চলে আসে। বিউটেন টাইপ লাইটার উপরের অংশ ও গ্যাস ছাড়ার ভালব এক সাথে কাজ করে। উপরিভাগ খুলে অগ্নিশিখা জ্বলানোর পর উপরিভাগ বন্ধ না করা পর্যন্ত জলতে থাকে ন্যাপথার জ্বলানি, ভালব বন্দ না করা পর্যন্ত জ্বলতে থাকে বিউটন জ্বলানি।সাধারনত বাতাস বের হওয়ার অংশটি ধাতব পদার্থ দ্বারা ঘেরা থাকে এবং লাইটারটির জ্বালানি ও বাতাসের সংমিশ্রনে সংবেদনশীলতা কমাতে পারে এমন ভাবে সাজানো হয়েছে।"
p-97-a-48,গ্যাস লাইটার কিভাবে কাজ করে?,চিন্তা ও দক্ষতা,4,+2,264,https://www.sciencebee.com.bd/qna/24826/%E0%A6%B2%E0%A6%BE%E0%A6%87%E0%A6%9F%E0%A6%BE%E0%A6%B0-%E0%A6%95%E0%A6%BF%E0%A6%AD%E0%A6%BE%E0%A6%AC%E0%A7%87,"['গ্যাস', 'আগুন']",গ্যাস লাইট কিংবা লাইটারের যে পাথর থাকে তা মূলতফেরোসেরিয়াম নামক মানবসৃষ্ট উপকরণ।ফেরোসেরিয়ামের তৈরি গ্যাস লাইট তথা লাইটারের পাথর ঘূর্ণনক্ষম চাকার ঘর্ষণে উত্তপ্ত হয়ে অনেক ক্ষুদ্র ক্ষুদ্র অংশে বিভক্ত হয় এবং সেই বিভক্ত উত্তপ্ত অংশগুলো বাতাসে অবস্থিত অক্সিজেনের সংস্পর্শে জারিত হয়ে আগুনের স্পার্ক তৈরি করে। গ্যাসলাইট হতে ছেড়ে দেওয়া গ্যাস সেই অগ্নি-স্পার্ক সহযোগে চূড়ান্ত অগ্নিশিখা উৎপন্ন করে।
p-97-a-49,গ্যাস লাইটার কিভাবে কাজ করে?,চিন্তা ও দক্ষতা,4,+2,264,https://www.sciencebee.com.bd/qna/24826/%E0%A6%B2%E0%A6%BE%E0%A6%87%E0%A6%9F%E0%A6%BE%E0%A6%B0-%E0%A6%95%E0%A6%BF%E0%A6%AD%E0%A6%BE%E0%A6%AC%E0%A7%87,"['গ্যাস', 'আগুন']","লাইটার মূলত আগুনের শিখা তৈরীতে ব্যবহৃত হয় এবং এটি সহজে বহনযোগ্য। গ্যাসের চুলা, আতসবাজি, মোমবাতি, সিগারেট, কিংবা বিভিন্ন দাহ্য পদার্থ জ্বালানোর জন্য লাইটার ব্যবহৃত হয়। এটি সাধারনত ধাতু ও প্লাষ্টিকের সমন্বয়ে তৈরী। লাইটারে থাকা দহন যোগ্য তরলই অগ্নি শিখা উৎপাদনের উপায়। অগ্নি শিখা নিভানোর জন্য কিছু নিয়ম থাকে।"
p-97-a-50,কাচে সালফিউরিক এসিড রাখলে কাচ গলে যায় না কেন?,রসায়ন,5,+2,215,https://www.sciencebee.com.bd/qna/24825/%E0%A6%B8%E0%A6%BE%E0%A6%B2%E0%A6%AB%E0%A6%BF%E0%A6%89%E0%A6%B0%E0%A6%BF%E0%A6%95-%E0%A6%B0%E0%A6%BE%E0%A6%96%E0%A6%B2%E0%A7%87,"['কাচ', 'এসিড']","প্রথমত, উপরোক্ত প্রশ্নটার উত্তর জানার আগে আমাদের জানতে হবে 'অ্যাসিড' কাকে গলিয়ে দিতে পারে? এমন কি বৈশিষ্ট্য থাকা চাই, যার জন্য অ্যাসিড সেটাকে গলিয়ে দিতে পারবে?উত্তরের স্বপক্ষে, তিনটি পয়েন্ট জানা যাক,1● অ্যাসিড কিন্তু ধাতু(metal) কে নিমজ্জিত(dissolve) করতে পারেনা।2● অ্যাসিড, যাদের PH এর মান 4 এর কম তারাই মূলত বার্নিং প্রোপার্টি সো করে।(exceptions are always there)3● অ্যাসিড, মূলত কাঁচের পাত্রগুলিতে আয়নিক (ionic) অবস্থায় থাকে।ওপরের তিনটি জিনিস জানলেই, সরাসরি উত্তরে আসা যাবে।অ্যাসিড সবকিছুই গলাতে পারেনা, মূলত ধাতু কে(metal) । আর এখানে কাঁচ হলো ধাতু , এর মধ্যে সিলিকা রয়েছে। তাই একে সব অ্যাসিড নিমজ্জিত করতে পারবেনা।আর দ্বিতীয়ত, অ্যাসিড গুলি কাঁচের পাত্রে আয়নিক(H+,X-) অবস্থায় থাকে,HF ছাড়া।(ওই যে বললাম, exception আছে)তাহলে,কেন শক্তিশালী অ্যাসিড কাঁচ গলিয়ে দেয়না তার উত্তর দিলাম। কিন্তু, HF কেন কাঁচ গলিয়ে দেয়,সেটার উত্তরটা আর দিলামনা। উত্তরটা যতটা পারলাম, টু দা পয়েন্ট আর ছোট রাখার চেষ্টা করলাম।ধন্যবাদ।"
p-97-a-51,কাচে সালফিউরিক এসিড রাখলে কাচ গলে যায় না কেন?,রসায়ন,5,+2,215,https://www.sciencebee.com.bd/qna/24825/%E0%A6%B8%E0%A6%BE%E0%A6%B2%E0%A6%AB%E0%A6%BF%E0%A6%89%E0%A6%B0%E0%A6%BF%E0%A6%95-%E0%A6%B0%E0%A6%BE%E0%A6%96%E0%A6%B2%E0%A7%87,"['কাচ', 'এসিড']",সালফিউরিক এসিড কাঁচ গলাতে পারে না ।কারণ কাঁচ সিলিকা ধাতু দিয়ে তৈরি ।
p-97-a-52,কাচে সালফিউরিক এসিড রাখলে কাচ গলে যায় না কেন?,রসায়ন,5,+2,215,https://www.sciencebee.com.bd/qna/24825/%E0%A6%B8%E0%A6%BE%E0%A6%B2%E0%A6%AB%E0%A6%BF%E0%A6%89%E0%A6%B0%E0%A6%BF%E0%A6%95-%E0%A6%B0%E0%A6%BE%E0%A6%96%E0%A6%B2%E0%A7%87,"['কাচ', 'এসিড']","প্রথমত, উপরোক্ত প্রশ্নটার উত্তর জানার আগে আমাদের জানতে হবে 'অ্যাসিড' কাকে গলিয়ে দিতে পারে? এমন কি বৈশিষ্ট্য থাকা চাই, যার জন্য অ্যাসিড সেটাকে গলিয়ে দিতে পারবে?উত্তরের স্বপক্ষে, তিনটি পয়েন্ট জানা যাক,1● অ্যাসিড কিন্তু ধাতু(metal) কে নিমজ্জিত(dissolve) করতে পারেনা।2● অ্যাসিড, যাদের PH এর মান 4 এর কম তারাই মূলত বার্নিং প্রোপার্টি সো করে।(exceptions are always there)3● অ্যাসিড, মূলত কাঁচের পাত্রগুলিতে আয়নিক (ionic) অবস্থায় থাকে।ওপরের তিনটি জিনিস জানলেই, সরাসরি উত্তরে আসা যাবে।অ্যাসিড সবকিছুই গলাতে পারেনা, মূলত ধাতু কে(metal) । আর এখানে কাঁচ হলো ধাতু , এর মধ্যে সিলিকা রয়েছে। তাই একে সব অ্যাসিড নিমজ্জিত করতে পারবেনা।আর দ্বিতীয়ত, অ্যাসিড গুলি কাঁচের পাত্রে আয়নিক(H+,X-) অবস্থায় থাকে,HF ছাড়া।(ওই যে বললাম, exception আছে)"
p-97-a-53,কাচে সালফিউরিক এসিড রাখলে কাচ গলে যায় না কেন?,রসায়ন,5,+2,215,https://www.sciencebee.com.bd/qna/24825/%E0%A6%B8%E0%A6%BE%E0%A6%B2%E0%A6%AB%E0%A6%BF%E0%A6%89%E0%A6%B0%E0%A6%BF%E0%A6%95-%E0%A6%B0%E0%A6%BE%E0%A6%96%E0%A6%B2%E0%A7%87,"['কাচ', 'এসিড']",কাঁচ অক্সিজেন ও সিলিকন দিয়ে তৈরি ।এটি সমযোজী বন্ধন দিয়ে তৈরি হওয়ার এর বন্ধন খুব দৃঢ় ।তাই সালফিউরিক এসিড কাঁচ গলাতে পারে না ।
p-97-a-54,কাচে সালফিউরিক এসিড রাখলে কাচ গলে যায় না কেন?,রসায়ন,5,+2,215,https://www.sciencebee.com.bd/qna/24825/%E0%A6%B8%E0%A6%BE%E0%A6%B2%E0%A6%AB%E0%A6%BF%E0%A6%89%E0%A6%B0%E0%A6%BF%E0%A6%95-%E0%A6%B0%E0%A6%BE%E0%A6%96%E0%A6%B2%E0%A7%87,"['কাচ', 'এসিড']","কাচের উপাদান, বা বালি অম্লধর্মী। তাই তা এসিডের সাথে বিক্রিয়া করে না। আর তাই গলেও যায় না।"
p-97-a-55,একেক ফলের সাইজ এক এক রকম কেন?,জীববিজ্ঞান,1,+3,47,https://www.sciencebee.com.bd/qna/24824/%E0%A6%8F%E0%A6%95%E0%A7%87%E0%A6%95-%E0%A6%AB%E0%A6%B2%E0%A7%87%E0%A6%B0-%E0%A6%B8%E0%A6%BE%E0%A6%87%E0%A6%9C,"['ফল', 'উদ্ভিদ']",একেকটি ফলের সাইজ একেক রকম হয়ে থাকে কারণ মাটি থেকে শোষিত পুষ্টি কাজ সকল ফলে সমানভাবে পরিবহন করতে পারেনা যার ফলে কিছু ফল ছোট এবং কিছু ফল বড় দেখায়l
p-97-a-56,দুধ বা পানিকে নির্দিষ্ট উচ্চতা থেকে নিচে ঢাললে ফ্যানার সৃষ্টি হয় কেন? আর এই ফ্যানাটা আসলে কি?,রসায়ন,1,+4,66,https://www.sciencebee.com.bd/qna/24820/%E0%A6%A8%E0%A6%BF%E0%A6%B0%E0%A7%8D%E0%A6%A6%E0%A6%BF%E0%A6%B7%E0%A7%8D%E0%A6%9F-%E0%A6%AB%E0%A7%8D%E0%A6%AF%E0%A6%BE%E0%A6%A8%E0%A6%BE%E0%A6%9F%E0%A6%BE,"['দুধ', 'পানি']",দুধ উপর থেকে নিচে ফেলে ভুতের ভিতর ফেনা সৃষ্টি হয় কারণ যখন নির্দিষ্ট উচ্চতা থেকে নীচে ফেলা হয় তখন দুধ প্রথমে নিচে পড়ার ফলে সেখানে একটি পাকিস্তানের সৃষ্টি হয় এবং উপর থেকে আরো দ্রুত নিচে পড়ার ফলে শুধুমাত্র দুধ ই নয় দুধের সাথে বাতাস বা অক্সিজেন ও দুধের সাথে নিচের দুধে পড়ে যার ফলে নিজের দুধের ফেনার সৃষ্টি হয় কারণ আমরা জানি পানি থেকে দুধের ঘনত্ব অনেক বেশিl
