id,question,question_category,number_of_answer,number_of_vote,number_of_view,answer_link,question_tag,answer
p-19-a-0,দীর্ঘদিন ধরে বেশি আয়রন যুক্ত পানি পান করলে কি কি ক্ষতি হতে পারে?,স্বাস্থ্য ও চিকিৎসা,1,+3,511,https://www.sciencebee.com.bd/qna/32077/%E0%A6%A6%E0%A7%80%E0%A6%B0%E0%A7%8D%E0%A6%98%E0%A6%A6%E0%A6%BF%E0%A6%A8-%E0%A6%86%E0%A6%AF%E0%A6%BC%E0%A6%B0%E0%A6%A8,"['পানি', 'আয়রন']","প্রথমেই বলে রাখি, আয়রন হচ্ছে আমাদের শরীরের পুষ্টিসাধনের জন্য অন্যতম মৌলিক উপাদান।  কিন্তু কথায় আছে না, ❝কোনোকিছুরই অতিরিক্ত ভালো না❞। আয়রন গ্রহণের ব্যাপারেও এই বিষয়টি প্রযোজ্য।অতিরিক্ত আয়রনযুক্ত পানি ব্যবহারের ফলে যে সকল সমস্যা হতে পারে:ত্বকে কালো দাগ হওয়াচুলকানি সৃষ্টিদাঁত হলুদ বা লালচে হওয়াচুল পড়ে যাওয়াহবিগঞ্জ জনস্বাস্থ্য প্রকৌশল বিভাগের নির্বাহী প্রকৌশলী ফিরোজ আলম এক সাক্ষাৎকারে বলেন,ভৌগোলিক অবস্থানের ওপর ভিত্তি করে একেক জায়গায় আয়রনের মাত্রা একেক রকম হয়। হবিগঞ্জ পৌর এলাকার পানিতে এক থেকে তিন পিপিএম (পার্টস পার মিলিয়ন) আয়রন রয়েছে। এক থেকে দুই পিপিএম মাত্রার আয়রন গ্রহণযোগ্য। এর বেশি হলে আয়রনের মাত্রা কমিয়ে পানি ব্যবহার করা উচিত।তবে বিশ্ব স্বাস্থ্য সংস্থার হিসাবে,পানিতে এক পিপিএমের বেশি আয়রন থাকলেই তা জনস্বাস্থ্যের জন্য খুবই ক্ষতিকর।আপনি যদি আয়রণ মুক্ত পানি পেতে চান তাহলে ভালো মানের রিভার্স অসমোসিস পদ্ধতির পানির ফিল্টার ব্যবহার করতে পারে। ফলে আপনি আয়রণ মুক্ত সম্পুর্ণ নিরাপদ পানি পাবেন। রিভার্স অসমোসিস ওয়াটার ফিল্টারের মেমব্রেনের ছিদ্রপথ ০.০০০১ মাইক্রোমিটার । এই ছিদ্রপথ অতিক্রম করে পানিতে কোনভাবেই আয়রণ প্রবেশ করতে পারে না।আর হ্যাঁ, পানির আয়রন রিমুভ করতে ফুটানো পদ্ধতি যথেষ্ট নয়।©তথ্যসূত্রঃপ্রথম আলো ও কোরা"
p-19-a-None,Beneficios para la salud del aguacate para hombres,লাইফ,0,+1,25,https://www.sciencebee.com.bd/qna/32070/beneficios,"['cenforce', '100']",
p-19-a-1,অভিকর্ষ ত্বরণ এর মান 9.8 কেন? অভিকর্ষ ত্বরণ টা কি,পদার্থবিজ্ঞান,2,+2,53,https://www.sciencebee.com.bd/qna/32069/%E0%A6%85%E0%A6%AD%E0%A6%BF%E0%A6%95%E0%A6%B0%E0%A7%8D%E0%A6%B7-%E0%A6%85%E0%A6%AD%E0%A6%BF%E0%A6%95%E0%A6%B0%E0%A7%8D%E0%A6%B7,"['পৃথিবী', 'পদার্থবিজ্ঞান']","অভিকর্ষ বলের প্রভাবে ভূ-পৃষ্ঠে মুক্তভাবে পড়ন্ত কোনো বস্তুর বেগ বৃদ্ধির হারকে অভিকর্ষজ ত্বরণ বলে।এই জিনিসটি বুঝতে হলে প্রথমেই বুঝতে হবে- ত্বরণ কী? মনে করুন, একটি গাড়ি ঘণ্টায় ২০ কি.মি. যায়। তাহলে গাড়িটির গতি হবে ২০ কি.মি./ঘণ্টা^২। এখন যদি গাড়িটি গতি বাড়ায় এবং তাহলে এর বেগে পরিবর্তন আসবে অর্থাৎ বেগ বাড়বে। মনে করুন আরও ৫ কি.মি./ঘণ্টা^২ বেগ বেড়ে বেগ দাঁড়ালো ২৫কি.মি./ঘণ্টা। এই যে ৫ কি.মি./ঘণ্টা^২ বেগ বাড়লো এটাই হলো ত্বরণ।আর অভিকর্ষ বলের প্রভাবে যে ত্বরণ হয় সেটাই অভিকর্ষজ ত্বরণ। পৃথবীতে অভিকর্ষজ ত্বরণ ৯.৮ মিটার/সেকেন্ড^২ মানে কোনো বস্তুকে উপর থেকে ছেড়ে দিলে তার গতি প্রতি সেকেন্ডে ৯.৮ মিটার/সেকেন্ড^২ করে বাড়বে। ধরুন উপর থেকে কোনো বস্তুকে ছেড়ে দেওয়া হলো। এক্ষেত্র প্রথমে তো এর বেগ থাকবে ০ মিটার/সেকেন্ড^২। ছেড়ে দেওয়ার সাথে সাথে বেগ ৯.৮ মিটার/সেকেন্ড হবে। এক সেকেন্ড পর (৯.৮+৯.৮)মিটার/সেকেন্ড^২ বা, ১৯.৬ মিটার/সেকেন্ড^২ হবে, দুই সেকেন্ড পর (১৯.৬+৯.৮)মিটার/সেকেন্ড^২ বা, ২৯.৪ মিটার/সেকেন্ড হবে।এখন এই অভিকর্ষজ ত্বরণের মান নির্ভর করে কোনো গ্রহের মহাকর্ষ বলের উপর। যেমন, বৃহস্পতি গ্রহের মহাকর্ষ বেশি, আবার পৃথিবীর মহাকর্ষ বৃহস্পতির তুলনায় কম। আর এভাবেই পৃথিবীর মহাকর্ষের উপর নির্ভর করে এর অভিকর্ষজ ত্বরণ হয় ৯.৮মিটার/সেকেন্ড^২।এর গাণিতিক হিসাব:g = GM/d^2এখানে, M হলো পৃথিবীর ভর, G হলো মহাকর্ষীয় ধ্রুবক এবং d হলো পৃথিবীর কেন্দ্র হতে বস্তুর দূরত্ব। এই মানগুলো বসিয়ে পুরো সমীকরণ সমাধান করলে পৃথিবীতে অভিকর্ষজ ত্বরণ আসে ৯.৮ এর কাছাকাছি একটি মান। মেরু অঞ্চল, ক্রান্তীয় অঞ্চল, বিষুবীয় অঞ্চলে আলাদা আলাদা অভিকর্ষজ ত্বরণ আসে। তাই হিসাবের সুবিধার জন্য একে ৯.৮ মিটার/সেকেন্ড^২"
p-19-a-2,অভিকর্ষ ত্বরণ এর মান 9.8 কেন? অভিকর্ষ ত্বরণ টা কি,পদার্থবিজ্ঞান,2,+2,53,https://www.sciencebee.com.bd/qna/32069/%E0%A6%85%E0%A6%AD%E0%A6%BF%E0%A6%95%E0%A6%B0%E0%A7%8D%E0%A6%B7-%E0%A6%85%E0%A6%AD%E0%A6%BF%E0%A6%95%E0%A6%B0%E0%A7%8D%E0%A6%B7,"['পৃথিবী', 'পদার্থবিজ্ঞান']",অভিকর্ষ বলের প্রভাবে মুক্তভাবে পড়ন্ত বস্তুর বেগ বৃদ্ধির হারই অভিকর্ষজ ত্বরণ।ভূপৃষ্ঠে অভিকর্ষজ ত্বরণের মান 9.8 -2 বলতে বুঝায় ভূ-পৃষ্ঠে মুক্তভাবে পড়ন্ত যেকোনো বস্তুর ত্বরণ হয় 9.8 ms -2 অর্থাৎ বস্তুটি যখন ভূ-পৃষ্ঠের দিকে আসতে থাকে তখনই বেগ প্রতি সেকেন্ডে 9.81 ms-2করে বাড়তে থাকে।
p-19-a-3,৬০ মিনিটে কেন ১ ঘন্টা হয়?,জ্যোতির্বিজ্ঞান,1,+2,719,https://www.sciencebee.com.bd/qna/32068/%E0%A6%AE%E0%A6%BF%E0%A6%A8%E0%A6%BF%E0%A6%9F%E0%A7%87-%E0%A6%98%E0%A6%A8%E0%A7%8D%E0%A6%9F%E0%A6%BE,"['রাসায়নিক', 'পদার্থ']","আসলে এই নিয়ম চালু হওয়ার পেছনে ইতিহাসবিদরা কয়েকটি কারণ উল্লেখ করেছেন।সংখ্যাগত কারণ: ১০ ভিত্তিক সংখ্যা পদ্ধতিটি এসেছে আমাদের হাতের যে ১০টি আঙ্গুল আছে তার কারণেই, কারণ এর ফলে কোনও কিছু গণনা করতে সুবিধা হয়।আজ থেকে অন্তত প্রায় ৫ হাজার বছর আগে, সুমেরীয় সভ্যতা তাদের জটিল গাণিতিক এবং জ্যামিতিক হিসাব করার জন্য দশমিক সংখ্যা ব্যবহার করার পরিবর্তে ১২ এবং ৬০ ভিত্তিক সংখ্যা পদ্ধতি ব্যবহার করতো।এই ১০ ভিত্তিক পদ্ধতির একটি সীমাবদ্ধতা হলো, এই সংখ্যাটিকে ২ ও ৫ ছাড়া অন্য কোনও সংখ্যা দিয়ে ভাগ করা যায় না। সেই তুলনায় কিন্তু দেখতে গেলে ১২ কে ২, ৩, ৪, ৬ দ্বারা এবং ৬০ কে ২ থেকে ৬ পর্যন্ত সব সংখ্যা দিয়েই ভাগ করা যায়। ফলে এসব পদ্ধতিতে ভগ্নাংশের কাজের হিসেব করা অনেকটাই সহজ ছিল।এছাড়া সুমেরীয় সভ্যতার মানুষদের পরবর্তীতে ব্যাবলনীয়রা তাদের হাতের বৃদ্ধাঙ্গুল দিয়ে আর যে বাকি চারটি আঙ্গুল আছে তার তিনটি করে বিভাজন হিসাব করে এক হাতে মোট ১২ পর্যন্ত গণনা করত। এক হাতের ১২টি সংখ্যাকে যদি অন্য হাতের ৫টি আঙ্গুল দ্বারা গুণ করা হয় তাহলে দুই হাত মিলিয়ে সর্বোচ্চ ৬০ পাওয়া যায়। এটিও এই মিনিট-সেকেন্ড গণনা করার ক্ষেত্রে এই ৬০ সংখ্যাটি নির্বাচন করার একটি গুরুত্বপূর্ণ কারণ হতে পারে।জ্যামিতি ও জ্যোতির্বিদ্যা : সুমেরীয় সভ্যতা পতন হয়ে যাওয়ার পরে খ্রিস্টপূর্ব অষ্টাদশ শতাব্দীতে ব্যাবলনীয়রা কোণ পরিমাপ করার জন্য ডিগ্রীর আবিষ্কার করে। সে সময় তারা মনে করত যে, পৃথিবী ৩৬০ দিনে মাত্র একবারই সূর্যকে প্রদক্ষিণ করে। অর্থাত্&zwj; যদি প্রতিদিনের কৌণিক আবর্তনকে ১ ডিগ্রি হিসেবে ধরা হয়, তাহলে একবার পূর্ন প্রদক্ষিণ করতে ৩৬০ ডিগ্রি সম্পন্ন হয়।ইতিহাসবিদদের ধারণা অনুযায়ী, এখান থেকেই প্রথম বৃত্তের ৩৬০ ডিগ্রির ধারণাটি আসে। বৃত্তের এক ষষ্ঠাংশ, অর্থাত্&zwj; ৬০ ডিগ্রি একটি প্রকৃত কোণ তৈরী করে। অর্থাত্&zwj; যদি ৬০ ডিগ্রী করে বৃত্তের ভিতরে ছয়টি ত্রিভুজ আঁকা হয়, তাহলে প্রতিটি ত্রিভুজই সমবাহু ত্রিভুজ হয়। এই কারণেই তখন থেকেই জ্যামিতি এবং জ্যোতির্বিদ্যায় এই ৬০ সংখ্যাটির একটি বিশেষ গুরুত্ব ছিল।৩৩৫ থেকে ৩২৪ খ্রিস্টপূর্বের মধ্যে আলেকজান্ডার দ্য গ্রেট একটি বিশাল এলাকা জয় করেছিল, তার ফলে ব্যাবিলনের এই জ্যোতির্বিদ্যা গ্রীস এবং ভারতীয় উপমহাদেশে ছড়িয়ে পড়ে। এরপর যখন ইসলামের আবির্ভাব ঘটে তখন মুসলিম বিজ্ঞানী ও জ্যোতির্বিদরাও রোম এবং ভারত থেকে ১২ এবং সময় পরিমাপের ক্ষেত্রে এই ৬০ সংখ্যাটিকে গ্রহণ করে। এভাবেই ধীরে ধীরে সারা বিশ্বে এই পদ্ধতি ছড়িয়ে পড়ে।সূত্র : কোয়ারা.কম।"
p-19-a-4,১ম বিশ্বযুদ্ধ কেন হয়েছিল?,বাংলাদেশ ও বিশ্ব,1,+2,61,https://www.sciencebee.com.bd/qna/32067/%E0%A6%AC%E0%A6%BF%E0%A6%B6%E0%A7%8D%E0%A6%AC%E0%A6%AF%E0%A7%81%E0%A6%A6%E0%A7%8D%E0%A6%A7,"['প্রোগ্রামিং', 'কম্পাইলার', 'প্রশ্ন', 'বিস্তারিত', 'জন্ম']","প্রথম বিশ্বযুদ্ধ ছিল পৃথিবীর ইতিহাসে এক অভূতপূর্ব ধ্বংসযজ্ঞ, মানবচর্মের গহীনে নিহিত এক হিংস্র দানবসত্ত্বার উপস্থিতির নিদর্শন। ১৯১৪ সালের জুলাই থেকে শুরু হয়ে এই ধ্বংসলীলা চলে ১৯১৮ সালের নভেম্বর পর্যন্ত। চার বছরেরও বেশি সময় ধরে চলা এই যুদ্ধে, আন্দাজ করা হয় ১,৫০০ দিন ধরে প্রতিদিন ৬,০০০ মানুষ নিহত হয়। কমপক্ষে ৭৪ মিলিয়ন সৈন্য এই যুদ্ধে অংশ নেয়। মিত্রশক্তির ১৮ মিলিয়ন সৈন্য এই যুদ্ধে প্রাণ হারায়। কেন্দ্রীয় শক্তির মারা যায় প্রায় ১২ মিলিয়ন সৈন্য। অঙ্গ-প্রত্যঙ্গ হারিয়ে প্রতিবন্ধী হয়ে পড়েন বিশাল সংখ্যক মানুষ। এই মহাযুদ্ধের করালগ্রাসে বদলে যায় ইউরোপের নকশা, বদলে যায় পৃথিবীর অর্থনৈতিক ও রাজনৈতিক ইতিহাস। কীভাবে এই তাণ্ডবলীলা শুরু হয়েছিল, তা একবার পেছন ফিরে দেখা যাক।মানবসৃষ্ট মহাধ্বংসযজ্ঞ; Image Source: tiede.fe•বসনিয়া সঙ্কটঃ-১৮৭৮ সালে বার্লিন সম্মেলন অস্ট্রিয়া-হাঙ্গেরিকে (অস্ট্রো-হাঙ্গেরিয়ান সাম্রাজ্য) বসনিয়া ও হার্জগোভিনা ভোগ দখলের অধিকার দিয়েছিল। তারপরেও অঞ্চল দুটি তুরস্ক সাম্রাজ্যের আংশিক নিয়ন্ত্রণে ছিল। বিশ শতকের গোড়ার দিকে নব্য তুর্কি আন্দোলনের সূচনা হলে তুরস্ক সাম্রাজ্যের সংকট তীব্র হয়। এই আন্দোলনের সুযোগ নিয়ে ১৯০৮ সালে অস্ট্রিয়ার পররাষ্ট্রমন্ত্রী অ্যারেন্থাল উক্ত প্রদেশ দুটিকে সরাসরি দখল করে নেওয়ার ঘোষণা দেন। রাশিয়া এর তীব্র বিরোধিতা করে। কারণ বসফরাস ও দার্দানালিস প্রণালীর কারণে রাশিয়া এই এলাকার উপর নির্ভরশীল ছিল। একইসাথে সার্বিয়াও তীব্র ক্ষোভ প্রকাশ করে, কারণ বিপুল সংখ্যক স্লাভ জাতিভুক্ত মানুষ বসনিয়া ও হার্জগোভিনাতে বসবাস করতো। অস্ট্রিয়া কর্তৃক অধিকৃত হলে এই বিপুল সংখ্যক মানুষ হ্যাবসবার্গ সাম্রাজ্যের প্রজায় পরিণত হতো।রাশিয়ার সমর্থন পেয়ে সার্বিয়া সামরিক প্রস্তুতি নিতে শুরু করে। ত্রিশক্তি মৈত্রী চুক্তির অন্যতম মিত্রদেশ ইতালিও অস্ট্রিয়ার পদক্ষেপে ক্ষুব্ধ হয়। কারণ অ্যাড্রিয়াটিক উপকূলে ইতালির স্বার্থ জড়িত ছিল। তবে জার্মানির কাছ থেকে অস্ট্রো-হাঙ্গেরি পূর্ণ সমর্থন পায়। এই সংকটের ঐতিহাসিক তাৎপর্য ছিল অনেক গভীর। রাশিয়া বুঝেছিল, জার্মানি তার শক্তিশালী শত্রুতে পরিণত হয়েছে। তাই সে ব্রিটেনের সাথে তার ঘনিষ্ঠতা বাড়ায়। জার্মানির শক্তিশালী নৌবহর ব্রিটেনের জন্যেও আশঙ্কার কারণ হয়ে দাঁড়িয়েছিল। তাই ব্রিটেন ফ্রান্সের সাথে মিত্রতার বন্ধন সুদৃঢ় করতে প্রয়াসী হয়। এদিকে অস্ট্রিয়া ও সার্বিয়ার মধ্যেও তিক্ত সম্পর্ক তৈরি হয়।•মরক্কো সংকটঃ১৯০৫ সালের পর থেকে মরক্কোতে ফরাসি প্রভাব বৃদ্ধি পায়। ১৯১১ সালে একটি বিদ্রোহ দমনের অজুহাতে ফ্রান্স মরক্কোর রাজধানী ফেজ দখল করতে সেনা পাঠায়। জার্মানি এতে বাধা দেয়। তারা প্যান্থার নামে একটি যুদ্ধজাহাজ পাঠায় ও দাবি করে যে নিরাপত্তার অজুহাতে ফ্রান্স মরক্কো দখল করলে ক্ষতিপূরণ হিসেবে সমগ্র ফরাসি কঙ্গো জার্মানির হাতে তুলে দিতে হবে। ব্রিটেনের সাথে ঘনিষ্ঠ সম্পর্ক, রাশিয়ার ক্রমবর্ধমান দাপট আর নিজ দেশের আগ্রাসী জাতীয়তাবাদের ঢেউ ফ্রান্সকে সাহসী করে তুলেছিল। তারা জার্মানির দাবি প্রত্যাখ্যান করে। উত্তর আফ্রিকার উপকূলে একটি জার্মান বন্দরের অবস্থান ব্রিটেন মেনে নিতে চায়নি, তাই তারাও সরাসরি জার্মানির বিরোধিতা শুরু করে। সংঘাতপ্রবণ ফ্রান্স ও জার্মানির মধ্যে অবশ্য ১৯১১ সালের ৪ নভেম্বর সমঝোতা হয়, কিন্তু এই মরক্কো সংকট ইউরোপের পরাশক্তিগুলোর মধ্যে বৈরিতাকে তীব্রতর করে।•বলকান যুদ্ধঃসেই দিনগুলোতে আন্তর্জাতিক উত্তেজনার অন্যতম প্রধান উৎস হয়ে উঠেছিল অটোমান তুরস্ক সাম্রাজ্য। দক্ষিণ-পূর্ব ইউরোপ, পশ্চিম এশিয়া ও উত্তর আফ্রিকার নিয়ন্ত্রক ছিল এই এই বিশাল অটোমান সাম্রাজ্য। ১৯১১ সালের শেষের দিকে লিবিয়াকে উপনিবেশে পরিণত করার লক্ষ্যে ইতালি লিবিয়া আক্রমণ করে, বেঁধে যায় ত্রিপোলির যুদ্ধ। অটোমান সাম্রাজ্য ইতালিকে বাধা দিলেও শেষমেষ ইতালি জয়লাভ করে লিবিয়া দখল করে নেয়। এরই মধ্যে সার্বিয়া, মন্টিনিগ্রো, বুলগেরিয়া ও গ্রিস বলকান লিগ গঠন করে। অটোমান শাসন থেকে মুক্ত হওয়াই তাদের লক্ষ্য ছিল। ১৯১০ সালে আলবেনিয়ার বিদ্রোহ দমনে তুর্কি শাসকের অসাফল্য ও ১৯১১ সালে ত্রিপোলির যুদ্ধে ইতালির বিরুদ্ধে তুরস্কের চরম ব্যর্থতা বলকান লিগকে সাহস যুগিয়েছিল।১৯১২ সালের ৮ অক্টোবর মন্টিনিগ্রো তুরস্কের বিরুদ্ধে যুদ্ধ ঘোষণা করে। এর অল্প কিছুদিনের মধ্যেই সার্বিয়া, বুলগেরিয়া ও গ্রিসও অটোমান সাম্রাজ্যের বিরুদ্ধে যুদ্ধে যোগ দেয়। এভাবে শুরু হয় প্রথম বলকান যুদ্ধ। এই বলকান লিগ একমাসের মধ্যেই অটোমান সাম্রাজ্যকে পরাস্ত করে। জয়ী বলকান রাজ্যগুলো তুরস্ক সাম্রাজ্যের বেশ কিছু অংশ নিজেদের দখলে নিয়ে নেয়। আয়তনে ছোট হয়ে যায় অটোমান সাম্রাজ্য। ইতোমধ্যে আলবেনিয়া স্বাধীনতা ঘোষণা করে। ইউরোপের বৃহৎ শক্তিবর্গ স্বাধীন আলবেনিয়াকে স্বীকৃতি দেয়।মানচিত্রে তৎকালীন বিবাদমান পক্ষগুলো; Image Source: SlidePlayer – Upload and Share your PowerPoint presentationsপ্রথম বলকান যুদ্ধের ফলে বুলগেরিয়া বিশেষ লাভবান হতে পারেনি। মেসিডোনিয়ার বিশাল অঞ্চল লাভ করেছিল সার্বিয়া আর গ্রিস। হতাশ বুলগেরিয়া তাই সার্বিয়া ও গ্রিসে আক্রমণ করে বসে। শুরু হয় দ্বিতীয় বলকান যুদ্ধ। তুরস্ক ও রোমানিয়ার সাহায্যপুষ্ট গ্রিস ও সার্বিয়া ১৯১৩ সালে বুলগেরিয়াকে পরাজিত করে। বুখারেস্ট শান্তিচুক্তির শর্তানুযায়ী পরাজিত বুলগেরিয়া রোমানিয়াকে দোব্রুজা ও তুরস্ককে আড্রিয়ানোপোল ছেড়ে দেয়। ‘Europe Since 1870’ গ্রন্থে ঐতিহাসিক জেমস জল বলেন, “বলকান রাজ্যগুলোর সাফল্য এবং এমনকি তাদের মধ্যকার অভ্যন্তরীণ দ্বন্দ্ব প্রমাণ করেছিল যে বহুজাতিক সাম্রাজ্যগুলোর দিন শেষ হতে চলেছে।”১ম বিশ্বযুদ্ধের সূচনাঃ-১৯১৪ সালে অস্ট্রিয়ার যুবরাজ ফ্রাঞ্জ ফার্দিনান্দের হত্যাকাণ্ড ইউরোপের রাজনীতিতে চূড়ান্ত সংকটের জন্ম দেয়। ফার্দিনান্দ ছিলেন হ্যাবসবার্গ সিংহাসনের উত্তরাধিকারী। ১৯১৪ সালের ২৮ জুন ফার্দিনান্দ সামরিক বাহিনী পরিদর্শনের জন্য সস্ত্রীক বসনিয়ার রাজধানী সেরাজেভোতে আসেন। এই সময়ই সার্বিয়ান উগ্র জাতীয়তাবাদী সংগঠন ‘দ্যা ব্ল্যাক হ্যান্ড’ এর সদস্য গ্যাভ্রিলো প্রিন্সিপ যুবরাজকে হত্যা করে। অস্ট্রিয়া-হাঙ্গেরি তৎক্ষণাৎ অভিযোগ তোলে যে সার্বিয়া সরকারই এই হত্যাকাণ্ডের মদদদাতা। যদিও এর পেছনে সার্বিয়ান সরকারের মদদের কোনো প্রত্যক্ষ প্রমাণ পাওয়া যায়নি, তবুও অস্ট্রিয়া-হাঙ্গেরি চাইলো এই সুযোগে সার্বিয়াকে শিক্ষা দিতে। ওদিকে জার্মানি অস্ট্রিয়া-হাঙ্গেরিকে নিশ্চিত করে যে ফ্রান্স ও রাশিয়া সার্বিয়ার সমর্থনে এগোলে জার্মানি তাদের ব্যবস্থা করবে।যুবরাজ ফার্দিনান্দ; Image Source:http://pinterest.com১৯১৪ সালের ২৩ জুলাই অস্ট্রিয়ান রাষ্ট্রদূত সার্বিয়ান সরকারের কাছে এক দীর্ঘ চরমপত্র পাঠান। এতে দাবি করা হয়, সকল হ্যাবসবার্গবিরোধী প্রকাশনা সার্বিয়া সরকারকে নিষিদ্ধ করতে হবে, সকল সার্ব জাতীয়তাবাদী সংগঠনকে দমন করতে হবে, যে সকল সার্বিয়ান প্রশাসনিক ও সামরিক আধিকারিক সার্ব জাতীয়তাবাদীদের প্রতি সহানুভূতিশীল, তাদের শাস্তির ব্যবস্থা করতে হবে ও তাদের নামের তালিকা অস্ট্রো-হাঙ্গেরিয়ান সরকারকে পাঠাতে হবে। ৪৮ ঘণ্টার মধ্যে এই চরমপত্রের উত্তর দেবার জন্যেও সার্বিয়াকে তাগাদা দেওয়া হয়। ব্রিটিশ পররাষ্ট্র সচিব এডওয়ার্ড গ্রে মন্তব্য করেন, এই চরমপত্র ছিল একটি স্বাধীন দেশ কর্তৃক অন্য একটি স্বাধীন দেশকে পাঠানো সবচেয়ে ভয়ংকর একটি দলিল।অস্ট্রিয়া বেছে নেয় যুদ্ধের পথ; Image Source: Timetoast timeline maker. Make a timeline, tell a story.সার্বিয়ার সামনে দুটি পথ খোলা ছিল, হয় অস্ট্রিয়ার চরমপত্রের কাছে আত্মসমর্পণ করে কূটনৈতিক পরাজয় স্বীকার করা, নয়তো সার্বিক ঝুঁকি নিয়ে অস্ট্রিয়াকে প্রতিরোধ করা। চরমপত্র পাঠানোর দু’দিন পরে ২৫ জুলাই রাশিয়ার সরকার তার সামরিক বাহিনীকে প্রস্তুত থাকার নির্দেশ দেয়। ২৮ জুলাই অস্ট্রো-হাঙ্গেরি সার্বিয়ার বিরুদ্ধে যুদ্ধ ঘোষণা করে। এদিকে জার্মানদের বারবার সতর্কীকরণের পরেও রাশিয়া যুদ্ধের প্রস্তুতি নিতে থাকে। প্রতিরক্ষার নিমিত্তে ১ আগস্ট জার্মানি রাশিয়ার বিরুদ্ধে যুদ্ধ ঘোষণা করে। জার্মানি ফ্রান্সকেও সতর্ক করতে থাকে, কিন্তু ফরাসি প্রধানমন্ত্রী ভিভিয়ানি জার্মানিকে জানিয়ে দেন, ফ্রান্স তার নিজের স্বার্থানুযায়ী পদক্ষেপ নেবে। কাজেই, ৩ আগস্ট জার্মানি ফ্রান্সের বিরুদ্ধে যুদ্ধ ঘোষণা করে।জার্মানির হঠকারিতাই ১ম বিশ্বযুদ্ধের একটি বড় কারণ ছিল;এদিকে ব্রিটেন তখনও কোনো পক্ষ অবলম্বন করেনি। তারা শুধু জার্মানিকে সাবধান করে দেয় যে তারা যেন ইংলিশ চ্যানেলে ফ্রান্সের উপর নৌ-আক্রমণ না চালায় আর ফ্রান্সকে আক্রমণ করার জন্যে তারা যেন বেলজিয়ামের ভূখণ্ড ব্যবহার না করে। কিন্তু জার্মানি এই সতর্কীকরণ উপেক্ষা করলে ৪ আগস্ট ব্রিটেন জার্মানির বিরুদ্ধে যুদ্ধ ঘোষণা করে। পুরোদমে শুরু হয়ে যায় ১ম বিশ্বযুদ্ধ। রাজনৈতিক নেতারা তো বটেই, সাধারণ মানুষও যেন একে অপরকে ধ্বংসের এক উন্মত্ত আকাঙ্ক্ষায় মেতে ওঠে। এদিকে যুক্তরাষ্ট্রের সমুদ্রসীমা লঙ্ঘন না করার সতর্কবাণী উপেক্ষা করে জার্মানি যুক্তরাষ্ট্রকেও শত্রুতে পরিণত করে। ১৯১৭ সালে আমেরিকা ১ম বিশ্বযুদ্ধে জড়িয়ে পড়লে নতুন মাত্রা পায় এই মহাযুদ্ধ। বর্ধিঞ্চু শক্তির সম্যক প্রদর্শন মানুষ মাত্রেরই স্বভাবগত বৈশিষ্ট্য। সেটিই বৃহৎ পরিসরে দেখিয়ে দেয় ১ম বিশ্বযুদ্ধ।সুদূরপ্রসারী ফলাফল১ম বিশ্বযুদ্ধের ফলে ইউরোপের প্রায় সমস্ত দেশের রাজনৈতিক স্থিতিশীলতা পুরোপুরি বিনষ্ট হয়ে যায়। বংশানুক্রমিক রাজতন্ত্র সবচেয়ে বেশি ক্ষতিগ্রস্ত হয়। ইউরোপ জুড়ে গণতন্ত্র ও জাতীয়তাবাদের প্রসার ঘটে। মহা শক্তিশালী অটোমান সাম্রাজ্য ভেঙে পড়ে। আরব রাষ্ট্রগুলো তুরস্কের অধীনতা ছেড়ে স্বাধীনতা ঘোষণা করে। খোদ তুরস্কে কামাল আতাতুর্কের নেতৃত্বে বিপ্লবী অভ্যুত্থান ঘটে এবং তুরস্কে একটি প্রজাতন্ত্র গঠিত হয়।নিজের শক্তির বড়াই করে বিশ্বযুদ্ধ বাঁধানো জার্মানিকে জবরদস্তি চাপিয়ে দেয়া হয় ভার্সাই চুক্তি। জার্মানি ইউরোপে ২৫,০০০ বর্গমাইল এলাকা হারায়, তার বাণিজ্য বন্দরগুলো বিজয়ী মিত্রশক্তিদের জন্য খুলে দেয়া হয়। ব্রিটেন, ফ্রান্স ও বেলজিয়ামকে বিশাল পরিমাণ কয়লা, রেল ইঞ্জিন ও মোটর গাড়ি দিতে হয় জার্মানিকে। সেই সাথে যুদ্ধাপরাধের দায় হিসেবে তার উপর চাপে ক্ষতিপূরণের বিশাল বোঝা। জার্মানিকে সামরিক ও অর্থনৈতিকভাবে পঙ্গু করে দেয়ার সকল ব্যবস্থা গৃহীত হয়। কিন্তু এই প্রতিহিংসামূলক ব্যবস্থা জার্মানিকে চিরতরে পঙ্গু করতে পারেনি, বরং এনেছিল আরেকটি বিশ্বযুদ্ধ।সূত্রঃ সমগ্র বাংলা"
p-19-a-5,কাঁঠাল গাছ কাটলে কেন কাটা স্থান থেকে সাদা কস বেড়াই ।,জীববিজ্ঞান,1,+2,42,https://www.sciencebee.com.bd/qna/32066/%E0%A6%95%E0%A6%BE%E0%A6%81%E0%A6%A0%E0%A6%BE%E0%A6%B2-%E0%A6%AC%E0%A7%87%E0%A6%A1%E0%A6%BC%E0%A6%BE%E0%A6%87,"['কাঁঠাল', 'গাছ', 'কাটা', 'সাদা', 'কস']",উত্তর দেখুন এখানে...https://sciencebee.com.bd/qna/30637/%E0%A6%95%E0%A6%BE%E0%A6%81%E0%A6%A0%E0%A6%BE%E0%A6%B2%E0%A7%87-%E0%A6%B8%E0%A6%BE%E0%A6%A6%E0%A6%BE
p-19-a-6,ঘড়ির কাঁটা ডান দিকে ঘোরে কেন? বামদিকে ঘরে না কেন?,আইকিউ,1,+2,174,https://www.sciencebee.com.bd/qna/32065/%E0%A6%98%E0%A6%A1%E0%A6%BC%E0%A6%BF%E0%A6%B0-%E0%A6%AC%E0%A6%BE%E0%A6%AE%E0%A6%A6%E0%A6%BF%E0%A6%95%E0%A7%87,"['ডান', 'কাঁটা', 'গতি', 'হার্ট', 'ফ্যান']","মানব সভ্যতায় ঘড়ি একটি যুগান্তকারি আবিস্কার। পৃথিবীর প্রায় সব জায়গায় ঘড়ির ব্যবহার দেখতে পাওয়া যায়। কিন্তু আজ আমরা যে ঘড়ি ব্যবহার করছি তার ইতিহাস অনেক পুরনো । পৃথিবীর সবচেয়ে প্রাচীন ঘড়ি, মানে সবচেয়ে পুরোনো সূর্যঘড়ির মর্যাদা পায় মিশরীয়দের ওবেলিস্ক।ধারণা করা হয়, মিশরীয়রা এই ঘড়ি বানানো শিখেছিল খ্রিস্টের জন্মেরও সাড়ে ৩ হাজার বছর আগে। এরকম আরেকটা ঘড়িকে বলা হয় &lsquo;শ্যাডো ক্লক&rsquo;। &lsquo;শ্যাডো ক্লক&rsquo; টা বানিয়েছিল ব্যবিলনীয়রা, খ্রিস্টের জন্মের প্রায় দেড় হাজার বছর আগে।এই সূর্যঘড়িগুলোতে সময় দেখা হতো সূর্যের ছায়া দেখে। অর্থাৎ সময় নির্দেশক যে কাঁটা বা দণ্ড, সেটা স্থির থাকতো আর সূর্যের ছায়া সময়ের সঙ্গে সঙ্গে সরে যেতো। আর আমাদের ঘড়িতে আবার উল্টো; এই কাঁটাগুলোই ঘুরে ঘুরে সময় জানান দেয়। ছায়া দেখার কোনো বালাই-ই নেই। এরকম ঘড়ি, মানে যে ঘড়িতে কাঁটা ঘুরে ঘুরে সময় জানান দেয়, সেরকম ঘড়ি প্রথম বানানো হয় ১৩ শতকে। তবে তখনই এই ঘড়িগুলো তেমন জনপ্রিয় হয়নি। হবে কী করে বলো, তখনো যে মানুষের সময় দেখার তেমন প্রয়োজনই হয়নি। সূর্য দেখেই মানুষ বুঝতো- এখন সকাল না দুপুর, বিকাল না সন্ধ্যা। তখন এরচেয়ে বেশি সময় দেখার তেমন দরকার হতো না।এর মোটামুটি ৪০০ বছর পরে, ১৮ শতকে যখন কল-কারখানা বসতে শুরু করলো, তখন মানুষের সময় দেখার দরকার হতে শুরু করলো। নির্দিষ্ট সময়ে কারখানায় যেতে হবে, নির্দিষ্ট সময় দুপুরের খাবার খেয়ে আবার কাজে লাগতে হবে, নির্দিষ্ট সময়ে ছুটি হবে। তা না হলে যে কারখানাই চলবে না! কারখানায় যদি একজন সকাল সাতটায়, একজন সকাল আটটায়, আরেকজন সকাল নয়টায় আসে, মানে যেমন ইচ্ছে তেমন আসতে থাকে, তাহলে কী করে হবে বলো? তখন সবার ওই কাঁটাওয়ালা ঘড়ির দরকার পড়লো; যেন সবাই সময় মতো সব কাজ করতে পারে। এবার কিন্তু ঘড়ি খুবই জনপ্রিয় হয়ে উঠলো।এবার একটা হিসেব মেলানো যাক। যে অঞ্চলে পুরোনো ঘড়িগুলো তৈরি হয়েছিল, মিশর আর ব্যবিলন- এগুলো কিন্তু একই অঞ্চলে। আর এই অঞ্চলের অবস্থানের কারণে সূর্যঘড়ির ছায়া দিনের সাথে ক্রমাগত পশ্চিম থেকে উত্তর হয়ে পূর্বদিকে সরে যেত। অর্থাৎ, দিন যতো গড়িয়ে রাতের দিকে যেত, ছায়াও ততো পশ্চিম দিক থেকে উত্তর দিক হয়ে পূর্ব দিকে যেত। সেখান থেকেই ঘড়ির কাঁটার দিকের ব্যাপারটা এসেছে। সেই অনুযায়ী-ই ঘড়ির কাঁটা পশ্চিম থেকে উত্তর ছুঁয়ে পূর্ব দিকে যায়।ভাবছেন, পশ্চিম-উত্তর-পূর্বের সাথে আবার বাম- ডানের কী সম্পর্ক? আচ্ছা, তাহলে একটা মানচিত্র নিয়ে বসেন। দেখেন তো, মানচিত্রের উপরের দিকে দিক নির্দেশক একটা চিহ্ন আছে কিনা? পেয়েছেন? এবার দেখুন তো, উপরের দিকের চিহ্নের পাশে কোন দিকের কথা লেখা? আর কিছু লেখা না থাকলেও ইংরেজি বর্ণের &lsquo;এন&rsquo; লেখা আছে, তাই না? এই &lsquo;এন&rsquo;র হলো নর্থ বুঝাতে লেখা হয়। বাংলায় যাকে বলে উত্তর ।আর মানচিত্রের নিচের দিকটা হল দক্ষিণ। এবার দেখো তো, বাম দিকে আর ডান দিকে কী পরে? হ্যাঁ, বাম দিকে পশ্চিম, আর ডান দিকে পূর্ব। এবার বুঝলেন তো, ঘড়ির কাঁটা কেন বাম থেকে সবসময় ডান দিকে যাচ্ছে?"
p-19-a-7,আলোচিত কোহিনূর হীরার আসল মালিক কে ছিলো?,বাংলাদেশ ও বিশ্ব,2,+1,59,https://www.sciencebee.com.bd/qna/32062/%E0%A6%86%E0%A6%B2%E0%A7%8B%E0%A6%9A%E0%A6%BF%E0%A6%A4-%E0%A6%95%E0%A7%8B%E0%A6%B9%E0%A6%BF%E0%A6%A8%E0%A7%82%E0%A6%B0,"['#kohinoor', '#হীরা', '#কোহিনূর', 'হীরা']","কোহিনুর শব্দের অর্থ""শিখ কর্তৃক অধিগ্রহণ""পাঞ্জাবের মহারাজা রণজিৎ সিং আফগান শাসকের নিকট থেকে কোহিনূর হীরা পেয়েছিলেন।"
p-19-a-8,আলোচিত কোহিনূর হীরার আসল মালিক কে ছিলো?,বাংলাদেশ ও বিশ্ব,2,+1,59,https://www.sciencebee.com.bd/qna/32062/%E0%A6%86%E0%A6%B2%E0%A7%8B%E0%A6%9A%E0%A6%BF%E0%A6%A4-%E0%A6%95%E0%A7%8B%E0%A6%B9%E0%A6%BF%E0%A6%A8%E0%A7%82%E0%A6%B0,"['#kohinoor', '#হীরা', '#কোহিনূর', 'হীরা']","কোহিনুর শব্দের অর্থ""শিখ কর্তৃক অধিগ্রহণ""পাঞ্জাবের মহারাজা রণজিৎ সিং আফগান শাসকের নিকট থেকে এ কোহিনূর হীরা পেয়েছিলেন।"
p-19-a-9,ডিমের কুসুম কি সাদা হতে পারে?,বিবিধ,1,+1,71,https://www.sciencebee.com.bd/qna/32061/%E0%A6%A1%E0%A6%BF%E0%A6%AE%E0%A7%87%E0%A6%B0-%E0%A6%95%E0%A7%81%E0%A6%B8%E0%A7%81%E0%A6%AE,"['সিদ্ধ', 'সাদা', 'ডিম']","আমরা সাধারণত মুরগীর ডিম খেয়ে থাকি। ডিম ভেদে মুরগীর ডিমের কুসুম হালকা হলুদ থেকে গাড় কমলা পর্যন্ত হয়ে থাকে। এমনটা হওয়ার পেছনের কারণ হিসেবে অনেকেই ভাবেন মুরগীর ব্রিড বা প্রজাতি এক্ষেত্রে দায়ী।আদতে মুরগীর প্রজাতি ভেদে মুরগীর ডিমের খোলসের রঙের উপরেই শুধু প্রভাব পড়ে, কুসুমের উপরে নয়। ডিমের কুসুমের রঙের প্রকারভেদের জন্য মুরগীর খাদ্যাভ্যাস দায়ী।যে সকল মুরগীর খাবারে হলুদ-কমলা রঙের খাবার প্রাধান্য পায়, সে মুরগীগুলো গাড় রঙের কুসুম সমেত ডিম দেয়।"
p-19-a-10,ক্ষেত্রফলের একক বর্গমিটার এবং আয়তনের একক ঘনমিটার।তাহলে বাংলাদেশ আয়তন 1 লক্ষ 47 হাজার 570 বর্গ কিলোমিটার কেন? ঘন কিলোমিটার হবে না কেন?,আইকিউ,1,+2,95,https://www.sciencebee.com.bd/qna/32053/%E0%A6%98%E0%A6%A8%E0%A6%AE%E0%A6%BF%E0%A6%9F%E0%A6%BE%E0%A6%B0%E0%A5%A4%E0%A6%A4%E0%A6%BE%E0%A6%B9%E0%A6%B2%E0%A7%87,"['আয়তন', 'একক', 'গণিত', 'ক্ষেত্রফল', 'বাংলাদেশ']","আমরা বলতে পারি যে,আয়তন = (ক্ষেত্রফল &times; উচ্চতা) ঘন এককএখানে দেশের ক্ষেত্রফল থাকে। আবার দেশের আকাশ সীমাও এর অংশ। ফলে দেশের উচ্চতাও আছে। এজন্য দেশের আয়তন আছে।এখন আসি কাজের কথায়। দেশীয় রীতিতে ক্ষেত্রফলের একক বর্গ মিটার ব্যবহার করা হয়, যদিও এর মাধ্যমে আয়তনই বোঝায়। কিন্তু দেশিয় রীতিতে আয়তনের ক্ষেত্রে বর্গ একক ব্যবহারের কারণ দেশের ক্ষেত্রফল নির্ণয় করা গেলেও এর উচ্চতার সীমা নেই। এই আকাশ সীমা অসীম ধরা হয়। তাই উচ্চতাকে এখানে গণ্য করা হয় না। এই কারণে উচ্চতাকে উহ্য রেখে বর্গ মিটার এককে প্রকাশ করা হয়। তবে বোঝানো হয় আয়তনই"
p-19-a-11,দীর্ঘদিনের রাত জাগার অব্যেশ থেকে পরিত্রাণের নির্ভরযোগ্য উপায় কি?,লাইফ,2,+1,52,https://www.sciencebee.com.bd/qna/32037/%E0%A6%A8%E0%A6%BF%E0%A6%B0%E0%A7%8D%E0%A6%AD%E0%A6%B0%E0%A6%AF%E0%A7%8B%E0%A6%97%E0%A7%8D%E0%A6%AF,"['#জীবন', '#ঘুম', '#রাতজাগা']",নিজের প্রবল ইচ্ছাশক্তি আর ইচ্ছাকে বাস্তবায়ন করার দৃঢ় প্র&zwj;য়াস।।।
p-19-a-12,দীর্ঘদিনের রাত জাগার অব্যেশ থেকে পরিত্রাণের নির্ভরযোগ্য উপায় কি?,লাইফ,2,+1,52,https://www.sciencebee.com.bd/qna/32037/%E0%A6%A8%E0%A6%BF%E0%A6%B0%E0%A7%8D%E0%A6%AD%E0%A6%B0%E0%A6%AF%E0%A7%8B%E0%A6%97%E0%A7%8D%E0%A6%AF,"['#জীবন', '#ঘুম', '#রাতজাগা']","ধীরে ধীরে অভ্যাস পরিবর্তন করতে থাকুন।মনে করুন আগে আপনি রাত তিনটা পর্যন্ত জেগে থাকতেন। তাহলে প্রথম কয়েকদিন ২:৩০, এরপর কয়েকদিন ২টা, ১:৩০, ১টা -এভাবে রাত জাগার সময়টা কমিয়ে আনুন।আর সন্ধ্যার পর ক্যাফেইন খাওয়া ছেড়ে দিন।"
p-19-a-13,গুগল প্লে স্টোরে অ্যাপ বিক্রির কমিশন কত? এবং গুগল প্লে স্টোর থেকে আয়ে এর ভবিষ্যৎ কেমন?,প্রযুক্তি,1,0,47,https://www.sciencebee.com.bd/qna/32033/%E0%A6%AC%E0%A6%BF%E0%A6%95%E0%A7%8D%E0%A6%B0%E0%A6%BF%E0%A6%B0-%E0%A6%AD%E0%A6%AC%E0%A6%BF%E0%A6%B7%E0%A7%8D%E0%A6%AF%E0%A7%8E,"['#ask', '#tech']","প্রতিটি ডাউনলোডের ক্ষেত্রে গুগল প্লে স্টোর ৩০% লভ্যাংশ রেখে বাকি ৭০% ডেভেলপারদের দিয়ে থাকে। মিউজিক, গেমিং, ভিডিও স্ট্রিমিং অ্যাপে টাকা আয়ের ক্ষেত্রে সবচেয়ে বেশি লাভজনক।-চাহিদাঃ-অ্যাপের চাহিদা ভবিষ্যতে কমার সম্ভাবনা খুব কম। গেমিং অ্যাপ থেকে প্রতি বছর লক্ষ লক্ষ টাকা আয় করা গেলেও, সাধারণ অ্যাপ থেকে টাকা আয় করার পরিমান কিছুটা কম। অগমেন্টেড রিয়েলিটি, আর্টিফিশিয়াল ইন্টেলিজেন্স, ভার্চুয়াল রিয়েলিটি বর্তমান সময়ে মোবাইল ফোনে যুক্ত হওয়ায়, মোবাইল অ্যাপ একচ্ছত্র আধিপত্য দখল করে রেখেছে।"
p-19-a-14,মানুষের হাতের তালুর রেখা কারো কালো আবার কারো উজ্জ্বল হয় কেন?,জীববিজ্ঞান,1,+3,37,https://www.sciencebee.com.bd/qna/32030/%E0%A6%AE%E0%A6%BE%E0%A6%A8%E0%A7%81%E0%A6%B7%E0%A7%87%E0%A6%B0-%E0%A6%89%E0%A6%9C%E0%A7%8D%E0%A6%9C%E0%A7%8D%E0%A6%AC%E0%A6%B2,"['হাতের-রেখা', 'হাতের', 'তালু']",এটি জেনেটিক্যালি নির্ধারণ হয়। পিতামাতার বেশিষ্ট্য এমন থাকলে সন্তানেরও এমন কালো পাম লাইন থাকতে পারে। এতে কোনো ক্ষতি হয় না।
p-19-a-15,ইলেক্ট্রনের সঠিক অবস্থান নির্ণয় করা যায় না কেন?,পদার্থবিজ্ঞান,1,+1,63,https://www.sciencebee.com.bd/qna/32022/%E0%A6%87%E0%A6%B2%E0%A7%87%E0%A6%95%E0%A7%8D%E0%A6%9F%E0%A7%8D%E0%A6%B0%E0%A6%A8%E0%A7%87%E0%A6%B0,"['ইলেকট্রন', '-', 'অবস্থান']","ইলেকট্রন প্রতিনিয়ত ঘূর্ণনশীল,,,,,তাই প্রতিনিয়ত স্থান পরিবর্তন করে।।।।।"
p-19-a-16,প্লে স্টোরে apps owner রা কিভাবে টাকা উপার্জন করে?,বিবিধ,1,0,50,https://www.sciencebee.com.bd/qna/32020/%E0%A6%B8%E0%A7%8D%E0%A6%9F%E0%A7%8B%E0%A6%B0%E0%A7%87-%E0%A6%89%E0%A6%AA%E0%A6%BE%E0%A6%B0%E0%A7%8D%E0%A6%9C%E0%A6%A8,"['অ্যাপ', 'টাকা']","গুগল প্লে স্টোর থেকে আ্যপসের মালিকরা যেভানে টাকা উপার্জন করতে পারেঃ-১. মোবাইল অ্যাপ মনিটাইজেশনগুগল প্লে স্টোর থেকে আয় করার সবচেয়ে সহজ এবং জনপ্রিয় মাধ্যম। অধিকাংশ অ্যাপ ডেভোলপাররা এইভাবেই ইনকাম করে থাকে। বিশেষ করে বাংলাদেশের অ্যাপগুলো। অ্যাপের ক্ষেত্রে বিজ্ঞাপনের প্রচারের ধরণ বিভিন্ন হয়ে থাকে, যেমন: পপ আপ অ্যাড, ব্যানার বিজ্ঞাপন, ভিডিও বিজ্ঞাপন ইত্যাদি।যখন মনিটাইজেশন থেকে অ্যাপের মাধ্যমে আয়ের কথা আলোচনায় আসে তখন ২ ধরণের বিষয় আলোচনা করা হয়।২. অ্যাপ বিক্রি ও ইন অ্যাপ পারচেসএকটা হল, অ্যাপ ইন্সটল করার জন্য, গ্রহককে আগে পেমেন্ট দিয়ে নিতে হবে এটা হল অ্যাপ বিক্রি। আরেকটি হল, ফ্রিতে কয়েকদিন ব্যবহার করতে হবে, তারপর টাকা দিতে হবে। অথবা, কিছু বিশেষ ফিচার ব্যবহার করতে হলে টাকা দিতে হবে। এই স্ট্রাটেজিকে বলে ইন অ্যাপ পারচেস।মোবাইল অ্যাপের লভ্যাংশ সমানভাবে ভাগ করতে হয়।মাসিক একটি সাবস্ক্রিপশন ফি ধার্য করতে হয়।উদাহরণস্বরূপ আবহাওয়া সংক্রান্ত অ্যাপগুলো, আয়ের ক্ষেত্রে মনিটাইজেশন মডেলকে প্রাধান্য দিয়ে থাকে।সকল মোবাইল অ্যাপ মনিটাইজেশন করার ক্ষেত্রে আপনাকে কিছু বিষয় অনুসরণ করে চলতে হবে। কোন অ্যাপের ক্ষেত্রে যদি বিনামূল্যে ছাড়া হয়, তার ডাউন লোড সংখ্যা এবং সেই সাথে বিজ্ঞাপন সংখ্যার উপর নির্ভর করে অ্যাপ মার্কেটে রেংক করা হয়।অ্যাপ সমূহ যখন বিনামূল্যে ব্যবহার করা যায়। তখন ব্যবহারকারীকে অ্যাপের ভার্চুয়াল কিছু উপাদান ব্যবহার করার জন্য টাকা প্রদান করতে হয়। এর মধ্যে বিদ্যমান রয়েছে অতিরিক্ত লাইফ, এড ব্লক, ফ্রীনিয়াম এপ কন্টেন্ট, গেইম কারেন্সিসহ আরও অনেক কিছু।এই রকম স্ট্রাটেজি ব্যবহার করে, ক্ল্যাশ অফ ক্ল্যানস নামক গেইম প্রতিদিন প্রায় ১ মিলিয়ন ডলার আয় করে থাকে।৩. সাবসক্রিপশনঅ্যাপ ব্যবহারকারীরা সাপ্তাহিক, মাসিক এবং বাৎসরিক হিসেবে চার্জ দিয়ে থাকে। এই স্ট্রাটেজি সাধারণত ক্লাউড ভিত্তিক অ্যাপে বেশি ব্যবহার করা হয়ে থাকে। এই যেমন, অডিও কিংবা ভিডিও কন্টেন্ট হিসেবে স্পোটিফাই, গুগল মিউজিক এবং নেটফ্লিক্স এই স্ট্রাটেজি ব্যবহার করে।৪. স্পন্সরশীপমোবাইল অ্যাপ ব্যবহার করে আয়ের অন্যতম মাধ্যম হল স্পন্সরশীপ। আপনার অ্যাপের ডাউনলোড এবং ইন্সটল যখন অনেক বেশি হবে, তখন অনেক বড় বড় কোম্পানি তাদের সেবার বিজ্ঞাপন বা স্পন্সর দিতে বলবে। গুগল প্লে স্টোর থেকে আয় করার এটাও খুব গুরুত্বপূর্ণ মাধ্যম।৫. ক্রাউডফান্ডিংক্রাউডফান্ডিং একটি বিকল্প ফান্ডিং অ্যাপ হিসেবে গৃহীত। এটি বিনামূল্যে ব্যবহৃত এপসমূহ থেকে টাকা আয়ের সবচেয়ে সহজ মাধ্যম হিসেবে গৃহীত হয়।৬. এফিলিয়েট লিংকআপনি চাইলে আপনার অ্যাপে অ্যাফিলিয়েট লিংক যুক্ত করে আয় করতে পারেন। ধরুন, আপনার অ্যাপে আপনি অন্য একটা অ্যাপের ডাউনলোড লিংক যুক্ত করে দিলেন কিংবা পণ্যের লিংক যুক্ত করে দিলেন। এখন কোন অ্যাপ ব্যবহারকারী যদি সেই লিংকে ক্লিক করে ঐ অ্যাপটি কিনে তাহলে, আপনি কমিশন পাবেন।"
p-19-a-17,কারেকশান পেন কি দিয়ে তৈরি?,রসায়ন,1,+2,48,https://www.sciencebee.com.bd/qna/32017/%E0%A6%95%E0%A6%BE%E0%A6%B0%E0%A7%87%E0%A6%95%E0%A6%B6%E0%A6%BE%E0%A6%A8-%E0%A6%A6%E0%A6%BF%E0%A6%AF%E0%A6%BC%E0%A7%87,"['#science', '#রসায়ন']",কারেকশন পেন বা কারেকশন ফ্লুইডের প্রধান উপকরণ হলো এক ধরণের অস্বচ্ছ উপাদান। এর কারণেই আমরা ফ্লুইডের স্তরের নিচে থাকা ভুল লেখা দেখতে পাই না। সাধারণত এখানে টাইটানিয়াম ডাই-অক্সাইড ব্যবহার করা হয়। এছাড়া ফ্লুইড যাতে কাগজে লেগে থাকে সেজন্য পলিমার জাতীয় উপাদান ব্যবহার করা হয়। তাছাড়াও পানি ও বিভিন্ন রঞ্জক পদার্থ এবং প্রিজারভেটিভ ব্যবহার করা হয়। এই উপদানগুলো দিয়ে ফ্লুইড তৈরি করে তা প্লাস্টিকের পেন এ ফিল করা হয়।এই উপকরণগুলো দিয়েই মূলত কারেকশন পেন তৈরি হয়।
p-19-a-18,হাইলাইটার কি দিয়ে তৈরি?,রসায়ন,2,+1,76,https://www.sciencebee.com.bd/qna/32016/%E0%A6%B9%E0%A6%BE%E0%A6%87%E0%A6%B2%E0%A6%BE%E0%A6%87%E0%A6%9F%E0%A6%BE%E0%A6%B0-%E0%A6%A6%E0%A6%BF%E0%A6%AF%E0%A6%BC%E0%A7%87,"['#science', '#রসায়ন']",হাইলাইটারস দিয়ে হাইলাইট করা হয় ।।।।।।। আপনি কোন ধরনের হাইলাইটারের ব্যবহার সম্পর্কে জানতে চচ্ছেন তা বললে ভালো হতো।।।।
p-19-a-19,হাইলাইটার কি দিয়ে তৈরি?,রসায়ন,2,+1,76,https://www.sciencebee.com.bd/qna/32016/%E0%A6%B9%E0%A6%BE%E0%A6%87%E0%A6%B2%E0%A6%BE%E0%A6%87%E0%A6%9F%E0%A6%BE%E0%A6%B0-%E0%A6%A6%E0%A6%BF%E0%A6%AF%E0%A6%BC%E0%A7%87,"['#science', '#রসায়ন']","আমি বুঝতে পারিনি আপনি কোন হাইলাইটারের কথা বলছেন। আমি হাইলাইটার পেনের উপকরণ সম্পর্কে লিখছি।হাইলাইটারে Flurescein নামক যৌগ ব্যবহার করা হয় যা হইলাইটারের কালিকে উজ্জ্বল হতে সাহায্য করে। আর এর সাথে আরও বিভিন্ন যৌগ ব্যবহৃত হয়, যেগুলো হাইলাইটারের কালির বিভিন্ন রং তৈরি করে। যেমন:Pyranine ব্যবহৃত হয় হলুদ কালি তৈরিতে।নীল কালিতে ব্যবহার করা হয় Triphenylmethane।গোলাপি বা পারপেল রঙের কালি তৈরিতে ব্যবহৃত হয় Rhodamine ও Triphenylmethane- এর মিশ্রণ।আর কমলা কালি তৈরি করতে Xanthene ও Coumarin- এর মিশ্রণ ব্যবহার করা হয়।"
p-19-a-20,মার্কারের কালি পানিতে দ্রবীভূত হয় না কেন?,রসায়ন,1,+3,56,https://www.sciencebee.com.bd/qna/32015/%E0%A6%AE%E0%A6%BE%E0%A6%B0%E0%A7%8D%E0%A6%95%E0%A6%BE%E0%A6%B0%E0%A7%87%E0%A6%B0-%E0%A6%A6%E0%A7%8D%E0%A6%B0%E0%A6%AC%E0%A7%80%E0%A6%AD%E0%A7%82%E0%A6%A4,"['#science', '#রসায়ন']",মার্কারপিন তৈরি করে মার্কারি নামক মৌল থেকে যার ঘনত্ব অত্যন্ত বেশি যদিও এটি তরল। আমরা জানি যে কমঘনত্ব দ্রবণ এবং বেশি ঘনত্বের দ্রবণ পরস্পর মিশে যায় না। যেহেতু পানির ঘনত্ব মার্কারি তুলনায় অনেক কম । তাই মার্কার পেনের কালি পানির সাথে মিশে না।
p-19-a-21,অনেক বছর আগের রেখে দেওয়া কোনো পুরনো সাদা কাগজ হলুদ রং হয় কেন?,রসায়ন,1,+2,85,https://www.sciencebee.com.bd/qna/32014/%E0%A6%A6%E0%A7%87%E0%A6%93%E0%A6%AF%E0%A6%BC%E0%A6%BE-%E0%A6%AA%E0%A7%81%E0%A6%B0%E0%A6%A8%E0%A7%8B,"['#science', '#রসায়ন']",কাগজ তৈরি হয় গাছের এক ধরনের মন্ড থেকে। গাছের ছাল বা কাঠ থেতলে এই মন্ড তৈরি হয়। এই মন্ডে লিগনিন নামক এক ধরনের গাঠনিক আমিষ থাকে। এই আমিষ সহজেই অক্সিজেনের মাধ্যমে জারিত হয়ে বাদামি বা হলুদ হয়ে যায়। এই কারণেই পুরনো কাগজ হলুদ বা বাদামি বর্ণ ধারণ করে।
p-19-a-22,কোনো কোনো নিষ্ক্রিয় গ্যাস বিক্রিয়ায় অংশগ্রহণ করে। এক্ষেত্রে নিষ্ক্রিয় গ্যাস কিভাবে বা কোন পদ্ধতিতে বিক্রিয়ায় অংশগ্রহণ করে?,রসায়ন,1,+1,55,https://www.sciencebee.com.bd/qna/32013/%E0%A6%AC%E0%A6%BF%E0%A6%95%E0%A7%8D%E0%A6%B0%E0%A6%BF%E0%A6%AF%E0%A6%BC%E0%A6%BE%E0%A6%AF%E0%A6%BC,"['#রসায়ন', '#science']",আমি জেননের মাধ্যমেই ব্যাখ্যাটা দেই:জেননকে উচ্চ তাপ প্রয়োগ করলেে এর বাইরের শক্তস্তিরে বিজোড় সংখ্যক ইলেকট্রন থাকে। আর বিজোড় সংখ্যক ইলেক্ট্রন থাকলে তো কোনো বিক্রিয়া করতেই পারে।আবার নিষ্ক্রিয় গ্যাসগুলোকে অত্যধিক চাপে রাখলেও এগুলো বিক্রিয়া করে।
