id,question,question_category,number_of_answer,number_of_vote,number_of_view,answer_link,question_tag,answer
p-475-a-0,কাতুকুতু দিলে আমরা কেন হাসি পায়?,জীববিজ্ঞান,2,+12,"2,026",https://www.sciencebee.com.bd/qna/1091/%E0%A6%95%E0%A6%BE%E0%A6%A4%E0%A7%81%E0%A6%95%E0%A7%81%E0%A6%A4%E0%A7%81-%E0%A6%A6%E0%A6%BF%E0%A6%B2%E0%A7%87,"['কাতুকুতু', 'হাসি']","Mobin Sikderকাতুকুতু লাগলে মানুষের শরীরে যে প্রতিক্রিয়া হয়, দীর্ঘ দিন ধরেই তার কারণ অনুসন্ধানের চেষ্টা করে যাচ্ছিলেন বিজ্ঞানীরা। কাতুকুতুর ফলে কেন মানুষ হেসে ওঠে, এখনো পর্যন্ত সেই কারণ সম্পর্কে নিশ্চিত কোনো ব্যাখ্যা দিতে নাপারলেও, বিজ্ঞানীরা একমত, স্নায়ু উদ্দীপিত হওয়া এবং মস্তিষ্ক সচল হওয়ার ফলেই কাতুকুতুর কারণে হাসি পায়। ত্বকের একেবারে বাইরের বা উপরের স্তরকে বলা হয় এপিডারমিস। বিভিন্ন স্নায়ুর শেষ অংশগুলি ত্বকের এই স্তরের নিচে একত্রিত অবস্থায় থাকে। সেখানে উদ্দীপনার সৃষ্টি হলে মস্তিষ্কর দুটি অংশকে এই স্মায়ুগুলি সচল করে তোলে।প্রথমত, ত্বককে ছুঁলে মস্তিষ্ক তা প্রথমে বিশ্লষণ করে, এরপরে শারীরিক তৃপ্তির অনুভূতিকে নিয়ন্ত্রণ করে যে অংশ, মস্তিষ্কের সেই অংশও সক্রিয় হয়ে ওঠে। সাধারণত, শরীরের যে অংশগুলিতে হাড় থাকে না, সেই অংশগুলিতে কাতুকুতুর অনুভূতি বেশি হয়। যেমন পেটের পাশে বা নিচে অথবা পায়ের পাতার নিচে। বিজ্ঞানীদের মতে, এর পিছনে কাজ করে মানুষের আত্মরক্ষার তাগিদ। কারণ, কাউকে কাতুকুতু দিলেই সে হয় শরীর ভাঁজ করে দেয়, নয় নিজেকে এমনভাবে গুটিয়ে নেয় যাতে যে অংশ কাতুকুতু দেয়া হচ্ছে শরীরের সেই অংশটুকু সংকুচিত হয়ে যায় এবং কাতুকুতু দেয়ার জায়গা যেন না পাওয়া যায়।তাহলে নিজেই নিজেকে কেন কাতুকুতু দেয়া যায় না? এর পিছনেও যুক্তি দিয়েছেন বিজ্ঞানীরা। তাদের মতে, কেউ নিজেই নিজেকে চমকে দিতে পারে না। চমকে যাওয়া এবং অন্য কারো শরীরের অংশ বা বস্তুর স্পর্শ কাতুকুতুর অনুভূতির প্রাথমিক শর্ত। কেউ যদি নিজের শরীরের সংবেদনশীল অংশে কাতুকুতু দেয়ার কথা ভাবে, তাহলে তার মস্তিষ্ক আগে থেকেই সজাগ হয়ে গিয়ে শরীরের সংশ্লিষ্ট অংশ, কাতুকুতু দেয়ার গতি এবং সময়সীমাকে নিয়ন্ত্রণ করে ফেলে।তাছাড়া, নিজেই নিজেকে কাতুকুতু দিলে মস্তিষ্কও সেভাবে কোনো বিপদের আঁচ করে না, ফলে আত্মরক্ষার তাগিদও আসে না। বরং, নিজেই নিজেকে কাতুকুতু দেয়ার চেষ্টা করলে ত্বক সামান্য উদ্দীপিত হয়, যার কারণে সামান্য খসখসে একটা অনুভূতি আসতে পারে, কিন্তু তার কারণে আপনি কখনোই হেসে মাটিতে গড়িয়ে পড়বেন না!"
p-475-a-1,কাতুকুতু দিলে আমরা কেন হাসি পায়?,জীববিজ্ঞান,2,+12,"2,026",https://www.sciencebee.com.bd/qna/1091/%E0%A6%95%E0%A6%BE%E0%A6%A4%E0%A7%81%E0%A6%95%E0%A7%81%E0%A6%A4%E0%A7%81-%E0%A6%A6%E0%A6%BF%E0%A6%B2%E0%A7%87,"['কাতুকুতু', 'হাসি']","কাতুকুতুর ফলে কেন মানুষ হেসে ওঠে, এখনো পর্যন্ত সেই কারণ সম্পর্কে নিশ্চিত কোনো ব্যাখ্যা দিতে না পারলেও, বিজ্ঞানীরা একমত, স্নায়ু উদ্দীপিত হওয়া এবং মস্তিষ্ক সচল হওয়ার ফলেই কাতুকুতুর কারণে হাসি পায়। ... বিজ্ঞানীদের মতে, এর পিছনে কাজ করে মানুষের আত্মরক্ষার তাগিদ।"
p-475-a-2,"কালো বস্তুর উপর আলো পড়লে, আলো প্রতিফলিত হয়না কেন?",পদার্থবিজ্ঞান,3,+13,955,https://www.sciencebee.com.bd/qna/1089/%E0%A6%AC%E0%A6%B8%E0%A7%8D%E0%A6%A4%E0%A7%81%E0%A6%B0-%E0%A6%AA%E0%A7%8D%E0%A6%B0%E0%A6%A4%E0%A6%BF%E0%A6%AB%E0%A6%B2%E0%A6%BF%E0%A6%A4,"['কালো', 'বস্তু', 'আলো', 'প্রতিফলিত']",আলবার্ট আইনস্টাইনআমরা জানি কোন বস্তু যেই কালারের আলো প্রতিফলিত করে সেই কালার আমরা দেখতে পাই। কিন্তু কালো কালার কোন কালার নয়। আসলে এটা আলোর অনুপস্থিতি অথবা কোন আলো প্রতিফলন করে না তাই। কালো একটি উত্তম শোষক। এজন্য ব্ল্যাক হোল কালো যার থেকে আলো নিস্তার পায় না।
p-475-a-3,"কালো বস্তুর উপর আলো পড়লে, আলো প্রতিফলিত হয়না কেন?",পদার্থবিজ্ঞান,3,+13,955,https://www.sciencebee.com.bd/qna/1089/%E0%A6%AC%E0%A6%B8%E0%A7%8D%E0%A6%A4%E0%A7%81%E0%A6%B0-%E0%A6%AA%E0%A7%8D%E0%A6%B0%E0%A6%A4%E0%A6%BF%E0%A6%AB%E0%A6%B2%E0%A6%BF%E0%A6%A4,"['কালো', 'বস্তু', 'আলো', 'প্রতিফলিত']","মূলত কালো রঙ কোনো রঙ নয়।এটা কোনো রঙ প্রতিফলিত না করের কারণে এটিকে কালো দেখায়।আলো হচ্ছে মূলত সাতটি রঙ্গের মিশ্রন- বেগুনী,নীল,আসমানী,সবুজ,হলুদ,লাল,কমলা। কোনো বস্তু একটি নির্দিষ্ট রঙ দেখায় যখন বস্তুটিতে ওই রঙের অনুপস্থিতি রয়েছে কারন বস্তু ।বোঝার সুবিধার জন্য ধরে নিই বস্তুটির রঙ লাল। তার মানে বস্তুটি লাল রঙের তরঙ্গটি বাদ দিয়ে বাকি তরঙ্গগুলিকে শোষণ করে নেয়। লাল তরঙ্গের আলোক রশ্মিটি প্রতিফলিত হয়ে আমাদের চোখে পৌঁছায়। আমরা সেই বস্তুটিকে লাল দেখি। আবার সবুজ বস্তু থেকে সবুজ তরঙ্গটি প্রতিফলিত হয়, বাকি সব রঙের তরঙ্গগুলি বস্তুটিতে শোষিত হয়ে যায়। আর যখন কোনো বস্তুর মধ্যে সাতটি রঙ্গের উপস্থিতি থাকবে তখন বস্তুটি আলোকে প্রতিফলিত করবে না যাকে আমরা বলি শোষন। আর প্রতিফলন না করার কারনে বস্তুটিকে কালো দেখায়।"
p-475-a-4,"কালো বস্তুর উপর আলো পড়লে, আলো প্রতিফলিত হয়না কেন?",পদার্থবিজ্ঞান,3,+13,955,https://www.sciencebee.com.bd/qna/1089/%E0%A6%AC%E0%A6%B8%E0%A7%8D%E0%A6%A4%E0%A7%81%E0%A6%B0-%E0%A6%AA%E0%A7%8D%E0%A6%B0%E0%A6%A4%E0%A6%BF%E0%A6%AB%E0%A6%B2%E0%A6%BF%E0%A6%A4,"['কালো', 'বস্তু', 'আলো', 'প্রতিফলিত']","সাদা বস্তুর ওপর যে আলো পড়বে, সাদা বস্তুটি তখন ওই আলোর মতো দেখাবে। অন্যদিকে কালো বস্তুর ওপর যে ধরনের আলোই পড়ুক না কেন, তা কালো দেখাবে। কারণ কালো বস্তুর ওপর যেকোনো আলো পড়লেই তা শোষিত হয়"
p-475-a-5,সিজার ও নরমাল ডেলিভারির মধ্যে কোনটি বাচ্চার জন্য উপকারী বেশি?,স্বাস্থ্য ও চিকিৎসা,1,+11,577,https://www.sciencebee.com.bd/qna/1087/%E0%A6%A1%E0%A7%87%E0%A6%B2%E0%A6%BF%E0%A6%AD%E0%A6%BE%E0%A6%B0%E0%A6%BF%E0%A6%B0-%E0%A6%AC%E0%A6%BE%E0%A6%9A%E0%A7%8D%E0%A6%9A%E0%A6%BE%E0%A6%B0,"['সিজার', 'নরমাল', 'ডেলিভারি', 'বাচ্চা', 'উপকারী']","Sorna Akter Soniyaসিজারিয়ান ডেলিভারি রোমান শাসকদের আমলে আবিষ্কার হয়েছে। এই প্রক্রিয়ায় বাচ্চাকে পেট কেটে বের করা হয়। মা, বাচ্চা বা উভয়ের জীবন বাঁচাতে এটা অনেক সময় অনেক প্রয়োজনীয়। যেহেতু সিজারে প্রসব যন্ত্রণার ভয় নেই, মৃত্যুর ঝুঁকিও কম সেহেতু এটা দিন দিন জনপ্রিয় হয়ে যাচ্ছে।বাংলাদেশে সিজারে প্রসব করার সংখ্যা দিন দিন বেড়েই চলছে। নরমাল ডেলিভারির খরচ অপেক্ষা সিজারের খরচ বেশী হওয়ায় ক্লিনিকে নরমাল ডেলিভারি তেমন গুরুত্ব পায় না।আমাদের দেহের বিভিন্ন অঙ্গের জন্যে বিভিন্ন রকমের ব্যাকটেরিয়া থাকেন। যেমন একজন স্বাস্থ্যবান ব্যক্তির নাকে থাকে Streptococcus pyogenes, কিন্তু এই ব্যাকটেরিয়া যখন গলায় যায় তখন টনসিল এর কারণ হয়ে যায়।সিজারে জন্ম নেওয়া বাচ্চার দেহে মায়ের ত্বকের ব্যাকটেরিয়া জায়গা করে নেয় কিন্তু নরমাল ডেলিভারির বাচ্চাদের দেহে জরায়ুর ব্যাকটেরিয়া জায়গা করে নেয়।মায়ের জরায়ু থেকে প্রাপ্ত ব্যাকটেরিয়া শিশুর immunity system কে চিনতে শেখায় কোন ব্যাকটেরিয়া আমাদের বন্ধু আর কোন টা শত্রু।এই প্রক্রিয়া থেকেই আমাদের immunity system চালু হয় এবং সারাজীবন বিভিন্ন রোগ থেকে রক্ষা করে।কিন্তু সিজারে জন্ম নেওয়ার ফলে আমরা যে ব্যাকটেরিয়া পাচ্ছি সেগুলো আসলে শিশুর জন্যে উপযুক্ত না। প্রকৃতি আমাদের যা নির্ধারিত করে দিয়েছে তার থেকে ভিন্ন, আর এই কারণে সিজারে জন্ম নেওয়া শিশুর immunity system চিনতে পারে না কোনটা আমাদের বন্ধু আর কোনটা শত্রু।গবেষণায় দেখা গিয়েছে সিজারে জন্ম নেওয়া শিশুদের asthma,allergies,auto immune ডিজিস হওয়ার সম্ভবনা বেড়ে যায়। এছাড়াও এসব শিশুদের overweight, obese হওয়ার সম্ভবনা ২০-২৫% বেড়ে যায়।"
p-475-a-6,লজ্জাবতী গাছকে স্পর্শ করা মাত্র পাতা গুলো চুপসে যাওয়ার কারণ কি?,জীববিজ্ঞান,4,+13,"2,267",https://www.sciencebee.com.bd/qna/1085/%E0%A6%B2%E0%A6%9C%E0%A7%8D%E0%A6%9C%E0%A6%BE%E0%A6%AC%E0%A6%A4%E0%A7%80-%E0%A6%B8%E0%A7%8D%E0%A6%AA%E0%A6%B0%E0%A7%8D%E0%A6%B6,"['লজ্জাবতী', 'স্পর্শ', 'পাতা', 'চুপসে', 'ছুঁয়ে']","লজ্জাবতীর ছোট পত্রকগুলো আলো পেলে খুলে যায়, অন্ধকারে বন্ধ হয়। কিন্তু হঠাৎ ছুঁলে লজ্জাবতীর পাতা নুয়ে তো পড়েই, ছোট পত্রকগুলোও বন্ধ হয়ে যায়। এ বিষয়টি বিজ্ঞানীদেরও বেশ ভাবিয়েছে। শেষে তারা লজ্জবতী গাছ নিয়ে পরীক্ষা-নিরীক্ষা করে জেনেছেন দারুণ কিছু বিষয়।লজ্জাবতীর পাতা কেন সঙ্কুচিত হয় বা নুয়ে পড়ে, এ সম্পর্কে বিজ্ঞানীরা পরীক্ষা করে জানান, লজ্জাবতীর পাতার গোড়া একটু ফোলা থাকে। এর ভেতরে বড় বড় অনেক কোষ আছে। এসব কোষ যখন পানিভর্তি হয়ে ফুলে ওঠে, তখন লজ্জাবতী পাতার ডাঁটাটি সোজা হয়। কিন্তু হঠাৎ পাতা স্পর্শ করার সাথে সাথে ‘অ্যাসিটাইর কোলিন’ জাতীয় একধরনের রাসায়নিক পদার্থের মাধ্যমে একটা তড়িৎ প্রবাহ সারা শরীরে ছড়িয়ে পড়ে। এই রাসায়নিক পদার্থ খুব দ্রুত এক কোষ থেকে আরেক কোষে যেতে পারে। এর প্রভাবেই পাতার গোড়ার ফোলা কোষগুলো থেকে খনিজ লবণ হঠাৎই বাইরে বেরিয়ে আসে। ফলে তার সাথে ফোলা কোষ থেকে পানিও বেরিয়ে পেছন দিককার কোষে চলে যায় এবং ফোলা কোষগুলো যায় চুপসে। আর কোষ চুপসে গেলেই তাদের চাপ কমে গিয়ে পাতার ডাঁটাটি আর সোজা থাকতে না পেরে নুয়ে পড়ে।"
p-475-a-7,লজ্জাবতী গাছকে স্পর্শ করা মাত্র পাতা গুলো চুপসে যাওয়ার কারণ কি?,জীববিজ্ঞান,4,+13,"2,267",https://www.sciencebee.com.bd/qna/1085/%E0%A6%B2%E0%A6%9C%E0%A7%8D%E0%A6%9C%E0%A6%BE%E0%A6%AC%E0%A6%A4%E0%A7%80-%E0%A6%B8%E0%A7%8D%E0%A6%AA%E0%A6%B0%E0%A7%8D%E0%A6%B6,"['লজ্জাবতী', 'স্পর্শ', 'পাতা', 'চুপসে', 'ছুঁয়ে']","আমরা অনেকেই হয়তো জানি, বিজ্ঞানী জগদীশ চন্দ্র বসু প্রমাণ করে দেখিয়েছেন গাছেরও প্রাণ আছে। আর গাছের যে অনুভূতি আছে, তা প্রমাণে লজ্জাবতীর পাতা উদাহরণ হিসেবে দেখানো হয়। আসলে লজ্জাবতী পাতার গোড়ায় একটু ফোলানো থাকে। এই ফোলানো জায়গার ভেতরে অনেক কোষ থাকে। ওই সব কোষ যখন পানিভর্তি হয়ে ফুলে উঠে তখন লজ্জাপতী গাছের পাতার ডাঁটা সোজা হয়।কিন্তু হঠাৎ পাতা ছুঁলে ফোলা কোষগুলো থেকে পানি বেরিয়ে পেছন দিকের কোষে চলে যায়। ফলে ফোলানো কোষগুলো চুপসে যায়। চুপসানো কোষে পানির চাপ কম থাকে বলে লজ্জাবতী পাতার ডাঁটা আর সোজা হয়ে থাকতে পারে না, নিচের দিকে নুয়ে পড়ে। শুধু যে পাঁতা ছোয়া হয় সে পাতার ক্ষেত্রে এমন হয়, ব্যাপারটা ঠিক তা নয়। আস্তে আস্তে তা উপরে নিচে সব পাতার কোষে ছড়িয়ে যায় এবং এভাবে সব পাতা নুয়ে যায়।বিজ্ঞানীরা পরীক্ষা করে দেখেছেন যে লজ্জাবতী পাতা স্পর্শ করলে সাথে সাথে তড়িৎ প্রবাহ হয়, যা পুরো গাছের শরীরে ছড়িয়ে পড়ে।অ্যাসিটাইল কেলিনজাতীয় এক প্রকার রাসায়নিক পদার্থের মাধ্যমে এই তড়িৎ প্রবাহ হয়। এই রাসায়নিক পদার্থ খুবই দ্রুত এক কোষ থেকে আরেক কোষে যেতে পারে।"
p-475-a-8,লজ্জাবতী গাছকে স্পর্শ করা মাত্র পাতা গুলো চুপসে যাওয়ার কারণ কি?,জীববিজ্ঞান,4,+13,"2,267",https://www.sciencebee.com.bd/qna/1085/%E0%A6%B2%E0%A6%9C%E0%A7%8D%E0%A6%9C%E0%A6%BE%E0%A6%AC%E0%A6%A4%E0%A7%80-%E0%A6%B8%E0%A7%8D%E0%A6%AA%E0%A6%B0%E0%A7%8D%E0%A6%B6,"['লজ্জাবতী', 'স্পর্শ', 'পাতা', 'চুপসে', 'ছুঁয়ে']","এসব কোষ যখন পানিভর্তি হয়ে ফুলে ওঠে, তখন লজ্জাবতী পাতার ডাঁটাটি সোজা হয়। কিন্তু হঠাৎ পাতা স্পর্শ করার সাথে সাথে 'অ্যাসিটাইর কোলিন' জাতীয় একধরনের রাসায়নিক পদার্থের মাধ্যমে একটা তড়িৎ প্রবাহ সারা শরীরে ছড়িয়ে পড়ে। ... ফলে তার সাথে ফোলা কোষ থেকে পানিও বেরিয়ে পেছন দিককার কোষে চলে যায় এবং ফোলা কোষগুলো যায় চুপসে।"
p-475-a-9,লজ্জাবতী গাছকে স্পর্শ করা মাত্র পাতা গুলো চুপসে যাওয়ার কারণ কি?,জীববিজ্ঞান,4,+13,"2,267",https://www.sciencebee.com.bd/qna/1085/%E0%A6%B2%E0%A6%9C%E0%A7%8D%E0%A6%9C%E0%A6%BE%E0%A6%AC%E0%A6%A4%E0%A7%80-%E0%A6%B8%E0%A7%8D%E0%A6%AA%E0%A6%B0%E0%A7%8D%E0%A6%B6,"['লজ্জাবতী', 'স্পর্শ', 'পাতা', 'চুপসে', 'ছুঁয়ে']","বিজ্ঞানীরা লজ্জাবতী গাছের পাতা চুপসে যাওয়ার কারণ হিসেবে বলেছে, এই গাছের পাতার গোড়া সাধারণভাবে একটু ফোলা থাকে। যেখানে বড় বড় কোষ পাওয়া রয়েছে। এই কোষগুলোতে সাধারণ অবস্থায় পানি জমা রাখে এবং এজন্য পাতার গোড়া অতিরিক্ত ফোলা মনে হয়।"
p-475-a-10,অক্সিজেনের ২য় ইলেক্ট্রন আসক্তি ধনাত্মক হয় কেন?,রসায়ন,1,+13,"3,726",https://www.sciencebee.com.bd/qna/1083/%E0%A6%85%E0%A6%95%E0%A7%8D%E0%A6%B8%E0%A6%BF%E0%A6%9C%E0%A7%87%E0%A6%A8%E0%A7%87%E0%A6%B0,"['অক্সিজেন', '২য়', 'ইলেক্ট্রন', 'আসক্তি', 'ধনাত্মক']",Rakibul Alamকারন ২য় আসক্তির ক্ষেত্রে e- e- বিকর্ষণ হয়। ফলে বাইরে থেকে একটা e- কে O- anion এর সাথে যুক্ত করতে চাইলে বাইরে থেকে শক্তি প্রয়োগ করতে হবে। আর এ শক্তি তাপ শক্তি। তাই দ্বিতীয় e- আসক্তি ধনাত্মক হয়। এখানে ধনাত্নক মানে বাইরে থেকে শক্তি দেওয়া কে বুঝাচ্ছে।
p-475-a-11,কোনো কারন ছাড়াই হঠাৎ উরুর কিংবা গালের মাংস হৃদপিন্ডের মত কম্পন করে/ লাফিয়ে উঠে কেন?,স্বাস্থ্য ও চিকিৎসা,2,+13,"6,089",https://www.sciencebee.com.bd/qna/1081/%E0%A6%B9%E0%A7%83%E0%A6%A6%E0%A6%AA%E0%A6%BF%E0%A6%A8%E0%A7%8D%E0%A6%A1%E0%A7%87%E0%A6%B0,"['হঠাৎ', 'মাংস', 'কম্পন', 'লাফিয়ে', 'কেঁপে']","Fahim Uddin-এইটিকে চিকিৎসা বিজ্ঞানের ভাষায় পেরেসথেসিয়ার লক্ষণ বলে , এর মধ্যে অসাড়তা, কাঁপুনি, চুলকানি, জ্বলন্ত বা ক্রল সংবেদনগুলির মতো লক্ষণও রয়েছে। এমনটা হওয়ার ৭ টি কারনের কথা বলা হয়েছে যার মধ্যে নার্ভ ড্যামেজ ,মাইগ্রেন, একাধিক স্ক্লেরোসিস, উদ্বেগ,এলার্জি প্রতিক্রিয়া,স্ট্রোক বা ক্ষণস্থায়ী ইস্কেমিক আক্রমণ, ফাইব্রোমায়ালজিয়ার সিন্ড্রোম বিদ্যমান ।"
p-475-a-12,কোনো কারন ছাড়াই হঠাৎ উরুর কিংবা গালের মাংস হৃদপিন্ডের মত কম্পন করে/ লাফিয়ে উঠে কেন?,স্বাস্থ্য ও চিকিৎসা,2,+13,"6,089",https://www.sciencebee.com.bd/qna/1081/%E0%A6%B9%E0%A7%83%E0%A6%A6%E0%A6%AA%E0%A6%BF%E0%A6%A8%E0%A7%8D%E0%A6%A1%E0%A7%87%E0%A6%B0,"['হঠাৎ', 'মাংস', 'কম্পন', 'লাফিয়ে', 'কেঁপে']","সাধারণত পেশীর সংকোচনের কারণেই শরীরের বিভিন্ন অংশের পেশী হঠাৎ লাফায় বা কেঁপে ওঠে।আবার কোনো স্নায়বিক সমস্যার কারণেও এমনটা হতে পারে। নেশাগ্রস্ততাও এর কারণ হতে পারে।এছাড়া শাকসবজি, ফল, দুধ, মাংস এবং খেজুর খান পর্যাপ্ত পরিমাণে। পটাশিয়াম, ক্যালসিয়াম ও ম্যাগনেসিয়াম জাতীয় খাবার বেশি খান। প্রয়োজনে চিকিৎসকের পরামর্শ নিন। আর এম্নিতে এমনটা হলে একটা চেয়ারে বা মেঝেতে বসে পা দুটোকে সামনে সোজা করে দিন। তারপর পায়ের পাতা হাতের মুঠোয় চেপে ধরে নিজের দিকে টানুন।তথ্যসূত্রঃ বিস্ময়"
p-475-a-13,মেয়েরা কেন ছেলেদের চেয়ে বেশি কাঁদে?,জীববিজ্ঞান,2,+12,900,https://www.sciencebee.com.bd/qna/1079/%E0%A6%AE%E0%A7%87%E0%A7%9F%E0%A7%87%E0%A6%B0%E0%A6%BE-%E0%A6%9B%E0%A7%87%E0%A6%B2%E0%A7%87%E0%A6%A6%E0%A7%87%E0%A6%B0,"['মেয়ে', 'ছেলে', 'কাঁদে']","অয়ন ভৌমিকপ্রথম এবং সবচেয়ে বড় কারণ হল,পুরুষদের অশ্রুনালী (Tear Duct)বেশ গভীর আর মোটা। অনেকটা অশ্রু সেখানে জমা থাকতে পারে। ফলে পুরুষরা ইমোশনাল হয়ে যাওয়ার পর অশ্রুগ্রন্থি যদি অশ্রু তৈরি করা শুরু করে দেয়, তাহলে প্রথমে পুরো নালিটা প্রথমে পূর্ণ হবে। পরে সেটা ওভারফ্লো হলে পানি চোখের বাইরে বেরিয়ে আসবে। এর আগেই পুরুষটি আবেগ নিয়ন্ত্রণ করে ফেলতে পারলে আর তার চোখের পানি বের করতে হয় না।আর নারীদের অশ্রুনালী চিকন আর অগভীরতাই সেখানে কম অশ্রু জমা থাকতে পারে। ফলে খুব দ্রুত সেটা ওভারফ্লো করে। ফলে মোদ্দা কথা হল কান্না আসলে একজন পুরুষ কান্না নিয়ন্ত্রণের জন্য যতটুকু সময় পায়, একজন নারী ততটুকু সময় পায় না।আরো কিছু হরমোনাল কারণ রয়েছে। পুরুষদের সেক্স হরমোন হল টেস্টোস্টেরন। এই টেস্টোস্টেরন হরমোন আবেগতাড়িত হওয়ার প্রবণতা কমায় বলে ধারণা করা হয়। যেসব পুরুষ প্রস্টেট গ্রন্থির ক্যান্সারে আক্রান্ত হয়, তাদের দেহে টেস্টোস্টেরনের উৎপাদন কমে যায়। এই ক্যান্সারে আক্রান্ত পুরুষরা গড়পড়তা অন্য পুরুষদের চেয়ে দ্রুত ইমোশনাল হয়ে পড়ে।আর খুব সম্ভবত ১৮৬০ সালে একদল বিজ্ঞানী চোখের পানির রাসায়নিক সংযুক্তি নিয়ে গবেষণা করেন। বিভিন্ন রকমের চোখের পানি যেমন,কান্নার সময় বের হওয়া চোখের পানি, চোখে ধুলাবালি সেসময় যে পানি বের হয়, খুব জোরে হাসি এলে সেসময় যেই পানি বের হয়... এই সব ধরণের পানির মধ্যে অবস্থিত রাসায়নিক উপাদান নিয়ে ওনারা গবেষনা করেন। সেই গবেষণায় আবেগের সময় বের হওয়া চোখের পানিতে প্রোল্যাকটিন হরমোনের উপস্থিতি পাওয়া যায়। কান্না করার সাথে প্রোল্যাকটিন হরমোনের সংযোগ আছে বলে ধারনা করা হয়। এই প্রোল্যাকটিন হরমোন আবার ছেলেদের তুলনায় মেয়েদের ৬০ শতাংশ বেশি থাকে।এইসব কারণেই আসলে মেয়েরা ছেলেদের চেয়ে বেশি দ্রুত আবেগী হয়ে পড়ে। তাই ছেলেদের ""আমরা আবেগ নিয়ন্ত্রণ করতে পারি। আমরা অনেক মহৎ"" ইত্যাদি চিন্তা মাথায় নিয়ে গর্বে বুক ফুলিয়ে চলার কোন মানে নেই। কারণ আমরা ছেলেরা বায়োলোজিক্যালি এইভাবে তৈরি।"
p-475-a-14,মেয়েরা কেন ছেলেদের চেয়ে বেশি কাঁদে?,জীববিজ্ঞান,2,+12,900,https://www.sciencebee.com.bd/qna/1079/%E0%A6%AE%E0%A7%87%E0%A7%9F%E0%A7%87%E0%A6%B0%E0%A6%BE-%E0%A6%9B%E0%A7%87%E0%A6%B2%E0%A7%87%E0%A6%A6%E0%A7%87%E0%A6%B0,"['মেয়ে', 'ছেলে', 'কাঁদে']",হরমোনের আধিক্য এর জন্য।এমন একটা হরমোন আছে যেটার কারণে মানুষ কাঁদে
p-475-a-15,শরীরের কোনো অংশে জোরে আঘাত করা হলে তাহলে সেই অংশ সাথে সাথে ফুলে ওঠে কেন?,জীববিজ্ঞান,1,+11,413,https://www.sciencebee.com.bd/qna/1077/%E0%A6%B6%E0%A6%B0%E0%A7%80%E0%A6%B0%E0%A7%87%E0%A6%B0-%E0%A6%A4%E0%A6%BE%E0%A6%B9%E0%A6%B2%E0%A7%87,"['শরীর', 'আঘাত', 'ফুলে', 'উঠা']","Shahadat Hossain-চোট লাগা জায়গার ফুলে যাওয়াটা আপাতভাবে স্বাভাবিক মনে হয় বটে, কিন্তু আসলে এটা আমাদের শরীরের প্রত্যেক টিস্যুতে উপস্থিত বেশ জটিল এবং দক্ষভাবে সাজানো একটা সতর্কীকরণ ব্যবস্থার বহিঃপ্রকাশ। শরীরের কোন জায়গায় চোট আঘাত লাগলে বা রোগজীবাণুর সংক্রমণ হলে এই সতর্কীকরণ ব্যবস্থা শরীরকে তা সম্পর্কে ওয়াকিবহাল করে তোলে। শরীর তখন সেই জায়গাতে প্রদাহ (inflammation) তৈরি করে। আমাদের শরীরের প্রতিরক্ষা ব্যবস্থার একটি গুরুত্বপূর্ণ অঙ্গ হল এই পদ্ধতি।যখন শরীরের কোন জায়গায় আঘাত লাগে (গোড়ালি মচকানোর কথাই ধরা যাক, গোড়ালি মচকালে গোড়ালির হাড়গুলোর মধ্যে সংযোগ রক্ষাকারী তন্তু ছিঁড়ে যায় ) – তখন রক্তবাহী ছোট ছোট নালীগুলো ফেটে যায়, সুস্থ কোষগুলোও যায় মরে। টিস্যুর এই চোট আর কোষের মৃত্যুর ফল দাঁড়ায় এই যে কোষ বা টিস্যুর মধ্যে আটকে থাকা বেশ কিছু রাসায়নিক যৌগ ক্ষতস্থানে বেরিয়ে আসে – এটাই চোট লাগার সংকেত ।এই সংকেত-জানানো যৌগগুলোর উপস্থিতি আশেপাশের রক্তবাহী নালীগুলো শনাক্ত করতে পারে। তখন তারা ১) ফুলে ওঠে , এবং ২) বেশিমাত্রায় ক্ষরণপ্রবণ হয়ে ওঠে । ফলে ক্ষতস্থানে রক্ত বেশি করে যায় এবং রক্তস্রোতে উপস্থিত বিভিন্ন প্রোটিন আর রক্তকণিকারা ক্ষতিগ্রস্ত টিস্যুতে ছড়িয়ে পড়ে। রক্তস্রোত থেকে প্রচুর জলও ক্ষতিগ্রস্ত টিস্যুতে ছড়িয়ে পড়ে – যার জন্যে চোটলাগা জায়গাটা ঘন্টা কয়েকের মধ্যেই ফুলে ওঠে।আশপাশের রক্তস্রোতের শ্বেত রক্তকণিকারাও চোটের এই রাসায়নিক সংকেত বুঝতে পেরে ক্ষতিগ্রস্ত টিস্যুতে চলে যেতে বাধ্য হয়। এই রক্তকণিকারা মৃত টিস্যুদের খুঁজে খুঁজে বার করে ধ্বংস করে, যাতে তার জায়গায় নতুন সুস্থ টিস্যু জন্মাতে পারে। যেসব ক্ষতিগ্রস্ত কোষকে সারানো যায় না, তাদেরও এই শ্বেত রক্তকণিকারা মেরে ফেলে। এসব ক্ষতিগ্রস্ত টিস্যুর ধ্বংসাবশেষ আস্তে আস্তে রক্তস্রোতে ফিরিয়ে নেওয়া হয়, যাতে তা শরীরের অন্য অংশের মাধ্যমে বের করে দেওয়া যায়।ক্ষতিগ্রস্ত অংশগুলো যখন এইভাবে পরিষ্কার করা হচ্ছে, তখন ক্ষতস্থানে উপস্থিত অন্য সুস্থ কোষেরা নতুন টিস্যু বানানো শুরু করে। তবে এই পদ্ধতি সম্পূর্ণ হতে বেশ সময় লাগে – কয়েক সপ্তাহ বা কিছু ক্ষেত্রে কয়েক মাসও লেগে যেতে পারে।"
p-475-a-16,আলো চলার পথে বাধা পেলে তা ভেদ অক্ষম হলেও শব্দ সেই বাধা ভেদ করতে পারে। কিন্তু তবুও আলোর গতিবেগ শব্দের গতিবেগের চেয়ে বেশি কেন?,পদার্থবিজ্ঞান,1,+13,184,https://www.sciencebee.com.bd/qna/1075/%E0%A6%B6%E0%A6%AC%E0%A7%8D%E0%A6%A6%E0%A7%87%E0%A6%B0-%E0%A6%97%E0%A6%A4%E0%A6%BF%E0%A6%AC%E0%A7%87%E0%A6%97%E0%A7%87%E0%A6%B0,"['আলো', 'ভেদ', 'গতিবেগ', 'শব্দ']",Al Addinআলোর বেগ শুন্য মাধ্যমে মাপা হইছে যেখানে কোনো কিছুর বাধা ই নাই। আর শব্দের বেগ বিভিন্ন মাধ্যমে মাপা হয়। আলো কিন্তু মাধ্যমের কোনো কণাকে আলোড়িত করে না কিন্তু শব্দ তরঙ্গ সেটা করে। তাই শব্দের জন্য যে মাধ্যমে অনু গুলোর মধ্যে আন্তঃআণবিক দূরত্ব যত কম সেই মাধ্যমে শব্দের বেগ তত বেশি।
p-475-a-17,ডিম সিদ্ধ করলে শক্ত হয় কেন?,জীববিজ্ঞান,2,+13,"1,950",https://www.sciencebee.com.bd/qna/1072/%E0%A6%B8%E0%A6%BF%E0%A6%A6%E0%A7%8D%E0%A6%A7-%E0%A6%95%E0%A6%B0%E0%A6%B2%E0%A7%87-%E0%A6%B6%E0%A6%95%E0%A7%8D%E0%A6%A4,"['ডিম', 'সিদ্ধ', 'শক্ত']","Akhi Afreen Muna - ডিম হচ্ছে প্রোটিন জাতীয় খাবার।ডিমের ভেতরের ঈষদচ্ছ তরল পদার্থের প্রোটিনের নাম হলো ওভালবুমিন বা এলবুমিন।এবং কুসুমের প্রোটিনের নাম হলো অভোগ্লোবিউটিন।প্রোটিনের অন্যতম বৈশিষ্ট্য হলো এর আকার,আকৃতি এবং অবস্থা চারপাশের পরিবেশের উপর নির্ভর করে।অর্থাৎ প্রোটিনে চাপ,তা,এসিড এবং ক্ষার দিলে প্রোটিনের আকৃতি পরিবর্তন হয়। সাধারন তাপমাত্রায় ডিমের ওভালবুমিন বা এলবুমিন অর্থাৎ সাদা অংশ এবং অভোগ্লোবিউলিন অর্থাৎ কুসুম দ্রবনীয় অবস্থায় থাকে।এতে তাপ প্রয়োগ করা হলে বা পানি দিয়ে সিদ্ধ করা হলে ডিমের প্রোটিনের আকৃতি পরিবর্তিত হতে থাকে এবং একসময় তা জমাট বেধে ডিমের সাদা অংশটি তৈরি করে।আর জমাট বাধার ফলে ডিম সিদ্ধ করার পর আমরা তা শক্ত অনুভব করি।"
p-475-a-18,ডিম সিদ্ধ করলে শক্ত হয় কেন?,জীববিজ্ঞান,2,+13,"1,950",https://www.sciencebee.com.bd/qna/1072/%E0%A6%B8%E0%A6%BF%E0%A6%A6%E0%A7%8D%E0%A6%A7-%E0%A6%95%E0%A6%B0%E0%A6%B2%E0%A7%87-%E0%A6%B6%E0%A6%95%E0%A7%8D%E0%A6%A4,"['ডিম', 'সিদ্ধ', 'শক্ত']",Saiful Islam - ডিমের সাদা অংশে এলবুমিন নামক প্রোটিন উপাদান থাকে যা তাপে জমাট বাঁধে। তাই ডিম সিদ্ধ করলে জমাট বেঁধে শক্ত হয়ে যায়।আবার দুধের মধ্যেও কেইসিন নামক এক ধরনের প্রোটিন উপাদান থাকে যা লেবুর রসের প্রোটিন উপাদানের সাথে মিশে দুধকে জমাট বাঁধিয়ে ফেলে!তাই দুধের উপর লেবুর রস দিলে তা জমাট বাধে
p-475-a-19,পৃথিবীতে একই রকম দেখতে ৭ জন মানুষ আছে। এই কথার সত্যতা কতটুকু??,তত্ত্ব ও গবেষণা,2,+13,"7,685",https://www.sciencebee.com.bd/qna/1071/%E0%A6%AA%E0%A7%83%E0%A6%A5%E0%A6%BF%E0%A6%AC%E0%A7%80%E0%A6%A4%E0%A7%87-%E0%A6%B8%E0%A6%A4%E0%A7%8D%E0%A6%AF%E0%A6%A4%E0%A6%BE,[],"Nishat Tasnim-একই ধরনের চেহারার দুইজন মানুষকে বলা হয়DoppelgängerবাLookalike। এই ধরনের মানুষদের মাঝে কোনো জৈবিক সম্পর্ক থাকেনা তবুও তাদের চেহারায় এতোই মিল থাকে যে দেখে জমজ মনে হয়। একে প্রায়ই ভুতুড়ে বা অলৌকিক ঘটনা হিসেবে ব্যাখ্যা করা হয়। আবার কিছু সংস্কৃতিতে ডোপেলগ্যাঙ্গারকে বলা হয়Evil Twin।এক গবেষণা মতে একই দেখতে দুইজন মানুষের সংখ্যা প্রতি ট্রিলিয়নে একজনেরও কম। এর মানে হচ্ছে প্রতি এক ট্রিলিয়নে একজনেরও কম মানুষের ডোপেলগ্যাঙ্গার থাকতে পারে। একজন মানুষের মতো দেখতে আরও ছয় জন মানুষ এই পৃথিবীতে আছে। অর্থাৎ, একজন মানুষের ডোপেলগ্যাঙ্গার এর সংখ্যা সর্বোচ্চ ছয় জন হতে পারে। তাদের মধ্যে একজনের সঙ্গে সারাজীবনে দেখা হওয়ার সম্ভাবনা ১১ শতাংশ।পৃথিবীতে প্রায় ৭০০ কোটির মত মানুষ রয়েছে। সব মানুষের চেহারা নির্ভর করে বাবা-মা থেকে পাওয়া ডিএনএ, জিন, ক্রোমোজোম এর উপর। এর প্রক্রিয়াকরণ শুক্রাণু এবং ডিম্বাণু নিষিক্ত হওয়ার পর থেকে শুরু হয়। পুরুষের শরীরে কয়েক মিলিয়ন ধরণের শুক্রানু ও নারীর শরীরে কয়েক মিলিয়ন ধরনের ডিম্বানু তৈরী হতে পারে। যেকোন একটি শুক্রানুর সাথে যেকোন একটি ডিম্বানুর মিলনে বাচ্চার জন্ম হয়। আবার, একজন পুরুষের কয়েক মিলিয়ন শুক্রাণু এবং একজন স্ত্রীর কয়েক মিলিয়ন ডিম্বাণু মিলিত হয়ে কয়েক ট্রিলিয়ন ভিন্ন ভিন্ন চেহারার শিশু জন্ম হতে পারে। প্রত্যেক শিশুর চেহারার সাথে তার আত্মীয়দের চেহারার মিল থাকবে।একজন মানুষ দেখতে কেমন হবে তা নির্ভর করে ডিএনএ এর উপর। প্রতিটি মানুষের ২৩ জোড়া ক্রোমোজোম থাকে। প্রতিটি ক্রোমোজোম আবার দুটি ভাগে বিভক্ত। মা ও বাবা উভয়ের কাছ থেকে এক জোড়া করে ক্রোমোজোম আসে। প্রতি জোড়া ক্রোমোজোম নিজেদের মাঝে কিছু অংশ বিনিময় করে নতুন ক্রোমোজোম তৈরি করে। এই জেনেটিক ক্রসিং ওভার এর জন্য মানুষের চেহারা, আচরণগত ভিন্নতা দেখা যায়। তাই, পৃথিবীতে হুবহু একই চেহারার ৭ জন মানুষ থাকার সম্ভাবনা শুন্য।ডোপেলগ্যাঙ্গারদের মধ্যে অনেক মিল থাকলেও তাদের মধ্যে পার্থক্য করা যায় সহজেই। ডোপেলগ্যাঙ্গার দের এমন চেহারাগত মিলের জন্য বিজ্ঞানীরা দায়ী করেন অতীতে ঘটে যাওয়া গ্লোবাল মাইগ্রেশনকে। অর্থাৎ কোনো জাতি বা গোষ্ঠীতে সকলের ডিএনএ এর মাঝেই কিছু মিল আছে। এই বিষয়টি নিয়ে হিসেব করে বিজ্ঞানীরা দেখেছেন যে পৃথিবীতে একই চেহারার ৭ জন মানুষ আছে।©Nishat Tasnim (Science Bee Family)"
p-475-a-20,পৃথিবীতে একই রকম দেখতে ৭ জন মানুষ আছে। এই কথার সত্যতা কতটুকু??,তত্ত্ব ও গবেষণা,2,+13,"7,685",https://www.sciencebee.com.bd/qna/1071/%E0%A6%AA%E0%A7%83%E0%A6%A5%E0%A6%BF%E0%A6%AC%E0%A7%80%E0%A6%A4%E0%A7%87-%E0%A6%B8%E0%A6%A4%E0%A7%8D%E0%A6%AF%E0%A6%A4%E0%A6%BE,[],"এ ধরনের তথ্যের কোন যুক্তিগত ভিত্তি নেই। একমাত্র HOMOZYGOTE TWIN ছাড়া এই ভূমন্ডলে কখনোই একটি মানুষ হবহু আর একটি মানুষের মত হওয়া সম্ভবপর নয়, না চেহারায়, না গড়নে না মানসিক বুদ্ধিমত্তায়। জরায়ুতে যখন এককোষী ZYGOTE তৈরী হয়ে যায়,তখন ইতিমধ্যে সে তার জীবনের ব্লপ্রিন্ট(DNA) ভাগে পেয়ে গিয়েছে।আর নূতন কোন ব্লুপ্রিন্ট কোন খান থেকে আসবার সম্ভাবনা থাকেনা। এর থেকে MITOSIS পদ্ধতির মাধ্যমে এই হুবহু একই ব্লুপ্রিন্ট প্রতিটা নব কোষে ঠিক রেখে আজীবন বিভাজিত হয়ে হয়ে প্রায় ১০০ ট্রিলিয়নে কোষে পৌছায়। এর প্রত্যেকটি কোষেই হুবহু একই CHROMOSOME বা ব্লপ্রিন্ট থেকে যায়। ZYGOTE টির প্রথম কয়েকদিনের বিভাজনের সময় যদি এর কোন একটি বা একাধিক কোষ মূল XYGOTE কোষপুঞ্জি হতে পৃথক হয়ে নিজের মত করে জন্মানো আরম্ভ করে তখন যেহেতু এদের CHROMOSOME একই XYGOTE থেকে কপি হয়ে এসেছে বলে এদের DNA ও হুবহু একই রকম হয়। একারণে এই যমজরাও হুবহু একই রকম হয়। এদেরকে HOMOZYGOTE বা MONOZYGOTE TWIN বা IDENTICAL TWIN বলে। বিজ্ঞানীগন এই ফরমুলা প্রয়োগ করে কৃত্রিম উপায়ে CLONING পদ্ধতির ব্যবহার করে পশু উৎপাদন করতেছেন।বিদেশে এভাবে নিয়মিত ভাবে পশু উৎপাদন করা হচ্ছে। তবে এই পদ্ধতি প্রয়োগ করে হুবহু একই রকম মানুষও উতপাদন করা সম্ভব।"
p-475-a-21,মরুভূমিতে দিনের বেলায় উষ্ণ আর রাতে শীত হয় কেন?,পদার্থবিজ্ঞান,3,+13,271,https://www.sciencebee.com.bd/qna/1066/%E0%A6%AE%E0%A6%B0%E0%A7%81%E0%A6%AD%E0%A7%82%E0%A6%AE%E0%A6%BF%E0%A6%A4%E0%A7%87-%E0%A6%AC%E0%A7%87%E0%A6%B2%E0%A6%BE%E0%A6%AF%E0%A6%BC,"['মরুভূমি', 'দিন', 'উষ্ণ', 'রাত', 'শীত']",Sharif Mahmudমরুভূমিরবালিরোদে প্রচণ্ড গরম হয়। বালিতে তাপ গ্রহন ঘটে খুব তাড়াতাড়ি এবং পাশাপাশি তাপ হারানোর ঘটনা টা ও ঘঠে তাড়াতাড়ি। কিন্তু তাপ ধরে রাখার ক্ষমতা কম ফলে রাতে সূর্য না থাকায় তাপ গ্রহন করতে পারেনা আর এবং দিনের ঐ গৃহীত তাপ টা হারিয়ে যথারীতি খুব তাড়াতাড়ি ঠান্ডা হয়ে যায়!!
p-475-a-22,মরুভূমিতে দিনের বেলায় উষ্ণ আর রাতে শীত হয় কেন?,পদার্থবিজ্ঞান,3,+13,271,https://www.sciencebee.com.bd/qna/1066/%E0%A6%AE%E0%A6%B0%E0%A7%81%E0%A6%AD%E0%A7%82%E0%A6%AE%E0%A6%BF%E0%A6%A4%E0%A7%87-%E0%A6%AC%E0%A7%87%E0%A6%B2%E0%A6%BE%E0%A6%AF%E0%A6%BC,"['মরুভূমি', 'দিন', 'উষ্ণ', 'রাত', 'শীত']","যেমন- খুব অল্প পরিমাণ মূত্র ত্যাগ করে,খুবই কম ঘামে, মরুভূমির প্রাণিদের নিঃশ্বাসের সাথে প্রচুর পানি বাষ্পাকারে বের হয়ে যায় কিন্তু উটের নিঃশ্বাসে খুব কম পানি বের হয় কারণ উটের নাসাপথ বেশ প্যাঁচানো ও নাকের ছিদ্র কপাটিকা যুক্ত এর ফলে নিঃশ্বাসের সাথে যে পানি থাকে তা পুনঃরায় শোষিত হয়।"
p-475-a-23,মরুভূমিতে দিনের বেলায় উষ্ণ আর রাতে শীত হয় কেন?,পদার্থবিজ্ঞান,3,+13,271,https://www.sciencebee.com.bd/qna/1066/%E0%A6%AE%E0%A6%B0%E0%A7%81%E0%A6%AD%E0%A7%82%E0%A6%AE%E0%A6%BF%E0%A6%A4%E0%A7%87-%E0%A6%AC%E0%A7%87%E0%A6%B2%E0%A6%BE%E0%A6%AF%E0%A6%BC,"['মরুভূমি', 'দিন', 'উষ্ণ', 'রাত', 'শীত']",মরুভূমিতে গাছ না থাকায় সেখানে তাপ শোষণ ঘটে না। তাই দিনের বেলা মরুভূমির বায়ু উত্তপ্ত হয়ে যায়।গাছ না থাকার কারণে সেখানকার বায়ুতে তাপ ধরে রাখার মতো কার্বন ডাই অক্সাইড থাকে না।তাই মরুভূমিতে দিনের বেলা প্রচণ্ড গরম আর রাতে প্রচণ্ড ঠান্ডা থাকে।
p-475-a-24,"""haha"" শব্দ উচ্চারণে গরম এবং ""whooh"" শব্দ উচ্চারণে শীতল অনুভূত হয় কেন?",পদার্থবিজ্ঞান,1,+14,184,https://www.sciencebee.com.bd/qna/1064/%E0%A6%89%E0%A6%9A%E0%A7%8D%E0%A6%9A%E0%A6%BE%E0%A6%B0%E0%A6%A3%E0%A7%87-%E0%A6%89%E0%A6%9A%E0%A7%8D%E0%A6%9A%E0%A6%BE%E0%A6%B0%E0%A6%A3%E0%A7%87,"['haha', 'গরম', 'whooh', 'শীতল', 'অনুভূত']","Mobin Sikderএটা অবশ্যই সত্য, এই দুই ক্ষেত্রেই আপনার নিঃশ্বাস গরম বের হয়। তবে, যদি আপনি আপনার হাতটি আপনার মুখ থেকে কয়েক ইঞ্চি কাছে রেখে দিয়ে - একবার 'হাহাহা' এবং একবার 'হুহ' শব্দ করেন - আপনি প্রথমবার উষ্ণ এবং পরের বার শীতল অনুভব করবেন।এর কারণ পদার্থবিজ্ঞান।আপনি যখনঠোঁট চিকনকরে""হুহ""উচ্চারণ প্রবাহিত করবেন (যেমন একটি শিস ফুঁকানোর সময়), তখন মুখের ভেতর থেকে উচ্চগতিতে বাইরে বাতাস প্রবাহিত হয়। যখন দ্রুত চলমান বায়ু (আপনার শ্বাস) তুলনামূলকভাবে স্থির বায়ুতে (আপনার চারপাশের বাতাস) ছেড়ে দেওয়া হয়, তখন একটি টারবুলেন্স(বিশৃঙ্খলা) সৃষ্টি হয়।এর প্রভাবে এটি আপনার মুখের বাতাস চারপাশের স্থির বাতাসগুলো টেনে নিয়ে যায়।এখন আমাদের শরীরের বাইরের বাতাসটি আমাদের ফুসফুস ছেড়ে যাওয়া বাতাসের চেয়ে সবসময় একটু শীতল থাকে। যেহেতু শীতল চারপাশের বায়ু আমাদের মুখ থেকে ছেড়ে বাতাসের উষ্ণ প্রবাহের দ্বারা টানা হয়েছে, তাই আপনার হাতের নাগালে পৌঁছে যাওয়া বাতাস শীত অনুভূত হয়।প্রকৃতপক্ষে, চিকন ঠোঁটের মধ্য দিয়ে প্রবাহিত করার সময় আপনি আপনার হাতের তালুতে যে বায়ু অনুভব করছেন তার বেশিরভাগ অংশই চারপাশের বাতাস(ঠান্ডা)উপরের বিপরীতে, আপনি যখন বিস্তৃত মুখ দিয়ে প্রবাহিত করবেন, ঠিক তেমনই যখন আপনি ‘হাহাহা’ বলছেন বাতাসটি ধীর গতি / গতিবেগের দিকে চলে যায়।অতএব এটি বায়ুর দ্রুত জেটের মতো একই বিশৃঙ্খলা তৈরি করে না এবং আপনার উষ্ণ শ্বাসের আশেপাশের শীতল বায়ুকে অনেক কম পরিমাণকে টেনে নিয়ে যায়। এর ফলশ্রুতি হলো যা আপনি আপনার হাতের বায়ু অনুভব করেন তা বেশিরভাগ উষ্ণ বায়ু যা আপনার ফুসফুস ছেড়ে চলে এসেছে।এই ছিল পদার্থবিজ্ঞানের আসল খেলা !"
p-475-a-25,গো-মুত্র এবং গো-মল অর্থাৎ গরুর মল-মুত্র পান করা মানুষের স্বাস্থ্যের উপর কীরুপ প্রভাব ফেলে?,প্রাণিবিদ্যা,2,+11,466,https://www.sciencebee.com.bd/qna/1060/%E0%A6%B8%E0%A7%8D%E0%A6%AC%E0%A6%BE%E0%A6%B8%E0%A7%8D%E0%A6%A5%E0%A7%8D%E0%A6%AF%E0%A7%87%E0%A6%B0,"['গো-মুত্র', 'পান', 'স্বাস্থ্য']","Symum Salehinএ বিষয়ের উপর গুরুত্বপূর্ণ কিছু পয়েন্ট ঃ১.ডায়াবেটিস/ক্যান্সার বা যাই বলেন না কেন, সেগুলার কোনটির নিরাময় হয় নূন্যতম কিছুটা হলেও কমে এরকম কোন উপাদান এখানে নেই।২সকল স্তন্যপায়ী প্রাণীর মূত্রের উপাদান প্রায় একই রকম, খুব হালকা পার্থক্য হয় খাদ্যাভাসের কারণে। মল কমবেশি পার্থক্য হয় একই কারনে। আর শরীরের যেটা প্রয়োজন নেই সেটাই বর্জ্য হিসাবে বেরিয়ে যায়।৩.মূত্রের শতকরা ৯৫ ভাগই পানি।৪.মূত্র/গোবরে যে উপাদান গুলি রয়েছে তার প্রত্যেকটি বিভিন্ন ফলমূল,সবজি,আমিষ থেকে পাওয়া যায়। সেগুলা খেলে তবেই না উপাদানগুলি বর্জ্যের মধ্যে থাকবে।.এবার আমাকে বলেন কোনদিক থেকে কি উপায়ে গরুর মল-মুত্র মানবদেহের জন্য উপকারী হয়! আসলে এগুলা কিছুই না, শুধুই ধর্ম বেঁচে খাওয়া কিছু মানুষের উর্বর মস্তিষ্কের আবিষ্কার। শরীরের ফেলে দেয়া বর্জ্য বিষাক্ত উপাদানগুলি গ্রহণ করলে উপকারের পরিবর্তে অপকার ছাড়া আর কিছু হবেনা।তবে হ্যা, মানবদেহের জন্য না হলেও উদ্ভিদের জন্য গরুর মল-মুত্র অনেক উপকারী।"
p-475-a-26,গো-মুত্র এবং গো-মল অর্থাৎ গরুর মল-মুত্র পান করা মানুষের স্বাস্থ্যের উপর কীরুপ প্রভাব ফেলে?,প্রাণিবিদ্যা,2,+11,466,https://www.sciencebee.com.bd/qna/1060/%E0%A6%B8%E0%A7%8D%E0%A6%AC%E0%A6%BE%E0%A6%B8%E0%A7%8D%E0%A6%A5%E0%A7%8D%E0%A6%AF%E0%A7%87%E0%A6%B0,"['গো-মুত্র', 'পান', 'স্বাস্থ্য']","সাহিদ আহমেদ তন্ময়গবেষণায় প্রমাণিত হয়েছে হাই ডোজ গোমূত্র মৃত্যু ঘটায়। এছাড়া গরুর কিছু ভাইরাসঘটিত রোগে বিশেষ করে এনসেফালোপ্যাথি হলে মূত্রে ভাইরাসের উপস্থিতি পাওয়া যায়। ডায়াবেটিস নিয়ন্ত্রণের জন্য ইনসুলিন আছে, ওরাল হাইপোগ্লাইসেমিক ড্রাগস আছে। সামনে হয়তো আরো উন্নত চিকিৎসা বের হবে। গোমূত্রে কোনো উপকারী পদার্থ নেই যা ডায়াবেটিস নিরাময়ে সাহায্য করবে। আর গরুর শরীর হতে উৎপাদিত বর্জ্য মূত্রের মাধ্যেমে পান করলে অবশ্যই আপনার জন্যে ভালো হবেনা।"
p-475-a-27,পেন্সিলে গ্রাফাইট ব্যবহার করা হয় কেন?,রসায়ন,1,+14,270,https://www.sciencebee.com.bd/qna/1058/%E0%A6%AA%E0%A7%87%E0%A6%A8%E0%A7%8D%E0%A6%B8%E0%A6%BF%E0%A6%B2%E0%A7%87-%E0%A6%97%E0%A7%8D%E0%A6%B0%E0%A6%BE%E0%A6%AB%E0%A6%BE%E0%A6%87%E0%A6%9F,"['পেন্সিল', 'গ্রাফাইট']",Mohsina Mithilaগ্রাফাইটে প্রত্যেকটি কার্বন পরমাণু আরও তিনটি কার্বন পরমাণুর সাথে সমযোজী বন্ধনে যুক্ত হয়ে একটি ষড়ভূজের সৃষ্টি করে যার ছয়টি বাহুর ছয়টি প্রান্তে ছয়টি কার্বন পরমাণু অবস্থান করে। এই প্রত্যেকটি পরমাণু ওই ষড়ভূজের দুইটি পরমাণুর সাথে এবং পার্শ্ববর্তী ষড়ভূজের ওপর একটি কার্বন পরমাণুর সাথে সমযোজী বন্ধন গঠন করে। এভাবে অসংখ্য ষড়ভুজ পাশাপাশি যুক্ত হয়ে একটি বিস্তৃত লেয়ার বা শীটের মত সৃষ্টি করে এবং এরকম অসংখ্য লেয়ার উপরে নিচে সজ্জিত হয়ে গঠন করে গ্রাফাইট এর ক্রিস্টাল স্ট্রাকচার। এখানে উপরে নিচের প্রত্যেকটি কার্বন পরমাণু একে অপরের সাথে দুর্বল ভ্যানডার ওয়াল বন্ধনে আবদ্ধ থাকে। এই দুর্বল ভ্যানডারওয়াল বন্ধনের কারণেই গ্রাফাইটের একটি লেয়ার অন্যটি থেকে সহজে দূরে যেতে পারে এবং গ্রাফাইটের প্রকৃতি নরম হয়। তাই আমরা যখন পেন্সিল দিয়ে লিখি তখন একটি শীট থেকে আরেকটি শীট খুব সহজেই আলাদা হয়ে কাগজের পৃষ্ঠে চলে আসে।
p-475-a-28,"বিড়াল সব সময় মল ত্যাগ করার পর, কিংবা মাটি দিয়ে মল ঢেকে রাখার চেষ্টা করে কেন?",প্রাণিবিদ্যা,4,+14,"5,571",https://www.sciencebee.com.bd/qna/1056/%E0%A6%AC%E0%A6%BF%E0%A7%9C%E0%A6%BE%E0%A6%B2-%E0%A6%9A%E0%A7%87%E0%A6%B7%E0%A7%8D%E0%A6%9F%E0%A6%BE,"['বিড়াল', 'মলত্যাগ']","Nishat Tasnim-অনেকেই কুকুর-বিড়ালের এ আচরণটির সঙ্গে পরিচিত। বিড়াল মাটিতে বা বালুতে গর্ত করে সেখানে মল ত্যাগ করে। এরপর তা ঢেকে দেয়। বিশেষজ্ঞরা বলেন, বিড়াল তার পদচারণার চিহ্ন লুকাতে চায়। শত্রুরা যেন তার অবস্থানের জায়গা সম্পর্কে জানতে না পারে সেজন্য তারা এ পদক্ষেপ নেয়। এছাড়া উন্মুক্ত মল থেকে গন্ধ ছড়ায় এবং তা তার শক্তিশালী প্রতিপক্ষকে উপস্থিতি জানিয়ে দিতে পারে।"
p-475-a-29,"বিড়াল সব সময় মল ত্যাগ করার পর, কিংবা মাটি দিয়ে মল ঢেকে রাখার চেষ্টা করে কেন?",প্রাণিবিদ্যা,4,+14,"5,571",https://www.sciencebee.com.bd/qna/1056/%E0%A6%AC%E0%A6%BF%E0%A7%9C%E0%A6%BE%E0%A6%B2-%E0%A6%9A%E0%A7%87%E0%A6%B7%E0%A7%8D%E0%A6%9F%E0%A6%BE,"['বিড়াল', 'মলত্যাগ']","উমাইয়া উল্লাহবিশেষজ্ঞরা বলেন, বিড়াল তার পদচারণার চিহ্ন লুকাতে চায়।বিড়ালদের শত্রুরা যেন তাদের অবস্থান সম্পর্কে জানতে না পারে সেজন্য তারা এ পদক্ষেপ নেয়। এছাড়া উন্মুক্ত মল থেকে গন্ধ ছড়ায় এবং এতে শক্তিশালী প্রতিপক্ষ তার উপস্থিতি জেনে যায়।"
p-475-a-30,"বিড়াল সব সময় মল ত্যাগ করার পর, কিংবা মাটি দিয়ে মল ঢেকে রাখার চেষ্টা করে কেন?",প্রাণিবিদ্যা,4,+14,"5,571",https://www.sciencebee.com.bd/qna/1056/%E0%A6%AC%E0%A6%BF%E0%A7%9C%E0%A6%BE%E0%A6%B2-%E0%A6%9A%E0%A7%87%E0%A6%B7%E0%A7%8D%E0%A6%9F%E0%A6%BE,"['বিড়াল', 'মলত্যাগ']","বিড়াল মাটিতে বা বালুতে গর্ত করে সেখানে মল ত্যাগ করে। এরপর তা ঢেকে দেয়। বিশেষজ্ঞরা বলেন, বিড়াল তার পদচারণার চিহ্ন লুকাতে চায়। শত্রুরা যেন তার অবস্থানের জায়গা সম্পর্কে জানতে না পারে সেজন্য তারা এ পদক্ষেপ নেয়।"
p-475-a-31,"বিড়াল সব সময় মল ত্যাগ করার পর, কিংবা মাটি দিয়ে মল ঢেকে রাখার চেষ্টা করে কেন?",প্রাণিবিদ্যা,4,+14,"5,571",https://www.sciencebee.com.bd/qna/1056/%E0%A6%AC%E0%A6%BF%E0%A7%9C%E0%A6%BE%E0%A6%B2-%E0%A6%9A%E0%A7%87%E0%A6%B7%E0%A7%8D%E0%A6%9F%E0%A6%BE,"['বিড়াল', 'মলত্যাগ']","আমরা অনেক সময় দেখি বিড়াল মাটিতে বা বালুতে গর্ত করে সেখানে মল ত্যাগ করে এবং এরপর তা ঢেকে দেয়। বিড়ালের পাশাপাশি অনেক সময়  কুকুড়দের মধ্যে এই বিশেষ আচোরণটি দেখা যায়। এখন প্রশ্ন হচ্ছে বিড়াল/কুকুরেরা কেন মল লুকিয়ে রাখে কিংবা রাখার চেষ্টা করে?বিশেষজ্ঞদের মতে, কুকুর/বিড়াল এবং আরো কিছু প্রাণী আছে যারা নিজেদের  পদচারণার চিহ্ন লুকাতে চায়। আর এর কারন হচ্ছে শত্রুরা যেন তার অবস্থানের জায়গা সম্পর্কে জানতে না পারে সেইজন্য। এছাড়া উন্মুক্ত মল থেকে গন্ধ ছড়ায় এবং তা তার শক্তিশালী প্রতিপক্ষকে উপস্থিতি জানিয়ে দিতে পারে।Shah Reyajur Rahman Raj (সায়েন্স বী)"
p-475-a-32,"লবনের উপর লেবুর রস দিলে ,বেগুনি অথবা নিল রং তৈরি হয় ! সেখানে অন্য কোনো(লাল . সবুজ . ইত্যাদি) রং তৈরি হয় না কেনো?",রসায়ন,2,+13,728,https://www.sciencebee.com.bd/qna/1053/%E0%A6%B8%E0%A7%87%E0%A6%96%E0%A6%BE%E0%A6%A8%E0%A7%87-%E0%A6%87%E0%A6%A4%E0%A7%8D%E0%A6%AF%E0%A6%BE%E0%A6%A6%E0%A6%BF,"['লবনের', 'উপর', 'লেবুর', 'রস']","Sohel Baruaআয়োডিন এবং এসিড বিক্রিয়া করে এমন একটি প্রডাক্ট তৈরি করে যেটি ৪৫০(+/–) ন্যানোমিটার তরঙ্গদৈর্ঘ্যের তড়িৎচুম্বকীয় রশ্মির সৃষ্টি করে যার ফলে আমরা নীল দেখি।যদি ৭৫০(+/–) ন্যানোমিটার হত লাল দেখতাম, ৫৫০(+/–) ন্যানোমিটার হলে সবুজ দেখতাম।(জটিল করে ভাবলে সব জটিল)"
p-475-a-33,"লবনের উপর লেবুর রস দিলে ,বেগুনি অথবা নিল রং তৈরি হয় ! সেখানে অন্য কোনো(লাল . সবুজ . ইত্যাদি) রং তৈরি হয় না কেনো?",রসায়ন,2,+13,728,https://www.sciencebee.com.bd/qna/1053/%E0%A6%B8%E0%A7%87%E0%A6%96%E0%A6%BE%E0%A6%A8%E0%A7%87-%E0%A6%87%E0%A6%A4%E0%A7%8D%E0%A6%AF%E0%A6%BE%E0%A6%A6%E0%A6%BF,"['লবনের', 'উপর', 'লেবুর', 'রস']","Ashraf HossainE=hf,এই ইকুয়েশন অনুসারে,রাসায়নিক বিক্রিয়ার ফলে যে শক্তি উৎপন্ন হয় তার তরঙ্গদৈর্ঘ্য হিসাব করলে দেখা যায় সেটা বেগুনি রঙের রেন্জের মধ্যেই থাকে(অন্যান্য রঙের ক্ষেত্রেও একই ঘটনা ঘটে),অর্থাৎ,বিক্রিয়ায় শক্তির উপর আলোর রঙ নির্ভরশীল!"
p-475-a-34,মানুষ চেয়ারে বসে থাকা অবস্থায় শুধুমাত্র পা নাড়ায়। পায়ের মতো করে হাত কিংবা ঘাড় নাড়ায় না কেন?,চিন্তা ও দক্ষতা,2,+12,"1,072",https://www.sciencebee.com.bd/qna/1051/%E0%A6%85%E0%A6%AC%E0%A6%B8%E0%A7%8D%E0%A6%A5%E0%A6%BE%E0%A7%9F-%E0%A6%B6%E0%A7%81%E0%A6%A7%E0%A7%81%E0%A6%AE%E0%A6%BE%E0%A6%A4%E0%A7%8D%E0%A6%B0,"['human', 'body', 'চেয়ার', 'পা', 'নাড়ায়']","MD Navedচেয়ারে বসে পড়ার মুহূর্তে আমরা মাথা তথা মস্তিষ্ককে ব্যবহার করি বিধায় এটার দ্বারা একটা কাজ সম্পন্ন হয় এবং হাত দিয়ে লিখি কিংবা হাত দ্বারা বই স্পর্শিত থাকে বিধায় হাতের দ্বারা আরো একটা কাজ সম্পন্ন হয়। আবার, ঘাড় আমাদের মাথাকে পড়ার মুহূর্তে সোজা করে ধরে রাখে।প্রাকৃতিক নিয়মানুসারে, আমাদের শরীরের কোনো একটি অংশ নিশ্চল বা অবসরে থাকলে এবং বাকি অংশগুলো সচ্চল বা কোনো কাজে নিয়োজিত থাকলে স্নায়বিক সংকেত প্রেরণের মধ্য দিয়ে মস্তিষ্ক আমাদের ""পা"" কে নির্দেশ দেয়, সেটিও যেনো অন্য অঙ্গগুলোর মতো সচ্চল বা কোনো কাজে নিয়োজিত থাকে। তাই, আমরা পা নাড়ায়। এই প্রেক্ষিতে, মস্তিষ্ক,হাত,ঘাড় কোনো না কোনো কাজে নিয়োজিত এমনিতেও থাকে । (এটা আমার ধারণা)"
p-475-a-35,মানুষ চেয়ারে বসে থাকা অবস্থায় শুধুমাত্র পা নাড়ায়। পায়ের মতো করে হাত কিংবা ঘাড় নাড়ায় না কেন?,চিন্তা ও দক্ষতা,2,+12,"1,072",https://www.sciencebee.com.bd/qna/1051/%E0%A6%85%E0%A6%AC%E0%A6%B8%E0%A7%8D%E0%A6%A5%E0%A6%BE%E0%A7%9F-%E0%A6%B6%E0%A7%81%E0%A6%A7%E0%A7%81%E0%A6%AE%E0%A6%BE%E0%A6%A4%E0%A7%8D%E0%A6%B0,"['human', 'body', 'চেয়ার', 'পা', 'নাড়ায়']","না মশাই,এটা কে Tremor ও বলা যায় না। Tremor হলে যা হয়, দেহের যেকোন অংশের পেশিই নিজে থেকে নড়তে থাকে,কোন কন্ট্রোল থাকে না (হাত ,পা ,ঘাড় সব ইনক্লুডেড) । এটা স্বতঃস্ফূর্ত ভাবেই হয়, এবং সবচেয়ে বড় কথা, এটাতে কোন আরামের মত অনুভূতি হচ্ছে না। কিন্তু যখন বসে আমরা পা নাচাই ( Shaking of legs ) একটা আরামের মত ভাব আসে না ?? আবার কাজের সময়ও সমান তালে পা চলছে !!আসলে বেশ কয়েকটা কারণে এটা হতে পারে। চলুন জেনে আসি, What are the things behind Shaking of Legs :Restless leg syndrome ঃএটা একটা কারণ। Tremor দেহের যেকোন অংশেই হতে পারে। কিন্তু এই সমস্যা শুধু পায়েই হয়। ভুক্তভোগী কোথাও বসলে পা নাড়ানোর তীব্র ইচ্ছা অনুভব করতে থাকেন, সমস্যা প্রকট হলে...পায়ের ঝাকুনিতে ঘুমেও সমস্যা হতে পারে। তবে সাধারণ ঘটনা হল, পায়ে চুলকানি,পিন ফোটানোর মত অনুভূতি হবে । মানসিক সমস্যা বিধায়, পা ম্যাসাজ করা, হট কোল্ড কমপ্রেস দেওয়া, এবং মন অন্যদিকে থাকে এমন কিছু করতে বলা হয়।জেনেটিক্স এর কেরামতিঃ আশ্চর্য হলেও সত্য , পা এর নাড়ানো এর পেছনে আপনার পূর্বপুরুষের কোন একটা জিন দায়ী। আপনার বাবার বা মায়ের ভেতর কোন পরিবর্তিত জিন থাকে, তাহলে এটা আপনার ভেতর Essential tremor তৈরি করতে পারে। এই Essential tremor সাধারণত হাতে হয়ে থাকে, তবে পা কেও আক্রমণ করে। বিজ্ঞানীরা এখনো সেই জিনকে বের করতে পারেননি,তবে ধারনা করছেন যে এই জিন বেশ কয়েকটা পরিবর্তিত জিন এবং বাহ্যিক প্রভাবের ফলে সৃষ্ট ।প্রবল মনোযোগঃ এটা সিংহভাগ লোকের জন্য সত্য। কোন কাজ করা অবস্থায় পা নড়তে থাকলে , বিজ্ঞানীরা বলেন অতিরিক্ত মনোযোগ দেবার ফলে মস্তিষ্কের একটি অংশ বোর হয়ে যায়। ফলে সে অংশের জন্য পা নিজে থেকে নড়তে থাকে। এটা বেশ উপকারী একটা প্রক্রিয়া। এর ফলে ব্রেনের যে অংশ বোর ,সে পা টা নিয়েই ব্যস্ত থাকে...বাকি অংশ ব্যবহার করে আমরা অন্য কাজ করতে পারি । কাজ শেষ হয়ে গেলে পা এমনিই নড়া বন্ধ হয়ে যায়উদ্বেগ (anxiety) এবং অতিরিক্ত চা-কফিঃ anxiety এর রোগী শনাক্ত করা যায় এটা দেখে। একতরফা এই পদ্ধতি ব্যবহার না করাই ভাল,কারণ anxiety এর অন্যান্য লক্ষণও থাকে । আবার অতিরিক্ত চা কফি বা নার্ভ সিমুলেন্ট গ্রহণ করলে পা নিজে থেকে নড়তে পারে। Anxiety এর ক্ষেত্রে পা নড়তে থাকা কিছুটা টেনসন কমাতে সাহায্য করে ।Hyperthyroidism, ADHD, Parkinson’s disease থাকলেওএই ঘটনা ঘটতে পারে,তবে এই রোগের অন্য সিম্পটমসও আছে,তাই এটাই একমাত্র কারন,এমন নয়।"
p-475-a-36,চিকিৎসাক্ষেত্রে ঔষধের নামকরণ করা হয় কীভাবে?,স্বাস্থ্য ও চিকিৎসা,2,+12,255,https://www.sciencebee.com.bd/qna/1048/%E0%A6%9A%E0%A6%BF%E0%A6%95%E0%A6%BF%E0%A7%8E%E0%A6%B8%E0%A6%BE%E0%A6%95%E0%A7%8D%E0%A6%B7%E0%A7%87%E0%A6%A4%E0%A7%8D%E0%A6%B0%E0%A7%87,"['ঔষধ', 'নামকরণ']","Mobin Sikderঔষধেরনামগুলো কেমিক্যাল কম্পাউন্ডের উপর বেইজ করে দিতে হয়।নাম অবশ্যই ইচ্ছেমত দেওয়া যায় না, আর কোম্পানি নিজের হলেও লাইসেন্স, রো ম্যাটেরিয়ালস সবকিছুর জন্য অন্য কোম্পানির উপর নির্ভর করতে হয়।"
p-475-a-37,চিকিৎসাক্ষেত্রে ঔষধের নামকরণ করা হয় কীভাবে?,স্বাস্থ্য ও চিকিৎসা,2,+12,255,https://www.sciencebee.com.bd/qna/1048/%E0%A6%9A%E0%A6%BF%E0%A6%95%E0%A6%BF%E0%A7%8E%E0%A6%B8%E0%A6%BE%E0%A6%95%E0%A7%8D%E0%A6%B7%E0%A7%87%E0%A6%A4%E0%A7%8D%E0%A6%B0%E0%A7%87,"['ঔষধ', 'নামকরণ']","Md Ashakur Rahmanওষুধের নাম কি হবে সেটা সংশ্লিষ্ট ওষুধ প্রস্তুতকারক কোম্পানি ঠিক করে।একই জেনারের একাধিক কোম্পানির ভিন্ন ভিন্ন নামে ওষুধ থাকতে পারে।কিছু ওষুধের নামের সাথে জেনার নেমের সামাঞ্জস্য দেখা যায়,তবে তা সবসময় জরুরি নয়।"
p-475-a-38,ছাগলের মল অনেকটা দানাদার হয় কেন?,প্রাণিবিদ্যা,1,+11,712,https://www.sciencebee.com.bd/qna/1045/%E0%A6%9B%E0%A6%BE%E0%A6%97%E0%A6%B2%E0%A7%87%E0%A6%B0-%E0%A6%A6%E0%A6%BE%E0%A6%A8%E0%A6%BE%E0%A6%A6%E0%A6%BE%E0%A6%B0,"['ছাগল', 'মল']","Mobin Sikder-আসলে ছাগলগুলির দেহের ওজনের অনুপাতের তুলনায় রূমেন ও রেকটামের ওজন বেশি থাকে। তারা যাই খাক না কেন এটি প্রায় ৩ দিন সময় পরে সম্পূর্ণ হজম হয়। ছাগলের উচ্চ বিপাকের হার রয়েছে যার জন্য প্রচুর শক্তি প্রয়োজন। এই শক্তি রাঘেজ থেকে আসে যা তাদের দেহের ওজনের ৩-৭%। এরপর মল-মুত্র ওমাসামে প্রবেশ করে যেখানে বেশিরভাগ জল শুষে নেওয়া হয়।আবোমাসামে এটি আরও ছোট ছোট কণায় হজম হয় এবং এনজাইম্যাটিক ক্ষরণের সাথে মিশ্রিত হয়। এর অন্ত্র খুব দীর্ঘ যেখানে মল-মুত্র চলাচল খুব ধীর হয় যা মূলত বিভাজন এবং পেরিস্টালিসিস নিয়ে গঠিত। বিভাজনটি কার্যত সমস্ত পনি এবং পুষ্টির বাইরে বেরিয়ে যায়, যাতে মলমণ্ডিত উপাদানগুলি ছোট ছোট বল বা ছাঁকনি আকার ধারণ করে। অধিকন্তু, ছাগলগুলি উটের মতো পানির প্রতি খুবই মিতব্যয়ী, যাতে খুব কম পানি মলের মাধ্যমে নষ্ট হয়।"
