id,question,question_category,number_of_answer,number_of_vote,number_of_view,answer_link,question_tag,answer
p-391-a-0,স্বপ্ন দেখলে চোখ কাঁপে কেন?,বিবিধ,1,+9,170,https://www.sciencebee.com.bd/qna/8537/%E0%A6%B8%E0%A7%8D%E0%A6%AC%E0%A6%AA%E0%A7%8D%E0%A6%A8-%E0%A6%A6%E0%A7%87%E0%A6%96%E0%A6%B2%E0%A7%87,"['কাঁপা', 'চোখ']",ঘুমের একটি বিশেষ পর্যায় হচ্ছে Rapid eye movement (REM) অর্থাৎ চোখের পাতা দ্রুত কাঁপা। এপর্যায়ে মস্তিষ্কের নিউরনের কার্যক্রম অনেকটা জাগ্রত অবস্থায় মস্তিষ্কের কার্যক্রমের অনুরুপ। এবং  বেশিরভাগ স্বপ্নই একজন ঘুমন্ত মানুষ ঘুমের এই পর্যায়ে দেখে থাকে (যদিও সব নয়)।
p-391-a-1,কোরিয়ান ছেলেদের কি দাড়ি উঠে না?,বিবিধ,1,+12,"8,377",https://www.sciencebee.com.bd/qna/8534/%E0%A6%95%E0%A7%8B%E0%A6%B0%E0%A6%BF%E0%A7%9F%E0%A6%BE%E0%A6%A8-%E0%A6%9B%E0%A7%87%E0%A6%B2%E0%A7%87%E0%A6%A6%E0%A7%87%E0%A6%B0,"['কোরিয়ান', 'ছেলে', 'দাড়ি', 'দাঁড়ি']",Nishat Tasnim-কোরিয়ান ছেলেদের দাড়ি উঠে। কোরিয়াতে মুখে দাড়ি রাখা বা Facial Hair কে নোংরা বা অপরিচ্ছন্ন বিবেচনা করা হয়। ক্লিন শেভ থাকাকে তাদের দেশে যৌবনের প্রতীক ধরা হয়। তাছাড়া কোরিয়ান পুরুষদের মাঝে টেস্টোস্টেরনের নিম্ন বা কম মাত্রায় জন্যও তাদের দাড়ি তুলনামূলক কম। এছাড়া কিছু কিছু ক্ষেত্রে মিডিয়া ইনফ্লুয়েন্সও কাজ করে এর জন্য।
p-391-a-2,গর্ভবতী মহিলাদের জন্য সুর্য গ্রহণ/ চন্দ্র গ্রহণ কতটা ক্ষতিকর? এটাকি আসলেই কুসংস্কার?,স্বাস্থ্য ও চিকিৎসা,1,+8,311,https://www.sciencebee.com.bd/qna/8532/%E0%A6%AE%E0%A6%B9%E0%A6%BF%E0%A6%B2%E0%A6%BE%E0%A6%A6%E0%A7%87%E0%A6%B0-%E0%A6%95%E0%A7%81%E0%A6%B8%E0%A6%82%E0%A6%B8%E0%A7%8D%E0%A6%95%E0%A6%BE%E0%A6%B0,"['গর্ভবতী', 'মহিলা', 'সূর্যগ্রহণ', 'চন্দ্রগ্রহণ']",এখানে দেখুনঃhttps://www.sciencebee.com.bd/daily-science/solar-eclips-truth-myth/
p-391-a-3,কুকুর সবসময় মুখ হা করে জিভ ঝুলিয়ে হাঁটে কেন?,প্রাণিবিদ্যা,2,+9,629,https://www.sciencebee.com.bd/qna/8530/%E0%A6%95%E0%A7%81%E0%A6%95%E0%A7%81%E0%A6%B0-%E0%A6%9D%E0%A7%81%E0%A6%B2%E0%A6%BF%E0%A7%9F%E0%A7%87,"['কুকুর', 'জিভ', 'ঝুলিয়ে', 'হাঁটা']","Nishat Tasnim-অনেক কুকুরের Hanging Tongue Syndrome থাকে এর জন্য তাদের জিহবা সবসময় ঝুলে থাকে। আবার, গরমের দিনে কুকুরের শরীর উত্তপ্ত থাকে এবং কুকুর অস্বস্তিবােধ করে। কিন্তু কুকুরের জিহ্বার উপর এক প্রকার লালা থাকে। সেই লালা কুকুরের শরীর থেকে বাষ্পীভবনের সুপ্ততাপ শােষণ করে এবং কুকুরের শরীর ঠাণ্ডা হয়। কুকুর স্বস্তি অনুভব করে। সেজন্য কুকুর জিহ্বা বের করে দৌড়ায়।"
p-391-a-4,কুকুর সবসময় মুখ হা করে জিভ ঝুলিয়ে হাঁটে কেন?,প্রাণিবিদ্যা,2,+9,629,https://www.sciencebee.com.bd/qna/8530/%E0%A6%95%E0%A7%81%E0%A6%95%E0%A7%81%E0%A6%B0-%E0%A6%9D%E0%A7%81%E0%A6%B2%E0%A6%BF%E0%A7%9F%E0%A7%87,"['কুকুর', 'জিভ', 'ঝুলিয়ে', 'হাঁটা']",কুকুর সবসময় মুখ হা করে জিভ ঝুলিয়ে হাঁটে কেন?স্বাভাবিকভাবে প্রসাব করলে তো প্রসাব মাটিতে পরবে ফলে অন্য প্রণির চলাচলের কারণে দ্রুত মিশে যাবে। উচুতে প্রসাব পৌছাতে হলে অবশ্যই পা উচু করে প্রসাব ছড়িয়ে দিতে হবে। তাই কুকুর পা উচু করে প্রসাব করে।
p-391-a-5,মুরগির ছোট ছোট বাচ্চাকে ভয় পাওয়া কি কোন ফোবিয়া?,মনোবিজ্ঞান,3,+6,203,https://www.sciencebee.com.bd/qna/8528/%E0%A6%AE%E0%A7%81%E0%A6%B0%E0%A6%97%E0%A6%BF%E0%A6%B0-%E0%A6%AC%E0%A6%BE%E0%A6%9A%E0%A7%8D%E0%A6%9A%E0%A6%BE%E0%A6%95%E0%A7%87,"['মুরগি', 'বাচ্চা', 'ফোবিয়া']",Nishat Tasnim-মুরগি বা মোরগ ভয় পাওয়াকে বলে Alektorophobia। Alektorophobia শব্দটি গ্রীক ‘Alektor’ (মোরগ) এবং ‘phobos’ (ভয়) থেকে এসেছে। এই ফোবিয়া খুব একটা দেখা যায়না। এই ফোবিয়া তে আক্রান্ত মানুষ অন্যান্য পাখিদেরও ভয় পায়।
p-391-a-6,মুরগির ছোট ছোট বাচ্চাকে ভয় পাওয়া কি কোন ফোবিয়া?,মনোবিজ্ঞান,3,+6,203,https://www.sciencebee.com.bd/qna/8528/%E0%A6%AE%E0%A7%81%E0%A6%B0%E0%A6%97%E0%A6%BF%E0%A6%B0-%E0%A6%AC%E0%A6%BE%E0%A6%9A%E0%A7%8D%E0%A6%9A%E0%A6%BE%E0%A6%95%E0%A7%87,"['মুরগি', 'বাচ্চা', 'ফোবিয়া']",অ্যালেক্টেরোফোবিয়া বলে। যদিও এটি পুরো মুরগি জাতির ভয়কেই বলে। তবে এটা বলা যেতে পারে
p-391-a-7,মুরগির ছোট ছোট বাচ্চাকে ভয় পাওয়া কি কোন ফোবিয়া?,মনোবিজ্ঞান,3,+6,203,https://www.sciencebee.com.bd/qna/8528/%E0%A6%AE%E0%A7%81%E0%A6%B0%E0%A6%97%E0%A6%BF%E0%A6%B0-%E0%A6%AC%E0%A6%BE%E0%A6%9A%E0%A7%8D%E0%A6%9A%E0%A6%BE%E0%A6%95%E0%A7%87,"['মুরগি', 'বাচ্চা', 'ফোবিয়া']",মুরগির ছোট ছোট বাচ্চাকে ভয় পাওয়া কে অ্যালেক্টেরোফোবিয়া বলে ।
p-391-a-8,বিড়ালের দুই চোখ দুই রকম হওয়ার কারণ কি?,জীববিজ্ঞান,1,+7,"1,899",https://www.sciencebee.com.bd/qna/8526/%E0%A6%AC%E0%A6%BF%E0%A7%9C%E0%A6%BE%E0%A6%B2%E0%A7%87%E0%A6%B0-%E0%A6%B9%E0%A6%93%E0%A7%9F%E0%A6%BE%E0%A6%B0,"['বিড়াল', 'দুই', 'চোখ', 'ভিন্ন']","Nishat Tasnim-যখন কোনো মানুষের দুই চোখের আইরিশ ভিন্ন রঙের হয় তখন তাকে হেটেরোক্রোমিয়া বলে। আমাদের চোখের রঙ এর সাথে মেলানিন এর সম্পর্ক রয়েছে। মেলানিন হচ্ছে এক ধরনের পিগমেন্ট বা রঞ্জক পদার্থ যা মানুষের ত্বক ও চুলের রঙের জন্য দায়ী। সাধারণত একজন ফর্সা মানুষের মেলানিন এর মাত্রা একজন কালো মানুষের চেয়ে কম থাকে। এই মেলানিন নামক রঞ্জক চোখের রঙও নির্ধারণ করে। যাদের চোখে মেলানিন এর মাত্রা কম তাদের চোখের বর্ণ হয় হালকা, আর যাদের চোখের মেলানিন বেশি তাদের চোখের বর্ণ গাঢ়।হেটেরোক্রোমিয়া যাদের থাকে তাদের চোখে মেলানিনের পরিমাণে ভিন্নতা দেখা যায়। চোখের মেলানিন এর ভিন্নতা হয়ে 8-HTP পথে কিছু জিনের প্রভাবে এবং ক্রোমোজোম এর জন্য। এই ভিন্নতার জন্যই দুই চোখের রঙ ভিন্ন ভিন্ন হয়। আবার প্রাণীদের মধ্যে জিনগত বৈচিত্র‍্যের জন্য হেটেরোক্রোমিয়া হতে পারে। সাধারণত বিড়াল, কুকুর, ঘোড়া, গবাদি পশু এর মধ্যে হেটেরোক্রোমিয়া বেশি দেখা যায়। মানুষের ক্ষেত্রে এই বৈশিষ্ট্য খুবই দুর্লভ। science beeহেটেরোক্রোমিয়া কয়েক ধরনের হতে পারে। যেমন:১. Complete বা সম্পূর্ণ হেটেরোক্রোমিয়া: মানুষের দুটো আইরিশ সম্পূর্ণ ভিন্ন রঙের হয়ে গেলে তাকে সম্পূর্ণ হেটেরোক্রোমিয়া বা হেটেরোক্রোমিয়া ইরিডাম বলা হয়।২. Segmental বা বিভাগীয় হেটেরোক্রোমিয়া: যখন মানুষের একটি চোখের আইরিশে দুটি ভিন্ন ভিন্ন রঙ দেখা দেয় তখন তাকে বলে বিভাগীয় হেটেরোক্রোমিয়া বা হেটেরোক্রোমিয়া আইরিডিশ।৩. Central বা কেন্দ্রীয় হেটেরোক্রোমিয়া: এটি অন্যান্য ধরনের চেয়ে বেশি সাধারণ এবং সহজে বুঝাও যায়না। এই হেটেরোক্রোমিয়া এর ক্ষেত্রে দেখা যায় যে দুটি আইরিশ এর রঙ প্রায় একই, তবে পিউপিল এর আশেপাশের রিং ভিন্ন রঙের। যেমন: নীল রঙের আইরিশ এর কারোর ক্ষেত্রে দেখা যায় যে তাদের পিউপিল এর আশেপাশে চিকন বাদামী রঙের রিং। এই ধরনের হেটেরোক্রোমিয়া বেশিরভাগ ক্ষেত্রে জন্ম থেকেই দেখা যায়।আবার কিছু কিছু মানুষ জন্ম থেকে হেটেরোক্রোমিক হয়না। তারা বয়স বাড়ার পর এই বৈশিষ্ট্য লাভ করেন। একে বলে Acquired বা অর্জিত হেটেরোক্রোমিক।যেকোনো ধরনের হেটেরোক্রোমিয়া এর জন্যই চক্ষু বিশেষজ্ঞ এর পরামর্শ মতে চিকিৎসা করতে হবে। চিকিৎসার ক্ষেত্রে ডাক্তাররা সাধারণত চোখের পেরিফেরিয়াল ভিশন, অপটিক নার্ভ, চাপ, ভিজ্যুয়াল টেস্ট করা হয়। আবার রেটিনার ছবি তুলার জন্য অনেক চিকিৎসক OCT করার পরামর্শ দেন। চোখের অস্বাভাবিকতার উপর নির্ভর করে চিকিৎসার ধরন।© Nishat Tasnim (Science Bee Family)"
p-391-a-9,O+ ও O- ব্লাড কি কোনো বিশেষ বৈশিষ্ট্য বহন করে?,জীববিজ্ঞান,1,+6,"2,124",https://www.sciencebee.com.bd/qna/8524/%E0%A6%AC%E0%A6%BF%E0%A6%B6%E0%A7%87%E0%A6%B7-%E0%A6%AC%E0%A7%88%E0%A6%B6%E0%A6%BF%E0%A6%B7%E0%A7%8D%E0%A6%9F%E0%A7%8D%E0%A6%AF,"['ব্লাড', 'রেসার্স', 'ফ্যাক্টর', 'o', 'o-']","Umma Sahida Akter-রক্তের গ্রুপ পজিটিভ না নেগেটিভ সেই নিয়েই এত দিন বেশি মাথা ঘামাতো মানুষ। বিশেষ করে বিয়ের ক্ষেত্রে রক্তের গ্রুপ ম্যাচিং অনেক গুরুত্বপূর্ণ বিষয়। কারণ এর সঠিক ম্যাচিংয়ের ওপরই নির্ভর করে পরবর্তী প্রজন্মের সুস্থতা।এছাড়া যদি হয় 'ও' নেগেটিভ। তাহলে তো বড় অসুখ সহজেই হামলা করে বসতে পারে। তাই ‌'ও' নেগেটিভ গ্রুপের মানুষকে আগে থেকেই অতিরিক্ত সচেতন থাকতে হয়। তবে শুধু নেগেটিভ বা পজেটিভ নয়, 'এ', 'বি', 'ও' এবং 'এবি' গ্রুপের ওপরও নির্ভর করে নানা রোগের ধরণ ও প্রবণতা। আসুন জেনে নিই কোন গ্রুপের রক্তবহনকারীকে কোন কোন রোগ থেকে অতিরিক্ত সতর্কতা অবলম্বন করতে হবে।১. হৃদরোগযাদের রক্তের গ্রুপ এবি বা বি তাদের হার্টের রোগ বা হৃদরোগ হওয়ার ঝুঁকি থাকে প্রবল। আর যাদের ও গ্রুপের রক্ত তাদের এই রোগে আক্রান্ত হওয়ার সম্ভাবনা কম থাকে।২. আলসারযাদের রক্তের গ্রুপ ও তাদের অন্য আর যে কারুর চেয়ে আলসারে আক্রান্ত হওয়ার ঝুঁকি অনেক বেশি। ও গ্রুপের রক্তধারীদের পাকস্থলীর আলসার হওয়ার ঝুঁকি বেশি থাকে।৩. রক্ত জমাট বাধাএ ও বি গ্রুপের রক্তের অধিকারীদের ৩০% ঝুঁকি থাকে এই সমস্যা হওয়ার। আর যাদের রক্তের গ্রুপ ও তাদের রক্ত জমাট বাধার ঝুঁকি কম। আর এবি গ্রুপের রক্ত আছে যাদের তাদের রক্ত জমাট বাধার ঝুঁকি ২০%। এ থেকে স্ট্রোক এবং হার্ট অ্যাটাক হতে পারে।৪. গ্যাস্ট্রিক ক্যান্সারও গ্রুপের রক্তধারী লোকদের গ্যাস্ট্রিক ক্যান্সার হওয়ার ঝুঁকি কম। কিন্তু অন্যান্য রক্তের গ্রুপধারীদের এবং বিশেষ করে এ গ্রুপের রক্তধারীদের গ্যাস্ট্রিক ক্যান্সার ঝুঁকি অনেক বেশি।৫. অগ্ন্যাশয়ের ক্যান্সারও গ্রুপের রক্তধারীদের অগ্ন্যাশয়ের ক্যান্সার হওয়ার ঝুঁকি কম। কিন্তু এ গ্রুপের রক্তধারীদের অগ্ন্যাশয়ের ক্যান্সার হওয়ার ঝুঁকি ৩২% আর এবি গ্রুপের রক্তধারীদের এই ক্যান্সারে আক্রান্ত হওয়ার সম্ভাবনা ৫১%।৬. স্মৃতির দুর্বলতাএবি গ্রুপের রক্তধারীদের শেষ বয়সে গিয়ে স্মৃতির দুর্বলতা দেখা দিতে পারে। জার্নাল নিউরোলজিতে প্রকাশিত গবেষণা মতে, যাদের রক্তের গ্রুপ এবি তারা জ্ঞানীয় দক্ষতার পারফর্মেন্স টেস্টে কম স্কোর পেয়েছেন। এবি গ্রুপের রক্তের জমাট বাধা এবং রক্তের প্রোটিনজনিত কিছু সমস্যার কারণে স্মৃতির এই সমস্যা হয় বলে জানা গেছে। এর পূর্ণ কোনো ব্যাখ্যা এখনো জানা যায়নি।৭. মানসিক চাপএ গ্রুপের রক্তধারীরা মানসিক চাপ সহজে মোকাবিলা করতে পারেন না। কেননা এ গ্রুপের রক্তধারীদের দেহে কর্টিসোল হরমোনের নিঃসরণ হয় বেশি। আর ও গ্রুপের রক্তধারীদের দেহে কর্টিসোল নিঃসরণ হয় কম। কিন্তু মানসিক চাপের সময় তাদের দেহে অতিরিক্ত অ্যাড্রেনালিন নিঃসরণ ঘটে। যে কারণে তারা তাদের সিস্টেমে থাকা কোনো কর্টিসোল পরিষ্কার করতে পারেন না। ফলে তারাও মাননিসক চাপ মোকাবিলা করতে পারে না সহজে। এজন্য এই ধরনের মানসিক অবসাদের রোগীদেরকে নিবিড় পর্যবেক্ষণে রেখে মনোচিকিৎসা দিতে হয়।৮. বি গ্রুপের রক্তধারীদের দেহ অসংখ্য ব্যাকটেরিয়ায় পূর্ণআপনার রক্তের গ্রুপ যদি হয় বি তাহলে আপনি ভাগ্যবান। কারণ আপনার দেহ অসংখ্য ব্যাকটেরিয়ায় পরিপূর্ণ। তবে ভয়ের কিছু নেই। এগুলো সব উপকারী ব্যাকটেরিয়া। এগুলো হজম প্রক্রিয়াকে শক্তিশালী রাখতে এবং বিপজ্জনক ব্যাকটেরিয়াদের দূরে রাখতে সহায়ক ভুমিকা পালন করে। বি গ্রুপের রক্তধারীদের দেহে ও বা এ গ্রুপের রক্তধারীদের চেয়ে ৫০ হাজার গুন বেশি ভালো ব্যাকটেরিয়া থাকে। তার মানে বি গ্রুপের রক্তধারীদের হজমশক্তি বেশি হয় এবং রোগ প্রতিরোধ ক্ষমতাও বেশি শক্তিশালী থাকে।"
p-391-a-10,মেঘের মধ্যে ভিন্ন ভিন্ন আলোক রশ্মি দেখতে পারার কারণ কি?,পরিবেশ,1,+5,101,https://www.sciencebee.com.bd/qna/8522/%E0%A6%AE%E0%A7%87%E0%A6%98%E0%A7%87%E0%A6%B0-%E0%A6%AE%E0%A6%A7%E0%A7%8D%E0%A6%AF%E0%A7%87,"['মেঘ', 'আলোক', 'রশ্মি']","Nishat Tasnim-এগুলো কে বলা হয় ""Fire Rainbow"" অথবা ""Rainbow Clouds"" অথবা ""Iridescent Clouds""। বিরল এই দৃশ্যটি দেখা যাবে সূর্যের আলোর অপবর্তনের কারণে। যখন মেঘযুক্ত আকাশে প্রায় সমান সাইজের পানিকণা ভিন্ন ভিন্ন পরিমাণে আলো বিক্ষিপ্ত করে এবং সেখানে ভিন্ন ভিন্ন আলোক রশ্মি বিচ্যুত তখন এই বহুবর্ণিল মেঘ দেখা যায়।বিশেষত ফ্লোরিডা, সাউথিস্ট এশিয়া, আফ্রিকা ইত্যাদি অঞ্চলে রেইনবো ক্লাইড বেশি দেখা যায়।অপবর্তন : আলোকরশ্মি যখন কোন তীক্ষ্ণ ধার ঘেঁষে যায় তখন তা যে পথে গিয়ে পর্দায় পরার কথা সে পথের কিছু আগেও অস্পষ্ট একটা আলো ছায়ারএকটা খেলা দেখা যায়, এটাই অপবর্তন।© Mobin Sikder (Science Bee Family)"
p-391-a-11,শীতকালে গোসলের পর হাত পা প্রচুর চুলকায় কেন?,স্বাস্থ্য ও চিকিৎসা,1,+7,588,https://www.sciencebee.com.bd/qna/8520/%E0%A6%B6%E0%A7%80%E0%A6%A4%E0%A6%95%E0%A6%BE%E0%A6%B2%E0%A7%87-%E0%A6%97%E0%A7%8B%E0%A6%B8%E0%A6%B2%E0%A7%87%E0%A6%B0,"['শীতকাল', 'গোসল', 'হাত', 'পা', 'চুলকানো']","Nishat Tasnim-শীত আসলে আমাদের শরীরের রোগ প্রতিরোধ ক্ষমতা কমে যায়, ময়েশ্চার কমে যাওয়ার কারণে ত্বক খুব শুষ্ক হয়ে য়ায়। এমন অবস্থায় সব চেয়ে বেশি রোগে আক্রান্ত হয় শিশু ও বৃদ্ধরা। যে কারণে অনেক সময় শরীরে নানা সমস্যা দেখা দিতে পারে। যেমন যাদের ত্বক খুব শুষ্ক, শীতকালে যখন গোসলের পর ময়েশ্চার কমে যায়, তখন শরীর চুলকাতে পারে।"
p-391-a-12,শরীরে জোঁক ধরলে কোন সমস্যা হয়?,স্বাস্থ্য ও চিকিৎসা,2,+5,"3,655",https://www.sciencebee.com.bd/qna/8517/%E0%A6%B6%E0%A6%B0%E0%A7%80%E0%A6%B0%E0%A7%87-%E0%A6%B8%E0%A6%AE%E0%A6%B8%E0%A7%8D%E0%A6%AF%E0%A6%BE,"['শরীর', 'জোঁক']","Nishat Tasnim-জোঁকের কামড়ের উল্লেখযোগ্য বিষয় হলো- আমাদের শরীরে বিশেষ করে দুই পায়ের কোনো একটি স্থানে সে যখন রক্ত খায়, শুরুতে অথবা রক্ত খাওয়ার সময় তা একটুও টের পাওয়া যায় না।রক্ত চুষে যখন সে নিজে পড়ে যায় তখন সেই ক্ষত জায়গাটিতে চুলকানি ওঠে। রক্ত খেয়ে ফুলে উঠলে জোঁক আপনাআপনিই খসে পড়ে। চামড়ায় লেগে থাকা অবস্থায় চোখে পড়লে জোঁকের উপর লবণ কিংবা ভিনিগার দিলে দ্রুত খসে পড়বে। তবে জোর করে টেনে খুলে আনার চেষ্টা করা উচিত নয়। কারণ এতে ত্বকে মারাত্বক প্রদাহ দেখা দিতে পারে।জোঁক খসে পড়ার পর কামড়ানো স্থানটি সাবান ও পানি দিয়ে ভালোভাবে পরিষ্কার করে জীবাণুনাশক ক্রিম মাখাতে হবে।"
p-391-a-13,শরীরে জোঁক ধরলে কোন সমস্যা হয়?,স্বাস্থ্য ও চিকিৎসা,2,+5,"3,655",https://www.sciencebee.com.bd/qna/8517/%E0%A6%B6%E0%A6%B0%E0%A7%80%E0%A6%B0%E0%A7%87-%E0%A6%B8%E0%A6%AE%E0%A6%B8%E0%A7%8D%E0%A6%AF%E0%A6%BE,"['শরীর', 'জোঁক']","হাসান আহমাদ-""জোঁক "" রক্তচোষা ! দেখলেই গা ঘিন ঘিন করে আর যদি একবার শরীরে কামড় বসায় তবে তো বিনে পয়সায় নৃত্যের মহড়া শুরু হয়। যে কেউ এই প্রাণীটি থেকে দূরে থাকে নিজেকে বাঁচিয়ে চলে। রক্তচোষার অপবাদ হয়ত তার আছে কিন্তু এই রক্তচুষে সে মানবদেহের বিশাল উপকার করে।আশ্চর্য গঠন এই রক্তচোষা জোঁকের দেহের। এর আছে 32 টি ব্রেইন অর্থাৎ একটি ব্রেইনই 32 টি গ্যাংলিয়া দ্বারা তৈরি যা একটি হয়েও 32 টি ব্রেইনের সমান কাজ করে। আছে তিনটি মুখ অর্থাৎ তিন জোড়া ছোয়াল। প্রতিজোড়া ছোয়ালে 100 টি দাঁত করে সরু 300 টি দাঁত। পাঁচ জোড়া অর্থাৎ 10 টি চোখ। এই আশ্চর্য গঠনের শরীর নিয়ে জোঁক ঘুরে বেড়ায় ডাঙ্গায় কিংবা পানিতে শুধু রক্তের খোঁজে।থেরাপি চিকিৎসায় জোঁকের ব্যবহার সেই আদিকাল থেকেই বিশ্বনন্দিত। ইংল্যান্ডের মত দেশে রানী ভিক্টোরিয়ার যুগে প্রতি বছর প্রায় চার কোটি বিশ লাখ জোঁকের ব্যবহার হতো চিকিৎসা খাতে আর এই জোঁকের যোগান দিত ওয়েলস নামক প্রতিষ্ঠান। তাদের আয় হতো বছরে প্রায় দশ লাখ পাউন্ড শুধু জোঁক সরবরাহ করে। তখন কৃষির মত জোঁক চাষ হতো কিন্তু গত শতকে চিকিৎসা ক্ষেত্রে জোঁকের ব্যবহার নিয়ে প্রশ্ন উঠায় এর ব্যবহার অনেক কমে যায়। এই শতকে জোঁক নিয়ে গবেষণা করে এর বহুবিধ উপকার প্রমাণিত হওয়ায় আবার ও চিকিৎসা বিজ্ঞান জোঁকের প্রতি আগ্রহ দেখায়। তাই এর ব্যবহার অনেক বেড়ে গেছে। এখন ইংল্যান্ড জোঁক চাষ করে ইউরোপের অন্য দেশগুলোতে সরবরাহ করে। এখন ইংল্যান্ডেই প্রতি বছর ষাট হাজার জোঁক লাগে। আর জোঁক সরবরাহের এক নন্বর প্রতিষ্ঠান সোয়ানসি'জ বায়োফার্ম।জোঁক নামের ঘৃণ্য প্রাণীটি থেরাপি চিকিৎসায় অনন্য ভূমিকা পালন করে। হৃদযন্ত্রে রক্তজমাট পেশীসংকোচন বাত শরীর ব্যথা কাটাস্হান জোড়া লাগানো বিভিন্ন জটিল রোগে থেরাপি চিকিৎসকগন জোঁকেরব্যবহার করেন। জোঁকের কামড় আক্রান্ত স্থানে বসালে তাদের মুখের লালার সাথে এক বিশেষ পদার্থ মানুষের রক্তের সাথে মিশে যায় আর জমাট বাঁধা রক্তের সাথে মিশে তার গাঢ়ত্ব কমিয়ে পাতলা করে স্বাভাবিক চলাচলের সহায়তা করে।ঘৃণা ভরে আমরা তাকে দুরে সরালেও সে আমাদের কল্যাণেই নিবেদিত। সৃষ্টি কর্তার সমস্ত সৃষ্টিই মানব কল্যানে, শুধু মানুষের উপকারে তা অনেকই বুঝতে পারে না।"
p-391-a-14,লাল শাকের পাতা কেনো লাল হয়?,জীববিজ্ঞান,3,+6,350,https://www.sciencebee.com.bd/qna/8515/%E0%A6%B6%E0%A6%BE%E0%A6%95%E0%A7%87%E0%A6%B0-%E0%A6%AA%E0%A6%BE%E0%A6%A4%E0%A6%BE-%E0%A6%95%E0%A7%87%E0%A6%A8%E0%A7%8B,"['লাল', 'শাক', 'পাতা']","Nishat Tasnim-পাতার কোষে প্লাস্টিড নামক একটি অঙ্গ থাকে। সেখানে ক্লোরোফিল নামের এক উপাদান থাকে যা তিন প্রকারের হয়। সেগুলো হলো- ক্লোরোপ্লাস্ট, ক্রোমোপ্লাস্ট, লিউকোপ্লাস্ট। যে সব গাছের পাতায় ক্লোরোপ্লাস্ট থাকে সেগুলোর পাতা সবুজ হয়। যে সব পাতায় ক্রোমোপ্লাস্ট থাকে সেগুলো লাল, কমলা, হলুদ সহ রঙিন রঙের হয়। আবার যেগুলোতে লিউকোপ্লাস্ট থাকে সেগুলো সাদা হয়। লালশাকে ক্রোমোপ্লাস্ট থাকায় তা লাল রঙের হয়। লাল শাকে ""ক্যারোটিন"" প্রচুর পরিমানে আছে। এর কারনে লাল শাক সূর্য থেকে আসা সব রঙ শোষণ করে।"
p-391-a-15,লাল শাকের পাতা কেনো লাল হয়?,জীববিজ্ঞান,3,+6,350,https://www.sciencebee.com.bd/qna/8515/%E0%A6%B6%E0%A6%BE%E0%A6%95%E0%A7%87%E0%A6%B0-%E0%A6%AA%E0%A6%BE%E0%A6%A4%E0%A6%BE-%E0%A6%95%E0%A7%87%E0%A6%A8%E0%A7%8B,"['লাল', 'শাক', 'পাতা']","পাতার কোষে প্লাস্টিড নামক একটি অঙ্গ থাকে। সেখানে ক্লোরোফিল নামের এক উপাদান থাকে যা তিন প্রকারের হয়। সেগুলো হলো- ক্লোরোপ্লাস্ট, ক্রোমোপ্লাস্ট, লিউকোপ্লাস্ট। যে সব গাছের পাতায় ক্লোরোপ্লাস্ট থাকে সেগুলো পাতা সবুজ হয়।যে সব পাতায় ক্রোমোপ্লাস্ট থাকে সেগুলো লাল,কমলা,হলুদ সহ রঙিন রঙের হয়।আবার যেগুলোতে লিউকোপ্লাস্ট থাকে সেগুলো সাদা হয়।লালশাকে ক্রোমোপ্লাস্ট থাকায় তা লাল রঙের হয়।ক্রেডিট: Bissoy Answer"
p-391-a-16,লাল শাকের পাতা কেনো লাল হয়?,জীববিজ্ঞান,3,+6,350,https://www.sciencebee.com.bd/qna/8515/%E0%A6%B6%E0%A6%BE%E0%A6%95%E0%A7%87%E0%A6%B0-%E0%A6%AA%E0%A6%BE%E0%A6%A4%E0%A6%BE-%E0%A6%95%E0%A7%87%E0%A6%A8%E0%A7%8B,"['লাল', 'শাক', 'পাতা']",লালশাক পাতায় ক্রোমোপ্লাষ্ট থাকার কারনে পাতার রং লাল হয়ে থাকে সাধারণত।
p-391-a-17,টেনশন করলে ব্রন বা পিম্পল উঠে কেন?,স্বাস্থ্য ও চিকিৎসা,1,+5,157,https://www.sciencebee.com.bd/qna/8513/%E0%A6%9F%E0%A7%87%E0%A6%A8%E0%A6%B6%E0%A6%A8-%E0%A6%AA%E0%A6%BF%E0%A6%AE%E0%A7%8D%E0%A6%AA%E0%A6%B2,"['টেনশন', 'ব্রন', 'পিম্পল']","Samsun Nahar Priya-স্ট্রেস রিলেটেড হরমোন তথা সি আর এইচ (CRH) হরমোন এজন্য দায়ী।CRH- Corticotrophin releasing hormoneহলো স্ট্রেস হরমোন, আমরা যখন অনেক চিন্তা করি তখন এই হরমোন ত্বকের সেবাসিয়াস গ্রন্থির রিসেপ্টরগুলোকে বাইন্ড তথা আবদ্ধ করে যার ফলে ত্বকে প্রচুর তৈল উৎপাদন ঘটে। এবং এই তৈল এর ফলে ত্বকে ব্রণ হয়।"
p-391-a-18,স্বপ্ন থার্ড পারসন ভিউতে আমরা কেনো দেখি?,মনোবিজ্ঞান,2,+6,136,https://www.sciencebee.com.bd/qna/8510/%E0%A6%B8%E0%A7%8D%E0%A6%AC%E0%A6%AA%E0%A7%8D%E0%A6%A8-%E0%A6%A5%E0%A6%BE%E0%A6%B0%E0%A7%8D%E0%A6%A1,"['স্বপ্ন', 'থার্ড', 'পারসন', 'ভিউ']","Samsun Nahar Priya-স্বপ্ন আমরা সবাই দেখে থাকি। তবে কেউ কেউ ফার্স্ট পারসন ভিউ তে আবার কেউ কেউ থার্ড পারসন ভিউতে দেখে। এরকম হওয়ার পিছনে দায়ী হলো আমাদের নিজেদের মস্তিষ্ক। স্বপ্নগুলি প্রায়শই আমাদের চিন্তাভাবনা / বাস্তব জীবনের অভিজ্ঞতা / মনস্তাত্ত্বিক আচরণ / কল্পনাগুলির ফলাফল। আমরা যখন টিভি শো, সিনেমা দেখি বা ভিডিও গেমগুলি যেভাবে তৃতীয় ব্যক্তির দৃষ্টি হিসেবে দেখি ও খেলি তখন আমাদের মস্তিস্ক নির্দিষ্ট চিত্রগুলি ধারণ করে রাখে। বিশেষ করে চমকপ্রদ, অত্যাশ্চর্য, আনন্দদায়ক, ভয়ঙ্কর ইত্যাদি জিনিসগুলো আমরা বেশি অনুভব করি এবং এই অভিজ্ঞতাগুলি আমাদের মস্তিষ্ক ধারণ করে রাখে যা প্রায়শই স্বপ্নের আকারে একটি দৃশ্য ধারণায় রূপান্তরিত হয় এবং মাঝে মাঝে তা থার্ড পারসন ভিউতে দেখে থাকি। তবে এই বিষয়গুলো তথা অনাইরোলজি (oneirology- study of dream) নিয়ে গবেষকরা আরও কাজ করে যাচ্ছেন এবং আশা করছি ভবিষ্যতে এই বিষয়গুলো নিয়ে আমরা বিশদ জানতে পারব।"
p-391-a-19,স্বপ্ন থার্ড পারসন ভিউতে আমরা কেনো দেখি?,মনোবিজ্ঞান,2,+6,136,https://www.sciencebee.com.bd/qna/8510/%E0%A6%B8%E0%A7%8D%E0%A6%AC%E0%A6%AA%E0%A7%8D%E0%A6%A8-%E0%A6%A5%E0%A6%BE%E0%A6%B0%E0%A7%8D%E0%A6%A1,"['স্বপ্ন', 'থার্ড', 'পারসন', 'ভিউ']",Fahim Hasan-আমরা জানি আমরাই স্বপ্ন ক্রিয়েট করি.....আসলে সবসময়ই থার্ড পার্সন ভিউ তে দেখি এমন তো না তাইনা?মাঝে মাঝে মনে হয় ছাদ থেকে পড়তেসি সেইটা কিন্তু নিজেই ফিল করি.....আবার দেখবেন খারাপ স্বপ্ন দেখি মাঝে মাঝে এই যে ধরেন প্রিয় মানুষ মারা গেলো তাইলে অই জিনিস টাও আমরা ফিল করি গলা শুকাইয়া আসে.......আর আমরা বাস্তবে প্রকৃতি দেখি বা আমাদের চোখ দিয়ে বা কোন ঘটনা দেখি সেইটাও কিন্ত থার্ড পার্সন হিসেবেই দেখি....তাই বেশিরভাগ ক্ষেত্রে আমরা স্বপ্ন থার্ড পার্সন হিসেবে দেখি যেমনটা আমরা বাস্তবের ঘটনা গুলোকে দেখি।
p-391-a-20,মাঝে মাঝে অনেকক্ষন হাটলে বা দৌড়ালে পেটের নিচের একপাশে ব্যথা অনুভব হয়। এটা কেন হয়?,স্বাস্থ্য ও চিকিৎসা,1,+6,304,https://www.sciencebee.com.bd/qna/8508/%E0%A6%85%E0%A6%A8%E0%A7%87%E0%A6%95%E0%A6%95%E0%A7%8D%E0%A6%B7%E0%A6%A8-%E0%A6%A6%E0%A7%8C%E0%A7%9C%E0%A6%BE%E0%A6%B2%E0%A7%87,"['হাঁটা', 'দৌড়ানো', 'পেট', 'ব্যাথা']","Samsun Nahar Priya-অনেকের ক্ষেত্রেই দেখা যায় দীর্ঘদিন পর ব্যায়াম করলে বা হাটলে পেটের নিচে ব্যথা করে যা Lower abdominal pain নামেও পরিচিত। যখন আপনি প্রয়োজনের তুলনায় অতিরিক্ত ব্যায়াম করেন এবং এর ফলে পেটের নিচের দিকের পেশি/মাসল স্ট্রেইন হয়। ফলস্বরূপ তখন পেশিতে ব্যথা অনুভূত হয়। এছাড়াও, ব্যায়াম করার পূর্ব মুহূর্তে বা হাটার আগে শরীর ওয়ার্ম আপ (Warm Up) করে নিতে হয়। আপনি যদি ঠিকমতো ওয়ার্ম আপ না করেন তবে সেক্ষেত্রেও ব্যথার সৃষ্টি হয়।"
p-391-a-21,শীতকালে আগুনে পোড়া রোগীর সংখ্যা বেশি হয় কেন?,স্বাস্থ্য ও চিকিৎসা,2,+8,179,https://www.sciencebee.com.bd/qna/8501/%E0%A6%B6%E0%A7%80%E0%A6%A4%E0%A6%95%E0%A6%BE%E0%A6%B2%E0%A7%87-%E0%A6%B8%E0%A6%82%E0%A6%96%E0%A7%8D%E0%A6%AF%E0%A6%BE,"['আগুন', 'শীতকাল']","শীতকালে শরীর গরম করার জন্য যত্রতত্র আগুন জ্বেলে শরীর গরম করার প্রবণতা থাকে।অসাবধানতাবশত কখনও কখনও গায়ে আগুন লেগে যায়।শীতকালে সবকিছু শুকনো থাকে, সহজেই আগুন লাগে এবং সহজেই ছড়িয়ে পড়ে।তাই আগুনে পোড়া রোগীর সংখ্যা বেশি হয়।"
p-391-a-22,শীতকালে আগুনে পোড়া রোগীর সংখ্যা বেশি হয় কেন?,স্বাস্থ্য ও চিকিৎসা,2,+8,179,https://www.sciencebee.com.bd/qna/8501/%E0%A6%B6%E0%A7%80%E0%A6%A4%E0%A6%95%E0%A6%BE%E0%A6%B2%E0%A7%87-%E0%A6%B8%E0%A6%82%E0%A6%96%E0%A7%8D%E0%A6%AF%E0%A6%BE,"['আগুন', 'শীতকাল']","শীতকালে শরীর গরম করার জন্য যত্রতত্র আগুন জ্বেলে শরীর গরম করার প্রবণতা থাকে।&bull; অসাবধানতাবশত কখনও কখনও গায়ে আগুন লেগে যায়।&bull; শীতকালে সবকিছু শুকনো থাকে, সহজেই আগুন লাগে এবং সহজেই ছড়িয়ে পড়ে।&copy; jugantor"
p-391-a-23,মাইগ্রেনের ব্যাথা কেন হয়?,স্বাস্থ্য ও চিকিৎসা,2,+8,176,https://www.sciencebee.com.bd/qna/8499/%E0%A6%AE%E0%A6%BE%E0%A6%87%E0%A6%97%E0%A7%8D%E0%A6%B0%E0%A7%87%E0%A6%A8%E0%A7%87%E0%A6%B0,"['ব্যাথা', 'মাথা']",এখানে দেখুন :http://sciencebee.com.bd/qna/1452/%E0%A6%AE%E0%A6%BE%E0%A6%A5%E0%A6%BE%E0%A6%AC%E0%A7%8D%E0%A6%AF%E0%A6%BE%E0%A6%A5%E0%A6%BE?show=1452#q1452
p-391-a-24,মাইগ্রেনের ব্যাথা কেন হয়?,স্বাস্থ্য ও চিকিৎসা,2,+8,176,https://www.sciencebee.com.bd/qna/8499/%E0%A6%AE%E0%A6%BE%E0%A6%87%E0%A6%97%E0%A7%8D%E0%A6%B0%E0%A7%87%E0%A6%A8%E0%A7%87%E0%A6%B0,"['ব্যাথা', 'মাথা']",এই নিন:http://sciencebee.com.bd/qna/1452/%E0%A6%AE%E0%A6%BE%E0%A6%A5%E0%A6%BE%E0%A6%AC%E0%A7%8D%E0%A6%AF%E0%A6%BE%E0%A6%A5%E0%A6%BE?show=1452#q1452
p-391-a-25,"বলা হয়, মাইটোসিস ও মাইটোটিক বিভাজন একই। কিন্তু , মাইটোসিস হচ্ছে যে দশায় স্পিন্ডল তন্তু উতপন্ন হয় এবং মাইটোটিক হচ্ছে যে দশায় মাইটোসিস ও সাইটোকাইনেসিস একসাথে ঘটে ...তাহলে কীভাবে মাইটোটিক আর মাইটোসিস একই হলো ?",জীববিজ্ঞান,1,+10,515,https://www.sciencebee.com.bd/qna/8498/%E0%A6%B8%E0%A6%BE%E0%A6%87%E0%A6%9F%E0%A7%8B%E0%A6%95%E0%A6%BE%E0%A6%87%E0%A6%A8%E0%A7%87%E0%A6%B8%E0%A6%BF%E0%A6%B8,['biology'],আপনার প্রশ্ন বুঝতে পারিনি।মাইটোসিসহলো উন্নত শ্রেনির প্রাণি ও উদ্ভিদের কোষ বিভাজন পদ্ধতি।মাইটোসিসকোনো দশা নয় বরং কোষ বিভাজন পদ্ধতি। আরমাইটোসিসেরএকটি দশা হচ্ছেমেটাফেজ।মেটাফেজদশায় স্পিন্ডল যন্ত্র বা স্পিন্ডল তন্তু উৎপন্ন হয়।
p-391-a-None,নার্ভের আঘাত থেকে উদ্ভট পার্শ্ব প্রতিক্রিয়াগুলি কী ঘটে?,তত্ত্ব ও গবেষণা,0,+20,69,https://www.sciencebee.com.bd/qna/8492/%E0%A6%AA%E0%A7%8D%E0%A6%B0%E0%A6%A4%E0%A6%BF%E0%A6%95%E0%A7%8D%E0%A6%B0%E0%A6%BF%E0%A6%AF%E0%A6%BC%E0%A6%BE%E0%A6%97%E0%A7%81%E0%A6%B2%E0%A6%BF,[],
p-391-a-None,ওয়েলবুটরিন কীভাবে কাজ করে (হতাশা / উদ্বেগের জন্য)?,তত্ত্ব ও গবেষণা,0,+19,76,https://www.sciencebee.com.bd/qna/8491/%E0%A6%93%E0%A6%AF%E0%A6%BC%E0%A7%87%E0%A6%B2%E0%A6%AC%E0%A7%81%E0%A6%9F%E0%A6%B0%E0%A6%BF%E0%A6%A8,[],
p-391-a-26,থ্যালিডোমাইড ট্র্যাজেডি কি?,তত্ত্ব ও গবেষণা,1,+19,130,https://www.sciencebee.com.bd/qna/8490/%E0%A6%A5%E0%A7%8D%E0%A6%AF%E0%A6%BE%E0%A6%B2%E0%A6%BF%E0%A6%A1%E0%A7%8B%E0%A6%AE%E0%A6%BE%E0%A6%87%E0%A6%A1,[],"দ্বিতীয় বিশ্ব যুদ্ধ পরবর্তী সময় মানুষ নিদ্রাহীনতা সহ বিভিন্ন মানসিক সমস্যায় ভুগতে শুরু করে । এজন্য তারা বিভিন্ন ধরনের ঘুমের ঔষধ ও ট্রাঙ্ককুইলাইজার (ট্রান্সকুইলাইজার হচ্ছে এমন শ্রেণির ঔষধ যা উদ্বেগ, ভয়, মানসিক অশান্তি জনিত সমস্যা কমাতে ব্যাবহার করা হয়।) জাতীয় ঔষধ ব্যাবহার করত । তখন থ্যালিডোমাইড বাজারে ঘুমের ঔষধ/ ট্রান্সকুইলাইজার হিসেবে চালানো হচ্ছিল ।১৯৫৭ সালে থ্যালিডোমাইড (Thalidomide) প্রথম বাজারজাতকরণের পরে বিভিন্ন রোগীর অনুমোদনকৃত লক্ষণে থ্যালিডোমাইড প্রচুর পরিমানে ব্যবহার করা হতো। এমন কি থ্যালিডোমাইড গর্ভাবস্থায়ও ব্যবহার করা যাবে এমন নির্দেশনাও ছিল। চিকিৎসকরা ঔষধ টি সন্তানসম্ভবা মায়েদের ক্ষেত্রেও ব্যবহারের জন্য প্রেসক্রিপশন করতেন৷ কিন্তু তখনো এরকম কোন সঠিক জোড়ালো তথ্য ছিল না যে ঔষধটি গর্ভাবস্থায় নিরাপদ।প্রায় সম-সাময়িক সময়ে আমেরিকার বাজারে Thalidomide বাজারজাত করার আবেদন করা হয়েছিল কিন্তু FDA officer Dr Frances Kelsey অনুমতি দিচ্ছিলেন না। তিনি বলছিলেন Thalidomide কে যে নিরাপদ দাবি করা হচ্ছে তার সপক্ষে শক্ত তথ্য উপাত্তের অভাব আছে।১৯৬১ সালে অস্ট্রেলিয়ান চিকিৎসক উইলিয়াম ম্যাকব্রাইড চিকিৎসা সাময়িকী &ldquo;The Lancet&rdquo; এ লিখে পাঠালেন যে তিনি লক্ষ্য করছেন Thalidomide গ্রহন করা মায়েরা বিকলাঙ্গ শিশু জন্ম দিচ্ছে।১৯৬২ সালে জার্মান শিশুরোগ বিশেষজ্ঞ Dr Widukind Lenz ও পৃথকভাবে ওনার Observation &ldquo;The Lancet&rdquo; এ লিখে পাঠিয়ে ছিলেন এই বলে যে Thalidomide বিকলাঙ্গ শিশু জন্মের জন্য দায়ী। সারা বিশ্ব ব্যাপী প্রায় ১০০০০ শিশু Thalidomide Tragedy এর শিকার হয়েছিল।মূলত Thalidomide Tragedy ঘটে যাওয়ার পরেই ঔষধ উৎপাদনে আরো বেশি সতর্কতা,গ্রহনকারীর নিরাপত্তার ওপর জোড় দেয়া,Adverse Drug Reaction Reporting এর ওপর জোড় দেয়া হয় এবং নানা পদক্ষেপ গ্রহন করা শুরু হয়েছিল। অবশেষে ১৯৬১ সালে প্রায় সমস্ত বাজার থেকে Thalidomide সরিয়ে নেয়া হয়।&copy;"
