id,question,question_category,number_of_answer,number_of_vote,number_of_view,answer_link,question_tag,answer
p-9-a-0,১ সেকেন্ডের জন্য পৃথিবী ঘোরা বন্ধ হয়ে গেলে কী হবে?,চিন্তা ও দক্ষতা,1,0,63,https://www.sciencebee.com.bd/qna/32649/%E0%A6%B8%E0%A7%87%E0%A6%95%E0%A7%87%E0%A6%A8%E0%A7%8D%E0%A6%A1%E0%A7%87%E0%A6%B0-%E0%A6%AA%E0%A7%83%E0%A6%A5%E0%A6%BF%E0%A6%AC%E0%A7%80,"['পৃথিবী', 'ঘোরা', 'হুমড়ি', 'বন্ধ', 'পৃথিবীর']","তখন ভাবার মতো সময়টাই পাবেন না। পৃথিবী থেমে যাওয়ার সঙ্গে সঙ্গেই হাওয়ায় ভাসতে থাকবে মানুষ, জীবজন্তু থেকে শুরু করে সব প্রাণী। হাড় গোড়, মাংস সব দলা পাকিয়ে মানুষ অনেকটা ভাঙা পুতুলের মতো হয়ে যাবে। দুই মেরু এই অনুভূতি কয়েক সেকেন্ড পরে টের পেলেও শেষ পর্যন্ত একই অবস্থা হবে। প্লেনের ভিতরে থাকা মানুষেরা প্রথমটাই ব্যপারটা বুঝতে না পারলেও কয়েক সেকেন্ডের মধ্যে পৃথিবীর আকাশে সৃষ্টি হবে ভয়ঙ্কর এক ঝড়। আর তারপরই সবশেষ। এতো গেল আকাশের কথা। কিন্তু ভূ-পৃষ্ঠে তখন কী হবে?বাতাসের গতিবেগ প্রচণ্ড বেড়ে যাওয়ার ফলে গোটা পৃথিবী জুড়ে আগুন জ্বলবে। ঠিক যেন আগুনের গোলা। থেমে থাকবে না জলও। পৃথিবীর সমস্ত জলভাগ জুড়ে চলবে বিশাল এক সুনামি। আর সব জল গিয়ে জমা হবে দুই মেরুতে। বাকি পৃথিবী জলশূণ্য হয়ে পড়বে। এসব ছাড়াও ঘটবে এক অদ্ভূত ঘটনা। পৃথিবী থেমে যাওয়ার ফলে যেদিক সূর্যের সামনে পড়বে সেদিকের সব জ্বলে ছারখার হয়ে যাবে কিন্তু অপর পিঠে সূর্য না থাকায় শূরু হবে 'আইস এজ'। সব মিলিয়ে, ওই এক সেকেন্ডই পৃথিবীকে তছনছ করে দেওয়ার জন্য যথেষ্ট হবে। এরপর পৃথিবী আবার আগের মতো ঘুরতে শুরু করলেও পৃথিবীতে কিছুই আর আগের মতো থাকবে না। আর হয়ত কখনও প্রাণের সঞ্চারও সম্ভব হবে না।"
p-9-a-1,মোবাইল রুট(Root) আর রিবুট(Reboot) করার মধ্যে পার্থক্য কই?,প্রযুক্তি,1,+1,34,https://www.sciencebee.com.bd/qna/32647/%E0%A6%AE%E0%A7%8B%E0%A6%AC%E0%A6%BE%E0%A6%87%E0%A6%B2-%E0%A6%AA%E0%A6%BE%E0%A6%B0%E0%A7%8D%E0%A6%A5%E0%A6%95%E0%A7%8D%E0%A6%AF,"['মোবাইল', 'reboot', 'technology', 'restart']","রিবুট (reboot): আমরা কম্পিউটারে যেটিকে রিষ্টার্ট বলি, মোবাইলের ভাষায় সেটিকে রিবুট বলে। অর্থাৎ একটি কমান্ডের মাধ্যমে মোবাইল ফোনটি অফ হয়ে আবার অন হওয়াকে রিবুট বলে।রুট (root): রুট হচ্ছে অ্যাডমিনিস্ট্রেটর বা প্রশাসক ক্ষমতা। একটি মোবাইল ডিভাইসের সেই পারমিশন বা অনুমতিকে বোঝায় যা ব্যবহারকারীকে ওই ডিভাইসের সর্বময় ক্ষমতার অধিকারী করে তোলে। এই অনুমতি থাকলে ব্যবহারকারী সেই ডিভাইসে যা ইচ্ছে তাই করতে পারেন।সাধারণত কোন মোবাইলে সাধারণ ব্যাবহারকারীর জন্য রুট এক্সেস দেওয়া থাকে না। মোবাইলটি যদি রুট করা হয়, তবে রুট এক্সেস করা যায়।"
p-9-a-2,অল্প বয়সে চুল পাকার কারণ কি,জীববিজ্ঞান,2,0,197,https://www.sciencebee.com.bd/qna/32645/%E0%A6%85%E0%A6%B2%E0%A7%8D%E0%A6%AA-%E0%A6%AC%E0%A7%9F%E0%A6%B8%E0%A7%87-%E0%A6%AA%E0%A6%BE%E0%A6%95%E0%A6%BE%E0%A6%B0,"['অল্প', 'চুল', 'পাকলে', 'মাথা']",চুল কম বয়সে পাকার কিছু কারণভিটামিন বি ১২ কম থাকা- চুলের স্বাস্থ্য ভালো রাখার অন্যতম উপায় হল ভিটামিন বি ১২। তবে এই ভিটামিনের অভাব ঘটলে চুল পাকতে পারে।ধূমপান- ধূমপানের ক্ষতি নিয়ে যত কম কথা বলা যায় ততই ভালো। সেক্ষেত্রে ধূমপান করলে চুলের গোড়ার রক্তনালী শুকিয়ে যেতে পারে। ফলে চুল শুকিয়ে যায়।দুশ্চিন্তা- দুশ্চিন্তার কারণে যে সকল সমস্যা দেখা দিতে পারে তার মধ্যে অন্যতম হল অল্প বয়সে চুল পেকে যাওয়া। তাই বিশেষজ্ঞরা যতটা সম্ভব দুশ্চিন্তা থেকে দূরে থাকতে বলেন।জিনগত- অনেকের পরিবারে এই সমস্যা থাকে। বংশ পরম্পরায় এই সমস্যা হতে থাকে।Nadia Islam
p-9-a-3,অল্প বয়সে চুল পাকার কারণ কি,জীববিজ্ঞান,2,0,197,https://www.sciencebee.com.bd/qna/32645/%E0%A6%85%E0%A6%B2%E0%A7%8D%E0%A6%AA-%E0%A6%AC%E0%A7%9F%E0%A6%B8%E0%A7%87-%E0%A6%AA%E0%A6%BE%E0%A6%95%E0%A6%BE%E0%A6%B0,"['অল্প', 'চুল', 'পাকলে', 'মাথা']","চুল তো আর কম বয়সে ভারতের ঝাড়খণ্ডের পেঁকে (পেঁক নামক গ্রাম) বেড়াতে যাবে না ৷ সে পেকে যায় ৷ যাই হোক কম বয়সে চুল পাকার অনেক কারণ আছে যেমন-১. ভিটামিনের ঘাটতি: ভিটামিন বি-৬ ও বি-১২, বায়োটিন, ভিটামিন ডি বা ভিটামিন ই এর অভাবে চুলের রঞ্জক মেলানিন নষ্ট হয়ে চুল সাদা হয়ে যেতে পারে ৷ ভিটামিনের অভাব পূরণ হলে মেলানিন আবার ফিরে আসতে পারে ৷২. জিনতাত্ত্বিক বিষয়: বংশে যদি প্রাকৃতিকভাবে কম বয়সে চুল পাকার বৈশিষ্ট্য থাকে তাহলে উত্তরসূরীতে তা দেখা দেবে ৷৩. শ্বেতী রোগ: শ্বেতী বা ভিটিলিগো রোগেও চুল কম বয়সে পাকতে পারে ৷৪. স্বতঃঅনাক্রম্য রোগ: স্বতঃঅনাক্রম্য রোগ বা অটোইমিউন ডিজিসের কারণেও কম বয়সে চুল পাকতে পারে ৷ চুলের মেলানিনকে বহিরাগত বস্তু ভেবে দেহের প্রতিরক্ষা ব্যবস্থা সেটাকে ধ্বংস করতে শুরু করে ৷৫. মানসিক চাপ কম বয়সে চুল পাকায় ভূমিকা পালন করে ৷৬. প্রত্যক্ষ বা পরোক্ষ ধূমপান কম বয়সে চুল পাকার অন্যতম একটি কারণ ৷৭. চুল রং করতে ব্যবহৃত রাসায়নিক পদার্থে উপস্থিত হাইড্রোজেন পারঅক্সাউড কম বয়সে চুল পাকায় ভূমিকা পালন করে ৷- রাশিক আজমাইন"
p-9-a-4,আচ্ছা এক প্রজাতির পাখি কি অন্য প্রজাতির পাখির সাথে Intercourse করতে পারে আর যদি করে তাহলে কি নতুন প্রজাতির পাখির জন্ম হয়?,জীববিজ্ঞান,1,0,52,https://www.sciencebee.com.bd/qna/32643/intercourse,"['যৌন-মিলন', 'পাখি', 'অন্য', 'অন্য-প্রজাতি']",একই গণের মধ্যে হলে মাঝেমধ্যে হয়।যেমন আমাদের দেশে দুইধরণের রোলার বা নীলকন্ঠ দেখা যায়।Indian ও Indochineseইন্ডিয়ানটা উত্তরের দিকে দেখা যায় বেশি আর ইন্দোচাইনিসটা দক্ষিণের পার্বত্য অঞ্চলে।কিন্তু ঢাকায় যেসব দেখা যায় অর্নিথোলজিস্ট ও বার্ড এক্সপার্টদের মতে সেগুলো সবই ইন্ডিয়ান ও ইন্দোচাইনিসের শংকর।উল্লেখ্য দুটো প্রজাতির সংকর জন্ম নিলে সেটি আলাদা প্রজাতি হিসেবে গণ্য হয়না। কেননা একটা প্রজাতি হবার জন্য তার নিজস্ব বংশবিস্তার ক্ষমতা থাকতে হয় যা শংকরদের মাঝে থাকেনা।Shahed Raiyan
p-9-a-5,ফিলোফোবিয়া থেকে মুক্তির উপায় কি,মনোবিজ্ঞান,1,0,905,https://www.sciencebee.com.bd/qna/32641/%E0%A6%AB%E0%A6%BF%E0%A6%B2%E0%A7%8B%E0%A6%AB%E0%A7%8B%E0%A6%AC%E0%A6%BF%E0%A7%9F%E0%A6%BE,"['ফোবিয়া', 'মুক্তি']","ফিলোফোবিয়া (Philophobia) নামক প্রেমে ভয় পাবার সংকটময় অবস্থা থেকে উদ্ধারের জন্য মনোরোগ বিশেষজ্ঞরা বেশ কিছু কার্যকরী উপায় বের করেছেন। যেমনঃ কগনিটিভ বিহেভিয়ারাল থেরাপি, হিপনোথেরাপি, এক্সপোজার থেরাপি বা সিস্টেমিক ডিসেন্সিটাইজেশন,এন্টিডিপ্রেসেন্ট ড্রাগ ইত্যাদি। অভিজ্ঞ সাইক্রিয়াটিস্ট আপনার অবস্থা বিবেচনা করে যেকোনো একটি ট্রিটমেন্ট রেকোমেন্ড করবেনNadia Islam"
p-9-a-6,ভাঙা আয়নার প্রতিটা টুকরা সমান সমান প্রতিবিম্ব দেখা যায় কেন,বিবিধ,1,0,19,https://www.sciencebee.com.bd/qna/32639/%E0%A6%AA%E0%A7%8D%E0%A6%B0%E0%A6%A4%E0%A6%BF%E0%A6%AC%E0%A6%BF%E0%A6%AE%E0%A7%8D%E0%A6%AC,"['প্রতিবিম্ব', 'টুকরা', 'আয়না', 'ভাঙ্গা']","আস্ত আয়না নিরবিচ্ছিন্ন প্রতিফলক পৃষ্ঠ হিসেবে কাজ করে। যখন তা ভেঙ্গে টূকরো টূকরো হয় তখন আলো অভিন্ন পৃষ্ঠ থেকে প্রতিফলিত হয়না, ভিন্ন ভিন্ন কোণ ও প্রত্যেকটা স্বতন্ত্র পৃষ্ঠ থেকে প্রতিফলিত হয়। ফলে আমরা প্রত্যেকটা পৃষ্ঠেই তাদের স্বতন্ত্র প্রতিফলন দেখতে পাই। এমনকি ভাঙ্গা অংশগুলো একসাথে করে জোড়া দিলেও কাজ হয়না কেননা আলোর প্রতিফলন পথ ভিন্ন হয়ে যাচ্ছে।তবে হ্যা, অবশ্যই সেখানে প্রতিফলনক্ষেত্র ছোট হয়ে আসে। একটা বড় আয়নার যে দূরত্ব থেকে আপনি যতখানি প্রতিফলিত অংশ দেখতে পাবেন, সেই আয়নার অনেকগুলো ভাঙ্গা অংশ একই দূরত্বে থাকলে প্রতিটা অংশ নিশ্চই সমপরিমাণ প্রতিফলনক্ষেত্রের হবেনা।Shahed Raiyan"
p-9-a-7,ক্ষত স্থান শুকানোর সময় সেইখানে চুলকানোর ইচ্ছা জাগে কেন?,স্বাস্থ্য ও চিকিৎসা,1,0,35,https://www.sciencebee.com.bd/qna/32637/%E0%A6%B6%E0%A7%81%E0%A6%95%E0%A6%BE%E0%A6%A8%E0%A7%8B%E0%A6%B0-%E0%A6%9A%E0%A7%81%E0%A6%B2%E0%A6%95%E0%A6%BE%E0%A6%A8%E0%A7%8B%E0%A6%B0,"['ক্ষত', 'চুলকানি', 'চুলকায়']","ক্ষত সৃষ্টি হলে আমাদের শরীর হিস্টামিন নামক পদার্থ নিসৃত করে যা ক্ষতস্থানে কোষের পূনর্বৃদ্ধি ও ক্ষয়পূরণের সাথে সম্পৃক্ত।এই হিস্টামিন এর প্রতিক্রিয়াস্বরুপই আমাদের ক্ষতস্থানে অনেকসময় চুলকানোর অনুভুতি সৃষ্টি হয়।আর শুধু ক্ষতস্থানই নয়। বিভিন্ন এলার্জেন উপাদান দেহের সংস্পর্শে আসলে শরীর তখনো সেসবের সাথে লড়ার জন্য হিস্টামিনের নিঃসরণ ঘটিয়ে থাকে। ফলে চুলকানি, প্রদাহ, লালচে হয়ে যাওয়া ইত্যাদি প্রতিক্রিয়া দেখা দেয়।SHAHED RAIYAN"
p-9-a-8,মোটা হওয়ার উপায় কি ?,স্বাস্থ্য ও চিকিৎসা,1,0,53,https://www.sciencebee.com.bd/qna/32635/%E0%A6%AE%E0%A7%8B%E0%A6%9F%E0%A6%BE-%E0%A6%B9%E0%A6%93%E0%A7%9F%E0%A6%BE%E0%A6%B0-%E0%A6%89%E0%A6%AA%E0%A6%BE%E0%A7%9F,"['স্বাস্থ্য', 'মোটা']","ওজন বাড়াতে নিচের উপায়গুলো মানতে পারেন১) ব্যায়াম করাঅনেকেই ভেবে থাকেন ওজন কমাতেই ব্যায়াম প্রয়োজন, কিন্তু এই ধারণা মোটেও ঠিক না। ওজন কমাতে যেমন ব্যায়াম প্রয়োজন ঠিক তেমনি ওজন বাড়াতেও ব্যায়াম করা খুবই প্রয়োজন। এক্ষেত্রে শুধু দৌড় ঝাঁপই যথেষ্ট না। দরকার প্রতিদিন নিয়ম করে জিম করা। জিমে অভিজ্ঞ ট্রেইনার থাকেন। আপনার ওজন এবং চেহারা দেখে তিনিই আপনাকে বলে দিবেন কোন ব্যায়াম আপনার করতে হবে।(২) বার বার খাবার গ্রহণবার বার খাবার গ্রহণ প্রতিটি মানুষেরই করা উচিৎ। প্রতি ২ ঘন্টা অন্তর অন্তর অল্প করে কিছু খেতে হবে। কিন্তু যারা ওজন বৃদ্ধি করতে চাচ্ছেন তারা ২ ঘন্টা পর পর বেশি করে খেতে হবে। এসময় আপনি দুধ, দই, ফল, ছানা ইত্যাদি দিয়েই পূরণ করতে পারেন। এতে আপনার শরীরে পুষ্টির পাশাপাশি ওজনও বৃদ্ধি পাবে। এটি মোটা হওয়ার সবচেয়ে সহজ উপায়।(৩) খাবারে রাখুন কার্বোহাইড্রেডওজন বৃদ্ধিতে কার্বোহাইড্রেড খুবই প্রয়োজন। খাবারের তালিকায় কার্বোহাইড্রেড অবশ্যই রাখবেন। ভাত ও রুটি কার্বোহাইড্রেডের প্রধান উৎস। তাই প্রতিদিন অন্তত ২ বার কার্বোহাইড্রেড খাবেন। ভাত ও রুটি কার্বোহাইড্রেডের প্রধান উৎস তার মানে এই নয় যে বেশি বেশি খাবেন। আপনাকে অতিরিক্ত ফ্যাটের দিকেও লক্ষ্য রাখতে হবে। তাই প্রতিদিন কার্বোহাইড্রেড খাবেন পরিমিত কিন্তু সাধারণের তুলনায় কিছুটা বেশি। মোটা হওয়ার সহজ উপায় গুলোর মধ্যে এটি অন্যতম।(৪) বেশি ক্যালোরি গ্রহনওজন কমানোর ক্ষেত্রে আমরা বেশি ক্যালোরি বার্ন করি এবং কম ক্যালোরি গ্রহণ করি। কিন্তু এই ক্ষেত্রে উলটা হবে যতটুকু ক্যালোরি বার্ন করবেন তার দ্বিগুণ ক্যালোরি গ্রহণ করতে হবে। ওজন বৃদ্ধির জন্য শরীরের চাহিদার তুলনায় বেশি ক্যালোরি নিন। ওজন দ্রুত বৃদ্ধি করতে চাইলে দিনে ৬০০-৭০০ ক্যালোরি বেশি গ্রহণ করতে হবে আর যদি ওজন আস্তে আস্তে বাড়াতে চান তাহলে প্রতিদিন ৪০০-৫০০ ক্যালোরি বেশি গ্রহণ করতে হবে। এভাবে এক সপ্তাহ করলেই আপনার ওজন বৃদ্ধি পাবে।(৫) সঠিক প্রোটিন গ্রহণওজন বৃদ্ধি করতে শুধুমাত্র ক্যালোরিই যথেষ্ট না। ক্যালোরির পাশাপাশি সঠিক প্রোটিন গ্রহণ করতে হবে। সঠিক প্রোটিন গ্রহন না করলে ক্যালোরি বাড়তি ফ্যাটের কারণ হয়ে দাঁড়াবে। তাই প্রতিদিনের খাবারের তালিকায় প্রোটিন জাতীয় খাবার যেমন ডিম, ডাল ও দুধ অবশ্যই রাখবেন।(৬) ড্রাই ফ্রুটস খাবেনড্রাই ফ্রুটসে আছে প্রচুর ক্যালোরি ও ফ্যাট যা ওজন বৃদ্ধিতে অনেক কাজে দিবে। প্রতিদিন ঘুম থেকে উঠেই ২টি কাজু ও ২টি কিসমিস খাবেন। এইটা কোনভাবেই ভুলবেন না। আর সকালের নাস্তায় রাখুন আমন্ড বা পেস্তা। ওজন বৃদ্ধিতে আপনার ডায়েট চার্টে বাদামের পরিমাণ বেশি রাখুন। এভাবে নিয়ম মেনে ড্রাই ফ্রুটস খেলে দেখবেন এক মাসের মধ্যেই আপনার ওজন বৃদ্ধি পাচ্ছে।(৭) টেনশনমুক্ত থাকুনসব সমস্যার সবচেয়ে বড় কারণ হচ্ছে টেনশন। ওজন বৃদ্ধিতে যেমন টেনশনমুক্ত থাকা প্রয়োজন ঠিক তেমনি ওজন কমাতেও টেনশনমুক্ত থাকা খুবই আবশ্যক। আজকাল টেনশনমুক্ত থাকা খুবই কঠিন তাও চেষ্টা করবেন যতটা সম্ভব টেনশনমুক্ত থাকার।(৮) পরিমিত ঘুমানশরীর ঠিক রাখতে ঘুম খুবই প্রয়োজন। প্রতিদিন ৮ ঘন্টা অবশ্যই ঘুমাতে হবে। এর থেকে কম হওয়া যাবে না। এছাড়া ঘুম থেকে উঠে প্রতিদিন নিয়ম করে ইয়োগা বা যোগাসন করুন। এতে আপনার ওজন দ্রুত বৃদ্ধি পাবে।(৯) ঘুমানোর আগে দুধ মধু খানঘুমোতে যাওয়ার আগে এমন কিছু খেতে পারেন যা বেশ পুষ্টিকর এবং ক্যালোরিযুক্ত। কারণ সেটা ঘুমিয়ে পরছেন বলে খরচ হচ্ছে না এবং পুরো রাত আপনার শরীরে ক্যালোরির কাজ করবে এবং ওজন বৃদ্ধি করবে। তাই প্রতিদিন ঘুমানোর আগে দুধ ও মধু মিশিয়ে খান। এটি ওজন বৃদ্ধিতে পরীক্ষিত এবং মোটা হওয়ার সহজ উপায়।(১০) ডায়েটে চকলেট এবং চিজ রাখুনসচরাচর বাহিরের খাবার খেতে আমরা নিষেধ করে থাকি। কিন্তু ওজন বৃদ্ধিতে বাহিরের খাবার যেমন আইসক্রিম, পেস্ট্রি, বার্গার ইত্যাদি খাবার খুবই কার্যকরী। এতে ফ্যাট থাকে, বেশি খেলে শরীরের জন্য ভীষণ ক্ষতিকর! তাই আপনি চাইলে এগুলো খেতে পারেন কিন্তু তা হবে পরিমাণমতো। আপনার প্রতিদিনের ডায়েটে চকলেট এবং চিজ রাখতে পারেন।ওজন বৃদ্ধি, হ্রাস অথবা শারীরিক যেকোন কাজের ক্ষেত্রেই পানি খুব উপকারী। প্রচুর পরিমাণে পানি পান করতে হবে। নিয়ম করে এই মোটা হওয়ার সহজ উপায় লক্ষ্য করলেই আপনি ওজন বৃদ্ধি করে পাবেন সুন্দর স্বাস্থ্য। নিজের যত্ন নিন ভালো থাকুন সুস্থ্য থাকুন।SHAJGOJ"
p-9-a-9,অনলাইন পারসোনালিটি টেস্টগুলো কতটুকু নির্ভরযোগ্য?,লাইফ,1,0,21,https://www.sciencebee.com.bd/qna/32633/%E0%A6%AA%E0%A6%BE%E0%A6%B0%E0%A6%B8%E0%A7%8B%E0%A6%A8%E0%A6%BE%E0%A6%B2%E0%A6%BF%E0%A6%9F%E0%A6%BF,"['#জীবন', 'অনলাইন', 'পারসোনালিটি', 'টেস্ট', 'ওয়েবসাইট']","বেশ কিছু বছর ধরেই অনলাইন পারসোনালিটি টেস্টগুলো বেশ জনপ্রিয়। বর্তমান সময়ে এমন মানুষ পাওয়া বেশ কঠিন যারা একবারও এমন পারসোনালিটি টেস্টগুলো ব্যবহার করে জানতে চায়নি সে আসলে মানুষ হিসেবে কেমন! আপনার মানসিক বয়স কত, মানুষ হিসেবে আপনি কেমন বা কোন টাইপের, আপনি ব্যতিক্রম কিনা এরকম টেস্টগুলোতে লাখো মানুষের উপস্থিতি মিলে। এখন প্রশ্ন হচ্ছে, এই অনলাইন পারসোনালিটি টেস্টগুলো আসলে কতটা নির্ভর যোগ্য? নাকি পুরোটাই বানোয়াট?প্রথমে আসি এর উৎস কোথা থেকে তা নিয়ে। এই পারসোনালিটি টেস্টগুলো মুলত তৈরী করা হয় আর্মফোর্সের মিলিটারিদের জন্য। উদ্দেশ্য ছিলো খুবই সাধারণ, একজন আর্মি তার পারসোনালিটি নিয়ে জানবে এবং তার মধ্যে কি কি পরিবর্তন আনতে হবে সে সম্পর্কে অবহত হবে। তার পাশাপাশি সে আসলেই ফোর্সের জন্য কাজ করার ক্ষেত্রে মানসিক ভাবে দক্ষ কিনা তাও বের করা এই টেস্টের অন্যতম উদ্দেশ্য ছিলো। এরপর মানসিক স্বাস্থ্যের অবনতি বা উন্নতি ট্র&zwj;্যাকিংয়ের জন্য সাইক্রিয়াটিস্টরাও এমন পারসোনালিটি টেস্টগুলো ব্যবহার শুরু করেন। যেগুলো আসলেই চিকিৎসা ক্ষেত্রে কার্যকর। এভাবে আস্তে আস্তে জনপ্রিয় হতে শুরু করে এইসব পারসোনালিটি টেস্টগুলো, পরবর্তীতে অনলাইনের এই যুগে এসে উন্মুক্ত হয় বেশ কিছু পারসোনালিটি টেস্ট ওয়েবসাইট ও লিংক এবং সময়ের সাথে পাল্লা দিয়ে এগুলো বেড়েই চলেছে।এবার আসল প্রসঙ্গে আসি, এইসকল অনলাইন পারসোনালিটি টেস্টগুলো সম্পর্কে ডেভিসের ক্যালিফোর্নিয়া বিশ্ববিদ্যালয়ের একজন ব্যক্তিত্ব গবেষক সিমিন ভাজির বলেছেন, এই সকল পারসোনালিটি টেস্ট এর ক্ষেত্রে আপনাদের আরও বুদ্ধি খাটানো উচিত! এগুলো বোকা বানানো ছাড়া আর কিছু না। কোনো বিশেষজ্ঞ আপনার ব্যক্তিত্ব পরীক্ষা করে না দিলে 'এইসব টেস্ট' আর জ্যোতিষী বিদ্যার মধ্যে বিশেষ কোনো পার্থক্য নেই।বর্তমান সময়ে,অনেক জনপ্রিয় একটি কমার্শিয়াল পার্সোনালিটি টেস্ট এর উদাহরণ হলো, 'মায়ার্স-ব্রিগস টাইপ ইন্ডিকেটর'। এই টেস্ট সিস্টেমটি ১৬টি ভিন্ন ""প্রকার""-এ বিভক্ত করে এবং প্রায়ই মানুষদের তাদের জন্য নির্ভরযোগ্য পেশা,আচর-আচরণ পরিবর্তন এবং রোমান্টিক জীবনের জন্য উপদেশ দিয়ে থাকে। যা পেতে একজনকে ১৫-৪০ ডলার খরচ করতে হয়!(বাংলাদেশী টাকায় যা প্রায় ১,৫২০.৮৬-৪,০৫৫.৬২টাকা)। কিন্তু, পেনসিলভেনিয়া বিশ্ববিদ্যালয়ের মনোবিজ্ঞানের প্রফেসর অ্যাডাম গ্র&zwj;্যান্ট এর মতে, এটি পুরোপুরি নির্ভরযোগ্য নয়। তার মতে,কতিপয় গবেষণা পদ্ধতির ফলাফলের নির্ভরযোগ্যতা নির্ভর করে পুনরাবৃত্ত ফলাফলের সাদৃশ্যের উপর। কিন্তু MBTI তে একই ব্যাক্তি একাধিক বার চেষ্টা করলে একাধিক রকম ফলাফল আসতে পারে। যেমনঃ প্রথমবারে আপনাকে ইন্ট্রোভার্ট দেখালেও পরের বার এক্সট্রোভার্ট দেখাতে পারে। তাই এর উপরও পুরোপুরি ভরসা করা ঠিক হবে না।মিনেসোটা বিশ্ববিদ্যালয়ের একজন ইমেরিটাস মনোবিজ্ঞানী জিম বুচার এ সম্পর্কে বলেছেন, ব্যক্তিত্বের প্রশ্নাবলী প্রায় এক শতাব্দী আগে বিবর্তিত হতে শুরু করে। প্রথম বিশ্বযুদ্ধের সময় সৈনিকদের ব্যক্তিত্ব এবং তাদের উপযুক্ততার জন্য প্রথম এটির ব্যবহার শুরু হয়। বর্তমান সময়ে এটি বিবর্তিত হয়ে আসতে আসতে এর কার্যকারিতা হারাতে শুরু করেছে। বেশ কিছু মনোবিজ্ঞানের চিকিৎসা ছাড়া বর্তমানে এটি সম্পূর্ণ অমূলক ও অযৌক্তিক।মুল কথা বর্তমানের কোন গবেষকই এইসকল টেস্টকে সম্পুর্ন স্বীকৃতি দিতে বা আসলেই কার্যকর বলতে নারাজ।নাদিয়া ইসলাম || সায়েন্স বীসোর্সঃhttps://www.psychologicalscience.org/news/how-accurate-are-personality-tests.htmlhttps://www.vox.com/2014/7/15/5881947/myers-briggs-personality-test-meaninglesshttps://www.livescience.com/65513-does-myers-briggs-personality-test-work.htmlhttps://www.scientificamerican.com/article/how-accurate-are-personality-tests/"
p-9-a-10,জিরো ক্যাল চিনির বিকল্প হিসেবে কতটুকু নিরাপদ?,স্বাস্থ্য ও চিকিৎসা,1,0,34,https://www.sciencebee.com.bd/qna/32631/%E0%A6%AC%E0%A6%BF%E0%A6%95%E0%A6%B2%E0%A7%8D%E0%A6%AA-%E0%A6%B9%E0%A6%BF%E0%A6%B8%E0%A7%87%E0%A6%AC%E0%A7%87,"['চিনি', 'উপকারিতা', 'অপকারিতা', 'নিরাপদ']","জিরো ক্যালকে চিনির বিকল্প হিসেবে দাবি করলেও বিশেষজ্ঞরা এটি এড়িয়ে যেতেই মত দেন। ভারতে এই নিয়ে গবেষণা হলে তারা জানান, ""সাধারণ চিনির থেকে কৃত্রিম চিনিতে অনেকগুণ বেশি মিষ্টি অ্যাসপার্টেম থাকে। যেকোনো প্যাকেটজাত খাবার, ডায়েট পানীয়, জাঙ্ক ফুডে এই অ্যাসপার্টেম উপস্থিত। নিয়মিত অ্যাসপার্টেম খেলে তা থেকে মাথা যন্ত্রণা, অস্থিরতা, হৃদযন্ত্রের ধড়ফড়ানি, ওজন বৃদ্ধি, হতাশা, স্নায়ু ও ব্রেনের সমস্যা হতে পারে। শুধু অ্যাসপার্টেমই নয় কৃত্রিম চিনিতে থাকে স্যাকারিনও। যা গর্ভবতী মহিলাদের একেবারেই খাওয়া উচিত নয়। কৃত্রিম চিনির এই উপাদানটি ইনসুলিন নিঃসরণ ঘটায় এবং প্রয়োজনের চেয়ে বেশি ক্ষুধা পাওয়ার কারণে ওজন বেড়ে যাওয়ার সম্ভাবনা থাকে।এছাড়া কৃত্রিম চিনিতে থাকা সুক্রালোস থেকে কিডনির ক্ষতি হতে পারে। আবার সাধারণত অ্যালকোহল, লজেন্সে যে ধরনের সুগার থাকে তা হল এভান ১০ গ্রুপের মিষ্টি। তাই গবেষণায় দেখা গিয়েছে যে ডায়াবেটিস না থাকলেও নিয়মিত সুগার ফ্রি খেলে ডায়াবেটিস হওয়ার সম্ভাবনা থাকে। ওজনও বাড়ে।আসলে কৃত্রিম চিনি খেলে আমাদের ব্রেনে মিষ্টি খাওয়ার সাইকোলজিক্যাল সন্তুষ্টি হয় না। ফলে মিষ্টি খাওয়ার প্রবণতা আরও বেড়ে যায়। এতে ডায়াবেটিকেরা বেশি ক্যালোরি খেয়ে ফেলে, তাই আরও ওজন বেড়ে যাওয়ার সম্ভাবনা থাকে। যা স্বাভাবিক চিনির ক্ষেত্রে এতটা হয় না। একইসঙ্গে স্বাভাবিক চিনির থেকে কৃত্রিম চিনির হজম প্রক্রিয়াও আলাদা। ফলে ধীরে ধীরে রোগীর মেটাবলিক রেট কমে যায়। পরবর্তীকালে হজমের সমস্যা, হার্টের সমস্যা, নার্ভের সমস্যা শুরু হতে পারে, উচ্চ রক্তচাপ দেখা দিতে পারে।তাই চিনির বিকল্প হিসেবে জিরো ক্যাল না খেয়ে খান গুড়। যা শরীরের জন্য উপাদেয়।""তারা জিরো ক্যাল উল্লেখ করে এটি বললেও এটি বাংলাদেশের স্কোয়ারের জিরো ক্যাল নাকি তা নিশ্চিত নই।বি.দ্রঃ রিসার্চার হচ্ছেন ভারতের পশ্চিমবঙ্গের যাদবপুরের ফুড টেকনোলজি বিভাগের অধ্যাপক ড. প্রশান্ত বিশ্বাস।Nadia Islam"
p-9-a-11,অনেক সময় মলমূত্রত্যাগ ত্যাগ করলে পায়ুপথ জ্বালাপোড়া করে কেনো?,স্বাস্থ্য ও চিকিৎসা,1,0,78,https://www.sciencebee.com.bd/qna/32629/%E0%A6%AE%E0%A6%B2%E0%A6%AE%E0%A7%82%E0%A6%A4%E0%A7%8D%E0%A6%B0%E0%A6%A4%E0%A7%8D%E0%A6%AF%E0%A6%BE%E0%A6%97,"['মূত্র', 'মলত্যাগ', 'জ্বালাপোড়া']","মানুষ মিশ্র খাদ্যাভাসের প্রাণী এবং তার খাদ্যাভ্যাসে বৈচিত্র বলা বাহুল্য পৃথিবীর যে কোনো প্রাণীর চাইতে অনেক অনেক বেশি। ফলস্বরুপ মানুষের মল জলীয় অংশের দিক থেকে সবসময় একরকম হয়না। বিভিন্ন কারণে মল খুব অনেকসময় শুকনো হয়ে থাকে । মলদ্বারের প্রাচীর নরম হয়। অতিরিক্ত শুকনো মলত্যাগের কারণে অনেকসময় যা ছিলে যায়, অভ্যন্তরীন বা বাহ্যিক প্রদাহের সৃষ্টি করে থাকে, যার দরুণ পায়খানার সময় জ্বালাপোড়া অনুভূত হয়।পাইলস বা হ্যামরোয়েড এর সমস্যা যাদের থাকে, তাদের এজন্য সবসময় শাকসবজি ও পায়খানা নরম করে এমন খাবার খেতে নির্দেশ দেয়া হয়।Shahed Raiyan"
p-9-a-12,হাঁচি কাশি দিলে নিজেকে হালকা মনে হয় কেন?,জীববিজ্ঞান,1,0,13,https://www.sciencebee.com.bd/qna/32627/%E0%A6%B9%E0%A6%BE%E0%A6%81%E0%A6%9A%E0%A6%BF-%E0%A6%A8%E0%A6%BF%E0%A6%9C%E0%A7%87%E0%A6%95%E0%A7%87,"['হালকা', 'হাচি', 'পরিবর্তন']","হাঁচি আমাদের নাসিক্য গহবর ও ফুসফুসের ব্রংকিওলে থাকা ধুলোবালি, ময়লা পরিষ্কারের এক প্রাকৃতিক ব্যবস্থা। হাঁচির মাধ্যমে এক নিমেষেই ২০০০-৫০০০ জীবাণুযুক্ত তরল বেড়িয়ে আসে, অনেকসময় মাথার সাইনাসে জমা জলীয় অংশ ও ময়লা পরিষ্কারও হয়। পক্ষান্তরে কাশি শ্লেষ্মা ,গলায় জমা কোনো খাদ্যাংশ বা ফরেইন বডি ইত্যাদি দূর করে।যার দরুন দুটোতেই আমাদের আরাম মেলে।Shahed Raiyan"
p-9-a-13,চুলে কন্ডিশনার দিয়ে না ধুয়ে চুল শুকিয়ে ফেললে কি হবে?,লাইফ,1,0,22,https://www.sciencebee.com.bd/qna/32625/%E0%A6%95%E0%A6%A8%E0%A7%8D%E0%A6%A1%E0%A6%BF%E0%A6%B6%E0%A6%A8%E0%A6%BE%E0%A6%B0-%E0%A6%B6%E0%A7%81%E0%A6%95%E0%A6%BF%E0%A6%AF%E0%A6%BC%E0%A7%87,"['চুল', 'দিলে', 'লাগলে', 'human-body']","কন্ডিশনার ময়েশ্চারাইজার ও ডিটারজেন্ট সমৃদ্ধ একধরণের পরিষ্কারক প্রসাধনী। সুতরাং বলা বাহুল্য প্রথমত তা বেশিক্ষণ চুলে থাকলে চুল পড়ার কারণ হয়ে দাঁড়াবে। এছাড়া চুলের ভাঙ্গন, মাথার ত্বকের ক্ষতি ও জ্বালাপোড়া ইত্যাদির কারণ হবে।বার বার একই কাজ করলে ত্বকের টিস্যু ড্যামেজও হতে পারে। এমনকি ক্রমাগত একই জিনীসের পুনরাবৃত্তি ত্বকে গুরুতর সংক্রমণ সৃষ্টি করতে পারে।wowskinscience"
p-9-a-14,শীতকালে চুলে খুশকি কেন হয়?,লাইফ,1,0,371,https://www.sciencebee.com.bd/qna/32623/%E0%A6%B6%E0%A7%80%E0%A6%A4%E0%A6%95%E0%A6%BE%E0%A6%B2%E0%A7%87-%E0%A6%96%E0%A7%81%E0%A6%B6%E0%A6%95%E0%A6%BF,"['চুল', 'শীতকাল', 'খুশকি', 'মাথা']","শীতকালে বাতাসের আর্দ্রতা কম থাকার ফলে খুশকি বেশি হয়। শীতকালে আর্দ্রতার কারণে চামড়া শুকিয়ে যায়, পুরনো চামড়া উঠে নতুন চামড়া তৈরি হতে থাকে। আর এ মৃত চামড়া বা কোষগুলোকে আমরা খুশকি হিসেবে দেখতে পাই।এছাড়া শীতকালে বাতাসে ধুলাবালির পরিমাণ বেড়ে যায় বলেও খুশকির সমস্যা বেড়ে যায়।মোহাম্মদ মহসিন"
p-9-a-15,চিনি খাওয়া কতটা নিরাপদ?,লাইফ,1,0,187,https://www.sciencebee.com.bd/qna/32621/%E0%A6%96%E0%A6%BE%E0%A6%93%E0%A7%9F%E0%A6%BE-%E0%A6%A8%E0%A6%BF%E0%A6%B0%E0%A6%BE%E0%A6%AA%E0%A6%A6,"['চিনি', 'নিরাপদ']","চিনি খাওয়া সম্পুর্ন ক্ষতিকর না। বরং একদমই চিনি না খেলে বেশ কিছু ক্ষতি হতে পারে। আমরা সাধারণত প্রয়োজনের চেয়ে বেশি চিনি খেয়ে ফেলি এজন্য আমাদের কম চিনি খেতে বলেন বিশেষজ্ঞরা। বিশ্ব স্বাস্থ্য সংস্থা জানাচ্ছে, প্রাপ্তবয়স্ক পুরুষের ক্ষেত্রে প্রতিদিন সর্বাধিক ৩৭.৫ গ্রাম (৯ চামচ) আর নারীদের ক্ষেত্রে প্রতিদিন সর্বাধিক ২৫ গ্রাম (৬ চামচ) চিনি খাওয়া যায়। এর চেয়ে বেশি চিনি যখন আমরা প্রতিদিন খাই তখন তা আমাদের শরীরের জন্য খারাপ।  প্রতিদিন ২৫ গ্রামের (৬ চামচ) বেশি চিনি খাওয়া স্বাস্থ্যের জন্য মারাত্মক ক্ষতিকর! বেশি চিনি খেলে আমাদের শরীরে বাসা বাধতে পারে স্থূলতা, উচ্চ রক্তচাপ, হৃদরোগের মতো অসংক্রামক রোগব্যাধি। এ ছাড়া অকালে দাঁতের ক্ষয়, উদ্বেগ ও অবসাদের মতো সমস্যাও বেড়ে যেতে পারে।আর অনেকেই মনে করেন চিনি খেলে ডায়াবেটিস হয়।আমেরিকান ডায়াবেটিস অ্যাসোসিয়েশন বলছে, চিনি খেলে ডায়াবেটিস হয় এটি একটি ভুল ধারণা।ম্যাক্স হেলথকেয়ারের এন্ডোক্রিনোলজি, ডায়াবেটিস ও ওবেসিটির পরিচালক ড. সুজিত ঝা জানান, চিনি খেলেই যা তা সরাসরি ডায়াবেটিসের জন্য দায়ী এমনটা কিন্তু নয়। তবে চিনি খাওয়ার কারণে এমন কিছু সমস্যা দেখা দেয়, যা থেকে হতে পারে ডায়াবেটিস।"
p-9-a-16,"জাহাজ যখন সমুদ্রের ঠিক মাঝখানে এসে পৌছায়,তখন জাহাজে থাকা লোকজন অক্সিজেন পায় কোথা থেকে? তখন তো আসেপাশে কোনো গাছপালা থাকে না।",পরিবেশ,1,0,31,https://www.sciencebee.com.bd/qna/32619/%E0%A6%B8%E0%A6%AE%E0%A7%81%E0%A6%A6%E0%A7%8D%E0%A6%B0%E0%A7%87%E0%A6%B0-%E0%A6%85%E0%A6%95%E0%A7%8D%E0%A6%B8%E0%A6%BF%E0%A6%9C%E0%A7%87%E0%A6%A8,"['অক্সিজেন', 'সমুদ্র']","কারণ সমুদ্রই তখন অক্সিজেনের উৎস। পৃথিবীর বায়ুমন্ডলের ৫০-৮০% অক্সিজেন আসে, সাগরের ফাইটোপ্লাংকটন এর সালোকসংশ্লেষণের সময় উপজাত হিসেবে উৎপন্ন অক্সিজেন থেকে। Prochlorococcus একটি নির্দিষ্ট প্রজাতি যেটি সবচেয়ে ছোট সালোকসংশ্লেষণকারী জীব, এটি বায়ুমণ্ডলের প্রায় ২০% অক্সিজেন উৎপন্ন করে।বাকি অংশ অন্যান্য উদ্ভিদ থেকে সালোকসংশ্লেষণের সময় উৎপন্ন অক্সিজেন থেকে আসে।©সাবের মাহমুদ"
p-9-a-17,রাতের বেলায় লাইটের কাছে এতো পোকামাকড় আসে কেন?,বিবিধ,1,0,29,https://www.sciencebee.com.bd/qna/32617/%E0%A6%B2%E0%A6%BE%E0%A6%87%E0%A6%9F%E0%A7%87%E0%A6%B0-%E0%A6%AA%E0%A7%8B%E0%A6%95%E0%A6%BE%E0%A6%AE%E0%A6%BE%E0%A6%95%E0%A7%9C,"['পোকা', 'আলো']","শুধু শীতকাল নয় গ্রীষ্মেও এমন হয়। শীতকালে প্রবনতা বাড়তে পারে কারণ তারা তুলনামূলক গরম জায়গার খোজ করে তাই। যে সকল পোকা রাত্রে চলাচল করে,তারা দিকনির্দেশক হিসেবে চাঁদকে ব্যবহার করে। চাঁদে প্রতিফলিত আলোর সাথে একটা ধ্রুব কোণ বজায় রেখে এরা চলাচল করে। এতে করে অন্ধকারে পথ হারিয়ে ফেলার সম্ভাবনা কম থাকে। কিন্তু আমাদের তৈরি করা কৃত্রিম আলোর তীব্রতা চাঁদের আলো থেকে অনেক বেশি হ&zwnj;ওয়ায় পোকারা বিভ্রান্ত হয়ে যায়। কৃত্রিম আলোকে চাঁদের আলো মনে করে দিক নির্ধারণের চেষ্টা করে, কিন্তু কৃত্রিম আলো যেহেতু বিভিন্ন কোণে প্রতিফলিত হয় তাই এরা দিকভ্রান্ত হয়ে আলোর উৎসের চারদিকে ঘুরতে থাকে।"
p-9-a-18,যখন আমাদের ঠান্ডা লাগে তখন আমাদের শরীর কাপে কেনো?,জীববিজ্ঞান,1,0,18,https://www.sciencebee.com.bd/qna/32615/%E0%A6%86%E0%A6%AE%E0%A6%BE%E0%A6%A6%E0%A7%87%E0%A6%B0-%E0%A6%A0%E0%A6%BE%E0%A6%A8%E0%A7%8D%E0%A6%A1%E0%A6%BE,"['ঠান্ডা', 'শীতকাল']","ঠান্ডায় আমাদের দেহের যাতে তাপমাত্রা না কমে যায় তাই কাঁপুনি আসে। একে ইংরেজিতে shivering বলা হয়। আসলে আমাদের দেহের তাপমাত্রা বজায় রাখতে শক্তির প্রয়োজন যা আসে ATP নামক জৈব এক ধরণের অনু থেকে। একে energy currency ও বলা হয়ে থাকে।যখন বাইরের তাপমাত্রা কমে যায়, তখন আমাদের দেহের যাতে তাপমাত্রা না কমে, তখন কাঁপুনি আসে, যার ফলে আমাদের পেশিতে থাকা ATP অণুগুলি ভেঙে শক্তি যোগায়, যা আমাদের তাপমাত্রা পুনরায় বাড়িয়ে দেয়।"
p-9-a-19,যদি ভুলবসত একটি স্টেপলার পিন আপনার পেটে চলে যায় তাহলে কি কোন সমস্যা হবে?,জীববিজ্ঞান,2,0,57,https://www.sciencebee.com.bd/qna/32613/%E0%A6%AD%E0%A7%81%E0%A6%B2%E0%A6%AC%E0%A6%B8%E0%A6%A4-%E0%A6%B8%E0%A7%8D%E0%A6%9F%E0%A7%87%E0%A6%AA%E0%A6%B2%E0%A6%BE%E0%A6%B0,"['পর্যাপ্ত', 'ঘুম']",না। যদি ভুলবশত কোনো স্ট্যাপলার পিন কারো পেটে চলে যায় তাহলে তেমন কোনো ক্ষতি হবে না।
p-9-a-20,যদি ভুলবসত একটি স্টেপলার পিন আপনার পেটে চলে যায় তাহলে কি কোন সমস্যা হবে?,জীববিজ্ঞান,2,0,57,https://www.sciencebee.com.bd/qna/32613/%E0%A6%AD%E0%A7%81%E0%A6%B2%E0%A6%AC%E0%A6%B8%E0%A6%A4-%E0%A6%B8%E0%A7%8D%E0%A6%9F%E0%A7%87%E0%A6%AA%E0%A6%B2%E0%A6%BE%E0%A6%B0,"['পর্যাপ্ত', 'ঘুম']","কোণা ধারালো না হলে কোনো সমস্যা হবার কথা নয়। তবে যদি কোণা ধারালো হয় তাহলে সামান্য সমস্যা হলেও পায়খানার সাথে বের হয়ে যাবে। বেশি সমস্যা মনে হলে এক্স রে করুন, চিকিৎসকের পরামর্শ নিন।"
p-9-a-21,কান ঢাকলে শীত কম লাগে কেন?,লাইফ,1,+1,232,https://www.sciencebee.com.bd/qna/32612/%E0%A6%95%E0%A6%BE%E0%A6%A8-%E0%A6%A2%E0%A6%BE%E0%A6%95%E0%A6%B2%E0%A7%87-%E0%A6%B2%E0%A6%BE%E0%A6%97%E0%A7%87,"['শীত', 'কান', 'ঢাকলে', 'ঠান্ডা']","অত্যধিকশীতেসাধারণত আমরা নাক/কানঢাকি। কেননা, আমাদের শরীরের অন্যান্য সকল অংশে চর্বির আস্তরণ থাকে, কিন্তু নাক/কানেথাকেনা, যার ফলে শরীরের অন্যান্য অংশ অপেক্ষা নাক/কানঅতি দ্রুত তাপ হারায় এবং শীতল হয়ে যায়। এই তাপ হারানো রোধ করতে আমরা নাক/কানেমাফলার/টুপি ইত্যাদি পেঁচিয়ে রাখি।নাক কানের পৃষ্ঠতল অপেক্ষাকৃত বড় থাকায় এসব স্থানের মাধ্যমিক ঠান্ডা বাতাস দেহের অভ্যন্তরে প্রবেশ করে। ঢাকা থাকার ফলে রক্ত স্বাভাবিক উষ্ণতায় প্রবাহিত হয়। সেরেব্রাল কর্টেক্স এর নির্দেশনা অনুযায়ী দেহের তাপমাত্রা কতটা ঠান্ডা তা নিয়ন্ত্রণের মাধ্যমে  দেহ উষ্ণতা ফিরে পায়।"
