id,question,question_category,number_of_answer,number_of_vote,number_of_view,answer_link,question_tag,answer
p-295-a-0,প্রথম কোন কম্পাইলার কি ছিল? সেটা কিভাবে তৈরি করা হয়েছিল?,প্রযুক্তি,2,+4,152,https://www.sciencebee.com.bd/qna/12932/%E0%A6%95%E0%A6%AE%E0%A7%8D%E0%A6%AA%E0%A6%BE%E0%A6%87%E0%A6%B2%E0%A6%BE%E0%A6%B0-%E0%A6%B9%E0%A6%AF%E0%A6%BC%E0%A7%87%E0%A6%9B%E0%A6%BF%E0%A6%B2,"['কম্পাইলার', 'প্রোগ্রামিং']","জন ডব্লিউ ব্যাকাস এর অধীনস্থ আইবিএম এর ফোরট্রান শাখা ১৯৫৭ সালে সর্বপ্রথম বাণিজ্যিককম্পাইলারঅবমুক্ত করে। ১৯৫৮ এর শেষের দিকে ফ্রিডরিখ এল বাওয়ার, হারমান বটেনব্রাখ, হাইন্‌জ রুটিশহাউজার, এবং ক্লাউস সামেলসন এলগল ৫৮ প্রোগ্রামিং ভাষারপ্রথমকম্পাইলারটি তৈরি করেন, যা জেড২২ কম্পিউটারে ব্যবহৃত হয়েছিলতথ্যসূত্রঃউইকিপিডিয়া"
p-295-a-1,প্রথম কোন কম্পাইলার কি ছিল? সেটা কিভাবে তৈরি করা হয়েছিল?,প্রযুক্তি,2,+4,152,https://www.sciencebee.com.bd/qna/12932/%E0%A6%95%E0%A6%AE%E0%A7%8D%E0%A6%AA%E0%A6%BE%E0%A6%87%E0%A6%B2%E0%A6%BE%E0%A6%B0-%E0%A6%B9%E0%A6%AF%E0%A6%BC%E0%A7%87%E0%A6%9B%E0%A6%BF%E0%A6%B2,"['কম্পাইলার', 'প্রোগ্রামিং']","প্রথম দিককার কম্পিউটার প্রোগ্রাম প্রধানত অ্যাসেম্বলি ভাষায় লেখা হত। তবে উচ্চস্তরের প্রোগ্রামিং ভাষা ব্যবহার করা প্রোগ্রামারদের জন্য অধিক কার্যকর, এবং এতে লেখা প্রোগ্রাম সহজে বিভিন্ন কম্পিউটারে পুনর্ব্যবহার করা সম্ভব। তথাপি, কম্পাইলারের সুপ্রচলন হতে কিছুকাল সময় লেগেছিল, কেননা শুরুদ দিকে এদের নির্মিত কোডের কর্মক্ষমতা হাতে লেখা যান্ত্রিক কোডের সমতুল্য ছিল না, কম্পাইলার তৈরির প্রক্রিয়াটি অত্যন্ত জটিল ছিল, এবং তৎকালীন কম্পিউটারসমূহের সংকীর্ণ তথ্যধারণক্ষমতা কম্পাইলার বাস্তবায়নে বিভিন্ন প্রযুক্তিগত বাধা সৃষ্টি করত।সর্বপ্রথম তত্ত্বীয় কম্পাইলারটি লিখেছেন কোরাদো বহ্&zwnj;ম, ১৯৫১ সালে তাঁর পিএইচডি গবেষণার অংশ হিসেবে। প্রথম বাস্তবায়িত কম্পাইলারটির লেখিকা গ্রেস হপার, যিনি ""কম্পাইলার"" শব্দটিও উদ্ভাবন করেন[১][২], যদিও তিনি শব্দটি ব্যবহার করেছিলেন তাঁর এ-০ সিস্টেম বর্ণনা করার জন্য যা একটি লোডার বা লিংকার এর কাজ করত, এবং কম্পাইলারের আধুনিক ধারণার সমতুল্য ছিল না। জন ডব্লিউ ব্যাকাস এর অধীনস্থ আইবিএম এর ফোরট্রান শাখা ১৯৫৭ সালে সর্বপ্রথম বাণিজ্যিক কম্পাইলার অবমুক্ত করে[৩]।১৯৫৮ এর শেষের দিকে ফ্রিডরিখ এল বাওয়ার, হারমান বটেনব্রাখ, হাইন্&zwnj;জ রুটিশহাউজার, এবং ক্লাউস সামেলসন এলগল ৫৮ প্রোগ্রামিং ভাষার প্রথম কম্পাইলারটি তৈরি করেন, যা জেড২২ কম্পিউটারে ব্যবহৃত হয়েছিল। এঁরা পূর্ববর্তী বছরগুলোতে Sequentielle Formel&uuml;bersetzung (আনুক্রমিক ফরমুলা অনুবাদ) প্রসঙ্গে কম্পাইলার প্রযুক্তি নিয়ে কাজ করছিলেন।১৯৬০ এর আগেই অ্যালটাক (ALTAC) নামের একটি বিশদ ফোরট্রান কম্পাইলার ফিলকো ২০০০ এর জন্য উপলদ্ধ ছিল, তাই অনুমান করা যায় যে ১৯৬০ সালের মধ্যেই আইবিএম এবং ফিলকো উভয় আর্কিটেকচারের জন্য কম্পাইল করা ফোরট্রান প্রোগ্রাম প্রচলিত হয়ে গিয়েছিল[৪]। প্রথম ক্রস-প্লাটফর্ম উচ্চস্তরের প্রোগ্রামিং ভাষা কোবোল (COBOL) এ লেখা একটি প্রোগ্রাম ১৯৬০ সালের ডিসেম্বরে ইউনিভ্যাক ২ এবং আরসিএ ৫০১ উভয় আর্কিটেকচারের জন্য কম্পাইল ও এক্সিকিউট করা হয়।"
p-295-a-2,কালি লিনাক্সের বিশেষত্ব কী?,প্রযুক্তি,1,+4,132,https://www.sciencebee.com.bd/qna/12931/%E0%A6%B2%E0%A6%BF%E0%A6%A8%E0%A6%BE%E0%A6%95%E0%A7%8D%E0%A6%B8%E0%A7%87%E0%A6%B0-%E0%A6%AC%E0%A6%BF%E0%A6%B6%E0%A7%87%E0%A6%B7%E0%A6%A4%E0%A7%8D%E0%A6%AC,"['কালি', 'লিনাক্স']","কালি লিনাক্স (ইংরেজি: Kali Linux) একটি ডেবিয়ান ভিত্তিক গ্নু/লিনাক্স ডিস্ট্রিবিউশন, যা ডিজাইন করা হয়েছে আধুনিক ফরেনসিক এবং অনুপ্রবেশ মূল্যায়নের(পেনেট্রেশন টেস্টিং) জন্য।কালি লিনাক্সে নিচের নিরাপত্তা টুলগুলো অন্তর্ভূক্ত থাকে:[১২]এয়ারক্র&zwj;্যাক-এনজিবুর্প স্যুটসিসকো গ্লোবাল এক্সপ্লোয়টার, সিসকো নেটওয়ার্ক সিস্টেমের দুর্বলতা খুঁজে বের করতে ব্যবহার করা একটি হ্যাকিং টুলএটারক্যাপজন দ্য রিপারকিসমেটমালটেগোমেটাস্পলেয়েটএনম্যাপওউসাপ জ্যাপসোশ্যাল ইনজিনিয়ারিং টুলওয়ারশার্কহাইড্রারিভার্স ইনজিনিয়ারিং টুলবিনওয়াক, ফোরমোস্ট, ভোলাটিলিটির মত ফরেনসিক টুল ইত্যাদিএই টুলগুলো বেশ কিছু উদ্দেশ্যে ব্যবহার করা যায়, যার অধিকাংশই ভিকটিম নেটওয়ার্ক বা অ্যাপ্লিকেশন, নেটওয়ার্ক আবিষ্কার করা, বা একটি টার্গেট আইপি ঠিকানা স্ক্যান অন্তর্ভূক্ত। পূর্ববর্তী সংস্করণ (ব্যাকট্র্যাক) থেকে অনেকগুলো সরঞ্জাম বাদ বাদ দিয়ে জনপ্রিয় অনুপ্রবেশ পরীক্ষার(পেনেট্রেশান টেস্টিং) অ্যাপ্লিকেশনের উপর দৃষ্টি আরোপ করা হয়েছে।"
p-295-a-3,সাইবার নিরাপত্তা বিশেষজ্ঞ হওয়ার জন্য কোন প্রোগ্রামিং ল্যাঙ্গুয়েজ প্রয়োজন?,প্রযুক্তি,1,+4,140,https://www.sciencebee.com.bd/qna/12930/%E0%A6%B2%E0%A7%8D%E0%A6%AF%E0%A6%BE%E0%A6%99%E0%A7%8D%E0%A6%97%E0%A7%81%E0%A6%AF%E0%A6%BC%E0%A7%87%E0%A6%9C,"['প্রোগ্রামিং', 'প্রযুক্তি']","প্রোগ্রামিং বা কোডিং সম্পর্কে ধারণা থাকা সাইবার সিকিউরিটি পেশাদারদের জন্য খুবই গুরুত্বপূর্ণ। পাইথন, সি এবং সি ++, জাভাস্ক্রিপ্ট, এমনকি এসেম্বলির মতো প্রোগ্রামিং ল্যাঙ্গুয়েজ কাজের ক্ষেত্রে একটি সাইবারসিকিউরিটি বিশেষজ্ঞ কে সহায়তা করে।"
p-295-a-4,API কী? এর কাজ কী?,প্রযুক্তি,1,+4,213,https://www.sciencebee.com.bd/qna/12929/api-%E0%A6%95%E0%A7%80-%E0%A6%8F%E0%A6%B0-%E0%A6%95%E0%A6%BE%E0%A6%9C,"['api', 'প্রোগ্রামিং']","এপিআই এর সম্পূর্ণ রুপ হচ্ছে অ্যাপ্লিকেশন প্রোগ্রামিং ইন্টারফেস (Application Programing Interface)। একজন সাধারন ইউজার হিসেবে কখনোই এর মান দিয়ে এর কাজ বোঝা সম্ভব নয়, চলুন সহজ করে সম্পূর্ণ বিষয়টি বোঝার চেষ্টা করি।এপিআইকে মূলত এক ধরনের টুল বলতে পারেন যেটা একটি সফটওয়্যারকে আরেকটি আলাদা সফটওয়্যারের সাথে কানেক্ট করতে এবং একই রুলে চলতে সাহায্য করে। এখন ধরুন আপনি একজন ৩ডি মডেলার এবং আপনার একজন প্রতিবেশী হলেন সিভিল ইঞ্জিনিয়ার। ইঞ্জিনিয়ার সাহেব আপনার কাছ থেকে তার নেক্সট প্রজেক্টের জন্য একটি ৩ডি মডেল ডিজাইন করিয়ে নিতে চান।কিন্তু সমস্যা হচ্ছে আপনি কথা বলেন বাংলা ভাষায় আর আপনার প্রতিবেশী ইঞ্জিনিয়ার কথা বলেন চাইনিজ ভাষায়, তাহলে আপনারা নিজেদের মধ্যে কথা বলবেন কীভাবে? অবশ্যই আপনাদের একজন অনুবাদকের প্রয়োজন পড়বে, যিনি উভয় ভাষা জানেন এবং আপনাদের একে অপরেরটা বুঝিয়ে দিতে পারবেন। এপিআইকে আপনি এই উদাহরনের অনুবাদকের সাথে তুলনা করতে পারেন, এটি এমন একটি টুল যেটা বিভিন্ন অ্যাপ্লিকেশনের কথা বোঝে এবং একটার সাথে আরেকটাকে কানেক্টেড করে দেয়।যেকোনো প্রোগ্রামের সাথে এপিআই যুক্ত করানো যেতে পারে এবং সেটিকে আলাদা প্রোগ্রামের সাথে কানেক্ট করা যেতে পারে। ধরুন আপনার উইন্ডোজ কম্পিউটারের নোটপ্যাডে আপনি কিছু লিখলেন এবং সেটাকে প্রিন্ট করতে চাচ্ছেন। এবার আপনার নোটপ্যাড প্রোগ্রামটি যদি প্রিন্টারের এপিআই এর সাথে সংযুক্ত থাকে তবে নোটপ্যাড প্রিন্টারকে সরাসরি আদেশ দিতে পারবে এবং প্রিন্ট করাতে পারবে। আবার ধরুন আপনি একটি ওয়েবসাইট তৈরি করলেন যেখান থেকে যেকোনো প্রতিষ্ঠানের এবং যেকোনো পরীক্ষার রেজাল্ট দেখতে পাওয়া সম্ভব।তবে আপনার সাইটটিকে সমস্ত রেজাল্ট সাইট এবং তাদের ডাটাবেজের সাথে এপিআই এর মাধ্যমে কানেক্ট করতে হবে। কোন ইউজার যখন কোন রেজাল্ট জানতে চেয়ে আপনার সাইটে অনুসন্ধান করবে, এপিআই তখন ঐ রেজাল্ট সাইটের ডাটাবেজ চেক করবে এবং তার সামনে ঐ ডাটাবেজ থেকে রেজাল্ট প্রদর্শিত করবে। এভাবে এপিআই এর অনেক সুবিধা রয়েছে, যেগুলোর মাধ্যমে অনেক অ্যাপ্লিকেশন বা অনেক ওয়েবসাইটকে একত্রিত করে আরো বেটার এবং সহজে সেবা প্রদান করা হয়ে থাকে।ধরুন আপনার কাছে একটি আবহাওয়া অ্যাপ আছে যেটা আপনার লোকাল অবস্থানের আবহাওয়া বার্তা প্রদান করে। কিন্তু চিন্তা করে দেখুন, যদি এই অ্যাপটিকে সারাদেশের সকল লোকাল অ্যাপের সাথে যুক্ত করানো যায় তবে একটি অ্যাপ থেকেই আপনি সারাদেশের আবহাওয়া বার্তা পেতে পারবেন।"
p-295-a-5,মরিচিকা কিভাবে সৃষ্টি হয়?,পদার্থবিজ্ঞান,1,+4,972,https://www.sciencebee.com.bd/qna/12928/%E0%A6%AE%E0%A6%B0%E0%A6%BF%E0%A6%9A%E0%A6%BF%E0%A6%95%E0%A6%BE-%E0%A6%95%E0%A6%BF%E0%A6%AD%E0%A6%BE%E0%A6%AC%E0%A7%87,"['মোবাইল', 'মরিচিকা']",মরীচিকা হচ্ছে আলোর পূর্ণ অভ্যন্তরীণ প্রতিফলনের ফল। আলোকরশ্মি যখন ঘন মাধ্যম থেকে হালকা মাধ্যমে প্রবেশ করে তখন প্রতিসরণের দরুণ অভিলম্ব থেকে দূরে সরে যায়। আর আলো যখন ক্রান্তি কোণের চেয়ে বড় মানের কোণে বিভেদতলে আপতিত হয় তখন প্রতিসরিত না হয়ে প্রথম মাধ্যমেই ফিরে আসে। আর এভাবেই ঘটে পূর্ণ অভ্যন্তরীণ প্রতিফলন। আর এর ফলেই সৃষ্টি হয় মরীচিকার।
p-295-a-6,মরিচা হয় কেন?,রসায়ন,1,+4,322,https://www.sciencebee.com.bd/qna/12927/%E0%A6%AE%E0%A6%B0%E0%A6%BF%E0%A6%9A%E0%A6%BE-%E0%A6%B9%E0%A6%AF%E0%A6%BC-%E0%A6%95%E0%A7%87%E0%A6%A8,"['রং', 'মরিচা']",লোহা কঠিন ধাতু। অথচ কত সহজেই মরিচা একে ঘায়েল করে ফেলে। মরিচা লোহার ওপর মারাত্মক প্রভাব ফেলে। ধীরে ধীরে লোহাকে ধ্বংস করে দেয়।মরিচা হল আয়রণ অক্সাইড। আর এটা তৈরি হয় পানি বা জলীয় বাষ্পের সংস্পর্শে। স্বাভাবিক তাপমাত্রায় লোহা পানির সাথে বিক্রিয়া করতে পারে। বিশেষ করে জলীয় বাষ্পের সাথে। লোহা খোলা জায়গায় ফেলে রাখলে এর ওপরের পৃষ্ঠ বাতাসের জলীয় বাষ্পের সংস্পর্শে আসে। জলীয় বাস্পের সাথে লোহা বিক্রিয়া আয়রণ আক্সাইডের জন্ম দেয়। সেই আয়রণ অক্সাইডকেই আমরা মরিচারূপে দেখি।লোহার ওপর সামান্য পানি ফেললেও মরিচা তৈরি হয়। এক্ষেত্রে প্রথমে লোহার পাতের ওপরের স্তর পানির সাথে বিক্রিয়া করে ঘন তরল আয়রণ অক্সাইড জন্ম দেয়। পরে সেই তরল থেকে পানি শুকিয়ে গেলে শুষ্ক মরিচা পড়ে থাকে।মরিচা একবার পড়া শুরু হলে তা দ্রুত গতিতে ছড়িয়ে পড়ে লোহার গায়ে। কারণ শুষ্ক মরিচার জলীয় বাষ্প আকর্ষণ করার ক্ষমতা অনেক বেশি।
p-295-a-7,অপারেটিং সিস্টেম তৈরির জন্য কোন প্রোগ্রামিং ল্যাঙ্গুয়েজ প্রয়োজন?,প্রযুক্তি,2,+5,123,https://www.sciencebee.com.bd/qna/12926/%E0%A6%B2%E0%A7%8D%E0%A6%AF%E0%A6%BE%E0%A6%99%E0%A7%8D%E0%A6%97%E0%A7%81%E0%A6%AF%E0%A6%BC%E0%A7%87%E0%A6%9C,"['প্রোগ্রামিং', 'প্রযুক্তি']","অপারেটিং সিস্টেম তৈরির জন্য সাধারণত সি প্রোগ্রামিং ল্যাঙ্গুয়েজই ব্যবহৃত হয় এবং পরামর্শ দেওয়া হয়। এই কারণে, অপারেটিং সিস্টেম তৈরির জন্য সি শেখা আবশ্যক। তবে অন্যান্য ভাষা যেমন সি ++ এবং পাইথন ব্যবহার করা যেতে পারে।"
p-295-a-8,অপারেটিং সিস্টেম তৈরির জন্য কোন প্রোগ্রামিং ল্যাঙ্গুয়েজ প্রয়োজন?,প্রযুক্তি,2,+5,123,https://www.sciencebee.com.bd/qna/12926/%E0%A6%B2%E0%A7%8D%E0%A6%AF%E0%A6%BE%E0%A6%99%E0%A7%8D%E0%A6%97%E0%A7%81%E0%A6%AF%E0%A6%BC%E0%A7%87%E0%A6%9C,"['প্রোগ্রামিং', 'প্রযুক্তি']","অপারেটিং সিস্টেম এর জন্য C , C++ , C# ব্যাবহার করা হয়েছে । ... যদি পলিগ্লট প্রোগ্রামার হতে চান (অর্থ্যাৎ অনেকগুলো ল্যাঙ্গুয়েজে সমানতালে হাত চালাতে চান) , তবে অবশ্যই সি/সি++ দিয়ে শুরু করুন ।"
p-295-a-9,মশা কি রক্তের স্বাদের উপর নির্ভর করে কামড়ায়?,জীববিজ্ঞান,1,+4,219,https://www.sciencebee.com.bd/qna/12925/%E0%A6%B8%E0%A7%8D%E0%A6%AC%E0%A6%BE%E0%A6%A6%E0%A7%87%E0%A6%B0-%E0%A6%95%E0%A6%BE%E0%A6%AE%E0%A6%A1%E0%A6%BC%E0%A6%BE%E0%A6%AF%E0%A6%BC,"['কারণ', 'মশা', 'রক্ত']","অনেকে মনে করেন, তার রক্ত বুঝি মশার কাছে মিষ্টি লাগে। তাই তাকে মশার কামড় বেশি খেতে হয়। কথাটি কিছুটা সঠিক। বিশেষ রক্তের গ্রুপের মানুষকে মশা একটু বেশিই কামড়ায়। দেখা গেছে, 'ও পজিটিভি' এবং ' ও নেগেটিভ' দুই গ্রুপধারী মানুষকেই মশা বেশি কামড়ায়। গবেষণায় দেখা গেছে, মশা 'ও' গ্রুপের মানুষকে 'এ' গ্রুপের মানুষের চেয়ে দ্বিগুণ কামড়ায়। সুতরাং ও গ্রুপ রক্ত থাকলে সাবধান, দুই হাতে মশা তাড়িয়ে যেতে হবে। এ ছাড়া আর উপায় নেই।"
p-295-a-10,বয়স বাড়লে ভয় কমার কারণ কী?,তত্ত্ব ও গবেষণা,1,+2,101,https://www.sciencebee.com.bd/qna/12919/%E0%A6%AC%E0%A6%BE%E0%A7%9C%E0%A6%B2%E0%A7%87-%E0%A6%95%E0%A6%AE%E0%A6%BE%E0%A6%B0-%E0%A6%95%E0%A6%BE%E0%A6%B0%E0%A6%A3,"['বয়স', 'ভয়']","শারীরিক রোগ নিয়ে বরাবরই &lsquo;অতিরিক্ত&rsquo; চিন্তিত সুমন (ছদ্মনাম)। মনে মনে ভয়ে থাকেন, এই বুঝি কোনো বড় রোগ শরীরে অনাহূতের মতো শরীরে বাসা বেঁধে মৃত্যুর দিকে ঠেলে দেবে। তাই ফাঁক পেলেই রোগ নিয়ে ইউটিউবের নানা হেলথ চ্যানেল দেখা, গুগল করা তাঁর অন্যতম কাজ। সম্প্রতি তাঁর প্রতিবেশী করোনায় আক্রান্ত হয়ে হাসপাতালে ভর্তি হওয়ার পর থেকেই গলাব্যথা যে শুরু হলো, কিছুতেই যেন সেটা কমছে না। নানা মানুষের কাছে নানা ভয়ের কথা শুনে উদ্বেগ বাড়ে আর ধীরে ধীরে যোগ হয় খাবার গিলতে কষ্ট, মাথাব্যথা, বুক ধড়ফড় আর ওজন কমে যাওয়া।দেশে-বিদেশে শরীরের নানা পরীক্ষা করেও চিকিৎসকেরা সবকিছুই তাঁর স্বাভাবিক বললেও উপসর্গগুলা ঠিকই থেকে যায়। সমস্যাগুলো ইদানীং আরও বেড়ে যায় যখন তাঁর বন্ধুবান্ধব তাঁর উপসর্গ শুনে আঁতকে ওঠেন এবং কয়েকজন &lsquo;ক্যানসার&rsquo; হওয়ার আশঙ্কা করেন। কিন্তু সুমনের এ গলাব্যথা, গিলতে সমস্যা, ওজন কমে যাওয়া কি আসলেই কিছু নয়, নাকি কোনো রোগেরই"
p-295-a-11,রকেটে করে মহাকাশে ময়লা ফেললে কী হবে?,চিন্তা ও দক্ষতা,1,+3,"4,697",https://www.sciencebee.com.bd/qna/12917/%E0%A6%B0%E0%A6%95%E0%A7%87%E0%A6%9F%E0%A7%87-%E0%A6%AE%E0%A6%B9%E0%A6%BE%E0%A6%95%E0%A6%BE%E0%A6%B6%E0%A7%87,"['মহাকাশ', 'ময়লা']","মহাকাশে কোন বস্তু রকেটে পাঠাতে প্রতি পাউন্ড এ খরচ হয় ১০ হাজার ডলার বা ৮ লক্ষ ৪০ হাজার টাকা। তাহলে মাহাকাশে এক কেজি ময়লা/প্লাস্টিক পাঠাতে খরচ হবে ১৮ লক্ষ ৪৮ হাজার টাকা। এখন আমি আপনাকে প্রশ্ন করতে চাই, আমরা কেন পৃথিবীর সকল ময়লা/প্লাস্টিক রকেট-এ করে মহাশূন্যে পাঠাই না?তারপরেও আমরা তর্কের খাতিরে ধরে নিলাম পৃথিবীর সব দেশ মহাকাশে সকল ময়লা/প্লাস্টিক পাঠাতে রাজি হয়ে গেল। তখন কি হবে?আমাদের পাঠানো সকল ময়লা/প্লাস্টিকগুলো পৃথিবীর কক্ষপথে ঘুরতে থাকবে ঘণ্টায় ২৮,২০০ কিলোমিটার গতিতে। যা কোন স্যাটালাইট কিংবা স্পেস ক্রাফট কে নষ্ট করে দেয়ার জন্য যথেষ্ট। এগুলোকে বলা হয় স্পেস জাঙ্ক বা স্পেস ডিবরি। নাসার মতে বর্তমানে ৫০,০০০০ মানব সৃষ্ট স্পেস জাঙ্ক পৃথিবীকে প্রদক্ষিণ করছে (যা সৃষ্টি হয়েছে স্যাটালাইট এবং স্পেস ক্রাফটের ধ্বংসাবশেষ থেকে)। বর্তমানে বিজ্ঞানীরা স্পেস জাঙ্ক নিয়ে খুবি আতঙ্কিত, কারণ দিন দিন যদি এভাবে মহাকাশে স্পেস জাঙ্ক বাড়তে থাকে তাহলে আমাদের ভবিষ্যৎ মহাকাশ যাত্রা হুমকির মুখে পরবে।@collected"
p-295-a-12,ফেসবুক না থাকার সুবিধা ও অসুবিধা কী?,প্রযুক্তি,1,+3,150,https://www.sciencebee.com.bd/qna/12915/%E0%A6%AB%E0%A7%87%E0%A6%B8%E0%A6%AC%E0%A7%81%E0%A6%95-%E0%A6%85%E0%A6%B8%E0%A7%81%E0%A6%AC%E0%A6%BF%E0%A6%A7%E0%A6%BE,"['ফেসবুক', 'থাকা', 'সুবিধা', 'অসুবিধা']","সুবিধাসমূহ :প্রতিদিন সকালবেলা উঠে নোটিফিকেশন চেক করতে হবে না।পরের মাসের প্রোফাইল পিকচার কী হবে সেটা নিয়ে ভেবে মরতে হবে না।হাস্যকর সব স্ট্যাটাস দিয়ে ফলোয়ারদের বিনোদনের ব্যবস্থা করতে হবে না।""অমুকের ফলোয়ার ওতো"", ""তমুকের ফ্রেন্ড ওতো"" - এসব না ভাবলেও চলবে।সোশ্যাল মিডিয়ায় ক্রাশ খাওয়ার মতো ঝামেলার ব্যাপার থেকে বেঁচে যাবেন।কোনো অনুষ্ঠানে গেলে সবকিছু ছেড়ে ফেসবুকে পোস্ট করার জন্য সেলফি তুলে মরতে হবে না, আরামসে খানাপিনা করতে পারবেন।ঘুমানোতে অধিক সময় ব্যয় করতে পারবেন।নিজেকে অন্যরকম লাগবে।￼অসুবিধাসমূহ : (সুবিধার সাথে অসুবিধা বোনাস)বন্ধুমহলে ""আউটডেটেড"" হিসেবে বিশেষ পরিচিতি লাভ করবেন।""ভাইরাল"" হওয়া কিছু নিয়ে কেউ আলাপ করতে শুরু করলে মূর্খের মতো তাকিয়ে থাকা ছাড়া আপনার কিছু করার থাকবে না।অর্ধপরিচিত বা নতুন পরিচিত কেউ ফেসবুক আইডি চাইলে লজ্জায় লাল হয়ে যাবেন।দূরের আত্মীয়দের সাথে সম্পর্ক শিথিল হবে।অনেকেই অসামাজিক ভাববে। তাদের কাছে তেমন পাত্তা পাবেন না।কোথাও গেলে যখন সবাই ফেসবুকে ডুব মারবে তখন আপনার কিছু করার থাকবে না।অনেক পুরোনো বন্ধুর মেমোরি থেকে মুছে যাবেন।কারো মোবাইল নম্বর না থাকলে জরুরি ভিত্তিতে যোগাযোগ করা কঠিন হয়ে যাবে।সংগৃহীত"
p-295-a-13,বাংলাদেশে সবচেয়ে কঠিন পেশা কোনটি এবং কেন?,বিবিধ,3,+3,131,https://www.sciencebee.com.bd/qna/12914/%E0%A6%AC%E0%A6%BE%E0%A6%82%E0%A6%B2%E0%A6%BE%E0%A6%A6%E0%A7%87%E0%A6%B6%E0%A7%87-%E0%A6%B8%E0%A6%AC%E0%A6%9A%E0%A7%87%E0%A7%9F%E0%A7%87,"['সবচেয়ে', 'কঠিন', 'পেশা']","জাহাজ ভাঙ্গা অন্যতম ঝুঁকিপূর্ণ পেশা , প্রতি বছরই ১০-১৫ জন মানুষ মারা যায় , এই সেক্টরে অল্প ও নিম্নমানের যন্ত্রপাতি দিয়ে জাহাজ কাটে শ্রমিকরা । তাঁরা কোনধরনের তদন্ত বা পরীক্ষা নিরিক্ষা না করেই জাহাজ কাটা শুরু করে । ফলে রাসায়নিক অথবা তেজস্ক্রিয় দূষণে অতিমাত্রায় ভুগছে তাঁরা। অনেকসময় জাহাজের যন্ত্রপাতি বা স্টিল সিট পরে মৃত্যু হয় শ্রমিকদের ।"
p-295-a-14,বাংলাদেশে সবচেয়ে কঠিন পেশা কোনটি এবং কেন?,বিবিধ,3,+3,131,https://www.sciencebee.com.bd/qna/12914/%E0%A6%AC%E0%A6%BE%E0%A6%82%E0%A6%B2%E0%A6%BE%E0%A6%A6%E0%A7%87%E0%A6%B6%E0%A7%87-%E0%A6%B8%E0%A6%AC%E0%A6%9A%E0%A7%87%E0%A7%9F%E0%A7%87,"['সবচেয়ে', 'কঠিন', 'পেশা']",বর্তমানে বাংলাদেশে জাহাজ ভাঙা শিল্প সবচাইতে ঝুঁকিপূর্ণ ও কঠিন পেশা।
p-295-a-15,বাংলাদেশে সবচেয়ে কঠিন পেশা কোনটি এবং কেন?,বিবিধ,3,+3,131,https://www.sciencebee.com.bd/qna/12914/%E0%A6%AC%E0%A6%BE%E0%A6%82%E0%A6%B2%E0%A6%BE%E0%A6%A6%E0%A7%87%E0%A6%B6%E0%A7%87-%E0%A6%B8%E0%A6%AC%E0%A6%9A%E0%A7%87%E0%A7%9F%E0%A7%87,"['সবচেয়ে', 'কঠিন', 'পেশা']",জাহাজ ভাঙা পেশা বর্তমানে সবথেকে ঝুঁকিপূর্ণ পেশা।ধন্যবাদ।
p-295-a-16,প্রতি মিনিটে ইন্টারনেটে কী হচ্ছে?,প্রযুক্তি,1,+3,76,https://www.sciencebee.com.bd/qna/12912/%E0%A6%87%E0%A6%A8%E0%A7%8D%E0%A6%9F%E0%A6%BE%E0%A6%B0%E0%A6%A8%E0%A7%87%E0%A6%9F%E0%A7%87,"['ইন্টারনেট', 'মিনিটে']","লেখার হেডিং টা পড়তে যদি আপনার দুই সেকেন্ড লাগে ততোক্ষনে অ্যামাজনে ১৩,৩১৮ টি পার্সেল ডেলিভারীর জন্য রেডি হয়ে গেছে। আর এই লেখাটা পড়ে শেষ করতে যদি আপনার এক মিনিট সময় লাগে ততোক্ষনে অনলাইনে বিশ্বজুড়ে ১০ লাখ মার্কিন ডলারের সমপরিমাণ কেনাকাটা হয়ে গেছে! কি অবাক হলেন?বিলিভ ইট অর নটপ্রতি ১ মিনিটে গুগল ২৪ লাখ সার্চ রেজাল্ট দেয়। [ফোর্বস '১৮]এপ্রিল ২০২০ ডোমো'র রিপোর্ট অনুযায়ী-প্রতি ১ মিনিটে অনলাইনে গ্রাহোকরা গড়ে বিশ্বজুড়ে ১০ লাখ মার্কিন ডলার সমপরিমাণে কেনাকাটা করেন।ই-কমার্স জায়ান্ট অ্যামাজন প্রতি ১ মিনিটে ৩৯ লক্ষ ৯ হাজার ৫৪০ টি পার্সেল ডেলিভারির জন্য প্রস্তুত করে।প্রতি ১ মিনিটে ১ লাখ ৫০ হাজার ফেসবুক ব্যবহারকারী নিজেদের মধ্যে বার্তা আদান-প্রদান করে এবং ১ লাখ ৫০ হাজার ছবি প্রতি মিনিটে ফেসবুকে আপলোড করে।হোয়াটস অ্যাপে প্রতি ১ মিনিটে ৪ কোটি ১৬ লাখ ৬৬ হাজার ৬৬৭ জন ব্যবহারকারী বার্তা আদান-প্রদান করে।ইন্সটাগ্রামে ১ মিনিটে ৩ লাখ ৪৭ হাজার ২২২ জন ব্যবহারকারী তাদের স্টোরিতে ছবি আপলোড করে।টুইটারে প্রতি ১ মিনিটে নতুন ৩১৯ জন ব্যবহারকারী যুক্ত হন।ইউটিউবে প্রতি ১ মিনিটে যেসব ভিডিও আপলোড করা হয় তা একসাথে ৩০ হাজার ঘণ্টার বেশি।আর নেটফ্লিক্স এ যেসব ভিডিও প্রতি মিনিটে স্ট্রিমিং করেন ব্যবহারকারীরা তার সম্মিলিত যোগফল ৪ লাখ ৪ হাজার ৪৪৪ ঘণ্টা।লিংকড ইন-এ বিশ্বজুড়ে ১ মবনিটে ৬৯ হাজার ৪৪৪টি চাকরির বিজ্ঞপ্তিতে আবেদন করেন ব্যবহারকারীরা।করোনার কারণে বেশ জনপ্রিয় হয়ে ওঠা জুম-এ প্রতি ১ মিনিটে ২ লাখ ৮ হাজার ৩৩৩ জন ব্যবহারকারী কোন না কোন ভার্চুয়াল সভায় অংশ নেন।জীবনের প্রতিটা সেকেন্ড প্রতিটা মিনিট কত মূল্যবান তা ভাষায় প্রকাশ করা সম্ভব না। উই স্লিপ বাট ডাটা নেভার স্লিপস।Nahid"
p-295-a-17,সূর্যের দিকে বেশিক্ষন তাকিয়ে থেকে অন্যদিকের তাকালে চোখে অন্ধকার এবং ঝাপসা লাগে কেন ?,পদার্থবিজ্ঞান,1,+3,371,https://www.sciencebee.com.bd/qna/12910/%E0%A6%AC%E0%A7%87%E0%A6%B6%E0%A6%BF%E0%A6%95%E0%A7%8D%E0%A6%B7%E0%A6%A8-%E0%A6%85%E0%A6%A8%E0%A7%8D%E0%A6%AF%E0%A6%A6%E0%A6%BF%E0%A6%95%E0%A7%87%E0%A6%B0,"['তাকানো', 'সূর্য']","এই প্রভাবটি দীর্ঘ সময়ের জন্য আপনি যদি যে কোনও ধরণের আলোর উৎসের দিকে তাকিয়ে থাকেন, বা যখন কেউ আপনার ফটো তোলে এবং ক্যামেরার আচমকা ঝলকানির ফলে আপনি আপনার চোখে কিছুক্ষণের জন্য কিছুই দেখতে পান না — তার সাথে খুব মিল রয়েছে।এটি ""ফটো-ব্লিচিং"" নামক একটি প্রভাবের কারণে হয়, এবং এটি আপনার রেটিনার কোষগুলিতে ঘটে, যেটা কিনা আপনার চোখের পিছনের আলোর প্রতি সংবেদনশীল অংশ। এই অংশটি অজস্র এমন কোষের থেকে তৈরী (যাকে রড এবং কোণ বলা হয়), যেগুলি 'আলোর প্রতি সংবেদনশীল' এমন রঙ্গকে ভরা।সাধারণত আপনি আপনার চোখে আসা আলোকে কণা (ফোটন)-এর রূপে গ্রহণ করেন — যা আলোর প্রতি সংবেদনশীল রঙ্গককে, (যাকে 'রেটিনাল' বলা হয়), কিছুটা আলাদা আকারে পরিবর্তন করে কোষগুলিকে উত্তেজিত করে তোলে, এবং সেটা আপনার মস্তিষ্কে বৈদ্যুতিক সংকেত পাঠাতে সাহায্য করে।কিন্তু, যখন আপনি কোনো অত্যন্ত উজ্জ্বল আলো পরখ করেন, যেমন — কোনও ফ্ল্যাশ, একটি জ্বলন্ত বাল্ব, বা আপনি যদি সূর্যের দিকে দীর্ঘক্ষণ তাকিয়ে থাকেন, তখন সেই প্রভাবটি কোষগুলিকে অত্যধিক মাত্রায় উত্তেজিত করে তোলে। ফলে, সেই কোষগুলির শান্ত হতে কিছুক্ষণ সময় লাগে।সেই মুহুর্তে, আপনি অস্থায়ীভাবে সেই নির্দিষ্ট অঞ্চলে ""আলোর রঙ্গক""-টি হারিয়ে ফেলেন, কারণ, সেটি ফটোনের দ্বারা আঘাত পেয়ে ভেঙে যায়; এবং, যখন এটি পুনরায় তৈরী হয়, তখন আপনি আবার স্বাভাবিকভাবে দেখতে পান।কিন্তু, এই রঙ্গকটি পুনরায় তৈরি হওয়ার সময় অত্যধিক এক্সপোজারের কারণে, আপনি চোখে অন্ধকার একটি স্পট বা সবকিছু ঝাপসা দেখতে পান।পুনশ্চ:— কারুর কখনই সরাসরি সূর্যের দিকে তাকানো উচিত নয়। একটি উজ্জ্বল দিনে সূর্যের আলো একটি বাল্বের চেয়ে ৫০০০ গুন বেশি উজ্জ্বল হয়। যখন তেমন উজ্জ্বল কিছু সরাসরি আপনার চোখে পড়ে, তখন তা চোখকে মারাত্মক ক্ষতির দিকে পরিচালিত করে।যেমন একটি ম্যাগনিফাইং গ্লাস সূর্যের রশ্মিকে কোনও জায়গাতে ফোকাস করতে পারে এবং জিনিসগুলিকে পোড়াতে পারে, ঠিক একইভাবে আপনার চোখের লেন্সগুলি রেটিনার দিকে আলোকে ফোকাস করে। যার ফলে, আপনি আপনার দৃষ্টিশক্তি স্থায়ীভাবে হারাতেও পারেন।SHREYOSHI"
p-295-a-18,"সূর্যের আলো অনেক বেশি হলেও, পৃথিবী ও সূর্যের মাঝে মহাকাশে অন্ধকার কেন?",পদার্থবিজ্ঞান,1,+4,194,https://www.sciencebee.com.bd/qna/12908/%E0%A6%B8%E0%A7%82%E0%A6%B0%E0%A7%8D%E0%A6%AF%E0%A7%87%E0%A6%B0-%E0%A6%B8%E0%A7%82%E0%A6%B0%E0%A7%8D%E0%A6%AF%E0%A7%87%E0%A6%B0,"['অন্ধকার', 'পৃথিবী', 'সূর্য']","আমরা তখনই কোনো বস্তু দেখতে পাই, যখন সূর্যের আলো প্রতিফলিত হয়ে আমাদের চোখে এসে পরে।আমরা জানি যে, মহাকাশ অর্থাৎ সূর্য থেকে অন্যান্য গ্রহ বা গ্রহ থেকে গ্রহ, এদের মাঝখানে মহাশূন্য। যার মানে হলো এমন কোনোকিছু নেই যার থেকে আলো প্রতিফলিত হয়ে আমাদের চোখে আসতে পারে। যাতে আমরা দেখবো। যদি থাকতো, তাহলে আমরা অবশ্যই দেখতাম। যেমনটা আমরা চাঁদ দেখি।যেহেতু সেখানে কিছুই নেই, যার থেকে আলো প্রতিফলিত হয়ে ঐ স্থানটাকে আলোকিত করবে। সুতরাং এটাই স্বাভাবিক যে, সেখানে অন্ধকার ছাড়া আর কিছুই থাকতে পারে না। এই কারণেই পৃথিবী এবং সূর্যের মাঝখানে মহাকাশ অন্ধকার দেখায়।MAHFUJ"
p-295-a-19,কখনও যদি আলোর গতির চেয়ে দ্রুততর মানবযান তৈরি করা সম্ভব হয় তাহলে কি মানুষ ভবিষ্যত পরিভ্রমণে সক্ষম হবে?,পদার্থবিজ্ঞান,1,+5,188,https://www.sciencebee.com.bd/qna/12907/%E0%A6%AD%E0%A6%AC%E0%A6%BF%E0%A6%B7%E0%A7%8D%E0%A6%AF%E0%A6%A4-%E0%A6%AA%E0%A6%B0%E0%A6%BF%E0%A6%AD%E0%A7%8D%E0%A6%B0%E0%A6%AE%E0%A6%A3%E0%A7%87,"['আলো', 'বেগ', 'দ্রুত', 'জোরে']","থট এক্সপেরিমেন্টের জন্য ধরে নেই যে আলোর গতির চেয়ে দ্রুতগতির মহাকাশযান তৈরি করা সম্ভব হলো। তবে সম্ভব হওয়ার জন্য প্রয়োজন হবে ইমাজিনারি ভর, ঋনাত্বক শক্তি। ইমাজিনারি ভরযুক্ত কনা এখনো আবিস্কার হয়নি, এর নাম ট্যাকিয়ন।কিন্তু যদি এসব হয়, তখন কিন্তু আমরা ভবিষ্যতে যেতে পারব না। ভর ইমাজিনারি হলে টাইম ডায়ালেশন ইমাজিনারি হবে।তবে ভবিষ্যতে যাওয়ার জন্য আলোর গতির বেশি গতি প্রয়োজন হয়না। মোটামুটি গতি হলেই হবে, গতি কম তো ইফেক্ট কম। এক্ষেত্রে ধনাত্মক টাইম ডায়ালেশন হবে। এমন হবে যে,  আপনি রকেটে চড়ে মহাকাশে ১ বছর কাটালেন। পৃথিবীতে এসে দেখলেন ১৫ বছর কেটে গেছে।"
p-295-a-20,পরীক্ষাগারে বা কৃত্রিমভাবে কি হীরা (ডায়মন্ড) তৈরি করা সম্ভব?,পদার্থবিজ্ঞান,1,+3,283,https://www.sciencebee.com.bd/qna/12905/%E0%A6%AA%E0%A6%B0%E0%A7%80%E0%A6%95%E0%A7%8D%E0%A6%B7%E0%A6%BE%E0%A6%97%E0%A6%BE%E0%A6%B0%E0%A7%87,"['হীরা', 'তৈরী']","হ্যা পরীক্ষাগারে /কৃত্রিমভাবে হীরা বানানো সম্ভব। এই হীরা Lab created diamonds, engineered diamonds, cultured diamonds, synthetic diamonds নামে পরিচিত।মূলত বাজারে এখন যে হীরা পাওয়া যায় তার বেশিরভাগ synthetic diamond। আসল হীরার সাথে এদের গঠনগত তেমন পার্থক্য নেই।Synthetic diamond এর জনপ্রিয়তা বাড়ার অন্যতম কারন হচ্ছে Movie: Blood Diamond । এই মুভিতে দেখানো হয়েছে কিভাবে পিওর ডায়ামন্ড আপনার আঙুলে পৌছানো হয়, কত রক্তের বিনিময়ে।Synthetic Diamonds এর প্রাইজ ৩০% কম অরিজিনাল থেকে।এখন আপনি কিভাবে বুঝবেন একটি হীরা অরিজিনাল নাকি Synthetic?এটা চোখে দেখে বা হাতে ধরে বুঝতে পারবেন না। যে কোম্পানিগুলো synthetic বানায় তারা সীল করে দেয়। আর বড় বড় জুয়েলার্সে লেজার মেশিন,IIa থাকে যার মাধ্যমে তারা বুঝতে পারে আসল না Synthetic .এটা ল্যাবে বানানো হয় বলে Synthetic Diamond এর প্রাইজ এত ও কম না। ভালই দাম। ল্যাবে ভালই খরচ হয় এই ডায়ামন্ড বানাতে।SHAHJALAL"
p-295-a-21,বুলেটপ্রুফ পোশাক তৈরি করতে কোন পদার্থ ব্যবহৃত হয় ?,পদার্থবিজ্ঞান,1,+3,523,https://www.sciencebee.com.bd/qna/12903/%E0%A6%AC%E0%A7%81%E0%A6%B2%E0%A7%87%E0%A6%9F%E0%A6%AA%E0%A7%8D%E0%A6%B0%E0%A7%81%E0%A6%AB,"['বুলেট', 'প্রুফ']","ধাতব প্লেট বা সিরামিক একটি কমন আইডিয়া। আর সত্যি কথা হলো কাছ থেকে শ্যুট করা হলে ধাতব প্লেট কোন কাজেই লাগবে না। বুলেটের গতি খানিকটা কমলেও কখনোই ভেতরে ঢুকে আাঘাত না করার মত কম হবে না।ফলে এ কাজে যার ব্যাবহার সবার আগে প্রণিধানযোগ্য সেটা হলো এর ফ্রেব্রিক। এতে এমন এক বিশেষ ফ্রেব্রিক ব্যাবহার করা হয়, যেটি আঘাতের ঘাত বলটাকে সমস্ত ভেস্টে ছড়িয়ে দেয়। মানে একবিন্দুতে বল প্রয়োগ হলেই সেটা তীব্র হয়, সেজন্য আঘাতটাকে পুরো ভেস্টে ছড়িয়ে দেয়া। এই ধরণের ফ্রেব্রিককে ব্যালাস্টিক ফেব্রিক বলা হয়। ১৯৮৯ সাল পর্যন্ত এই কাজের জন্য কেভলার নামে একটি ফেব্রিক ব্যাবহৃগ হতো। পরবর্তীতে Allied signal কোম্পানি স্পেকট্রা নামে নতুন একটি ফেব্রিক তৈরী করে। মূলত এই ফ্রেব্রিকগুলোই বুলেটপ্রুফ জ্যাকেটের প্রাণভোমরা।ছবিঃ kevlar fabric.ছবিঃ spectra fabric.প্রশ্ন উঠেছে, তাহলে সৈনিকরা মারা যায় কেন? বুলেট বিভিন্ন ধরণের হয়। একেক ধরনের বুলেট একেক ধরণের বন্দুকে ব্যাবহৃত হয়। এমনকি Armour Piercing bullet ও আছে। মানে এগুলো সাধারণ মানের ভেস্টকে ভেদ করে চলে যেতে পারে। আপাতত এখানে দেখে নিন নানা আকারের ও ধরণের বুলেট।ছবিঃ গুগল থেকে সংগ্রিহীতসাধারণত ভেস্ট বা অবস্টাকল ভেদ করে যাবার জন্য বুলেটের শক্তি বাড়ানো হয়। মানে হলো ভেতরে গানপাউডার বেশি দেয়া হয়।বুলেটের এই শক্তিকে ক্যালিবার এককে পরিমাপ করা হয়৷ ক্যালিবার মানে হলো বুলেটের আকার আকৃতি। এটাকে প্রধানত মিলিমিটার এককে লেখা হয়। যেমন, ৪.৭ ক্যালিবার মানে হলো বুলেটের দৈর্ঘ্য ৪.৭ মিলিমিটার। এখন আপনারা ভাবছেন, এত ছোট বুলেট হয় নাকি! হ্যা, হয়। বুলেট বলতে আপনারা যেটাকে বোঝেন সেটা কিন্তু নয়! ছবিটায় খেয়াল করুন।ছবিঃ গুগল থেকে সংগৃহীতবুলেট হলো শুধু উপরের ধাতুর টুকরোটা।তার নিচে যেগুলোকে পাউডার বলে ইন্ডিকেট করা হয়েছে সেগুলো মূলত গান পাউডার। ক্যালিবার বলতে বুঝানো হয় শুধু বুলেটের সাইজ।এখন বলুন তো, বুলেটের শক্তি কিভাবে বাড়ানো হয়? ঠিক ধরেছেন। গান পাউডার বেশী দেয়া হয় যার ফলে বুলেট লম্বা হয়। এই বাড়তি শক্তির বুলেটের জন্য সাধারণ বুলেটপ্রুফ ভেস্ট কি যথেষ্টহবে?অবশ্যই না!এই জিনিস থেকে বাঁচার জন্য ব্যালাস্টিক জেল ব্যাবহার করা হয় ভেতরে।ছবিতে দেখুন কিভাবে ব্যালাস্টিক জেল বুলেটটিকে আটকে দিলো।আর হ্যা, অবশ্যই ধাতব পাত ব্যাবহার করা হয়, তবে বর্তমানে ওজনে কম হওয়ায় কম আঘাতের জন্য ব্যালাস্টিক জেল ব্যাবহার করা হয়।এখন বুঝতে পারলেন তো?হ্যা, আপনি যা ভাবছেন তাই। যদি বুলেটের শক্তিমত্তা ভেস্টের এই সমস্ত শক্তিমত্তাকে অতিক্রম করতে পারে, তবেই বুলেট সৈনিককে আঘাত করবে। এবং যুদ্ধক্ষেত্রে সবাই তো আর ভালো জ্যাকেট পায় না, বা সেটা সম্ভবও নয়৷ বিশেষত দামের কারণে। তাই মৃত্যুর ঘটনা ঘটে। তাছাড়া হেডশট বা মাথায় গুলি লাগলে কিছু করার নেই, বোমা বিস্ফোরণ হলে ভেস্ট কিছু করতে পারে নাNURUL"
p-295-a-22,সিঁদুর কি কোনো রাসায়নিক পদার্থ? সিঁদুর কিভাবে তৈরি করা হয়?,রসায়ন,6,+21,"704,947",https://www.sciencebee.com.bd/qna/12901/%E0%A6%B8%E0%A6%BF%E0%A6%81%E0%A6%A6%E0%A7%81%E0%A6%B0-%E0%A6%B0%E0%A6%BE%E0%A6%B8%E0%A6%BE%E0%A7%9F%E0%A6%A8%E0%A6%BF%E0%A6%95,"['সিঁদুর', 'রাসায়নিক', 'পদার্থ']","সিঁদুর একটি অম্লীয় বা এসিড জাতীয় পদার্থ। রক্তলাল রঙের এই পদার্থের রাসায়নিক সংকেত- Pb3O4Pb3O4। এর বহুল প্রচলিত রাসায়নিক নাম হলো প্লাম্বাসো প্লাম্বিক এসিড। এছাড়া একে লেড (II, IV) অক্সাইড এবং ট্রাইলেড টেট্রাঅক্সাইডও বলা হয়। লাল রঙের হওয়ায় একে ইংরেজিতে Red Lead ও বলা হয়ে থাকে। এগুলো ছাড়াও এর আরো প্রায় ১০ টি Chemical Synonym রয়েছে । এটি মূলত সীসার একটি অক্সাইড যৌগ। এর আণবিক গঠন জটিল ধরণের। এর গলনাংক ৫৫০°C তাপমাত্রার অধিক । এটি পানিতে অদ্রবণীয় কিন্ত এসিডে আংশিক দ্রবণীয়। এর গাঠনিক সংকেত , দ্বিমাত্রিক গঠন  ও ত্রিমাত্রিক গঠন  চিত্র যথাক্রমে নিচের ন্যায় -চিত্র --- সিঁদুরের আণবিক গঠনল্যাবরেটরিতে সিঁদুর তৈরির দুটি পদ্ধতি রয়েছে। একটি পদ্ধতিতে লেড অক্সাইড বা লেড অক্সাইড ও লেড গুঁড়োর মিশ্রণ কে 450- 470°C তাপমাত্রায় উত্তপ্ত করার মাধ্যমে। অন্য একটি পদ্ধতিতে লেড মনোক্সাইডকে 450–500°C তাপমাত্রায় বায়ুর উপস্থিতিতে উত্তপ্ত করার মাধ্যমে এই সিঁদুর তৈরি করা যায়।চিত্র - সিঁদুর বা 98% লেড অক্সাইডসিঁদুর বা Pb3O4Pb3O4 এর জন্য GHS (Globally Harmonized System) Signal Word হলো Danger  এবং এটি কে নিম্নোক্ত Hazards দ্বারা বর্ণনা করা হয়েছেIrritantBioazardOxidizerChemical Health Hazardতবে ভেষজ সিঁদুর, যেগুলোতে কৃত্রিমভাবে মার্কারি বা লেড মিশানো হয়না, সেগুলোর জন্য উপরোক্ত বিপদ সংকেত গ্রহণযোগ্য নয়। কেননা এসব Hazard Cautions মূলত কৃত্রিমভাবে মিশানো মার্কারি বা লেড এর কারণে প্রযোজ্য হয়। তাই এসব ভেষজ সিঁদুর নিশ্চিন্তে ব্যবহার করা যায়।মূল উত্তরদাতা:নাঈম উদ্দীন তাহসিন (Nayeem Uddin Tahsin)"
p-295-a-23,সিঁদুর কি কোনো রাসায়নিক পদার্থ? সিঁদুর কিভাবে তৈরি করা হয়?,রসায়ন,6,+21,"704,947",https://www.sciencebee.com.bd/qna/12901/%E0%A6%B8%E0%A6%BF%E0%A6%81%E0%A6%A6%E0%A7%81%E0%A6%B0-%E0%A6%B0%E0%A6%BE%E0%A6%B8%E0%A6%BE%E0%A7%9F%E0%A6%A8%E0%A6%BF%E0%A6%95,"['সিঁদুর', 'রাসায়নিক', 'পদার্থ']","সিঁদুর হলো সনাতন ধর্মের এক অবিচ্ছেদ্য অংশ। বিভিন্ন ধর্মীয় আচার-অনুষ্ঠানে এর যথেষ্ট ব্যবহার রয়েছে। আর সনাতন ধর্মাবলম্বী নারীদের বিয়ের সময় সিঁদুরের অপরিহার্যতা তো কারো অজানা নয়। এছাড়া এ ধর্মে সিঁদুরের বিশেষ আধ্যাত্মিক গুরুত্ব থাকায় সাধু-সন্ন্যাসীদেরও কপালে বিশেষ পদ্ধতিতে সিঁদুর দিতে দেখা যায়। কিছু বিশেষজ্ঞ মনে করেন , কপালে সিঁদুর পড়লে এটি ঐ জায়গায় থাকা নার্ভ শান্ত রাখে এবং পিটুইটারি গ্রন্থির কার্যক্রমে পরোক্ষ সাহায্য করে। তবে তা কেবল সিঁদুর গাছ[1]হতে পাওয়া বা ঘরোয়াভাবে তৈরি স্বাস্থ্যকর ভেষজ সিঁদুরের ক্ষেত্রে প্রযোজ্য, বাজারে থাকা মার্কারিযুক্ত সিঁদুরের জন্য নয় কারণ এটি অনেক সময় স্বাস্থ্যের ক্ষতি করে।সিঁদুর একটি অম্লীয় বা এসিড জাতীয় পদার্থ। রক্তলাল রঙের[2] এই পদার্থের রাসায়নিক সংকেত- Pb3O4Pb3O4। এর বহুল প্রচলিত রাসায়নিক নাম হলো প্লাম্বাসো প্লাম্বিক এসিড। এছাড়া একে লেড (II, IV) অক্সাইড এবং ট্রাইলেড টেট্রাঅক্সাইডও বলা হয়। লাল রঙের হওয়ায় একে ইংরেজিতে Red Lead ও বলা হয়ে থাকে। এগুলো ছাড়াও এর আরো প্রায় ১০ টি Chemical Synonym রয়েছে[3]। এটি মূলত সীসার একটি অক্সাইড যৌগ। এর আণবিক গঠন জটিল ধরণের। এর গলনাংক ৫৫০°C তাপমাত্রার অধিক[4] । এটি পানিতে অদ্রবণীয় কিন্ত এসিডে আংশিক দ্রবণীয়[5]। এর গাঠনিক সংকেত[6] , দ্বিমাত্রিক গঠন[7] ও ত্রিমাত্রিক গঠন [8] চিত্র যথাক্রমে নিচের ন্যায় -চিত্র --- সিঁদুরের আণবিক গঠনল্যাবরেটরিতে সিঁদুর তৈরির দুটি পদ্ধতি রয়েছে। একটি পদ্ধতিতে লেড অক্সাইড বা লেড অক্সাইড ও লেড গুঁড়োর মিশ্রণ কে 450- 470°C তাপমাত্রায় উত্তপ্ত করার মাধ্যমে। অন্য একটি পদ্ধতিতে লেড মনোক্সাইডকে 450–500°C তাপমাত্রায় বায়ুর উপস্থিতিতে উত্তপ্ত করার মাধ্যমে এই সিঁদুর তৈরি করা যায়[9] ।সিঁদুর বা Pb3O4Pb3O4 এর জন্য GHS (Globally Harmonized System) Signal Word হলো Danger [10] এবং এটি কে নিম্নোক্ত Hazards দ্বারা বর্ণনা করা হয়েছে[11]-Irritant[12]Bioazard[13]Oxidizer[14]Chemical Health Hazard [15][16]তবে ভেষজ সিঁদুর, যেগুলোতে কৃত্রিমভাবে মার্কারি ( পারদ ) বা লেড (সীসা ) মিশানো হয়না, সেগুলোর জন্য উপরোক্ত বিপদ সংকেত গ্রহণযোগ্য নয়। কেননা এসব Hazard Cautions মূলত কৃত্রিমভাবে মিশানো মার্কারি বা লেড এর কারণে প্রযোজ্য হয়। তাই এসব ভেষজ সিঁদুর নিশ্চিন্তে ব্যবহার করা যায়।মূল উত্তর-https://bn.quora.com/%E0%A6%B8%E0%A6%BF%E0%A6%81%E0%A6%A6%E0%A7%81%E0%A6%B0-%E0%A6%95%E0%A6%BF-%E0%A6%95%E0%A7%8B%E0%A6%A8%E0%A7%8B-%E0%A6%B0%E0%A6%BE%E0%A6%B8%E0%A6%BE%E0%A7%9F%E0%A6%A8%E0%A6%BF%E0%A6%95/answers/236629093?ch=10&share=bdf0fe6e&srid=uJd9yI"
p-295-a-24,সিঁদুর কি কোনো রাসায়নিক পদার্থ? সিঁদুর কিভাবে তৈরি করা হয়?,রসায়ন,6,+21,"704,947",https://www.sciencebee.com.bd/qna/12901/%E0%A6%B8%E0%A6%BF%E0%A6%81%E0%A6%A6%E0%A7%81%E0%A6%B0-%E0%A6%B0%E0%A6%BE%E0%A6%B8%E0%A6%BE%E0%A7%9F%E0%A6%A8%E0%A6%BF%E0%A6%95,"['সিঁদুর', 'রাসায়নিক', 'পদার্থ']","খুবই সুন্দর একটি প্রশ্ন, ভাইয়া।প্রশ্নটি চিন্তা করার জন্য ধন্যবাদ।সিঁদুর এসিডক পদার্থ। রক্তলাল রঙের এই পদার্থের রাসায়নিক সংকেত হলো Pb3O4।এর বহুল প্রচলিত রাসায়নিক নাম হলো প্লাম্বাসো প্লাম্বিক এসিড। এছাড়া একে লেড অক্সাইড এবং ট্রাইলেড টেট্রাঅক্সাইডও বলা হয়। একে Red Lead ও বলা হয়ে থাকে। এটি মূলত সীসার একটি অক্সাইড উপাদান । এর আণবিক গঠন বেশ জটিল। এর গলনাংক 560°C এর অধিক। এটি এসিডে আংশিক দ্রবণীয়।এর গাঠন দ্বিমাত্রিক ও ত্রিমাত্রিক ধরনের । ল্যাবে মূলত দুটি পদ্ধতি ব্যবহার করে সিঁদুর তৈরি করা যায় । একটিতে লেড অক্সাইড বা লেড অক্সাইড ও লেড গুঁড়োর মিশ্রণ কে মোটামুটি 450- 470°C তাপমাত্রায় উত্তপ্ত করার মাধ্যমে। অন্যটিতে লেড মনোক্সাইডকে মোটামুটি 450–500°C তাপমাত্রায় বায়ুর উপস্থিতিতে উত্তপ্ত করার মাধ্যমে এই সিঁদুর তৈরি করা যায় ।আপনাকে আবারও ধন্যবাদ, ভাইয়া।"
p-295-a-25,সিঁদুর কি কোনো রাসায়নিক পদার্থ? সিঁদুর কিভাবে তৈরি করা হয়?,রসায়ন,6,+21,"704,947",https://www.sciencebee.com.bd/qna/12901/%E0%A6%B8%E0%A6%BF%E0%A6%81%E0%A6%A6%E0%A7%81%E0%A6%B0-%E0%A6%B0%E0%A6%BE%E0%A6%B8%E0%A6%BE%E0%A7%9F%E0%A6%A8%E0%A6%BF%E0%A6%95,"['সিঁদুর', 'রাসায়নিক', 'পদার্থ']",খুবই সুন্দর একটি প্রশ্ন।প্রশ্নটি চিন্তা করার জন্য ধন্যবাদ।সিঁদুর এসিডক পদার্থ। রক্তলাল রঙের এই পদার্থের রাসায়নিক সংকেত হলো Pb3O4।এর বহুল প্রচলিত রাসায়নিক নাম হলো প্লাম্বাসো প্লাম্বিক এসিড। এছাড়া একে লেড অক্সাইড এবং ট্রাইলেড টেট্রাঅক্সাইডও বলা হয়। একে Red Lead ও বলা হয়ে থাকে। এটি মূলত সীসার একটি অক্সাইড উপাদান । এর আণবিক গঠন বেশ জটিল। এর গলনাংক 560°C এর অধিক। এটি এসিডে আংশিক দ্রবণীয়।এর গাঠন দ্বিমাত্রিক ও ত্রিমাত্রিক ধরনের । ল্যাবে মূলত দুটি পদ্ধতি ব্যবহার করে সিঁদুর তৈরি করা যায় । একটিতে লেড অক্সাইড বা লেড অক্সাইড ও লেড গুঁড়োর মিশ্রণ কে মোটামুটি 450- 470°C তাপমাত্রায় উত্তপ্ত করার মাধ্যমে। অন্যটিতে লেড মনোক্সাইডকে মোটামুটি 450–500°C তাপমাত্রায় বায়ুর উপস্থিতিতে উত্তপ্ত করার মাধ্যমে এই সিঁদুর তৈরি করা যায় ।
p-295-a-26,সিঁদুর কি কোনো রাসায়নিক পদার্থ? সিঁদুর কিভাবে তৈরি করা হয়?,রসায়ন,6,+21,"704,947",https://www.sciencebee.com.bd/qna/12901/%E0%A6%B8%E0%A6%BF%E0%A6%81%E0%A6%A6%E0%A7%81%E0%A6%B0-%E0%A6%B0%E0%A6%BE%E0%A6%B8%E0%A6%BE%E0%A7%9F%E0%A6%A8%E0%A6%BF%E0%A6%95,"['সিঁদুর', 'রাসায়নিক', 'পদার্থ']",সিঁদুর অবশ্যই একটি রাসায়নিক পদার্থ।এটি রাসায়নিক নাম :&mdash; মারকিউরিক সালফাইড(HgS)মার্কারি লবণের সঙ্গে হাইড্রোজেন সালফেট এর বিক্রিয়ায় কালো রঙের মেটাসিনাবার অধঃক্ষিপ্ত হয়। এরপর ওই মেটাসিনাবারকে জল সহযোগে সোডিয়াম সালফাইডের এর উপস্থিতিতে ফোটানো হয় এবং জল নিরুদন এর মাধ্যমে সিঁদুর প্রস্তুত করা হয়ে থাকে।
p-295-a-27,সিঁদুর কি কোনো রাসায়নিক পদার্থ? সিঁদুর কিভাবে তৈরি করা হয়?,রসায়ন,6,+21,"704,947",https://www.sciencebee.com.bd/qna/12901/%E0%A6%B8%E0%A6%BF%E0%A6%81%E0%A6%A6%E0%A7%81%E0%A6%B0-%E0%A6%B0%E0%A6%BE%E0%A6%B8%E0%A6%BE%E0%A7%9F%E0%A6%A8%E0%A6%BF%E0%A6%95,"['সিঁদুর', 'রাসায়নিক', 'পদার্থ']",সিঁদুর অবশ্যই একটি রাসায়নিক পদার্থ। এটি একটি অম্লীয় বা এসিড জাতীয় পদার্থ। রক্তলাল রঙের এই পদার্থের রাসায়নিক সংকেত- Pb3O4 । এর বহুল প্রচলিত রাসায়নিক নাম হলো প্লাম্বাসো প্লাম্বিক এসিড।
p-295-a-28,"ধমনী যেখানে শেষ হয়, সেখানে কৈশিক জালিকা থাকে। কৈশিক জালিকা থেকে শিরা তৈরি হয়। কিন্তু কিডনিতে কৈশিক জালিকা থেকে শিরা না তৈরি হয়ে গ্লোমেরুলাস তৈরি হয় কেন?",জীববিজ্ঞান,1,+2,402,https://www.sciencebee.com.bd/qna/12899/%E0%A6%97%E0%A7%8D%E0%A6%B2%E0%A7%8B%E0%A6%AE%E0%A7%87%E0%A6%B0%E0%A7%81%E0%A6%B2%E0%A6%BE%E0%A6%B8,"['ধমনী', 'শিরা']","সাধারণভাবে ধমনি থেকে শিরায় রক্ত যেতে ধমনী> উপধমনী> কৈশিক জালিকা> উপশিরা> শিরা এভাবে যায়। কৈশিকজালিকা দিয়ে যেতে অক্সিজেন ও নিউট্রিয়েন্টগুলো উচ্চচাপের কারনে বের হয়ে কোষে পৌঁছে আর কোষ থেকে কার্বন ডাই অক্সাইড, অন্য বর্জগুলো নিম্নচাপ অঞ্চলের শিরায় পৌঁছে।কিডনিতে কৈশিক জালিকা একটা আছে, একে পেরিটিউবিউলার ক্যাপিলারী বলে। কিডনিতে গ্লোমেরুলাস নিজে ক্যাপিলারীর কাজ করে, কিন্তু অধিকাংশ কৈশিকজালিকার মতো গ্লোমেরুলার কৈশিকজালিকা উপশিরায় না মিশে নির্গমনি উপধমনীতে মিলিত হয়।কারন উপশিরার রেজিস্টেন্স কম, উপধমনীতে রক্তের রেজিস্টেনস বেশি থাকায় উচ্চ চাপে গ্লোরেলাসের বর্জ্য সুক্ষ্মভাবে নিঃ সরন হবে। এতে মুত্র তৈরি হয়ে বর্জ্য বের হবে যা কিডনীর প্রধানতম কাজ।SHAMS"
