id,question,question_category,number_of_answer,number_of_vote,number_of_view,answer_link,question_tag,answer
p-241-a-0,পেঁপের ভিতরে পেঁপে কীভাবে হয়?,জীববিজ্ঞান,1,+1,"3,736",https://www.sciencebee.com.bd/qna/15576/%E0%A6%AA%E0%A7%87%E0%A6%81%E0%A6%AA%E0%A7%87%E0%A6%B0-%E0%A6%95%E0%A7%80%E0%A6%AD%E0%A6%BE%E0%A6%AC%E0%A7%87,"['পেঁপে', 'ভিতরে']",পেঁপের ভিতর পূর্ণাঙ্গ পেঁপে কোনও অবাক করার মতো ঘটনা নয়। এটাকে বলা হয় ফ্রুট ডিফর্মেশন। ফুলের পুংকেশর ও গর্ভকেশরের গঠনগত বিচ্যুতির ফলেই এই ধরণের ঘটনা ঘটে থাকে। পুংকেশরের এই ধরনের অস্বাভাবিক আচরণকে বলা হয় পুংকেশরীয় গর্ভপত্রায়ণ। পরিবেশগত কারণে মাটি এবং বায়ুমণ্ডলের আদ্রতা উচ্চহারে বৃদ্ধি পেলে মাটিতে নাইট্রোজেনের আধিক্য ঘটে। তখনই পেঁপে ফুলের মোট ১০টি পুংকেশরের মধ্যে কয়েকটি গর্ভপত্রে রূপান্তরিত হয়ে প্রধান ডিম্বাশয়ের গায়ে অবিচ্ছিন্নভাবে যুক্ত হয়ে যায়। এর ফলেই ফলের গঠনগত পরিবর্তন (ফ্রুট ডিফর্মেশন) দেখা যায়।তথ্যসূত্র : ইন্ডিয়া টাইমস
p-241-a-1,টর্চ লাইট হতে নিঃসৃত আলোর বেগ কত?,পদার্থবিজ্ঞান,2,+2,274,https://www.sciencebee.com.bd/qna/15574/%E0%A6%9F%E0%A6%B0%E0%A7%8D%E0%A6%9A-%E0%A6%A8%E0%A6%BF%E0%A6%83%E0%A6%B8%E0%A7%83%E0%A6%A4,"['টর্চ', 'লাইট']","টর্চ থেকে নির্গত আলো বাতাসের মধ্য দিয়ে যাবে ৷ বায়ুশূন্য স্থানে আলোর যা বেগ, বাতাসে তার চেয়ে সামান্য কম হবে ৷শূন্য মাধ্যমে বেগ = 29,97,92458 কিমি/সেবায়ুতে আলোর বেগ = 29,97,02.547 কিমি/সেতাই টর্চ, বৈদ্যুতিক বাল্ব, আগুন এই সব থেকে নির্গত আলোর বেগ হবে 29,97,02.547 কিমি/সেকেন্ড কারণ এই তিন ক্ষেত্রেই আলো বাতাসের মধ্য দিয়ে যাচ্ছে ৷- রাশিক আজমাইন"
p-241-a-2,টর্চ লাইট হতে নিঃসৃত আলোর বেগ কত?,পদার্থবিজ্ঞান,2,+2,274,https://www.sciencebee.com.bd/qna/15574/%E0%A6%9F%E0%A6%B0%E0%A7%8D%E0%A6%9A-%E0%A6%A8%E0%A6%BF%E0%A6%83%E0%A6%B8%E0%A7%83%E0%A6%A4,"['টর্চ', 'লাইট']","কোনো পার্থক্য নেই! সূর্যের আলোর গতি আর টর্চ লাইটের আলোর গতিবেগ একই। সূর্য হোক বা টর্চ- আলো টা আলো ই। যেমন কোনো খাবার , সেটা খাবারই। হিন্দু-মুসলিম, গরীব-বড়লোক এর খাবার আলাদা হয় না।তবে ""গতি"" বাদ দিয়ে প্রশ্নটা করলে দুটো লাইটের মধ্যে বিস্তর ফারাক আছে। যেমন সূর্যের আলো একটা বড় স্পেকট্রাম জুড়ে থাকে। মানে অজস্র তরঙ্গদৈর্ঘ্যের আলো থাকে। আল্ট্রাভাওলেট থেকে শুরু করে দৃশ্যমান থেকে একদম ফার ইনফ্রারেড, মাইক্রোওয়েভ, শর্ট ওয়েভ ইত্যাদি পর্যন্ত।"
p-241-a-3,অপটিক্যাল ফাইবার ক্যাবল কী?,প্রযুক্তি,3,+2,243,https://www.sciencebee.com.bd/qna/15572/%E0%A6%85%E0%A6%AA%E0%A6%9F%E0%A6%BF%E0%A6%95%E0%A7%8D%E0%A6%AF%E0%A6%BE%E0%A6%B2-%E0%A6%AB%E0%A6%BE%E0%A6%87%E0%A6%AC%E0%A6%BE%E0%A6%B0,"['এইচএসসি-আইসিটি', 'অপটিক্যাল', 'ফাইবার', 'ক্যাবল']","অপটিক্যাল ফাইবার (Optical fiber) একধরনের পাতলা, স্বচ্ছ তন্তু বিশেষ, সাধারণত কাচ অথবা প্লাস্টিক দিয়ে বানানো হয়, যা আলো পরিবহনে ব্যবহৃত হয়। ফাইবার অপটিকস ফলিত বিজ্ঞান ও প্রকৌশলের সেই শাখা যা এই অপটিক্যাল ফাইবার বিষয়ে আলোচনা করে।অপটিক্যাল ফাইবার দিয়ে লম্বা দুরত্বে অনেক কম সময়ে বিপুল পরিমাণ তথ্য পরিবহন করা যায়। অপটিক্যাল ফাইবারের আরো অনেক সুবিধার মধ্যে উল্লেখযোগ্য হলো- এই ব্যবস্থায় তথ্য পরিবহনে তথ্য ক্ষয় কম হয়, তড়িৎ-চুম্বকীয় প্রভাব থেকে মুক্ত ইত্যাদি।অপটিক্যাল ফাইবার সাধারণত টেলিযোগাযোগের ক্ষেত্রে বহুল ব্যবহৃত হচ্ছে। এছাড়া আলোকসজ্জা, সেন্সর ও ছবি সম্পাদনার কাজেও বর্তমানে ব্যবহৃত হচ্ছে।"
p-241-a-4,অপটিক্যাল ফাইবার ক্যাবল কী?,প্রযুক্তি,3,+2,243,https://www.sciencebee.com.bd/qna/15572/%E0%A6%85%E0%A6%AA%E0%A6%9F%E0%A6%BF%E0%A6%95%E0%A7%8D%E0%A6%AF%E0%A6%BE%E0%A6%B2-%E0%A6%AB%E0%A6%BE%E0%A6%87%E0%A6%AC%E0%A6%BE%E0%A6%B0,"['এইচএসসি-আইসিটি', 'অপটিক্যাল', 'ফাইবার', 'ক্যাবল']","অপটিক্যাল ফাইবার বা অপটিক ফাইবার হচ্ছে একটি স্বচ্ছ তন্তু বা আশ । যার সাহয্যে আলো সহজেই পরিবহন করতে পারে।এই অপটিক ফাইবার অনেক পাতলা ও চিকন হয়ে থাকে, অনেকটা চুলের মতো। এটি সাধরনত তৈরি হয় কাচঁ অথবা প্লাস্টিক এর সাহায্যে।যার ভিওর দিয়ে আলো এক প্রান্ত হতে অন্য প্রান্তে সহজেই যেতে পারে।এই অপটিক্যাল ফাইবার আলোর গতিতে তথ্য আদান প্রদান করে থাকে।আর এই জন্য এই ক্যাবল এর ডাটা ট্রান্সমিট স্পিড ,অনান্য ক্যাবল এর থেকে অনেক বেশি হয়ে থাকে। কারন আমরা জানি, আলো প্রতি সেকেন্ডে ২৯৯,৭৯২,৪৫৮ মিটার যেতে পারে।আর এই ক্যাবল সমান গতিতে তথ্য আদান প্রদান করতে পারে। কয়েক হাজার কিলোমিটার দূরে থেকেও বিপুল পরিমান তথ্য এই ক্যাবল এর সাহায্যে পরিবহন করা যায় সহজেই।আপনি জেনে অবাক হবেন যে, এই অপটিক্যাল ফাইবার ক্যাবল এর কারনেই আপনি ঘরে বসেই ,ইন্টারনেট এর ডাটা এতো দ্রুত দেখতে পারছেন।যদি অটিক্যাল ফাইবার বাদে অন্য কোন ক্যাবল এই যোগাযোগ এর জন্য ব্যবস্থা করা হতো, তাহলে এতো দ্রুত ডাটা ট্রান্সফার কখনো সম্ভব হতো না।আর সব থেকে মজার বিষয় হলো এই ক্যাবল আলোর সাহায্যে তথ্য প্রেরন করে তাই, এটি অনেক দ্রুত হয় এবং এতে আলাদা কোনো Power Source এর ব্যবস্থা করতে হয় না।>সহজ ভাষায় অপটিক্যাল ফাইবার হলো একটি সরু কাচের পাইপ, যেটি কিনা ট্রান্সমিশন মিডিয়া হিসাবে কাজ করে থাকে।"
p-241-a-5,অপটিক্যাল ফাইবার ক্যাবল কী?,প্রযুক্তি,3,+2,243,https://www.sciencebee.com.bd/qna/15572/%E0%A6%85%E0%A6%AA%E0%A6%9F%E0%A6%BF%E0%A6%95%E0%A7%8D%E0%A6%AF%E0%A6%BE%E0%A6%B2-%E0%A6%AB%E0%A6%BE%E0%A6%87%E0%A6%AC%E0%A6%BE%E0%A6%B0,"['এইচএসসি-আইসিটি', 'অপটিক্যাল', 'ফাইবার', 'ক্যাবল']",অপটিক্যাল ফাইবার  হচ্ছে কাঁচ অথবা প্লাস্টিকের তৈরি এক ধরনের কেবল যা আলো পরিবহনে সক্ষম।এখানে আসলে আলোর পূর্ণ অভ্যন্তরীণ প্রতিফলনের মাধ্যমে অতি  দ্রুত ডেটা প্রেরণ করা যায়। কাজেই অপটিক্যাল ফাইবার মূলত দ্রুত পাঠানোর ক্ষেত্রে খুবই সহায়ক। বর্তমানে যে সব অপটিক্যাল ফাইবার পাওয়া যায় তার ডেটা ট্রান্সমিশন হার ১০০ mbps থেকে ২ gbps । বুঝতেই পারছ যে অপটিক্যাল ফাইবার কত দ্রুত ডেটা পাঠাতে সক্ষম!
p-241-a-6,শুধু বেগের পরিবর্তন হলেই কি ত্বরণ সৃষ্টি হয়?,পদার্থবিজ্ঞান,2,+2,308,https://www.sciencebee.com.bd/qna/15569/%E0%A6%AA%E0%A6%B0%E0%A6%BF%E0%A6%AC%E0%A6%B0%E0%A7%8D%E0%A6%A4%E0%A6%A8-%E0%A6%B8%E0%A7%83%E0%A6%B7%E0%A7%8D%E0%A6%9F%E0%A6%BF,"['ত্বরণ', 'বেগ']","হ্যাঁ, বেগের পরিবর্তন হলেই শুধুমাত্র ত্বরণ সৃষ্টি হয়। বেগ পরিবর্তনের হারকে ত্বরণ বলে। অর্থাৎ, কোন বস্তুর ভিন্ন ভিন্ন সময়ে বেগের মান ভিন্ন হলে বেগের পরিবর্তন থেকে ত্বরণ নির্ণয় করা যায়। কিন্তু কোন বস্তু যদি স্থির থাকে বা সমবেগে চলতে থাকে তখন বস্তুর বেগের কোন পরিবর্তন হয় না। অর্থাৎ বেগের পরিবর্তনের মান হয় শুন্য। এক্ষেত্রে বেগ পরিবর্তনের হার অর্থাৎ একক সময়ে বের করলে এর মানও শূন্য হবে। আর ত্বরণ যেহেতু বেগের পরিবর্তনের হার তাই এসব ক্ষেত্রে ত্বরণের মানও শূন্য হবে। তাই বেগের পরিবর্তন হলেই শুধুমাত্র ত্বরণ সৃষ্টি হয়।"
p-241-a-7,শুধু বেগের পরিবর্তন হলেই কি ত্বরণ সৃষ্টি হয়?,পদার্থবিজ্ঞান,2,+2,308,https://www.sciencebee.com.bd/qna/15569/%E0%A6%AA%E0%A6%B0%E0%A6%BF%E0%A6%AC%E0%A6%B0%E0%A7%8D%E0%A6%A4%E0%A6%A8-%E0%A6%B8%E0%A7%83%E0%A6%B7%E0%A7%8D%E0%A6%9F%E0%A6%BF,"['ত্বরণ', 'বেগ']",সময়ের সাথে বেগের পরিবর্তনের হারই ত্বরন।এখন সময়ের সাথে যদি বেগ বাড়তে থাকে সেটাকে আমরা ত্বরণ এবং বেগ কমতে থাকলে আমরা মন্দন বলি।আবার সময়ের সাথে যদি বেগ সমভাবে বাড়তে থাকে তাহলে তাকে সমত্বরন বলে আর সম ভাবে কমলে সমন্দন বলে
p-241-a-8,ওয়াইম্যাক্স (Wi Max) কী?,প্রযুক্তি,1,0,177,https://www.sciencebee.com.bd/qna/15568/%E0%A6%93%E0%A7%9F%E0%A6%BE%E0%A6%87%E0%A6%AE%E0%A7%8D%E0%A6%AF%E0%A6%BE%E0%A6%95%E0%A7%8D%E0%A6%B8,"['এইচএসসি-আইসিটি', 'ওয়াইম্যাক্স', 'wi-max']","ওয়াইম্যাক্স (WiMAX) হচ্ছে Worldwide Interoperability for Microwave Access (ওয়ার্লডওয়াইড ইন্টারঅপারেবিলিটি ফর মাইক্রোওয়েভ অ্যাকসেস) এর সংক্ষিপ্তরূপ।এটি একটি টেলিযোগাযোগ প্রযুক্তি, যার মূল উদ্দেশ্য হচ্ছে পয়েন্ট-টু-পয়েন্ট থেকে শুরু করে পূর্ণাঙ্গ মোবাইল সেলুলার ইত্যাদি বিভিন্ন রকমের তারবিহীন তথ্য আদানপ্রদান করা।মূলত আই ই ই ই (IEEE) ৮০২.১৬ স্ট্যান্ডার্ড অনুযায়ী এটি প্রণীত হচ্ছে, যার অপর নাম ওয়ারলেসম্যান (WirelessMAN)। ওয়াইম্যাক্স নামটি দিয়েছে ওয়াইম্যাক্স ফোরাম। ২০০১ সালে স্টান্ডার্ড অনুযায়ী প্রযুক্তিটির বাস্তবায়ন করার উদ্দেশ্যে ওয়াইম্যাক্স ফোরাম প্রতিষ্ঠিত হয়।ফোরামের ভাষ্যমতে ওয়াইম্যাক্স হচ্ছে শেষ মাইল পর্যন্ত তারহীন ব্রডব্যান্ড নেটওয়ার্কের ব্যবস্থা, যা প্রচলিত কেবল বা ডিএসএল এর একটি বিকল্প প্রযুক্তি।"
p-241-a-9,অ্যানালগ আর ডিজিটাল সংকেতের মধ্যে পার্থক্য কী?,প্রযুক্তি,1,+1,"1,356",https://www.sciencebee.com.bd/qna/15566/%E0%A6%85%E0%A7%8D%E0%A6%AF%E0%A6%BE%E0%A6%A8%E0%A6%BE%E0%A6%B2%E0%A6%97-%E0%A6%AA%E0%A6%BE%E0%A6%B0%E0%A7%8D%E0%A6%A5%E0%A6%95%E0%A7%8D%E0%A6%AF,"['এইচএসসি-আইসিটি', 'অ্যানালগ', 'ডিজিটাল', 'সংকেত']","অ্যানালগডিজিটালযে সংকেতের মান (ভোল্টেজ বা কারেন্ট অথবা কম্পাংক) সময়ের সাপেক্ষে নিরবিচ্ছিন্নভাবে পরিবর্তন হয় এবং যে কোন মূহুর্তে যে কোন মান এ থাকতে পারে তাকে এনালগ সংকেত বা Analog Signal বলা হয়। এর ওয়েবফর্ম কে বলা হয় সাইন (Sine) ওয়েবফর্ম। প্রকৃতিতে প্রাপ্ত বিভিন্ন ভৌত রাশিমালা যেমন তাপমাত্রা, চাপ ইত্যাদিকে সমতুল্য ইলেকট্রিক্যাল সংকেতে রূপান্তর করলে যে ক্রম পরিবর্তনশীল বৈদ্যূতিক সংকেতের সৃষ্টি হয় তা এনালগ সংকেতের প্রকৃষ্ট উদডিজিটাল সিগন্যাল এমন একটি সিগন্যাল যা সাধারণত দুটি বা নির্দিষ্ট কয়েকটি ভোল্টেজ লেভেল নিয়ে গঠিত। যে সংকেতের মান সময়ের সাপেক্ষে ধাপে ধাপে পরিবর্তন হয় তাকে ডিজিটাল সংকেত বলা হয়। এর ওয়েবফর্ম কে বলা হয় স্কয়ার (Squre) ওয়েবফর্ম। সচরাচর ডিজিটাল সিগন্যালের ভোল্টেজ লেভেল দুটিকে লজিক 0 এবং লজিক 1 দ্বারা প্রকাশ করা হয়। এডার, সাবট্রাকটর, মাল্টিপ্লেক্সার, রেজিস্টার ইত্যাদি সার্কিটের মাধ্যমে ডিজিটাল সংকেতকে প্রক্রিয়া করা হয়।"
p-241-a-10,বৃত্তাকার পথে সম্পূর্ণ একবার ঘুরে আসলে একটি বস্তুর সরণ কত হবে?,পদার্থবিজ্ঞান,1,+1,"1,165",https://www.sciencebee.com.bd/qna/15564/%E0%A6%AC%E0%A7%83%E0%A6%A4%E0%A7%8D%E0%A6%A4%E0%A6%BE%E0%A6%95%E0%A6%BE%E0%A6%B0-%E0%A6%B8%E0%A6%AE%E0%A7%8D%E0%A6%AA%E0%A7%82%E0%A6%B0%E0%A7%8D%E0%A6%A3,"['সরণ', 'বৃত্তাকার']",কোনো বস্তুর আদি অবস্থান ও শেষ অবস্থানের মধ্যবর্তী নূন্যতম দূরত্ব অর্থাৎ সরল রৈখিক দূরত্বই হচ্ছে সরণ। বস্তুর সরণ গতিপথ এর উপর নির্ভর করে না। বৃত্তাকার পথে গতিশীল কোন বস্তু সমগ্র বৃত্তাকার পথ একবার ঘুরে আসলে বস্তুটির প্রকৃতপক্ষে কোন সরণ হয় না। কেননা সে ক্ষেত্রে বস্তুটির আদি অবসস্থান ও শেষ অবস্থান একই হবে। অর্থাৎ আদি ও শেষ অবস্থানের মধ্যে কোন দূরত্ব থাকবে না। তাই একটি বস্তু বৃত্তাকার পথে সম্পূর্ণ একবার ঘুরে আসলে এর সরণ শূন্য হবে।
p-241-a-11,এই মহাবিশ্বের সকল স্থিতি ও গতি আপেক্ষিক কেন?,পদার্থবিজ্ঞান,2,+1,825,https://www.sciencebee.com.bd/qna/15562/%E0%A6%AE%E0%A6%B9%E0%A6%BE%E0%A6%AC%E0%A6%BF%E0%A6%B6%E0%A7%8D%E0%A6%AC%E0%A7%87%E0%A6%B0,"['মহাবিশ্ব', 'আপেক্ষিক']","পরম স্থিতিশীল প্রসঙ্গ বস্তুর সাপেক্ষে কোন বস্তুর স্থিতিকে পরম স্থিতি বলে এবং পরম স্থিতিশীল প্রসঙ্গ বস্তুর সাপেক্ষে কোন বস্তুর গতি কে পরম গতি বলে। কিন্তু এ মহাবিশ্বের এমন কোনো প্রসঙ্গ বস্তু পাওয়া সম্ভব নয়, যা প্রকৃতপক্ষে স্থির রয়েছে। কারণ পৃথিবী প্রতিনিয়ত সূর্যের চারদিকে ঘুরছে, সূর্য ও তার গ্রহ উপগ্রহ নিয়ে ছায়াপথে ঘুরছে। কাজেই আমরা যখন কোন বস্তুকে স্থিতিশীল বা গতিশীল বলি, তা আমরা কোন আপাত স্থিতিশীল বস্তুর সাপেক্ষে বলে থাকি। কাজেই আমরা বলতে পারি এই মহাবিশ্বের সকল স্থিতি ও গতি আপেক্ষিক।"
p-241-a-12,এই মহাবিশ্বের সকল স্থিতি ও গতি আপেক্ষিক কেন?,পদার্থবিজ্ঞান,2,+1,825,https://www.sciencebee.com.bd/qna/15562/%E0%A6%AE%E0%A6%B9%E0%A6%BE%E0%A6%AC%E0%A6%BF%E0%A6%B6%E0%A7%8D%E0%A6%AC%E0%A7%87%E0%A6%B0,"['মহাবিশ্ব', 'আপেক্ষিক']","কারণ পৃথিবী প্রতিনিয়ত সূর্যের চারদিকে ঘুরছে, সূর্য ও তার গ্রহ, উপগ্রহ নিয়ে ছায়াপথে ঘুরছে। কাজেই আমরা যখন কোনো বস্তুকে স্থিতিশীল বা গতিশীল বলি তা আমরা কোনো আপাত স্থিতিশীল বস্তুর সাপেক্ষে বলে থাকি। কাজেই আমরা বলতে পারি এ মহাবিশ্বের সকল স্থিতিই আপেক্ষিক, সকল গতিই আপেক্ষিক।"
p-241-a-13,মোর্স কোড কী?,প্রযুক্তি,1,+1,235,https://www.sciencebee.com.bd/qna/15560/%E0%A6%AE%E0%A7%8B%E0%A6%B0%E0%A7%8D%E0%A6%B8-%E0%A6%95%E0%A7%8B%E0%A6%A1-%E0%A6%95%E0%A7%80,"['এইচএসসি-আইসিটি', 'মোর্স', 'কোড']","মোর্স কোড কোন ভাষার বর্ণকে কোডে রুপান্তরের একধরনের পদ্ধতি যা দিয়ে এক ধরনের ছন্দের মাধ্যমে টেলিযোগাযোগ করা হয়।স্যামুয়েল মোর্স বৈদ্যুতিক টেলিগ্রাফ যোগাযোগের জন্য প্রথম এ কোড তৈরি করেন বলে তার নামানুসারে এই কোডের নাম মোর্স কোড।মোর্স কোড কোন উপাদানের ""সংক্ষিপ্ত এবং দীর্ঘ"" এ দুটি অবশ্যকীয় উপাদান নিয়ে গঠিত। এক্ষেত্রে কোন উপাদানের ""সংক্ষিপ্ত এবং দীর্ঘ"" এ দুটি রূপের এক ধরনের পর্যায়ক্রম যার মাধ্যমে কোন তথ্যের বর্ণ, সংখ্যা, যতি-চিহ্ন ইত্যাদিকে উপস্থাপন করা যায়।এতে এই ""সংক্ষিপ্ত এবং দীর্ঘ"" উপাদান হিসেবে শব্দ, চিহ্ন, স্পন্দন, কোন যন্ত্রের সুইচ অন বা অফ এবং সাধারনভাবে ব্যবহৃত ""ডট(ডিট)"" এবং ""ড্যাশ(ডাহ্)"" ইত্যাদি ছাড়াও আরো অসংখ্য জিনিস ব্যবহার করা যেতে পারে।""ওয়ার্ড পার মিনিট"" হিসাবে মোর্স কোড হিসাব করা হয়ে থাকে।"
p-241-a-14,রাতের আকাশে অরোরা কেন দেখা যায়?,জ্যোতির্বিজ্ঞান,1,+3,93,https://www.sciencebee.com.bd/qna/15559/%E0%A6%B0%E0%A6%BE%E0%A6%A4%E0%A7%87%E0%A6%B0-%E0%A6%86%E0%A6%95%E0%A6%BE%E0%A6%B6%E0%A7%87,"['আকাশ', 'রাত']",https://sciencebee.com.bd/qna/15303/%E0%A6%B8%E0%A6%AE%E0%A7%8D%E0%A6%AA%E0%A6%B0%E0%A7%8D%E0%A6%95%E0%A7%87-%E0%A6%AC%E0%A6%BF%E0%A6%B8%E0%A7%8D%E0%A6%A4%E0%A6%BE%E0%A6%B0%E0%A6%BF%E0%A6%A4?show=15303#q15303
p-241-a-15,পৃথিবীর একেক অঞ্চলে বস্তুর ওজনের তারতম্য দেখা যায় কেন?,পদার্থবিজ্ঞান,3,0,177,https://www.sciencebee.com.bd/qna/15557/%E0%A6%AA%E0%A7%83%E0%A6%A5%E0%A6%BF%E0%A6%AC%E0%A7%80%E0%A6%B0-%E0%A6%A4%E0%A6%BE%E0%A6%B0%E0%A6%A4%E0%A6%AE%E0%A7%8D%E0%A6%AF,"['ওজন', 'তারতম্য']","আমরা জানি, ওজন W=mg. এখানে m= বস্তুর ভর এবং g= অভিকর্ষীয় ত্বরণ। বস্তুর ভর একটি ধ্রুব রাশি। সুতরাং কোন বস্তুর ওজন অভিকর্ষীয় ত্বরণ এর উপর নির্ভরশীল। যে স্থানে অভিকর্ষীয় ত্বরণ বেশি, সে স্থানে বস্তুর ওজনও বেশি। আর অভিকর্ষীয় ত্বরণ যে স্থানে কম বস্তুর ওজন সেই স্থানে কম। যেহেতু মেরু অঞ্চলে অভিকর্ষীয় ত্বরন বেশি। সুতরাং মেরু অঞ্চলে বস্তুর ওজন বেশি। বিষুব অঞ্চলে অভিকর্ষীয় ত্বরন কম। অতএব বিষুব অঞ্চলে বস্তুর ওজন কম। পৃথিবীর কেন্দ্রে অভিকর্ষীয় ত্বরণ শূন্য। অতএব পৃথিবীর কেন্দ্রে বস্তুর ওজন নাই।"
p-241-a-16,পৃথিবীর একেক অঞ্চলে বস্তুর ওজনের তারতম্য দেখা যায় কেন?,পদার্থবিজ্ঞান,3,0,177,https://www.sciencebee.com.bd/qna/15557/%E0%A6%AA%E0%A7%83%E0%A6%A5%E0%A6%BF%E0%A6%AC%E0%A7%80%E0%A6%B0-%E0%A6%A4%E0%A6%BE%E0%A6%B0%E0%A6%A4%E0%A6%AE%E0%A7%8D%E0%A6%AF,"['ওজন', 'তারতম্য']",পৃথিবীর কোনো অঞ্চল উচু আবার কোনো  অঞ্চল নিচু ।তাই এর অভিকর্ষজ ত্বরণের মানের পরিবর্তন হয় ।তাই ওজনেরও পরিবর্তন হয় ।
p-241-a-17,পৃথিবীর একেক অঞ্চলে বস্তুর ওজনের তারতম্য দেখা যায় কেন?,পদার্থবিজ্ঞান,3,0,177,https://www.sciencebee.com.bd/qna/15557/%E0%A6%AA%E0%A7%83%E0%A6%A5%E0%A6%BF%E0%A6%AC%E0%A7%80%E0%A6%B0-%E0%A6%A4%E0%A6%BE%E0%A6%B0%E0%A6%A4%E0%A6%AE%E0%A7%8D%E0%A6%AF,"['ওজন', 'তারতম্য']",অভিকর্ষজ ত্বরণের মানে পার্থক্য থাকার কারণে পৃথিবীর একেক অঞ্চলে বস্তর ওজনে তারতম্য দেখা যায়।
p-241-a-18,বৈদ্যুতিক টেলিগ্রাফ কী?,প্রযুক্তি,2,+1,225,https://www.sciencebee.com.bd/qna/15555/%E0%A6%AC%E0%A7%88%E0%A6%A6%E0%A7%8D%E0%A6%AF%E0%A7%81%E0%A6%A4%E0%A6%BF%E0%A6%95-%E0%A6%9F%E0%A7%87%E0%A6%B2%E0%A6%BF%E0%A6%97%E0%A7%8D%E0%A6%B0%E0%A6%BE%E0%A6%AB,"['এইচএসসি-আইসিটি', 'বৈদ্যুতিক', 'টেলিগ্রাফ']","টেলিগ্রাফ শব্দটি দিয়ে যে যন্ত্রকে বোঝানো হয় তা মূলত বৈদ্যুতিক টেলিগ্রাফ।এই টেলিগ্রাফে বিদ্যুৎ বা তড়িৎ সংকেত (Electrical Signal) ব্যবহার করে টেলিযোগাযোগ লাইন বা বেতার চ্যানেলের মাধ্যমে দূর দূরান্তে লিখিত বার্তা বা পত্র প্রেরণ করা হয়। তবে টেলিগ্রাফ দ্বারা শুধু বার্তা বা খবরটাই পাঠানো যায়, মূল লিখিত পত্রটিকে পাঠানো যায় না।টেলিগ্রাফে বার্তাটিকে প্রথমে মোর্স কোডে রূপান্তরিত করে নেয়া হয় এবং তার পরে এই কোডটি টেলিগ্রাফের প্রেরক-যন্ত্রের সাহায্যে অন্যপ্রান্তে পাঠানো হয়।"
p-241-a-19,বৈদ্যুতিক টেলিগ্রাফ কী?,প্রযুক্তি,2,+1,225,https://www.sciencebee.com.bd/qna/15555/%E0%A6%AC%E0%A7%88%E0%A6%A6%E0%A7%8D%E0%A6%AF%E0%A7%81%E0%A6%A4%E0%A6%BF%E0%A6%95-%E0%A6%9F%E0%A7%87%E0%A6%B2%E0%A6%BF%E0%A6%97%E0%A7%8D%E0%A6%B0%E0%A6%BE%E0%A6%AB,"['এইচএসসি-আইসিটি', 'বৈদ্যুতিক', 'টেলিগ্রাফ']","টেলিগ্রাফ শব্দটি দিয়ে যে যন্ত্রকে বোঝানো হয় তা মূলতঃ বৈদ্যুতিক টেলিগ্রাফ। এই টেলিগ্রাফে বিদ্যুৎ বা তড়িৎ সংকেত ( electrical signal) ব্যবহার করে টেলিযোগাযোগ লাইন বা বেতার চ্যানেলের মাধ্যমে দূর দূরান্তে লিখিত বার্তা বা পত্র প্রেরণ করা হয়। তবে টেলিগ্রাফ দ্বারা শুধু বার্তা বা খবরটাই পাঠানো যায়, মূল লিখিত পত্রটিকে পাঠানো যায় না।টেলিগ্রাফে বার্তাটিকে প্রথমে মোর্স কোডে রূপান্তরিত করে নেয়া হয় এবং তার পরে এই কোডটি টেলিগ্রাফের প্রেরক-যন্ত্রের সাহায্যে অন্যপ্রান্তে পাঠানো হয়। অন্যপ্রান্তেও একটি টেলিগ্রাফ থাকে যার গ্রাহক-যন্ত্রে কোড-বার্তাটিকে গ্রহণ করে আবার ভাষায় রূপান্তর করে গ্রাহকের কাছে পৌঁছে দেয়া হয়। বার্তা পাঠানোর এই পদ্ধতিকে বলে টেলিগ্রাফি, আর গ্রাহকের কাছে বার্তাটি যে রূপে পৌঁছে দেয়া হয় তাকে বলে টেলিগ্রাম।টেলিগ্রাফ ছিল টেলিযোগাযোগ ব্যবস্থার প্রথম নিদর্শন যা মুহুর্তের মধ্যে দূর-দূরান্তের খবর এনে দিত মানুষের কাছে। এর সামাজিক এবং অর্থনৈতিক প্রভাব ছিল ব্যপক। যার ফলে আবিস্কারের মাত্র কয়েক দশকের মধ্যেই দেশ থেকে দেশে এবং সাগরের এপার-ওপারে টেলিগ্রাফের লাইন ছড়িয়ে পড়ে।"
p-241-a-20,"শীতকালে কম্বল মানুষের দেহ গরম রাখলেও, গরমকালে এক টুকরো বরফকে কিভাবে ঠাণ্ডা রাখে?",পদার্থবিজ্ঞান,1,0,284,https://www.sciencebee.com.bd/qna/15552/%E0%A6%B6%E0%A7%80%E0%A6%A4%E0%A6%95%E0%A6%BE%E0%A6%B2%E0%A7%87-%E0%A6%AE%E0%A6%BE%E0%A6%A8%E0%A7%81%E0%A6%B7%E0%A7%87%E0%A6%B0,"['শীতকাল', 'কম্বল']","কম্বল তাপের কুপরিবাহক। কারণ কম্বলের ফাঁকে ফাঁকে অসংখ্য ছিদ্র পথে বায়ু আবদ্ধ থাকে। বায়ুর তাপের কুপরিবাহক বলে এই বায়ুস্তর তাপ সঞ্চালনের বাধা প্রদান করে। শীতের দিনে মানুষের দেহ কম্বলের ঢেকে রাখলে কম্বলের মধ্য দিয়ে মানুষের দেহের তাপ বাইরে যেতে পারে না। ফলে শরীর গরম থাকে। অপরপক্ষে গরমের দিনে বায়ুমণ্ডল থেকে তাপ গ্রহণ করে বরফ গলতে থাকে। কিন্তু কম্বলে ঢাকা থাকলে কম্বল তাপের কুপরিবাহক বলে বাইরের তাপ কম্বল ভেদ করে বরফে আসতে পারে না। ফলে বরফ কোনো তাপ গ্রহণ করে না, তাই এটি ঠান্ডা থাকে।"
p-241-a-21,আমি এক আজব জানোয়ার দেখেছি যার চোখ হরিণের চোখের মতো গলা হাতির গলার মতো বসে কুকুরের মতো পাওগুলো বাঘের পায়ের মতো ; আপনি কি আমাকে এখন বলতে পারেন সেই জানোয়ারটির নাম কি? [poll],আইকিউ,3,+3,333,https://www.sciencebee.com.bd/qna/15551/%E0%A6%9C%E0%A6%BE%E0%A6%A8%E0%A7%8B%E0%A7%9F%E0%A6%BE%E0%A6%B0%E0%A6%9F%E0%A6%BF%E0%A6%B0,"['নাম', 'জানোয়ার']","আপনি খুব সম্ভবত বিড়ালের কথা বলছেন। বিড়ালের চোখ অনেকটা হরিণের মতো, গলা ও হাতির মতো, বসেও কুকুরের মতোই এবং পা গুলোও বাঘের মতো।"
p-241-a-22,আমি এক আজব জানোয়ার দেখেছি যার চোখ হরিণের চোখের মতো গলা হাতির গলার মতো বসে কুকুরের মতো পাওগুলো বাঘের পায়ের মতো ; আপনি কি আমাকে এখন বলতে পারেন সেই জানোয়ারটির নাম কি? [poll],আইকিউ,3,+3,333,https://www.sciencebee.com.bd/qna/15551/%E0%A6%9C%E0%A6%BE%E0%A6%A8%E0%A7%8B%E0%A7%9F%E0%A6%BE%E0%A6%B0%E0%A6%9F%E0%A6%BF%E0%A6%B0,"['নাম', 'জানোয়ার']","বিড়ালের চোখ হরিণের মতো, গলা হাতির মতো, বসে কুকুরের মতো এবং পা গুলো বাঘের মতো।"
p-241-a-23,আমি এক আজব জানোয়ার দেখেছি যার চোখ হরিণের চোখের মতো গলা হাতির গলার মতো বসে কুকুরের মতো পাওগুলো বাঘের পায়ের মতো ; আপনি কি আমাকে এখন বলতে পারেন সেই জানোয়ারটির নাম কি? [poll],আইকিউ,3,+3,333,https://www.sciencebee.com.bd/qna/15551/%E0%A6%9C%E0%A6%BE%E0%A6%A8%E0%A7%8B%E0%A7%9F%E0%A6%BE%E0%A6%B0%E0%A6%9F%E0%A6%BF%E0%A6%B0,"['নাম', 'জানোয়ার']",আপনার বলা প্রাণিটির নাম হচ্ছে বিড়াল। কারণ বিড়ালের বৈশিষ্ট্য আপনার দেয়া ল্কু এর সাথে মিলে যায় ।
p-241-a-24,বাঙ্গির সরবত কিছুক্ষণ রেখে দিলে তিতা হয়ে যায় কেন?,তত্ত্ব ও গবেষণা,1,+1,113,https://www.sciencebee.com.bd/qna/15548/%E0%A6%AC%E0%A6%BE%E0%A6%99%E0%A7%8D%E0%A6%97%E0%A6%BF%E0%A6%B0-%E0%A6%95%E0%A6%BF%E0%A6%9B%E0%A7%81%E0%A6%95%E0%A7%8D%E0%A6%B7%E0%A6%A3,"['বাঙ্গি', 'তিতা']","সাদিয়া বিনতে চৌধুরী-  দুধের সাথে বাঙ্গি একসাথে মিক্স করা হলে তা একধরণের ক্যামিক্যাল রিএকশনের মধ্য দিয়ে যায়, যার ফলে শরবতটি তিতা হয়ে যায়। বাঙ্গি, তরমুজ, শশা, ক্ষীরা এরা সবাই–ই Cucurbitaceae গোত্রের ফল, যা দুধের সাথে মিশ্রিত হলে এই ফলগুলোয় থাকা প্রোটোজোইক এনজাইম দুধের প্রোটিনকে ভেঙে দেয়। যার ফলে আপনার শখের বানানো ফলের জুসটি তিতা হয়ে যায়!তাই যদি দুধ মিক্স করে শরবত বানানো হয় তাহলে বানানোর সাথে সাথেই খেয়ে ফেলা উত্তম। আর দুধ ছাড়া বানালে তাতে এই সমস্যাটাই হবেনা!আর কেন খাবেন বাঙ্গি?? দেখুন এর কত্ত উপকারীতা!"
p-241-a-25,"5G নেটওয়ার্ক এর কারণে পাখির মৃত্যু, তথ্যটি কতটুকু সত্য?",প্রযুক্তি,1,+1,"1,346",https://www.sciencebee.com.bd/qna/15546/%E0%A6%A8%E0%A7%87%E0%A6%9F%E0%A6%93%E0%A6%AF%E0%A6%BC%E0%A6%BE%E0%A6%B0%E0%A7%8D%E0%A6%95,"['নেটওয়ার্ক', 'পাখি']","সত্য বলতে এখানে কিছুই নেই, কারণ 5G তরঙ্গ পাখিদের কোন ক্ষতি করে না। সবচেয়ে বড় কথা, কোন প্রভাবই ফেলে না।এই গুজব এসেছে, তিনটি ঘটনার উপর ভিত্তি করে। প্রথমে ২০১২ সালে প্রকাশিত একটি ইউটিউব ভিডিও, যেখানে দেখা যায়, ইউনিভার্সিটি অফ সাউদার্ন ক্যালিফোর্নিয়া এর প্রফেসর Travis Longcore তার একটি স্টাডি নিয়ে কথা বলছিলেন, যার মর্ম ছিল এই, প্রতি বছর শেষে ৬ দশমিক ৮ মিলিয়ন পাখি টেলিফোন কমিউনিকেশন টাওয়ার এর কারণে মারা যায়। দ্বিতীয়ত, ২০০০ সালে একটি তথ্যের ভুল মিনিং করার ফলে, যা নিউইয়র্ক টাইমস এ বের হয়েছিল। সেখানে বলা হয় যে, ব্রেন টিস্যু যত রেডিও ফ্রিকুয়েন্সি বাড়ে, রেডিয়েশন শোষণ করে নেয়। ফলে গিগাহার্জ লেভেলের ফ্রিকুয়েন্সি ( 5G, wifi) মানুষসহ অন্যান্য প্রাণির মৃত্যুঝুকি বাড়িয়ে দেবে। তৃতীয়ত, পরিচয় করিয়ে দিচ্ছি John Kuhles এর সাথে, যিনি এ্যান্টি 5G সম্পর্কিত বেশ কয়েকটা নিউজ চ্যানেল এবং ফেসবুক পেজের মালিক। তিনি একটি রিপোর্ট বেশ জোরেসোরে দাখিল করেন যে, নেদারল্যান্ডে European Starling পাখিদের গণমৃত্যু হচ্ছে, শুধুমাত্র এবং শুধুমাত্র 5G এর টেস্ট রান করার জন্য। সর্বশেষ সোর্সটা বেশ হাস্যকর, কিন্তু এটা একটা সিনেমা, সবাই দেখে থাকবেন, রোবট 2.0, যেখানে দেখানো হয় যে, এই মোবাইল টাওয়ার সব পাখির মৃত্যুর কারণ।এবার একে একে সব ভুল তথ্যের জবাব দেওয়া যাকঃ1. John Kuhles যে গণমৃত্যুর কথা বলছেন, যে টেস্ট রানের সাথে সম্পর্কিত করছেন, সেটা সম্পূর্ণ বায়োয়াট। কারন, গণমৃত্যু ঘটে থাকলে সেটা লোকাল খবরের কাগজে আসার কথা তাই না? কিন্তু এরকম কোন খবরই নেই। উলটে তিনি যে, টেস্ট রানের কথা বলছিলেন, সেটা তার ক্লেইমিং এর এক মাস আগেই শেষ হয়ে গেছিলো। তাহলে তিনি এই খবর কই পাইলেন, এটা অনেকটা ঘোড়া ডিঙ্গিয়ে ঘাস খাওয়ার মত না ?2. ২০১২ সালের সেই ভিডিও এর ব্যাপারে আসি। সেখানে এক অধ্যাপক একটা স্টাডি থেকে তার ধারনাটা ব্যাখা করছেন, তিনি প্রপার কোন সিদ্ধান্তে আসেননি। তিনি NPR কে একই বছর দেওয়া এক সাক্ষাতকারে বলেন, People have observed for a very long time that nocturnally migrating birds are attracted to lights at night and it's exacerbated during periods of bad weather. It leaves them circling these towers that they encounter and running into either the guide wires on the towers, each other, ending up on the ground and taken by predators. বোঝা যায়, 5G রেডিয়েশন এর সাথে কোন সম্পর্কই নাই।3. physicist Bill Curry এর ভুল একটা গবেষণা ছিল, রেডিও ফ্রিকুয়েন্সি যত বাড়ে, তত রেডিয়েশন শরীর শোষণ করে। পরবর্তীতে Times জানায় যে, একটি নির্দিষ্ট পয়েন্ট পর্যন্ত, as radio frequencies increase, our skin blocks them out, making radio waves safer as they increase in frequency4. রোবট সিনেমা নিয়ে কিছু বলব? সেটা লার্জ নাম্বার অফ পিপল ম্যানিপুলেশন এরই অংশ।তবে, John Kuhles এর মুখের কথা শোনার লোক এরও অভাব নাই। আপনি যদি গুগল সার্চ করেন, তবে প্রথমেই পাবেন, হ্যা 5G পাখিদের মেরে ফেলে। এ সম্পর্কে বিস্তারিত গবেষণা করেছেন, Joe Kirschvink যিনি California Institute of Technology তে বায়োফিজিসিস্ট হিসেবে কর্মরত আছেন। তার মতে , &ldquo;Radio wave emissions above 10 MHz from radio transmission antennas (including cell telephone towers) are not known to harm birds,&rdquo;তবে low frequency transmission কিছু সমস্যা করতে পারে।- ঝভু দত্ত"
p-241-a-26,সুপার স্যাটার্ন বা লর্ড অফ দি রিং কী?,জ্যোতির্বিজ্ঞান,1,+1,70,https://www.sciencebee.com.bd/qna/15539/%E0%A6%B8%E0%A7%81%E0%A6%AA%E0%A6%BE%E0%A6%B0-%E0%A6%B8%E0%A7%8D%E0%A6%AF%E0%A6%BE%E0%A6%9F%E0%A6%BE%E0%A6%B0%E0%A7%8D%E0%A6%A8,"['সুপার', 'স্যাটার্ন']","Super Saturn বা Lord of the Rings!বৈজ্ঞানিক নাম : J1407Bযে নামেই ডাকেন না কেন, এই গ্রহকে শনি গ্রহের আত্মীয় বলা হয়। পৃথিবী থেকে এর দূরত্ব হলো ৪৩৩.৮ আলোকবর্ষ। যদি আপনার শনি গ্রহ কে তার রিং এর জন্য ভালো লাগে তাহলে এই গ্রহটি আপনাকে জাস্ট অবাক করবে। এই গ্রহটিকে ""Lord Of The Rings"" হিসেবে আখ্যা দেয়া হয়েছে। বিজ্ঞানীদের ধারণা এই গ্রহের বয়স হতে পারে ১৬.১ মিলিয়ন বছর। আর পৃথিবীর বয়স আপনারা সবাই জানেন ৪.৫৪৩ বিলিয়ন বছর। তরুন এই গ্রহটি পৃথিবী থেকে ৩০/৪০ গুণ বেশি ভারী। এই গ্রহের রিং শনি গ্রহের তুলনায় ২০০ গুন বেশি বড়। এই রিংগুলো ৩০ মিলিয়ন কিলোমিটার দূর থেকে শুরু হয়েছে এবং ৯০ মিলিয়ন কিলোমিটার জুড়ে ছড়িয়ে রয়েছে। সাধারণত এই রিংগুলো ধুলো আর পাথর দিয়ে তৈরি।গ্রহটি ""Centaurus"" নক্ষত্রমন্ডলে অবস্থিত ""V1400"" নক্ষত্রকে কেন্দ্র করে ঘোরে। এর তাপমাত্রা ৪৬০০ কেলভিন।- আয়েশা আক্তার"
p-241-a-27,মেমরি কার্ড তথ্য সংরক্ষণ করতে পারে?,প্রযুক্তি,2,+2,107,https://www.sciencebee.com.bd/qna/15538/%E0%A6%AE%E0%A7%87%E0%A6%AE%E0%A6%B0%E0%A6%BF-%E0%A6%B8%E0%A6%82%E0%A6%B0%E0%A6%95%E0%A7%8D%E0%A6%B7%E0%A6%A3,"['মেমোরি', 'কার্ড', 'কিভাবে']","মেমোরি কার্ডবা মেমোরি কার্টিজ হলো একটি ইলেকট্রনিক তথ্যভাণ্ডার ডিভাইস যা ডিজিটাল তথ্য সংরক্ষণের জন্য ব্যবহৃত হয়। এটি সাধারণত পোর্টেবল ইলেকট্রনিক ডিভাইস যেমন ডিজিটাল ক্যামেরা, মোবাইল ফোন, ল্যাপটপ, কম্পিউটার, ট্যাবলেট, পিডিএ, পোর্টেবল মিডিয়া প্লেয়ার, ভিডিও গেম কনসোল, সিন্থেসাইজার, ইলেকট্রনিক কীবোর্ড এবং ডিজিটাল পিয়ানোতে ব্যবহৃত হয়। মেমোরি কার্ড হলো সংরক্ষিত ন্যানোটেকনোলজি।অতঃপর ডাটা সংরক্ষণের নতুন সংযোজন যা কম্পিউটার থেকে ছোটবড় যেকোনো ডিভাইসের ব্যবহার করা হয়ে থাকে।"
p-241-a-28,মেমরি কার্ড তথ্য সংরক্ষণ করতে পারে?,প্রযুক্তি,2,+2,107,https://www.sciencebee.com.bd/qna/15538/%E0%A6%AE%E0%A7%87%E0%A6%AE%E0%A6%B0%E0%A6%BF-%E0%A6%B8%E0%A6%82%E0%A6%B0%E0%A6%95%E0%A7%8D%E0%A6%B7%E0%A6%A3,"['মেমোরি', 'কার্ড', 'কিভাবে']","প্রতিটি ডিভাইসেই স্থায়ী ধারণক্ষমতা থাকে। অনেক ডিভাইসে আবার বাড়তি তথ্য রাখার সুবিধা দিতে ব্যবহার হয় মেমোরি কার্ড। এই মেমোরি কার্ড হচ্ছে এক ধরনের সেমিকন্ডাক্টরভিত্তিক প্রযুক্তিপণ্য। সেকেন্ডারি মেমোরি। মোবাইল ফোন, ট্যাবলেট কম্পিউটার, ক্যামেরা, টেলিভিশন, মিডিয়া প্লেয়ার ইত্যাদিতে মেমোরি কার্ড ব্যবহার করা যায়।মেমোরি কার্ডের মধ্যে এসডি কার্ডের প্রকারভেদ কম, সহজলভ্যও। বাজারে তিন ধরনের এসডি কার্ড আছে&mdash;সাধারণ এসডি, মিনি ও মাইক্রো। এগুলোর মধ্যে &lsquo;মাইক্রো এসডি&rsquo; আকারে সবচেয়ে ছোট। এই কার্ডের সঙ্গে অ্যাডাপ্টার ব্যবহার করে মাইক্রো ও মিনি এসডি কার্ডও ব্যবহার করা যায়। অর্থাৎ কোনো ডিভাইসে যদি শুধু এসডি কার্ডের স্লট থাকে অ্যাডাপ্টার ব্যবহার করে তাতে মাইক্রো ও মিনি এসডি কার্ড চালানো যাবে।এসডির পাশাপাশি বাজারে এমএসডি, এসডিএইচএস কিংবা এসডিএক্সসি&mdash;এই তিন ধরনের কার্ডও পাওয়া যায়। তবে এগুলোর ব্যবহার তুলনামূলক অনেক কম।"
p-241-a-29,চাঁদে বায়ু নেই তবুও মনু্ষ সেখানে ভাসে ; কিন্তু পৃথিবীতে বায়ু থাকা সত্ত্বেও মনুষ ভাসতে পারেনা এর নেপথ্যে বৈজ্ঞানিক ব্যাখ্যা কি?,জ্যোতির্বিজ্ঞান,1,+3,274,https://www.sciencebee.com.bd/qna/15536/%E0%A6%B8%E0%A6%A4%E0%A7%8D%E0%A6%A4%E0%A7%8D%E0%A6%AC%E0%A7%87%E0%A6%93-%E0%A6%AC%E0%A7%88%E0%A6%9C%E0%A7%8D%E0%A6%9E%E0%A6%BE%E0%A6%A8%E0%A6%BF%E0%A6%95,"['মানুষ', 'বাতাস']",চাঁদে মানুষ ভাসে না।তবে কিছু ব্যাপারের কারণে আমাদের মনে হয় চাঁদে মানুষ ভাসে।চাঁদে কোনো বাতাস নেই।চাঁদের মাধ্যাকর্ষণ পৃথিবীর 6 ভাগের 1 ভাগ।অর্থাৎ 1.44ms-2। তার মানে আপনি পৃথিবীতে লাফ দিলে যে উচ্চতায় উঠবেন চাঁদে তার 6 গুণ উপরে উঠবেন। অন্যদিকে নভোচারীরা যে স্যুট পড়ে তাতে হাটতে অসুবিধা হয়।তাই তারা সহজে লাফিয়ে লাফিয়ে চলে। এই লাফানো আর কম মাধ্যাকর্ষণের কারণে আপনার মনে হয়েছে যে তারা চাঁদে ভাসে।
p-241-a-30,কাঁচ গলিয়ে দেওয়ার ক্ষমতা থাকলেও হাইড্রোফ্লোরিক অ্যাসিডকে দূর্বল অ্যাসিড বলা হয় কেন?,রসায়ন,1,+3,76,https://www.sciencebee.com.bd/qna/15535/%E0%A6%B9%E0%A6%BE%E0%A6%87%E0%A6%A1%E0%A7%8D%E0%A6%B0%E0%A7%8B%E0%A6%AB%E0%A7%8D%E0%A6%B2%E0%A7%8B%E0%A6%B0%E0%A6%BF%E0%A6%95,"['কাঁচ', 'এসিড']","হাইড্রোফ্লরিক অ্যাসিড বা HF কাঁচ কে গলিয়ে দিতে পারে এটা ঠিকই। কিন্তু হাইড্রোক্লোরিক অ্যাসিডই হল এমন একটি Hydrohalic Acid (যেমন- HCl, HI) যেটিকে Strong Acid হিসেবে গণ্য করা হয় না। HF এর জলীয় দ্রবণের তড়িৎ বিশ্লেষণ করা হলে এটি অন্যান্য অ্যাসিডের মতোই আচরণ করে:যদিও HF জলে সম্পূর্ণভাবে দ্রবীভূত হয়ে যায় কিন্তু এর (H3O+) ও (F-) আয়ন গুলি পরস্পরের প্রতি অত্যন্ত তীব্র আকর্ষণ দেখায় এবং নিজেদের মধ্যে একটি শক্তিশালী Bond Pair গঠন করে। এখন যেহেতু Hydroxonium আয়ন টি Fluoride আয়ন এর সঙ্গে যুক্ত থাকার প্রবণতা বেশি দেখায়, তাই এটি একটি অ্যাসিডের মত সম্পূর্ণ স্বাধীনভাবে আচরন করতে পারে না, তাই এটি অন্যান্য এসিডের তুলনায় অত্যন্ত দুর্বল। সেই জন্যই এটিকে দুর্বল অ্যাসিড বলা হয়।- ইন্দ্রজিৎ ঘোষ"
