id,question,question_category,number_of_answer,number_of_vote,number_of_view,answer_link,question_tag,answer
p-195-a-0,স্ক্লেরা (Sclera) কী?,প্রাণিবিদ্যা,1,+2,350,https://www.sciencebee.com.bd/qna/18394/%E0%A6%B8%E0%A7%8D%E0%A6%95%E0%A7%8D%E0%A6%B2%E0%A7%87%E0%A6%B0%E0%A6%BE-sclera,"['এইচএসসি-প্রাণীবিজ্ঞান', 'স্ক্লেরা', 'sclera']",এটা একেবারে বাইরের স্তর যেটি অনেকটা অস্বচ্ছ। এটি পুরো চোখকেই বেস্টন করে রাখে। চোখের সামনের দিকের স্ক্লেরার অংশটিকে কর্ণিয়া (Cornea) বলে। কর্ণিয়া আবার স্বচ্ছ প্রকৃতির। কর্ণিয়ার সামনে আরো পাতলা একটা পর্দা থাকে যেটা কনজাংটিভা নামে পরিচিত।
p-195-a-1,অবস্থান্তর মৌল কাকে বলে?,রসায়ন,2,+2,"3,704",https://www.sciencebee.com.bd/qna/18391/%E0%A6%85%E0%A6%AC%E0%A6%B8%E0%A7%8D%E0%A6%A5%E0%A6%BE%E0%A6%A8%E0%A7%8D%E0%A6%A4%E0%A6%B0,"['রসায়ন', 'অবস্থান্তর']",যে সকল d-ব্লক মৌলে স্থীতিশীল আয়নের ইলেক্ট্রন বিন্যাসে বহিঃস্থ d-Orbital ইলেক্ট্রন দ্বারা অপূর্ণ বা আংশিক পূর্ণ থাকে তাদেরকে অবস্থান্তর মৌল বলে।
p-195-a-2,অবস্থান্তর মৌল কাকে বলে?,রসায়ন,2,+2,"3,704",https://www.sciencebee.com.bd/qna/18391/%E0%A6%85%E0%A6%AC%E0%A6%B8%E0%A7%8D%E0%A6%A5%E0%A6%BE%E0%A6%A8%E0%A7%8D%E0%A6%A4%E0%A6%B0,"['রসায়ন', 'অবস্থান্তর']","যে সকল d  ব্লক মৌল এমন একটি আয়ন গঠন করে, যাদের ইলেকট্রন বিন্যাসে d -অরবিটাল আংশিকভাবে পূর্ণ (d1-d9) থাকে,তাদেরকে অবস্থান্তর মৌল বলে। তাদের পরিবর্তনশীল যোজ্যতা থাকে,তারা রঙিন যৌগ গঠন করে।"
p-195-a-3,ডাইপোল কাকে বলে?,রসায়ন,2,+2,"4,947",https://www.sciencebee.com.bd/qna/18389/%E0%A6%A1%E0%A6%BE%E0%A6%87%E0%A6%AA%E0%A7%8B%E0%A6%B2-%E0%A6%95%E0%A6%BE%E0%A6%95%E0%A7%87,"['রসায়ন', 'ডাইপোল']",সমযোজী যৌগের বন্ধনে অংশগ্রহণকারী দুটি পরমাণুর তড়িৎ ঋণাত্নকতার যথেষ্ট পার্থক্যের কারণে অণুর দুই প্রান্তে ইলেকট্রন চার্জের ঘণত্ব ভিন্ন হয় ।ফলে মেরুর সৃষ্টি হয় । উভয মেরুকে একত্রে ডাইপোল বলে।
p-195-a-4,ডাইপোল কাকে বলে?,রসায়ন,2,+2,"4,947",https://www.sciencebee.com.bd/qna/18389/%E0%A6%A1%E0%A6%BE%E0%A6%87%E0%A6%AA%E0%A7%8B%E0%A6%B2-%E0%A6%95%E0%A6%BE%E0%A6%95%E0%A7%87,"['রসায়ন', 'ডাইপোল']",অধিক তড়িৎ ঋণাত্মক মৌলদ্বয়ের মধ্যে সৃষ্ট সমযোজী যৌগ অণুতে সৃষ্ট ভিন্ন চার্জ বা মেরুকে ডাইপোল বলে।ডাইপোল দুই প্রকার।যেমনঃ স্থায়ী ডাইপোল এবং অস্থায়ী ডাইপোল।
p-195-a-5,সক্রিয়ণ শক্তি কাকে বলে?,রসায়ন,2,+1,832,https://www.sciencebee.com.bd/qna/18387/%E0%A6%B8%E0%A6%95%E0%A7%8D%E0%A6%B0%E0%A6%BF%E0%A7%9F%E0%A6%A3-%E0%A6%B6%E0%A6%95%E0%A7%8D%E0%A6%A4%E0%A6%BF,"['রসায়ন', 'শক্তি']","কোনাে বিক্রিয়ায় বিক্রিয়ক পদার্থের অণুগুলাে তাদের গড়শক্তির অধিক সর্বনিম্ন যে অতিরিক্ত পরিমাণ শক্তি অর্জন করলে বিক্রিয়া সম্পন্নের উপযুক্ত হয়, তাকে সক্রিয়ন শক্তি বলে।"
p-195-a-6,সক্রিয়ণ শক্তি কাকে বলে?,রসায়ন,2,+1,832,https://www.sciencebee.com.bd/qna/18387/%E0%A6%B8%E0%A6%95%E0%A7%8D%E0%A6%B0%E0%A6%BF%E0%A7%9F%E0%A6%A3-%E0%A6%B6%E0%A6%95%E0%A7%8D%E0%A6%A4%E0%A6%BF,"['রসায়ন', 'শক্তি']",কোনো বিক্রিয়ার বিক্রিয়কের একটি অংশ পারস্পরিক আণবিক সংঘর্ষ দ্বারা বা অন্য কোনো উপায়ে বিক্রিয়কের গড়শক্তি অপেক্ষা যে পরিমাণ অধিক শক্তি লাভ করে বিক্রিয়ায় অংশগ্রহণের উপযুক্ততা অর্জন করে তাকে ঐ বিক্রিয়ার সক্রিয়ণ শক্তি(activation energy) বলে।
p-195-a-7,শক্তিশালী ও দুর্বল অ্যাসিড বলতে কী বোঝায়?,রসায়ন,1,+7,255,https://www.sciencebee.com.bd/qna/18384/%E0%A6%B6%E0%A6%95%E0%A7%8D%E0%A6%A4%E0%A6%BF%E0%A6%B6%E0%A6%BE%E0%A6%B2%E0%A7%80-%E0%A6%85%E0%A7%8D%E0%A6%AF%E0%A6%BE%E0%A6%B8%E0%A6%BF%E0%A6%A1,"['শক্তিশালী', 'এসিড']",যেসকল এসিড জলীয় দ্রবনে সম্পূর্নরূপে আয়নিত হয়ে হাইড্রোজেন আয়ন উৎপন্ন করে সেসকল এসিডকে সবল এসিড বলে।যেসকল এসিড জলীয় দ্রবনে আংশিক রূপে আয়নিত হয়ে হাইড্রোজেন আয়ন উৎপন্ন করে সেসকল এসিডকে দূর্বল এসিড বলে।
p-195-a-8,অ্যাসিড কাকে বলে?,রসায়ন,1,+7,256,https://www.sciencebee.com.bd/qna/18382/%E0%A6%85%E0%A7%8D%E0%A6%AF%E0%A6%BE%E0%A6%B8%E0%A6%BF%E0%A6%A1-%E0%A6%95%E0%A6%BE%E0%A6%95%E0%A7%87,"['বিক্রিয়া', 'অ্যাসিড']","ছোট বেলায় পড়ে এসেছিলাম যে, টক স্বাদ যুক্ত যৌগ যা নীল লিটমাস কে লাল করে তাই অ্যাসিড। মূলত Acid শব্দটি এসেছে ল্যাটিন Acidus হতে যার অর্থ হল হলো টক। সকল অ্যাসিডই টক স্বাদ যুক্ত তবে এই মাত্রাটা একেক এসিডে একেক রকম।আবার এরকম সংগাও প্রচলিত আছে, যেসকল যৌগে প্রতিস্থাপনীয় হাইড্রোজেন রয়েছে, যারা ধাতুর সাথে বিক্রিয়ায় হাইড্রোজেন গ্যাস নির্গমন করে এবং ক্ষারের সাথে বিক্রিয়ায় লবণ ও পানি উৎপন্ন করে তারা অ্যাসিড।এটি মূলত অ্যাসিডের ধর্ম ভিত্তিক সংগা। অ্যাসিডের সত্যিকার সংগা নিয়ে তিনটি মতবাদ প্রচলিত রয়েছে।১। আরহেনিয়াসের মতবাদঃযেসকল যৌগ জলীয় দ্রবণে বিয়োজিত হয়ে H+H+ আয়ন প্রদান করে তারা অ্যাসিড।এই মতবাদ অনুসারে H2SO4H2SO4 একটি এসিড। কারণ, এটি জলীয় দ্রবণে হাইড্রোজেন আয়ন দান করে। এই মতবাদের একটি দূর্বলতা হলো অ্যাসিডের সংগায় জলীয় দ্রবণের উপস্থিতি থাকা বাধ্যতামূলক।H2SO4(aq)⟶2H++SO2−4H2SO4(aq)⟶2H++SO42−২। ব্রনস্টেড - লাউরী মতবাদঃযেসকল যৌগ কোন রাসায়নিক বিক্রিয়ায় প্রোটন দান করে অনুবন্ধী ক্ষারকে রূপান্তরিত হয় তারা এসিড।এখানে জলীয় দ্রবণের উপস্থিতি আবশ্যক নয় এবং আরহেনিয়াসের মতানুসারে এখানে অ্যাসিডের বিয়োজিত হবারও প্রয়োজেন নেই। এই মতবাদে যে যৌগ প্রোটন দান করতে পারে তারাই অ্যাসিড। এটিকে অ্যাসিডের পূর্ণাঙ্গ সংগা বলা যেতে পারে।৩। লুইসের মতবাদঃঅ্যাসিড হচ্ছে সেসকল যৌগ যাদের কেন্দ্রীয় পরমাণুতে কমপক্ষে একটি ফাঁকা অরবিটাল আছে এবং যা অন্য একটি যৌগ হতে একজোড়া ইলেক্ট্রন গ্রহণ করতে সক্ষম।যেমন, এই মতবাদ অনুসারে BF3BF3 একটি অ্যাসিড (লক্ষ্য করুন, যৌগটিতে কিন্তু হাইড্রোজেন পরমাণু নেই)। কারণ এটিতে বোরনের শেষ কক্ষপথে একটি ফাঁকা অরবিটাল রয়েছে এবং এটি অন্য কোন পরমাণু, আয়ন বা যৌগ হতে একজোড়া ইলেকট্রণ গ্রহণের মাধ্যমে সন্নিবেশ সমযোজী বন্ধন তৈরী করতে পারে।BF3+F−⟶BF−4BF3+F−⟶BF4−"
p-195-a-9,প্রবাল দ্বীপ কী? সেন্টমার্টিনকে কেন প্রবাল দ্বীপ বলা হয়?,বাংলাদেশ ও বিশ্ব,1,+7,"2,297",https://www.sciencebee.com.bd/qna/18380/%E0%A6%B8%E0%A7%87%E0%A6%A8%E0%A7%8D%E0%A6%9F%E0%A6%AE%E0%A6%BE%E0%A6%B0%E0%A7%8D%E0%A6%9F%E0%A6%BF%E0%A6%A8%E0%A6%95%E0%A7%87,"['প্রবাল', 'দ্বীপ', 'সেন্টমার্টিন']","প্রবাল এক ধরনের অমেরুদণ্ডী প্রাণী, বহিরাবরণ শক্ত হওয়ায় এদের পাথরও ভাবা হয়। পলিপ নামের অসংখ্য ক্ষুদ্র ক্ষুদ্র প্রাণীর সমন্বয়ে তৈরি হয় প্রবাল । এই প্রবালের মাধ্যমে যেই দ্বীপ গড়ে উঠে তাকে প্রবাল দ্বীপ বলে। সেন্টমার্টিন যেহেতু প্রবালের সমন্বয়ে গড়ে উঠেছে তাই তাকে প্রবাল দ্বীপ বলা হয়।"
p-195-a-10,সাউন্ড স্পিকারে কীভাবে শব্দ তৈরি হয়?,পদার্থবিজ্ঞান,1,+7,125,https://www.sciencebee.com.bd/qna/18378/%E0%A6%B8%E0%A6%BE%E0%A6%89%E0%A6%A8%E0%A7%8D%E0%A6%A1-%E0%A6%B8%E0%A7%8D%E0%A6%AA%E0%A6%BF%E0%A6%95%E0%A6%BE%E0%A6%B0%E0%A7%87,"['শব্দ', 'কম্পন', 'তরঙ্গ']","স্পিকারের কালাে পর্দার নিচে একটি অস্থায়ী ও একটি স্থায়ী চুম্বকের মধ্যে আকর্ষণ ও বিকর্ষণের ফলাফল হলাে শব্দ সৃষ্টির যন্ত্রকৌশল । অস্থায়ী চুম্বকটি হলাে ভয়েস কয়েল আর স্থায়ী চুম্বকটি হলাে এর গায়ে লাগানাে কালাে গােলাকার চুম্বক, যার মাঝখানের ফাকা জায়গায় ভয়েস কয়েলটি লাগানাে থাকে। মূলত চৌম্বক ক্ষেত্রের আকর্ষণ-বিকর্ষণে পর্দা কাপাকাপির কারণে সামনের বাতাসে কম্পন সৃষ্টি হওয়ার ফলে স্পিকার থেকে শব্দ ভেসে আসে।"
p-195-a-11,হাড়ভাঙার প্রাথমিক চিকিৎসা কী?,প্রাণিবিদ্যা,1,+2,74,https://www.sciencebee.com.bd/qna/18375/%E0%A6%B9%E0%A6%BE%E0%A7%9C%E0%A6%AD%E0%A6%BE%E0%A6%99%E0%A6%BE%E0%A6%B0-%E0%A6%AA%E0%A7%8D%E0%A6%B0%E0%A6%BE%E0%A6%A5%E0%A6%AE%E0%A6%BF%E0%A6%95,"['এইচএসসি-প্রাণীবিজ্ঞান', 'হাড়ভাঙা', 'প্রাথমিক', 'চিকিৎসা']",হাড়ভাঙার প্রাথমিক চিকিৎসা:১. আঘাতপ্রাপ্ত ব্যক্তির নড়াচড়া বন্ধ রাখতে হবে।২. আঁটসাঁট কাপড়চোপড় – গয়নাগাটি খুলে ফেলতে হবে। তা না হলে ভাঙা হাড়ে রক্ত সঞ্চালন বন্ধ হয়ে যাবে।৩. সমস্ত ক্ষত পরিষ্কার করতে হবে৪. ক্ষতস্থানে বরফ ব্যবহার করা যেতে পারে। তবে খেয়াল রাখতে হবে জায়গাটি যেন ঠান্ডায় অসাড় হয়ে না যায়।৫. প্রয়োজন হলে ভাঙা জায়গায় কাঠের খন্ড বা বাঁশের চটি বেঁধে দিতে হবে।৬. ভাঙা হাড়ের জায়গা ৬-১০ ইঞ্চি উঁচুতে রাখতে হবে।৭. দ্রুত চিকিৎসকের কাছে নিয়ে যেতে হবে।
p-195-a-12,জটিল হাড়ভাঙা বলতে কী বুঝায়?,প্রাণিবিদ্যা,1,+2,42,https://www.sciencebee.com.bd/qna/18373/%E0%A6%B9%E0%A6%BE%E0%A7%9C%E0%A6%AD%E0%A6%BE%E0%A6%99%E0%A6%BE-%E0%A6%AC%E0%A7%81%E0%A6%9D%E0%A6%BE%E0%A7%9F,"['এইচএসসি-প্রাণীবিজ্ঞান', 'জটিল', 'হাড়ভাঙা']","এ ধরনের অস্থিভঙ্গে বেশ কয়েকটি হাড়, অস্থিসন্ধি, টেন্ডন, লিগামেন্ট এমনকি অঙ্গ-প্রত্যঙ্গও ক্ষতিগ্রস্ত হতে পারে।জটিল হাড়ভাঙা ২ প্রকার:১. বহু টুকরাবিশিষ্ট২. কয়েক টুকরাবিশিষ্ট"
p-195-a-13,যৌগিক হাড়ভাঙা বলতে কী বুঝায়?,প্রাণিবিদ্যা,1,+2,95,https://www.sciencebee.com.bd/qna/18371/%E0%A6%AF%E0%A7%8C%E0%A6%97%E0%A6%BF%E0%A6%95-%E0%A6%B9%E0%A6%BE%E0%A7%9C%E0%A6%AD%E0%A6%BE%E0%A6%99%E0%A6%BE,"['এইচএসসি-প্রাণীবিজ্ঞান', 'যৌগিক', 'হাড়ভাঙা']","এ ধরনের অস্থিভঙ্গে ভাঙা হাড়ের টুকরো চামড়া ভেদ করে বেরিয়ে আসে। এতে প্রচুর রক্তপাত ও দ্রুত সংক্রমণ হয়। অস্ত্রোপচার ছাড়া এর বিকল্প চিকিৎসা নেই। এ ধরনের অস্থিভঙ্গের আরেক নাম উন্মুক্ত অস্থিভঙ্গ।যৌগিক হাড়ভাঙা ৩ প্রকার:ধরন ১: ক্ষতের পরিমাণ ১ সে.মি. এর কম। এতে কম রক্তপাত হয়।ধরন ২: ক্ষতের পরিমাণ ১ সে.মি. এর বেশি। এতে চামড়ার তেমন ক্ষতি হয় না।ধরন ৩: টিস্যু, হাড় ও চামড়ার মারাত্মক ক্ষতি হয়।"
p-195-a-14,নিউক্লিয়ার পাস্তা কী?,জ্যোতির্বিজ্ঞান,1,+2,119,https://www.sciencebee.com.bd/qna/18369/%E0%A6%A8%E0%A6%BF%E0%A6%89%E0%A6%95%E0%A7%8D%E0%A6%B2%E0%A6%BF%E0%A6%AF%E0%A6%BC%E0%A6%BE%E0%A6%B0,"['নিউক্লিয়ার', 'পাস্তা']","আমরা জানি, পৃথিবীতে পাওয়া সবচেয়ে শক্ত পদার্থ হচ্ছে হীরা। কিন্তু আপনি কি জানেন, এই মহাবিশ্বের সবচেয়ে শক্ত পদার্থ কোনটি? সেটি হচ্ছে নিউক্লিয়ার পাস্তা।মহাকাশের কোনো মৃতপ্রায়/নিউট্রন তারকার অবশেষ থেকে নিউক্লিয়ার পাস্তা গঠিত হয়। নিউট্রন তারকা হচ্ছে সূর্যের চেয়েও ভারী কিন্তু ব্ল্যাকহোলের মতো বড় নয় এমন বৃহৎ তারার ধ্বংসের মাধ্যমে সৃষ্ট অবশিষ্টাংশ। ধ্বংসের আগে নিউট্রন তারকার ভর হয়ে থাকে ১০ থেকে ২৯ সৌর ভরের সমান। আর এমন বৃহৎ নিউট্রন তারকার অবশিষ্টাংশই হচ্ছে নিউক্লিয়ার পাস্তা। উদাহরণ দিলে বুঝতে পারবেন, নিউট্রন তারকা থেকে সৃষ্ট নিউক্লিয়ার পাস্তা ঠিক কতটা শক্তিশালী। নির্দিষ্ট পরিমাণ স্টিলকে চুর্ণবিচূর্ণ করতে আপনাকে যতটুকু শক্তি প্রয়োগ করতে হয় সমপরিমাণ নিউক্লিয়ার পাস্তাকে চূর্ণবিচূর্ণ করতে তার চেয়ে ১০ বিলিয়ন গুণ বেশি শক্তি প্রয়োগ করতে হবে! নিউক্লিয়ার পাস্তা এতটা শক্তিশালী হওয়ার কারণ এর ভেতরে অবস্থিত পদার্থের ঘনত্ব। এখন পর্যন্ত  মানুষের জানা সবচেয়ে শক্ত পদার্থ এটিই।ক্রেডিট: Roar Bangla"
p-195-a-15,ভূতের মুভি দেখলে কী ওজন কমে?,তত্ত্ব ও গবেষণা,3,+2,969,https://www.sciencebee.com.bd/qna/18367/%E0%A6%AD%E0%A7%82%E0%A6%A4%E0%A7%87%E0%A6%B0-%E0%A6%A6%E0%A7%87%E0%A6%96%E0%A6%B2%E0%A7%87,"['ভূত', 'মুভি', 'ওজন', 'কম']","আপনি কি ভূতের মুভি দেখতে ভালবাসেন প্রায়-ই? ভূতের মুভি মনের উপর একটি নেগেটিভ প্রভাব ফেলে, এ কথা কিন্তু আপনাকে হামেশাই শুনতে হয়! তবে জেনে রাখুন, ভূতের মুভি দেখার একটি পজেটিভ দিকও আছে অনেক। সবচেয়ে বড় পজেটিভ দিক হল, এতে রোগ প্রতিরোধ ব্যবস্থা শক্তিশালী হয়। এছাড়া ভূতের মুভি দেখলে ওজনও কমে!অবাক হওয়ার কিছু নেই বা এটা কোনও গালগল্পও নয়। এই কথা গুলো বলছেন ইংল্যান্ডের কোভেন্ট্রি ইউনিভার্সিটির গবেষকরা। ‘স্ট্রেস’ নামের এক জার্নালে প্রকাশিত হয় গবেষণাপত্রটি। গবেষকরা অন্ধকার ঘরে কয়েকজনকে বন্দি করে রাখেন। এবং তাদের প্রচণ্ড ভয়ের একটি ভূতের সিনেমা দেখানো হয় বলে জানানো হয়। অতর্কিত ‘শক’-এর জন্য প্রস্তুত ছিলেন না কেউই। সিনেমা শুরুর আগে প্রত্যেকের রক্তের স্যাম্পল নেওয়া হয়। ব্রেকের সময় দ্বিতীয়বারের জন্য দর্শকদের রক্তের নমুনা নেন গবেষকরা।সিনেমা শেষে ফের একবার নমুনা সংগৃহীত হয়। অদ্ভুত রকমভাবে শেষ নমুনাটিতে শ্বেত রক্তকণিকার পরিমাণ বেড়ে যেতে দেখা যায়। এটি হল সেই কণিকা, কোনও জীবাণুর আক্রমণে যা সংখ্যায় বেড়ে যায়। লোহিত রক্তকণিকার থেকেও বেশি সক্রিয় হয়ে ওঠে জীবাণু প্রতিরোধে। অর্থাৎ দেখা যাচ্ছে, ভূতের সিনেমা আমাদের শরীরের রোগ প্রতিরোধক শক্তি বাড়াচ্ছে। ইউনিভার্সিটি কলেজ লন্ডনের ইমিউনোলজিস্ট নাতালি রিডেল আবার অন্য কথা শোনাচ্ছেন। তার মতে, রোমহর্ষক ভূতের সিনেমায় স্বাভাবিকের চেয়ে বেশি অ্যাড্রেনালিন হরমোন ক্ষরিত হয়। এই অধিক ক্ষরণ রোগ প্রতিরোধক ক্ষমতা বাড়ায়। শুধু তাই নয়, এর ফলে বেড়ে যায় হৃদস্পন্দন। বেড়ে যায় বিএমআর (বেসিক মেটাবলিক রেট)। যার মাধ্যমে শরীরে সঞ্চিত শক্তি (এনার্জি) ফ্যাট ঝরাতে সাহায্য করে।অর্থাৎ, ভূতের সিনেমা রোগ প্রতিরোধকের সঙ্গেই ওজনও কমাতে সাহায্য করে। নাতালি জানাচ্ছে, সিনেমা পিছু প্রায় ১১৩ ক্যালরি করে ঝরানো যায়, যা ৩০ মিনিট দ্রুতবেগে হাঁটার সমান!ক্রেডিট: Kolkata 24x7"
p-195-a-16,ভূতের মুভি দেখলে কী ওজন কমে?,তত্ত্ব ও গবেষণা,3,+2,969,https://www.sciencebee.com.bd/qna/18367/%E0%A6%AD%E0%A7%82%E0%A6%A4%E0%A7%87%E0%A6%B0-%E0%A6%A6%E0%A7%87%E0%A6%96%E0%A6%B2%E0%A7%87,"['ভূত', 'মুভি', 'ওজন', 'কম']",আপনিও যদি একই বিভাগের মধ্যে পড়ে থাকেন তবে হরর মুভিগুলি দেখার পক্ষে এটি আপনার পক্ষে খুব উপকারী। আসলে আপনি ৯০ মিনিটের হরর মুভি দেখে ১১৩ ক্যালোরি পোড়াচ্ছেন। যেখানে ওজন কমাতে গেলে অন্তত ৩০ মিনিট হাঁটতে হয় ক্যালোরি পোড়ানোর জন্য। ক্যালোরি কমাতে চাইলে প্রয়োজন পরিশ্রম আর আপনি তা এই ভুতের সিনেমার মধ্যেই পেয়ে থাকেন.
p-195-a-17,ভূতের মুভি দেখলে কী ওজন কমে?,তত্ত্ব ও গবেষণা,3,+2,969,https://www.sciencebee.com.bd/qna/18367/%E0%A6%AD%E0%A7%82%E0%A6%A4%E0%A7%87%E0%A6%B0-%E0%A6%A6%E0%A7%87%E0%A6%96%E0%A6%B2%E0%A7%87,"['ভূত', 'মুভি', 'ওজন', 'কম']","সম্প্রতি করা এক গবেষণায় দেখা গেছে, ভয়ের ছবি দেখলে ওজন কমে। ৯০ মিনিটের হরর মুভি দেখলে অন্তত ১১৩ ক্যালরি ঝড়ে। যেখানে ওজন কমাতে গেলে অন্তত ৩০ মিনিট হাঁটতে হয় ক্যালরি পোড়ানোর জন্য।সম্প্রতি ইংল্যান্ডের ওয়েস্টমিনস্টার বিশ্ববিদ্যালয়ের গবেষকদের মাথায় নতুন এক পরিকল্পনা আসে। ভয়ের সিনেমা দেখলে সাধারণত মানুষের হৃদযন্ত্রের গতি বেড়ে যায়। বাড়ে অক্সিজেন গ্রহণ ও কার্বন ডাইঅক্সাইড ত্যাগের পরিমাণও। হিসেব অনুযায়ী তাহলে ভয়ের সিনেমা দেখলে ক্যালরি ঝরারও কথা।সেই কথা মাথায় রেখে বহু দর্শককে একা একা বেশ কয়েকটি ভয়ের ছবি দেখতে দেয়া হয় এবং পরীক্ষার ফলটিও আশানুরূপ। দেখা গেছে, এর ফলে ক্যালরি ঝরেছে প্রত্যেকেরই। স্ট্যানলি কুব্রিক পরিচালিত ‘দ্য শাইনিং’ দেখে সবচেয়ে বেশি মাত্রায় ক্যালোরি ঝরেছে প্রত্যেকের। সর্বোচ্চ ১৮৪ ক্যালোরি পর্যন্ত ঝরিয়ে দিতে পেরেছে এই সিনেমা।"
p-195-a-18,ক্রিস্টাল ফিল্ড ম৩বাদ আসলে কি?,রসায়ন,1,+1,572,https://www.sciencebee.com.bd/qna/18366/%E0%A6%95%E0%A7%8D%E0%A6%B0%E0%A6%BF%E0%A6%B8%E0%A7%8D%E0%A6%9F%E0%A6%BE%E0%A6%B2-%E0%A6%AB%E0%A6%BF%E0%A6%B2%E0%A7%8D%E0%A6%A1,"['ক্রিস্টাল', 'ফিল্ড']","১৯২৯ সালে পদার্থবিজ্ঞানী হান্স বেথ প্রথমে এ তত্ত্বের ধারণা দেন, ও পরবর্তীতে জে এইচ ভ্যান ভ্লেক ১৯৩৫ সালে কিছুটা পরিবর্তন করে তত্ত্বটি উপস্থাপন করেন। এই তত্ত্বটি ধাতুর জটিল জটিল বৈশিষ্ট্যের বর্ণনা করে, যেমনঃ চুম্বকত্ব, শোষণ এক্সপেক্ট্রা ইত্যাদি। CFT মূলত লিগান্ডস সঙ্গে একটি কেন্দ্রীয় পরমাণুর d- orbital এর মিথস্ক্রিয়া বিবেচনা করে। ক্রিস্টাল ফিল্ড থিওরি(CFT) ইলেক্ট্রনকে ডি-অরবিটালএবং ধাতু মিথেনের সাথে তাদের মিথস্ক্রিয়া দ্বারা প্রভাবিত করে এবং সিএফটিতে ধাতু-লিগ্যান্ড মিথস্ক্রিয়াটি ইলেক্ট্রোস্ট্যাটিক হিসেবে বিবেচিত হয়।ক্রেডিট: মিথিলা ফারজানা মেলোডি"
p-195-a-19,সেলুলোজ বলতে কী বোঝায়?,জীববিজ্ঞান,1,+7,894,https://www.sciencebee.com.bd/qna/18364/%E0%A6%B8%E0%A7%87%E0%A6%B2%E0%A7%81%E0%A6%B2%E0%A7%8B%E0%A6%9C-%E0%A6%AC%E0%A7%8B%E0%A6%9D%E0%A6%BE%E0%A6%AF%E0%A6%BC,"['কোষপ্রাচীর', 'সেলুলোজ']","সেলুলোজ উদ্ভিদের একটি প্রধান গাঠনিক পদার্থ। উদ্ভিদের কোষ প্রাচীর সেলুলোজ দিয়ে গঠিত। অসংখ্য β-D গ্লুকোজ অণু পরস্পর β-১-৪ বন্ধনে আবদ্ধ হয়ে সেলুলোজ তৈরি করে। উদ্ভিদের অবকাঠামো নির্মাণে সেলুলোজ গুরুত্বপূর্ণ ভূমিকা পালন করে। উদ্ভিদদেহে যেহেতু কোনো কঙ্কাল নেই,সেহেতু উদ্ভিদের ভার বহনের দায়িত্ব পালন করে সেলুলোজ। তুলায় সেলুলোজ এর পরিমাণ ৯৪%,লিনেনে ৯০% এবং কাঠে ৬০%। সেলুলোজ ঘন H2SO4 বা HCL বা NaOH দ্বারা হাইড্রোলাইসিস করে গ্লুকোজে পরিণত করা হয়। মানুষের পাকস্থলী বা অন্ত্রে সেলুলোজ এনজাইম না থাকায় সেলুলোজ পদার্থ হজম হয়না,তবে গরু-ছাগলে সেলুলোজ পুষ্টি হিসেবে কাজ করে। বন ও বস্ত্র শিল্পের প্রধান উপাদান সেলুলোজ,আর তাই মানব সভ্যতায় এর দান অপরিসীম। পৃথিবীতে সবচেয়ে বেশি পরিমাণে বিরাজ করে সেলুলোজ। এককথায় বলতে গেলে সেলুলোজ হলো একটি কার্বোহাইড্রেড-জাতীয় মস্ত বড়ো অণু (পলিমার)।Source: Wikipedia"
p-195-a-20,সাধারণ হাড়ভাঙা বলতে কী বুঝায়?,প্রাণিবিদ্যা,1,+1,81,https://www.sciencebee.com.bd/qna/18361/%E0%A6%B8%E0%A6%BE%E0%A6%A7%E0%A6%BE%E0%A6%B0%E0%A6%A3-%E0%A6%B9%E0%A6%BE%E0%A7%9C%E0%A6%AD%E0%A6%BE%E0%A6%99%E0%A6%BE,"['এইচএসসি-প্রাণীবিজ্ঞান', 'সাধারণ', 'হাড়ভাঙা']","এ ধরনের অস্থিভঙ্গে ভাঙা হাড় চামড়া ভেদ করে বের হয় না। শুধু একটি অস্থি ভেঙে দু টুকরো হয়ে যায়। সাধারণ হাড়ভাঙায় ভেতরে ক্ষতের সৃষ্টি হয়, তবে আশেপাশের টিস্যু কিংবা চামড়ার ক্ষতি হয় না। প্রয়োজনীয় ব্যবস্থা নিলে সাধারণ হাড়ভাঙা ৮ সপ্তাহের মাঝে সেরে যায়।এ ধরনের অস্থিভঙ্গের আরেক নাম বদ্ধ বা অভ্যন্তরীণ অস্থিভঙ্গ।"
p-195-a-21,পেশির বৈশিষ্ট্য কী কী?,প্রাণিবিদ্যা,1,+1,222,https://www.sciencebee.com.bd/qna/18358/%E0%A6%AA%E0%A7%87%E0%A6%B6%E0%A6%BF%E0%A6%B0-%E0%A6%AC%E0%A7%88%E0%A6%B6%E0%A6%BF%E0%A6%B7%E0%A7%8D%E0%A6%9F%E0%A7%8D%E0%A6%AF,"['এইচএসসি-প্রাণীবিজ্ঞান', 'পেশি', 'বৈশিষ্ট্য']","বৈশিষ্ট্য:পেশিকোষকে পেশিতন্তু বলা হয়।মায়োব্লাস্ট নামক আদিকোষ থেকে এর উৎপত্তিপেশিকোষ যে ঝিল্লি দ্বারা আবৃত তার নাম সারকোলেমা, এবং এর ভেতরের সাইটোপ্লাজমকে বলে সারকোপ্লাজম।সারকোপ্লাজমের মাঝে থাকে অসংখ্য মায়োফাইব্রিল। এরা এক প্রকার সূক্ষ্ম তন্তু এবং একে অপরের সমান্তরালে অবস্থান করে।মায়োফাইব্রিল অ্যাক্টিন ও মায়োসিন দিয়ে তৈরি। অ্যাক্টিন ও মায়োসিন এক প্রকার প্রোটিন ফিলামেন্ট।প্রতি কোষে সুস্পষ্ট নিউক্লিয়াস আছে।পেশি টিস্যুর প্রায় ৭৫% পানি। বাকিটা কঠিন পদার্থ।"
p-195-a-22,নিরেট অস্থির গঠন কেমন?,প্রাণিবিদ্যা,1,+1,414,https://www.sciencebee.com.bd/qna/18355/%E0%A6%A8%E0%A6%BF%E0%A6%B0%E0%A7%87%E0%A6%9F-%E0%A6%85%E0%A6%B8%E0%A7%8D%E0%A6%A5%E0%A6%BF%E0%A6%B0,"['এইচএসসি-প্রাণীবিজ্ঞান', 'নিরেট', 'অস্থি', 'গঠন']",নিরেট অস্থির গঠন:ম্যাট্রিক্স ৫-১৫টি স্তরে সাজানো থাকে। স্তরগুলোকে ল্যামেলি (lamellae)বলে।নিরেট অস্থির একদম মাঝখানে একটা নালি থাকে। কেন্দ্রীয় এই নালির নাম হ্যাভারসিয়ান নালি।হ্যাভারসিয়ান নালির চারপাশে চক্রাকারে বিন্যস্ত থাকে ল্যামেলি। প্রতিটি হ্যাভারসিয়ান নালি ও একে ঘিরে থাকা ল্যামেলি নিয়ে গঠিত হয় হ্যাভারসিয়ান তন্ত্র। এর আরেক নাম অস্টিওন (osteon)।প্রতিটি ল্যামেলায় আবার থাকে ল্যাকুনা। ল্যাকুনার চারদিক থেকে কিছু সূক্ষ্ম নালিকা বের হয়। এদের বলে ক্যানালিকুলি (canaliculi)।ক্যানালিকুলির মাধ্যমে একটি হ্যাভারসিয়ান তন্ত্রের বিভিন্ন ল্যাকুনা পরস্পরের সাথে যুক্ত থাকেহ্যাভারসিয়ান নালিগুলো আবার পরস্পরের সাথে আড়াআড়ি নালি দিয়ে যুক্ত থাকে। এই নালিগুলোর নাম ভকম্যান’স ক্যানেল (Volkmann’s canal)।অস্থির কেন্দ্রস্থলে থাকে মজ্জা গহ্বর। এটি লাল বা হলুদ মজ্জায় পূর্ণ থাকে।
p-195-a-23,মেরুদন্ডের কাজ কী?,প্রাণিবিদ্যা,2,+1,285,https://www.sciencebee.com.bd/qna/18352/%E0%A6%AE%E0%A7%87%E0%A6%B0%E0%A7%81%E0%A6%A6%E0%A6%A8%E0%A7%8D%E0%A6%A1%E0%A7%87%E0%A6%B0,"['এইচএসসি-প্রাণীবিজ্ঞান', 'মেরুদন্ড', 'কাজ']","দেহকাণ্ডের সুষ্ঠু সালনের মজবুত, নমনীয় অবলম্বন হিসেবে মেরুদণ্ড কাজ করে। এটি সুষুম্নাকাণ্ড ও সুষম্না নামূমূলকে বেষ্টন ও রক্ষা করে। মাথাকে অবলম্বন দেয় ও পিভট এর মতােও এটি কাজ করে। এছাড়াও এটি দেহের ভতি দানে ও চলাফেরায় গুরুত্বপূর্ণ ভূমিকা পালন করে।"
p-195-a-24,মেরুদন্ডের কাজ কী?,প্রাণিবিদ্যা,2,+1,285,https://www.sciencebee.com.bd/qna/18352/%E0%A6%AE%E0%A7%87%E0%A6%B0%E0%A7%81%E0%A6%A6%E0%A6%A8%E0%A7%8D%E0%A6%A1%E0%A7%87%E0%A6%B0,"['এইচএসসি-প্রাণীবিজ্ঞান', 'মেরুদন্ড', 'কাজ']",মেরুদন্ডের কাজ:১। দেহের কাঠামো গঠন২। দেহের ভার বহন৩। চলাফেরায় সাহায্য করে৪।সুষুম্নাকান্ড ও সুষুম্না স্নায়ুকে সুরক্ষা প্রদান করে৫। দেহের কেন্দ্রীয় অক্ষ গঠন করে৬। সকল অক্ষীয় পেশি ও পর্শুকার সংযোগতল তৈরি করে
p-195-a-25,ডায়ালাইসিস (Dialysis) বলতে কী বুঝায়?,প্রাণিবিদ্যা,1,+1,70,https://www.sciencebee.com.bd/qna/18350/%E0%A6%A1%E0%A6%BE%E0%A7%9F%E0%A6%BE%E0%A6%B2%E0%A6%BE%E0%A6%87%E0%A6%B8%E0%A6%BF%E0%A6%B8,"['এইচএসসি-প্রাণীবিজ্ঞান', 'ডায়ালাইসিস', 'dialysis']",একটি বৈষম্যভেদ্য ঝিল্লীর মধ্য দিয়ে নির্বাচনমূলক ব্যাপনের মাধ্যমে কোন দ্রবণের কলয়ডাল পদার্থ থেকে দ্রবীভূত ক্রিস্টালয়েড / ছোট পদার্থ পৃথক করাকে ডায়ালাইসিস বলে। এটি ২ ধরণের হয়।ক) হিমোডায়ালাইসিস/(Haemodialysis)খ) পেরিটোনিয়াল ডায়ালাইসিস/(Peritoneal dialysis)
