id,question,question_category,number_of_answer,number_of_vote,number_of_view,answer_link,question_tag,answer
p-89-a-0,লালারসে উপস্থিত উৎসেচকের নাম কি ?,স্বাস্থ্য ও চিকিৎসা,3,+1,72,https://www.sciencebee.com.bd/qna/25509/%E0%A6%B2%E0%A6%BE%E0%A6%B2%E0%A6%BE%E0%A6%B0%E0%A6%B8%E0%A7%87-%E0%A6%89%E0%A7%8E%E0%A6%B8%E0%A7%87%E0%A6%9A%E0%A6%95%E0%A7%87%E0%A6%B0,"['জীববিজ্ঞান', 'স্বাস্থ্য']",লালারসের মধ্যে  উপস্থিত উৎসেচকের নাম হলো টালিন।
p-89-a-1,লালারসে উপস্থিত উৎসেচকের নাম কি ?,স্বাস্থ্য ও চিকিৎসা,3,+1,72,https://www.sciencebee.com.bd/qna/25509/%E0%A6%B2%E0%A6%BE%E0%A6%B2%E0%A6%BE%E0%A6%B0%E0%A6%B8%E0%A7%87-%E0%A6%89%E0%A7%8E%E0%A6%B8%E0%A7%87%E0%A6%9A%E0%A6%95%E0%A7%87%E0%A6%B0,"['জীববিজ্ঞান', 'স্বাস্থ্য']",লালারসের মধ্যে উপস্থিত উতসেচকের নাম - টালিন
p-89-a-2,লালারসে উপস্থিত উৎসেচকের নাম কি ?,স্বাস্থ্য ও চিকিৎসা,3,+1,72,https://www.sciencebee.com.bd/qna/25509/%E0%A6%B2%E0%A6%BE%E0%A6%B2%E0%A6%BE%E0%A6%B0%E0%A6%B8%E0%A7%87-%E0%A6%89%E0%A7%8E%E0%A6%B8%E0%A7%87%E0%A6%9A%E0%A6%95%E0%A7%87%E0%A6%B0,"['জীববিজ্ঞান', 'স্বাস্থ্য']",লালারসের মধ্যে  উপস্থিত উৎসেচকের নাম হলো টালিন।।
p-89-a-3,বীজ হীন ফল উৎপন্ন করতে ব্যবহৃত হরমোনটি হল কোনটি ?,পরিবেশ,3,+1,93,https://www.sciencebee.com.bd/qna/25507/%E0%A6%AC%E0%A7%8D%E0%A6%AF%E0%A6%AC%E0%A6%B9%E0%A7%83%E0%A6%A4-%E0%A6%B9%E0%A6%B0%E0%A6%AE%E0%A7%8B%E0%A6%A8%E0%A6%9F%E0%A6%BF,"['বীজ', 'জীববিজ্ঞান']",বীজ হীন ফল উৎপন্ন করতে ব্যবহৃত হরমোনটি হল অক্সিন।
p-89-a-4,বীজ হীন ফল উৎপন্ন করতে ব্যবহৃত হরমোনটি হল কোনটি ?,পরিবেশ,3,+1,93,https://www.sciencebee.com.bd/qna/25507/%E0%A6%AC%E0%A7%8D%E0%A6%AF%E0%A6%AC%E0%A6%B9%E0%A7%83%E0%A6%A4-%E0%A6%B9%E0%A6%B0%E0%A6%AE%E0%A7%8B%E0%A6%A8%E0%A6%9F%E0%A6%BF,"['বীজ', 'জীববিজ্ঞান']",বীজহীন ফল উতপন্ন করতে ব্যবহৃত হরমোনের নাম - অক্সিন
p-89-a-5,বীজ হীন ফল উৎপন্ন করতে ব্যবহৃত হরমোনটি হল কোনটি ?,পরিবেশ,3,+1,93,https://www.sciencebee.com.bd/qna/25507/%E0%A6%AC%E0%A7%8D%E0%A6%AF%E0%A6%AC%E0%A6%B9%E0%A7%83%E0%A6%A4-%E0%A6%B9%E0%A6%B0%E0%A6%AE%E0%A7%8B%E0%A6%A8%E0%A6%9F%E0%A6%BF,"['বীজ', 'জীববিজ্ঞান']",বীজহীন ফল উতপন্ন করতে ব্যবহৃত হরমোনের নাম - অক্সিন।
p-89-a-6,থাইরয়েড গ্রন্থির কম ক্ষরণে হয় কোন রোগ ?,স্বাস্থ্য ও চিকিৎসা,4,+1,91,https://www.sciencebee.com.bd/qna/25505/%E0%A6%A5%E0%A6%BE%E0%A6%87%E0%A6%B0%E0%A6%AF%E0%A6%BC%E0%A7%87%E0%A6%A1-%E0%A6%97%E0%A7%8D%E0%A6%B0%E0%A6%A8%E0%A7%8D%E0%A6%A5%E0%A6%BF%E0%A6%B0,"['রোগ', 'স্বাস্থ্য']",থাইরয়েড গ্রন্থির কম ক্ষরণে হয় মিক্সিডিমা (বেশি ক্ষরণে গলগন্ড) রোগ।
p-89-a-7,থাইরয়েড গ্রন্থির কম ক্ষরণে হয় কোন রোগ ?,স্বাস্থ্য ও চিকিৎসা,4,+1,91,https://www.sciencebee.com.bd/qna/25505/%E0%A6%A5%E0%A6%BE%E0%A6%87%E0%A6%B0%E0%A6%AF%E0%A6%BC%E0%A7%87%E0%A6%A1-%E0%A6%97%E0%A7%8D%E0%A6%B0%E0%A6%A8%E0%A7%8D%E0%A6%A5%E0%A6%BF%E0%A6%B0,"['রোগ', 'স্বাস্থ্য']",থাইরয়েড গ্রন্থির কম ক্ষরণে মিক্সিডিমা রোগ হয়ে থাকে I
p-89-a-8,থাইরয়েড গ্রন্থির কম ক্ষরণে হয় কোন রোগ ?,স্বাস্থ্য ও চিকিৎসা,4,+1,91,https://www.sciencebee.com.bd/qna/25505/%E0%A6%A5%E0%A6%BE%E0%A6%87%E0%A6%B0%E0%A6%AF%E0%A6%BC%E0%A7%87%E0%A6%A1-%E0%A6%97%E0%A7%8D%E0%A6%B0%E0%A6%A8%E0%A7%8D%E0%A6%A5%E0%A6%BF%E0%A6%B0,"['রোগ', 'স্বাস্থ্য']",থাইরয়েড গ্রন্থির কম ক্ষরণে মিক্সিডিমা রোগ হয়।
p-89-a-9,থাইরয়েড গ্রন্থির কম ক্ষরণে হয় কোন রোগ ?,স্বাস্থ্য ও চিকিৎসা,4,+1,91,https://www.sciencebee.com.bd/qna/25505/%E0%A6%A5%E0%A6%BE%E0%A6%87%E0%A6%B0%E0%A6%AF%E0%A6%BC%E0%A7%87%E0%A6%A1-%E0%A6%97%E0%A7%8D%E0%A6%B0%E0%A6%A8%E0%A7%8D%E0%A6%A5%E0%A6%BF%E0%A6%B0,"['রোগ', 'স্বাস্থ্য']",থাইরয়েড গ্রন্থির কম ক্ষরণে মিক্সিডিমা রোগ হয়ে থাকে । ।
p-89-a-10,মৃত সাগর মূলত কী?,তত্ত্ব ও গবেষণা,4,0,150,https://www.sciencebee.com.bd/qna/25497/%E0%A6%AE%E0%A7%83%E0%A6%A4-%E0%A6%B8%E0%A6%BE%E0%A6%97%E0%A6%B0-%E0%A6%AE%E0%A7%82%E0%A6%B2%E0%A6%A4,"['সাগর', 'ত্বত্ত্ব']","মৃত সাগরে লবণের দ্বীপ!মৃত সাগরের অবস্থান জর্ডান ও ইসরায়েল এর মধ্যবর্তী অংশে। এটি মূলত একটি লবণাক্ত হ্রদ। সাধারণত সমুদ্রের পানিতে লবণের পরিমাণ থাকে ৩ থেকে ৬ শতাংশ। কিন্তু মৃত সাগরে লবণের পরিমাণ ৩৪ শতাংশ যা সাধারণ সমুদ্রের পানির থেকে প্রায় ১০ গুণ বেশি। মৃত সাগরের পানির ঘনত্ব প্রায় ১.২৪ কেজি/লিটার। এই পানির লবণে প্রায় ৫০% ম্যাগনেসিয়াম ক্লোরাইড, ৩০% সোডিয়াম ক্লোরাইড, ১৪% ক্যালসিয়াম ক্লোরাইড, ৪% পটাসিয়াম ক্লোরাইড আছে। তাছাড়া মৃত সাগরের পানিতে নানা ধরনের খনিজ উপাদান রয়েছে যা বিভিন্ন জটিল রোগ নিরাময়ে ব্যবহৃত হয়।মৃত সাগরের অতিরিক্ত লবণাক্ততার জন্য এখানে কোনো প্রাণের অস্তিত্ব নেই, কোন উদ্ভিদ বা মাছ এখানে বাঁচে না। সাগরটিতে কেবল কিছু ব্যাকটেরিয়া, ছত্রাক ও অণুজীবের অস্তিত্ব পাওয়া গিয়েছে। মৃত সাগরে ভাসমান অবস্থায় দেখা যায় কিছু গোলাকার লবণের দ্বীপ, এমন একটি দ্বীপে ছিলো এই সাগরের একমাত্র গাছ। গাছটি মূলত পর্যটকদের জন্য লাগানো হয়েছিলো, একজন লোক প্রতিদিন গাছটির গোড়ায় খনিজ উপাদান মিলানো কাদামাটি দিয়ে যেতো তাই গাছটি টিকে ছিলো। জানা গেছে গাছটি এখন আর নেই, কিছু পর্যটক গাছটিতে উঠে ছবি তুলার চেষ্টা করেন। তখন গাছটি ভেঙে যায়।"
p-89-a-11,মৃত সাগর মূলত কী?,তত্ত্ব ও গবেষণা,4,0,150,https://www.sciencebee.com.bd/qna/25497/%E0%A6%AE%E0%A7%83%E0%A6%A4-%E0%A6%B8%E0%A6%BE%E0%A6%97%E0%A6%B0-%E0%A6%AE%E0%A7%82%E0%A6%B2%E0%A6%A4,"['সাগর', 'ত্বত্ত্ব']","মৃত সাগর, এর পশ্চিমে পশ্চিম তীর এবং ইসরায়েল, পূর্বে জর্ডান । জিবুতির আসাল হ্রদের পর এটি বিশ্বের দ্বিতীয় সর্বোচ্চ লবণাক্ত পানির প্রাকৃতিক আধার। সমুদ্র পৃষ্ঠ থেকে ৪২০ মিটার নিচে এটি পৃথিবীর নিম্নতম স্থলভূমি । এর লবণাক্ততা শতকরা ৩০ ভাগ এবং এটি সমুদ্রের পানির চাইতে ৮.৬ গুণ বেশি লবণাক্ত ।"
p-89-a-12,মৃত সাগর মূলত কী?,তত্ত্ব ও গবেষণা,4,0,150,https://www.sciencebee.com.bd/qna/25497/%E0%A6%AE%E0%A7%83%E0%A6%A4-%E0%A6%B8%E0%A6%BE%E0%A6%97%E0%A6%B0-%E0%A6%AE%E0%A7%82%E0%A6%B2%E0%A6%A4,"['সাগর', 'ত্বত্ত্ব']","সাগর বলা হলেও এটি মূলত একটি হ্রদ যার সর্বোচ্চ গভীরতা ৩০৪ মিটার। মধ্য প্রাচ্যে অবস্থিত এই মৃত সাগরের পূর্ব সীমান্তে রয়েছে জর্ডান এবং পশ্চিম সীমান্তে যথাক্রমে ইসরাইল ও প্যালেস্টাইন। এর পৃষ্ঠভাগ ও তীরদেশ সমুদ্রপৃষ্ঠ থেকে প্রায় ৪২৯ মিটার নিচে অবস্থিত। তাই একে ভূপৃষ্ঠের সবচেয়ে নিম্নভূমি হিসেবে গণ্য করা হয়।এখন বলি এটি বিশাল লবণাক্ত জলভূমিকে কেন সবাই মৃত সাগর বলে, এর পানিতে লবণাক্ততার পরিমাণ প্রায় ৩৪.২%, যা সমুদ্রের পানির চেয়ে ৮.৬ গুণ বেশি লবণাক্ত। এই অত্যধিক লবণাক্ততার কারণে সৃষ্ট প্রতিকূল পরিবেশে জলজ প্রাণীরা বসবাস ও জীবনধারণ করতে পারে না, তাই এই সাগরে কোনো প্রাণের বাস নাই বললেই চলে। এ কারণে এই জলভূমির নাম মৃতসাগর।বলা হয়, প্রায় তিন মিলিয়ন বছর পূর্বে বর্তমান জর্দান নদী, মৃত সাগর এবং ওয়াদি আরাবাহ অঞ্চল লোহিত সাগর এর পানিতে বারবার প্লাবিত হত। এর ফলে একটি সরু উপসাগরের সৃষ্টি হয় । উপসাগরটি জেজরিল উপত্যকায় একটি সরু সংযোগের মাধ্যমে লোহিত সাগরের সঙ্গে যুক্ত ছিল। প্রাকৃতিক তত্ত্ব অনুযায়ী প্রায় ২ মিলিয়ন বছর পূর্বে উপত্যকা এবং ভূমধ্যসাগরের মধ্যবর্তী স্থলভাগ যথেষ্ট উচ্চতা লাভ করে। ফলে মহাসাগরের প্লাবনে এই অঞ্চলে সৃষ্ট উপসাগরটি পরিবেষ্টিত হয়ে হ্রদে পরিণত হয়।এই সাগরে কোনো প্রাণী বাস করতে পারে তো না। কোনো মানুষ চাইলেও এর পানিতে প্রবেশ করতে পারবে না। যতই চেষ্টা করবে ডুবে যাওয়ার তুমি ভেসেই থাকবে। কেন জানো? কারণ পানির লবনাক্ততা এত বেশি হওয়ার কারণে পানির প্লবতা অনেক বেশি। তোমরা যদি না জেনে থাকো প্লবতা কী, তাহলে জেনে রাখো। প্লবতা হচ্ছে বস্তুর উপর প্রযুক্ত পানির উর্ধ্বমুখী বল। কোনো বস্তু পানিতে ডুবানো হলে বস্তুর ওজন নিচের দিকে একটা বল প্রয়োগ করে। পানিও বস্তুকে উপরের দিকে বল প্রয়োগ করে। যদি বস্তুর ওজন বেশি হয় বস্তু ডুবে যায়, আর প্লবতা বেশী হয় তবে বস্তু ভেসে থাকে। কিন্তু মৃত সাগরের পানির প্লবতা এতই বেশি যে বস্তুর ওজন অনেক বেশি হলেও বস্তুকে ঢুবানো বেশ কঠিন।বিশ্লেষণ করে দেখা গেছে, মহাসাগরের পানির তুলনায় ডেড সির পানিতে মিশে থাকা খনিজ উপাদানগুলোর পার্থক্য আছে। মৃত সাগরের পানিতে মিশে থাকা লবণে ১৪% ক্যালসিয়াম ক্লোরাইড, ৪% পটাশিয়াম ক্লোরাইড, ৫০% ম্যাগনেসিয়াম ক্লোরাইড এবং ৩০% সোডিয়াম ক্লোরাইড রয়েছে। এই পানির ঘনত্ব ১.২৪ কেজি/লিটার। এই সকল উপাদানের কারণে ডেড সি’র পানির প্লবতা শক্তি পৃথিবীর অন্যান্য স্থানের পানির চেয়ে অনেক বেশি। আর এই উচ্চপ্লবতা শক্তির কারণে এই সাগরে কোনো কিছু ডুবে না। যে কেউ মৃত সাগরের পানিতে ভেসে থাকতে পারে। প্রাচীনকাল থেকে এই হ্রদটি মিশরের মমি তৈরির জন্য, সার উৎপাদনের জন্য পটাশসহ বিভিন্ন প্রাকৃতিক খনিজ পদার্থের উৎস হিসেবে বিবেচিত হয়ে আসছে। এই হ্রদ থেকে প্রাপ্ত লবণ ও খনিজ পদার্থ বিভিন্ন প্রসাধনী ও সুগন্ধি দ্রব্য তৈরিতে ব্যবহৃত হয়।ডেড সি’তে কোনো মাছ নেই, কারণ এই সাগরের পানিতে কোনো মাছ বাস করতে পারে না। তেমনিভাবে এর পাশে জর্ডান নদীতেও কোনো মাছ নেই। এই সাগরের পানিতে কোন উদ্ভিদ বা মাছ বাচতে পারে না বলেই মূলত এই সাগরকে ডেড সি বা মৃত সাগর বলা হয়ে থাকে। এই সাগরের পানিতে শুধুমাত্র সামান্য কিছু ব্যাকটেরিয়া ও ছত্রাক অণুজীবের সন্ধান পাওয়া যায়। ডেড সি তীরবর্তী পাহাড়ি অঞ্চলে উট, খরগোশ, খেঁকশিয়াল এমনকি চিতাবাঘ দেখতে পাওয়া যায়। অতীতে জর্ডান নদীর বদ্বীপ অঞ্চলে প্যাপিরাস এবং পাম গাছে সমৃদ্ধ বনভূমি ছিল। রোমান এবং বাইজেন্টাইন সাম্রাজ্যের সময় ইক্ষু, সিকামোর এবং হেনা এ অঞ্চলের উদ্ভিদ বৈচিত্র্যে সমৃদ্ধি এনে দিয়েছিল। জেরিকোতে বেলসাম গাছের রস থেকে প্রস্তুত করা হত উন্নত মানের পারফিউম এবং সুগন্ধি।বর্তমানে মৃত সাগর অঞ্চলটি চিকিৎসা শাস্ত্রের গবেষণাস্থল হয়ে উঠেছে। এর মূলে রয়েছে হ্রদের পানিতে খনিজ দ্রব্যাদির বিপুল উপস্থিতি, বাতাসে এলার্জি উৎপাদক দ্রব্য এবং পরাগরেণুর স্বল্পতা, উচ্চ ভূ-মণ্ডলীয় চাপ, সৌর বিকিরণে অতি বেগুনি উপাদানের কম উপস্থিতি। উচ্চ বায়ুমণ্ডলীয় চাপ, শ্বাসকষ্টে ভুগতে থাকা রোগীদের জন্য বেশ উপকারী। চর্মরোগ সোরিয়াসিস (psoriasis) এর জন্য দীর্ঘসময় সূর্যস্নান বেশ উপকারী। এ অঞ্চলে অতি বেগুনি রশ্মির স্বল্পতা সূর্যস্নানের উপযুক্ত পরিবেশ সৃষ্টিতে বেশ সহায়ক ভূমিকা রেখেছে। এছাড়া রোগটি নিরাময়ে জন্য মৃত সাগরের লবণও বেশ উপকারী বলে বৈজ্ঞানিকদের গবেষণায় দাবী করা হয়েছে।"
p-89-a-13,মৃত সাগর মূলত কী?,তত্ত্ব ও গবেষণা,4,0,150,https://www.sciencebee.com.bd/qna/25497/%E0%A6%AE%E0%A7%83%E0%A6%A4-%E0%A6%B8%E0%A6%BE%E0%A6%97%E0%A6%B0-%E0%A6%AE%E0%A7%82%E0%A6%B2%E0%A6%A4,"['সাগর', 'ত্বত্ত্ব']","DescriptionThe Dead Sea is a salt lake bordered by Jordan to the east and Israel and the West Bank to the west. It lies in the Jordan Rift Valley, and its main tributary is the Jordan River. The lake's surface is 430.5 metres below sea level, making its shores the lowest land-based elevation on Earth.Credit: Wikipedia"
p-89-a-14,অধিকাংশ পুরুষের ক্ষেত্রে মাথায় বাম দিকে সিঁথি থাকে কেন?,বিবিধ,2,0,132,https://www.sciencebee.com.bd/qna/25495/%E0%A6%85%E0%A6%A7%E0%A6%BF%E0%A6%95%E0%A6%BE%E0%A6%82%E0%A6%B6-%E0%A6%95%E0%A7%8D%E0%A6%B7%E0%A7%87%E0%A6%A4%E0%A7%8D%E0%A6%B0%E0%A7%87,"['পুরুষ', 'বিবিধ']","অধিকাংশ পুরুষ বাঁ দিকে সিঁথি কাটে কেন?সহজ উত্তর হলো বেশির ভাগ ছেলে ডান হাতে কাজ করতে অভ্যস্ত। তাই যখন তারা চুল আঁচড়ায়, তখন বাঁ দিকে সিঁথি কাটা তাদের জন্য সহজ। সে জন্যই পুরুষের চুলের স্টাইল ও রকম। এ যুক্তির একটা সমস্যা আছে। পুরুষ বা ছেলেদের জন্য যদি এই তত্ত্ব সত্য হয়, তাহলে মেয়েরা কেন বাঁ দিকে সিঁথি না কেটে মাঝখানে কাটে। ছেলেদের মতোই তাদেরও তো সাধারণত ডান হাত বেশি চলে। তাহলে এ ক্ষেত্রে ভিন্ন কেন হবে? এর উত্তর অবশ্য দেওয়া কঠিন।মেয়েদের কেশবিন্যাশ যাঁরা করেন তাঁদের মতে, সাধারণত মাথার যেখানে চুলের স্বাভাবিক বিভক্তিরেখা থাকে, সেখানেই সিঁথি করা হয়। মাথার ঠিক মাঝ বরাবর এই স্বাভাবিক বিভক্তিরেখা। এই বিবেচনায় বলা যায়, মেয়েদের চুলের সিঁথি যে সাধারণত মাঝ বরাবর থাকে, তার কারণ হয়তো এটাই।যেহেতু মেয়েদের চুল সাধারণত দীর্ঘ, সে কারণে তাদের চুল মাথার মাঝ বরাবর বিভক্ত হয়ে দুই পাশে বিন্যস্ত হয়। দীর্ঘ চুল ডান অথবা বাঁ দিকের সিঁথিতে আঁচড়ানো কঠিন। কিন্তু ছেলেদের চুল সাধারণত ছোট করে রাখা হয়। সে জন্য তাদের চুলের স্বাভাবিক বিভক্তিরেখার প্রকাশ ঘটে না।অবশ্য মনে রাখা দরকার যে ছেলেদের অনেকে ডান দিকেও সিঁথি করে, আবার মেয়েদের অনেকে বাঁ দিকে সিঁথি করে। এগুলো ব্যতিক্রম হিসেবে দেখা চলে। প্রাগৈতিহাসিক যুগে যখন ছেলেদের চুলও দীর্ঘ ছিল, তখন তাদের চুলও মাথার মাঝ বরাবর বিভক্ত হয়ে দুই পাশে বিন্যস্ত থাকত।কালক্রমে যখন ছেলেদের চুল ছোট রাখার চল হলো, তখন হয়তো বাঁ দিকে সিঁথির প্রচলন হয়েছে। অনেক দেশে মেয়েরাও চুল ছোট রাখে। তাদের সিঁথি সুনির্দিষ্ট থাকে না।তথ্য: প্রথম আলো"
p-89-a-15,অধিকাংশ পুরুষের ক্ষেত্রে মাথায় বাম দিকে সিঁথি থাকে কেন?,বিবিধ,2,0,132,https://www.sciencebee.com.bd/qna/25495/%E0%A6%85%E0%A6%A7%E0%A6%BF%E0%A6%95%E0%A6%BE%E0%A6%82%E0%A6%B6-%E0%A6%95%E0%A7%8D%E0%A6%B7%E0%A7%87%E0%A6%A4%E0%A7%8D%E0%A6%B0%E0%A7%87,"['পুরুষ', 'বিবিধ']","যেহেতু মেয়েদের চুল সাধারণত দীর্ঘ, সে কারণে তাদের চুল মাথার মাঝ বরাবর বিভক্ত হয়ে দুই পাশে বিন্যস্ত হয়। দীর্ঘ চুল ডান অথবা বাঁ দিকের সিঁথিতে আঁচড়ানো কঠিন। কিন্তু ছেলেদের চুল সাধারণত ছোট করে রাখা হয়। সে জন্য তাদের চুলের স্বাভাবিক বিভক্তিরেখার প্রকাশ ঘটে না।"
p-89-a-16,ভিটামিন বি টুযেলভ এ কোন ধাতুটি বর্তমান ?,বিবিধ,3,0,87,https://www.sciencebee.com.bd/qna/25493/%E0%A6%AD%E0%A6%BF%E0%A6%9F%E0%A6%BE%E0%A6%AE%E0%A6%BF%E0%A6%A8-%E0%A6%AC%E0%A6%B0%E0%A7%8D%E0%A6%A4%E0%A6%AE%E0%A6%BE%E0%A6%A8,"['ধাতু', 'ভিটামিন']",ভিটামিন বি টুযেলভ এ কোবাল্ট ধাতুটি হলো বর্তমান ।
p-89-a-17,ভিটামিন বি টুযেলভ এ কোন ধাতুটি বর্তমান ?,বিবিধ,3,0,87,https://www.sciencebee.com.bd/qna/25493/%E0%A6%AD%E0%A6%BF%E0%A6%9F%E0%A6%BE%E0%A6%AE%E0%A6%BF%E0%A6%A8-%E0%A6%AC%E0%A6%B0%E0%A7%8D%E0%A6%A4%E0%A6%AE%E0%A6%BE%E0%A6%A8,"['ধাতু', 'ভিটামিন']",কোবাল্ট ধাতু ভিটামিন বি টুয়েলভ এ বর্তমান I
p-89-a-18,ভিটামিন বি টুযেলভ এ কোন ধাতুটি বর্তমান ?,বিবিধ,3,0,87,https://www.sciencebee.com.bd/qna/25493/%E0%A6%AD%E0%A6%BF%E0%A6%9F%E0%A6%BE%E0%A6%AE%E0%A6%BF%E0%A6%A8-%E0%A6%AC%E0%A6%B0%E0%A7%8D%E0%A6%A4%E0%A6%AE%E0%A6%BE%E0%A6%A8,"['ধাতু', 'ভিটামিন']",কোবাল্ট ধাতু ভিটামিন বি টুয়েলভ এ বিদ্যমান।
p-89-a-19,আন্ট্রাসনিক শব্দ তরঙ্গ শুনতে পায় কোন প্রাণী ?,বিবিধ,3,0,194,https://www.sciencebee.com.bd/qna/25491/%E0%A6%86%E0%A6%A8%E0%A7%8D%E0%A6%9F%E0%A7%8D%E0%A6%B0%E0%A6%BE%E0%A6%B8%E0%A6%A8%E0%A6%BF%E0%A6%95,"['তরঙ্গ', 'ভাইব্রেট']",আন্ট্রাসনিক শব্দ তরঙ্গ শুনতে পায় বাদুড়।
p-89-a-20,আন্ট্রাসনিক শব্দ তরঙ্গ শুনতে পায় কোন প্রাণী ?,বিবিধ,3,0,194,https://www.sciencebee.com.bd/qna/25491/%E0%A6%86%E0%A6%A8%E0%A7%8D%E0%A6%9F%E0%A7%8D%E0%A6%B0%E0%A6%BE%E0%A6%B8%E0%A6%A8%E0%A6%BF%E0%A6%95,"['তরঙ্গ', 'ভাইব্রেট']",বাদুড় আল্ট্রাসনিক শব্দ তরঙ্গ শুনতে পায় ............
p-89-a-21,আন্ট্রাসনিক শব্দ তরঙ্গ শুনতে পায় কোন প্রাণী ?,বিবিধ,3,0,194,https://www.sciencebee.com.bd/qna/25491/%E0%A6%86%E0%A6%A8%E0%A7%8D%E0%A6%9F%E0%A7%8D%E0%A6%B0%E0%A6%BE%E0%A6%B8%E0%A6%A8%E0%A6%BF%E0%A6%95,"['তরঙ্গ', 'ভাইব্রেট']",বাদুড় আল্ট্রাসনিক শব্দ তরঙ্গ শুনতে পায়।।।।।।
p-89-a-22,কৃত্রিম উপায়ে গ্যাস দ্বারা ফল পাকানোর জন্য কী ব্যবহৃত হয় ?,বিবিধ,3,0,70,https://www.sciencebee.com.bd/qna/25490/%E0%A6%95%E0%A7%83%E0%A6%A4%E0%A7%8D%E0%A6%B0%E0%A6%BF%E0%A6%AE-%E0%A6%AA%E0%A6%BE%E0%A6%95%E0%A6%BE%E0%A6%A8%E0%A7%8B%E0%A6%B0,"['পদার্থ', 'রাসায়নিক']",কৃত্রিম উপায়ে ইথিলিন গ্যাস ব্যবহার করে ফল পাকানো হয়।
p-89-a-23,কৃত্রিম উপায়ে গ্যাস দ্বারা ফল পাকানোর জন্য কী ব্যবহৃত হয় ?,বিবিধ,3,0,70,https://www.sciencebee.com.bd/qna/25490/%E0%A6%95%E0%A7%83%E0%A6%A4%E0%A7%8D%E0%A6%B0%E0%A6%BF%E0%A6%AE-%E0%A6%AA%E0%A6%BE%E0%A6%95%E0%A6%BE%E0%A6%A8%E0%A7%8B%E0%A6%B0,"['পদার্থ', 'রাসায়নিক']",ইথিলিন গ্যাস ব্যবহার করে কৃত্রিম উপায়ে ফল পাকানো হয় I
p-89-a-24,কৃত্রিম উপায়ে গ্যাস দ্বারা ফল পাকানোর জন্য কী ব্যবহৃত হয় ?,বিবিধ,3,0,70,https://www.sciencebee.com.bd/qna/25490/%E0%A6%95%E0%A7%83%E0%A6%A4%E0%A7%8D%E0%A6%B0%E0%A6%BF%E0%A6%AE-%E0%A6%AA%E0%A6%BE%E0%A6%95%E0%A6%BE%E0%A6%A8%E0%A7%8B%E0%A6%B0,"['পদার্থ', 'রাসায়নিক']",ইথিলিন গ্যাস ব্যবহার করে কৃত্রিম উপায়ে ফল পাকানো হয়।
p-89-a-25,দুধ যখন পরিবর্তিত হয় তখন উৎপন্ন টক আস্বাদের কারণ কি ?,তত্ত্ব ও গবেষণা,3,0,89,https://www.sciencebee.com.bd/qna/25488/%E0%A6%AA%E0%A6%B0%E0%A6%BF%E0%A6%AC%E0%A6%B0%E0%A7%8D%E0%A6%A4%E0%A6%BF%E0%A6%A4-%E0%A6%86%E0%A6%B8%E0%A7%8D%E0%A6%AC%E0%A6%BE%E0%A6%A6%E0%A7%87%E0%A6%B0,"['দুধ', 'রাসায়নিক', 'পদার্থ']",দুধ যখন পরিবর্তিত হয় তখন উৎপন্ন টক আস্বাদের কারণ হলো ল্যাকটিক অ্যাসিড।
p-89-a-26,দুধ যখন পরিবর্তিত হয় তখন উৎপন্ন টক আস্বাদের কারণ কি ?,তত্ত্ব ও গবেষণা,3,0,89,https://www.sciencebee.com.bd/qna/25488/%E0%A6%AA%E0%A6%B0%E0%A6%BF%E0%A6%AC%E0%A6%B0%E0%A7%8D%E0%A6%A4%E0%A6%BF%E0%A6%A4-%E0%A6%86%E0%A6%B8%E0%A7%8D%E0%A6%AC%E0%A6%BE%E0%A6%A6%E0%A7%87%E0%A6%B0,"['দুধ', 'রাসায়নিক', 'পদার্থ']",ল্যাকটিক অ্যাসিডের কারণে দুধ পরিবর্তিত হয়ে টক আস্বাদ হয়ে থাকে I
p-89-a-27,দুধ যখন পরিবর্তিত হয় তখন উৎপন্ন টক আস্বাদের কারণ কি ?,তত্ত্ব ও গবেষণা,3,0,89,https://www.sciencebee.com.bd/qna/25488/%E0%A6%AA%E0%A6%B0%E0%A6%BF%E0%A6%AC%E0%A6%B0%E0%A7%8D%E0%A6%A4%E0%A6%BF%E0%A6%A4-%E0%A6%86%E0%A6%B8%E0%A7%8D%E0%A6%AC%E0%A6%BE%E0%A6%A6%E0%A7%87%E0%A6%B0,"['দুধ', 'রাসায়নিক', 'পদার্থ']",ল্যাকটিক অ্যাসিডের কারণে দুধ পরিবর্তিত হয়ে টক আস্বাদ হয়ে থাকে।
p-89-a-28,তেজস্ক্রিয়তার আবিষ্কারক কে ?,বিবিধ,4,0,99,https://www.sciencebee.com.bd/qna/25486/%E0%A6%A4%E0%A7%87%E0%A6%9C%E0%A6%B8%E0%A7%8D%E0%A6%95%E0%A7%8D%E0%A6%B0%E0%A6%BF%E0%A6%AF%E0%A6%BC%E0%A6%A4%E0%A6%BE%E0%A6%B0,"['আবিষ্কারক', 'তেজস্ক্রিয়তার']",তেজস্ক্রিয়তার আবিষ্কারক হলেন হেনরি বেকরেল।
p-89-a-29,তেজস্ক্রিয়তার আবিষ্কারক কে ?,বিবিধ,4,0,99,https://www.sciencebee.com.bd/qna/25486/%E0%A6%A4%E0%A7%87%E0%A6%9C%E0%A6%B8%E0%A7%8D%E0%A6%95%E0%A7%8D%E0%A6%B0%E0%A6%BF%E0%A6%AF%E0%A6%BC%E0%A6%A4%E0%A6%BE%E0%A6%B0,"['আবিষ্কারক', 'তেজস্ক্রিয়তার']",তেজস্ক্রিয়তার আবিষ্কারক - হেনরি বেকরেল I
p-89-a-30,তেজস্ক্রিয়তার আবিষ্কারক কে ?,বিবিধ,4,0,99,https://www.sciencebee.com.bd/qna/25486/%E0%A6%A4%E0%A7%87%E0%A6%9C%E0%A6%B8%E0%A7%8D%E0%A6%95%E0%A7%8D%E0%A6%B0%E0%A6%BF%E0%A6%AF%E0%A6%BC%E0%A6%A4%E0%A6%BE%E0%A6%B0,"['আবিষ্কারক', 'তেজস্ক্রিয়তার']","তেজস্ক্রিয়তার আবিষ্কারক - হেনরি বেকরেল .,,,,,,,,,,,,,,,,,,,,"
p-89-a-31,তেজস্ক্রিয়তার আবিষ্কারক কে ?,বিবিধ,4,0,99,https://www.sciencebee.com.bd/qna/25486/%E0%A6%A4%E0%A7%87%E0%A6%9C%E0%A6%B8%E0%A7%8D%E0%A6%95%E0%A7%8D%E0%A6%B0%E0%A6%BF%E0%A6%AF%E0%A6%BC%E0%A6%A4%E0%A6%BE%E0%A6%B0,"['আবিষ্কারক', 'তেজস্ক্রিয়তার']",তেজস্ক্রিয়তার আবিষ্কারক হলেন হেনরি বেকরেল।।
p-89-a-32,বাতাসে কত ভাগ নাইট্রোজেন আছে?,পরিবেশ,2,0,116,https://www.sciencebee.com.bd/qna/25485/%E0%A6%A8%E0%A6%BE%E0%A6%87%E0%A6%9F%E0%A7%8D%E0%A6%B0%E0%A7%8B%E0%A6%9C%E0%A7%87%E0%A6%A8,"['নাইট্রোজেন', 'বাতাস']",বায়ুতেনাইট্রোজেনের 78 শতাংশ।অক্সিজেনের ২০.৯ শতাংশআর্গন ০.৯০ শতাংশ এর কমকার্বন ডাইঅক্সাইড ০.০৩ শতাংশঅন্যান্য গ্যাস ০.১৭ শতাংশ এর কম
p-89-a-33,বাতাসে কত ভাগ নাইট্রোজেন আছে?,পরিবেশ,2,0,116,https://www.sciencebee.com.bd/qna/25485/%E0%A6%A8%E0%A6%BE%E0%A6%87%E0%A6%9F%E0%A7%8D%E0%A6%B0%E0%A7%8B%E0%A6%9C%E0%A7%87%E0%A6%A8,"['নাইট্রোজেন', 'বাতাস']",বায়ুতে নাইট্রোজেন থাকে ৭৮% যা অন্য সকল উপাদান অপেক্ষা বেশি।
p-89-a-34,"""I am not a robot"" কেন এই প্রশ্নের উত্তর দিতে হয় কম্পিউটার এ?",প্রযুক্তি,3,+1,104,https://www.sciencebee.com.bd/qna/25483/%E0%A6%AA%E0%A7%8D%E0%A6%B0%E0%A6%B6%E0%A7%8D%E0%A6%A8%E0%A7%87%E0%A6%B0-%E0%A6%95%E0%A6%AE%E0%A7%8D%E0%A6%AA%E0%A6%BF%E0%A6%89%E0%A6%9F%E0%A6%BE%E0%A6%B0,"['computer', 'প্রযুক্তি']","I am not a robot’-কেন এই প্রশ্নের উত্তর দিতে হয় জানেন?CAPTCHA-এর পুরো কথাটি হল (Completely Automated Public Turing test to tell Computers and Humans Apart)। ইন্টারনেট ব্যবহার করেন অথচ ক্যাপচার সঙ্গে পরিচিত নয় এমন ব্যক্তি খুঁজে পাওয়া মুসকিল।কোনও সাইট থেকে ছবি ডাউনলোড করতে চাইছেন, অথবা কোনও সাইটে কিছু একটা আবেদন করতে চাইছেন। হঠাৎ করেই কম্পিউটার স্ক্রিনে ফুটে উঠল একাধিক ছবি। এবার আপনাকে সেখান থেকে  চয়েস করতে হবে ব্রিজ অথবা গাড়ি অথবা ট্রাফিক লাইট। এই পুরো বিষয়টি হল ক্যাপচা (Captcha)। কিন্তু  কেন? এর পিছনের কারণটি কী?CAPTCHA আসলে কী?CAPTCHA-এর পুরো কথাটি হল (Completely Automated Public Turing test to tell Computers and Humans Apart)। মূলত Human User (মানব ইন্টারনেট ব্যবহারকারী) এবং Automated User (স্বয়ংক্রিয় ব্যটবহারকারী) এর মধ্যে পার্থক্য করে।ধরে নেওয়া যাক ইন্টারনেটে কোনও একটি কাজ করার চেষ্টা করছেন। এবার নির্দিষ্ট ওয়েবসাইট বোঝার চেষ্টা করবে আপনি সঠিক ব্যবহারকারী কিনা। অর্থাৎ ইন্টারনেটের মাধ্যমে আপনি যে কাজটি করতে চলেছেন সেটা সত্যিই কি কোনও মানব ব্যবহারকারী করছে নাকি কোনও রোবোটিক ব্যবহারকারী সেই কাজ করছে তা বোঝা যাবে।ক্যাপচায় বিভিন্ন ছবি অথবা বিভিন্ন অক্ষর দেওয়া থাকে। সেগুলি সাধারণভাবে রোবট রিড করতে পারে না। ফলে সেগুলি দেখে ক্যাপচা কোডের মাধ্যমে কোনও ওয়েবসাইট বুঝতে পারে যে ব্যবহারকারী মানব কেউ নাকি রোবট।CAPTCHA-র কাজগুলি কী কী?ব্লগ ও ফোরামগুলিতে স্প্যাম কমেন্ট ঠেকানো, অবৈধ অ্যাকাউন্ট তৈরি আটকান এবং পোলের যথার্থতা বজায় রাখার মতো গুরুত্বপূর্ণ কাজে ক্যাপচা ব্যবহার করা হয়।I am not a Robot লেখা কেন আসে?এই প্রসঙ্গে বলার আগে ক্যাপচা সংক্রান্ত আরও কয়েকটি বিষয় নিয়ে জানানো প্রয়োজন। এই মুহূর্তে Captcha তৈরির জন্য বিশ্বের সবথেকে অত্যাধুনিক প্রযুক্তি রয়েছে Google এর। কিন্তু এখানে একটি জটিল সমস্যা তৈরি হয়। 2014 সালে Google দেখে সবথেকে জটিল যে ক্যাপচাগুলি ছিল সেগুলির মধ্যে তাদের মেশিন লার্নিং অ্যালগোরিদম বা (MLA) 99.8 শতাংশ সফল। কিন্তু সাধারণ মানুষের ক্ষেত্রে তা সমস্যা তৈরি হচ্ছিল। সাধারণ মানুষের মধ্যে মাত্র 33 শতাংশ সঠিকভাবে তা সম্পন্ন করতে পেরেছিল। তাই Google-এর তরফে একটি নতুন পদ্ধতি চালু করা হয়। নাম দেওয়া হয় NoCaptchaNoCaptcha ReCaptcha পদ্ধতি কী?এই পদ্ধতিতে ইন্টারনেট ব্যবহারকারীদের ডেটা ও আচরণ পর্যবেক্ষণ করে মেশিন। তার ভিত্তিতে কিছু ব্যবহারকারীকে I am not a Robot এবং কিছু ব্যবহারকারীর জন্য ছবি পরীক্ষা করতে দেয়।"
p-89-a-35,"""I am not a robot"" কেন এই প্রশ্নের উত্তর দিতে হয় কম্পিউটার এ?",প্রযুক্তি,3,+1,104,https://www.sciencebee.com.bd/qna/25483/%E0%A6%AA%E0%A7%8D%E0%A6%B0%E0%A6%B6%E0%A7%8D%E0%A6%A8%E0%A7%87%E0%A6%B0-%E0%A6%95%E0%A6%AE%E0%A7%8D%E0%A6%AA%E0%A6%BF%E0%A6%89%E0%A6%9F%E0%A6%BE%E0%A6%B0,"['computer', 'প্রযুক্তি']",মানুষ আর রোবটকে পৃথক করতে এই পদ্ধতি অবলম্বন করা হয় I
p-89-a-36,"""I am not a robot"" কেন এই প্রশ্নের উত্তর দিতে হয় কম্পিউটার এ?",প্রযুক্তি,3,+1,104,https://www.sciencebee.com.bd/qna/25483/%E0%A6%AA%E0%A7%8D%E0%A6%B0%E0%A6%B6%E0%A7%8D%E0%A6%A8%E0%A7%87%E0%A6%B0-%E0%A6%95%E0%A6%AE%E0%A7%8D%E0%A6%AA%E0%A6%BF%E0%A6%89%E0%A6%9F%E0%A6%BE%E0%A6%B0,"['computer', 'প্রযুক্তি']",সাধারণত মানুষ আর রোবটকে পৃথক করতে এই পদ্ধতি অবলম্বন করা হয়।।
p-89-a-37,"পেন্সিলে HB,2B,4B ইত্যাদি দ্বারা কী বুঝায়?",তত্ত্ব ও গবেষণা,3,+1,143,https://www.sciencebee.com.bd/qna/25481/%E0%A6%AA%E0%A7%87%E0%A6%A8%E0%A7%8D%E0%A6%B8%E0%A6%BF%E0%A6%B2%E0%A7%87-%E0%A6%87%E0%A6%A4%E0%A7%8D%E0%A6%AF%E0%A6%BE%E0%A6%A6%E0%A6%BF,"['প্রযুক্তি', 'পদার্থ']","প্রশ্নঃ পেনসিলে HB, 2B বা 2H এর অর্থ কী?__________________________________________লিখতে লিখতে তোমার হাত ব্যথা হয়ে যাবে, কিন্তু তারপরেও পেনসিল শেষ হবে না। কেন? কারণ, একটি পেনসিল দিয়ে ৪৫ হাজার শব্দ লেখা যায়! পেনসিল দিয়ে দাগ টেনে তুমি একটানা ৩৫ মাইল চলে যেতে পারবে! দেখতেই পাচ্ছ পেনসিলের অনেক গুণ।এক হিসাবে দেখা গেছে, শুধু যুক্তরাষ্ট্রেই প্রতিবছর ২০০ কোটি পেনসিল ব্যবহার করা হয়! আমাদের দেশে কতটা ব্যবহার করা হয় তার সঠিক পরিসংখ্যান না থাকলেও এর পরিমাণও কম নয়। এই পেনসিলেরও আছে রকমভেদ। কোনোটার লেড (Lead) শক্ত, কোনোটা নরম। আবার কোনোটায় বেশি কালো দাগ টানা যায়, কোনোটায় হালকা। এসব গুণাগুণের ওপর ভিত্তি করে পেনসিলকে প্রধান তিন ভাগে ভাগ করা হয়েছে।লেড শক্ত হলে তাকে 'H' (Hard) দিয়ে পেনসিলের গায়ে দেখানো হয়। পেনসিল কত কালো বা ঘন লিখবে তা প্রকাশ করা হয় 'B' (Bold) দিয়ে। আবার সেটা কত সুন্দরভাবে লিখবে তা প্রকাশ করা হয় 'F' (Fine Point) দিয়ে। পেনসিলের লেড যত শক্ত হবে তার মাত্রাও বেড়ে 2H, 3H, 4H, 5H ইত্যাদি হবে। আবার পেনসিলের দাগ যত ঘন হবে তার মাত্রাও তেমন বেড়ে 2B, 3B, 4B, 5B হবে। তবে সাধারণভাবে আমরা ব্যবহার করি 'HB' (Hard Black) পেনসিল। যার মানে পেনসিলের লেড শক্ত এবং সেই সঙ্গে যথেষ্ট কালোও বটে।➡️ তথ্যসূত্রঃ Kishore Alo."
p-89-a-38,"পেন্সিলে HB,2B,4B ইত্যাদি দ্বারা কী বুঝায়?",তত্ত্ব ও গবেষণা,3,+1,143,https://www.sciencebee.com.bd/qna/25481/%E0%A6%AA%E0%A7%87%E0%A6%A8%E0%A7%8D%E0%A6%B8%E0%A6%BF%E0%A6%B2%E0%A7%87-%E0%A6%87%E0%A6%A4%E0%A7%8D%E0%A6%AF%E0%A6%BE%E0%A6%A6%E0%A6%BF,"['প্রযুক্তি', 'পদার্থ']",পেনসিলের ঘনত্ব বোঝাতে এমন নামকরণ করা হয়েছে ............
p-89-a-39,"পেন্সিলে HB,2B,4B ইত্যাদি দ্বারা কী বুঝায়?",তত্ত্ব ও গবেষণা,3,+1,143,https://www.sciencebee.com.bd/qna/25481/%E0%A6%AA%E0%A7%87%E0%A6%A8%E0%A7%8D%E0%A6%B8%E0%A6%BF%E0%A6%B2%E0%A7%87-%E0%A6%87%E0%A6%A4%E0%A7%8D%E0%A6%AF%E0%A6%BE%E0%A6%A6%E0%A6%BF,"['প্রযুক্তি', 'পদার্থ']","লেড শক্ত হলে তাকে 'H' (Hard) দিয়ে পেনসিলের গায়ে দেখানো হয়। পেনসিল কত কালো বা ঘন লিখবে তা প্রকাশ করা হয় 'B' (Bold) দিয়ে। আবার সেটা কত সুন্দরভাবে লিখবে তা প্রকাশ করা হয় 'F' (Fine Point) দিয়ে। পেনসিলের লেড যত শক্ত হবে তার মাত্রাও বেড়ে 2H, 3H, 4H, 5H ইত্যাদি হবে। আবার পেনসিলের দাগ যত ঘন হবে তার মাত্রাও তেমন বেড়ে 2B, 3B, 4B, 5B হবে। তবে সাধারণভাবে আমরা ব্যবহার করি 'HB' (Hard Black) পেনসিল। যার মানে পেনসিলের লেড শক্ত এবং সেই সঙ্গে যথেষ্ট কালোও বটে।"
p-89-a-40,শীতকালে ঠোঁট ফাঁটে কেনো?,স্বাস্থ্য ও চিকিৎসা,3,+1,292,https://www.sciencebee.com.bd/qna/25479/%E0%A6%B6%E0%A7%80%E0%A6%A4%E0%A6%95%E0%A6%BE%E0%A6%B2%E0%A7%87-%E0%A6%AB%E0%A6%BE%E0%A6%81%E0%A6%9F%E0%A7%87,"['শীতকাল', 'ঠোঁট', 'ফাটা']","শীতকালে ঠোঁট ফাটে কেন ?আমাদের চামড়ায় রয়েছে সিবেসিয়াস গ্রন্থি , যা থেকে একরকম তেলতেলে পদার্থ বেরিয়ে এসে ঘামের সঙ্গে মিশে গোটা চামড়ায় ছড়িয়ে যায় । এর ফলে চামড়া ফাটে না । শীতকালে বাতাসে জলীয় বাষ্পের পরিমাণ কমে যাবার ফলে আমাদের ঘাম হয় কম । তাছাড়া চারপাশটা ঠাণ্ডা থাকে বলে শরীরের তাপমোচনের জন্য ঘামের বিশেষ দরকার হয় না । ফলে সিবেসিয়াস গ্রন্থি থেকে বেরিয়ে আসা তেলতেলে পদার্থ শরীরের চামড়ায় ঠিকমতো ছড়িয়ে পড়তে পারে না । শরীরের শুকনো জায়গাগুলো তখন কুঁচকে গিয়ে ফেটে যায় । শরীরের অন্য জায়গার তুলনায় ঠোঁটের চামড়া পাতলা । তাছাড়া ঠোঁট দুটো নাকের ফুটোর ঠিক নিচে থাকার জন্য , নিশ্বাসের গরম বাতাস ঠোঁট দুটোকে আরও শুকিয়ে দেয় । এই কারণেই , শরীরের অন্য জায়গার তুলনায় শীতকালে ঠোঁট বেশি ফাটে ।"
p-89-a-41,শীতকালে ঠোঁট ফাঁটে কেনো?,স্বাস্থ্য ও চিকিৎসা,3,+1,292,https://www.sciencebee.com.bd/qna/25479/%E0%A6%B6%E0%A7%80%E0%A6%A4%E0%A6%95%E0%A6%BE%E0%A6%B2%E0%A7%87-%E0%A6%AB%E0%A6%BE%E0%A6%81%E0%A6%9F%E0%A7%87,"['শীতকাল', 'ঠোঁট', 'ফাটা']",শীতকালে ঠোঁট শুকিয়ে যাবার ফলে ঠোঁট ফাটে .......................
p-89-a-42,শীতকালে ঠোঁট ফাঁটে কেনো?,স্বাস্থ্য ও চিকিৎসা,3,+1,292,https://www.sciencebee.com.bd/qna/25479/%E0%A6%B6%E0%A7%80%E0%A6%A4%E0%A6%95%E0%A6%BE%E0%A6%B2%E0%A7%87-%E0%A6%AB%E0%A6%BE%E0%A6%81%E0%A6%9F%E0%A7%87,"['শীতকাল', 'ঠোঁট', 'ফাটা']","শরীরের চামড়ার তুলনায় ঠোঁট বেশি ফাটে, কারণ এটি মূলত চামড়ার উপরিভাগের খুব পাতলা স্তর। তাই শীতকালে বাতাসে আর্দ্রতার পরিমাণ বেশি হলে শরীর থেকে জলীয় অংশ কমে যায় এবং তখন চামড়ার এই স্তরটি দ্রুত ক্ষতিগ্রস্ত অর্থাৎ শুকিয়ে ফেটে যায়।"
p-89-a-43,প্যারাশ্যুট তেল কি খাওয়া যায়?,তত্ত্ব ও গবেষণা,2,0,649,https://www.sciencebee.com.bd/qna/25477/%E0%A6%AA%E0%A7%8D%E0%A6%AF%E0%A6%BE%E0%A6%B0%E0%A6%BE%E0%A6%B6%E0%A7%8D%E0%A6%AF%E0%A7%81%E0%A6%9F,"['তেল', 'মাথা']","প্যারাশ্যুট নারকেল তেল খায় না মাথায় দেয়?প্যারাশ্যুট নারকেল তেল। এটি ভারতের প্রায় প্রতিটি মধ্যবিত্ত পরিবারে বহুল ব্যবহৃত 'হেয়ার ওয়েল'। বাংলাদেশেও প্রডাক্টটি অনেক জনপ্রিয়। মারিকো (Marico) নামের একটি কোম্পানি এই তেলটি বাজারজাত করে।এখানে একটা জিনিস লক্ষ্য করার মতো - প্যারাশ্যুট নারকেল তেলের বোতলে কিন্তু কোথাও Hair Oil লেখাটি নেই। কারণ এটি মাথার চুলের জন্যে বিশেষ ভাবে তৈরী করা হয়নি।খাঁটি নারকেল তেল এমনিতেই চুলের জন্যে ভালো। মারিকো বা প্যারাশ্যুট কোম্পানি খাঁটি নারকেল তেলকে চুলের তেল হিসেবে প্রচার করে এবং তা বাজার জাত করে। তাহলে বোতলের উপরে Hair Oil লিখতে সমস্যা কোথায়? এটাই খুব মজার ব্যাপার। বোতলের সামনের দিকে কিছু লেখা না হলেও পেছনের দিকে কিন্তু Edible Oil(খাবার তেল) লেখা থাকে।Hair Oil হলো Cosmetic Product। অন্যদিকে Edible Oil হলো Food Product। ভারতে এই এই প্রোডাক্ট Category এর উপর ভিত্তি করে Tax নির্ধারণ করা হয়। Hair Oil এর tax হয় 18%, Edible Oil এর tax হয় 5%।এখানেই কোম্পানি আসল খেলা দেখিয়েছে। Hair Oil বলে প্রোডাক্টি প্রচার করে, কিন্তু বিক্রি করে Edible Oil Category তে। ভারতীয় ট্যাক্স ডিপার্টমেন্ট যাতে কোনও সমস্যা না করে তাই তেলের বোতলে FSSAI (Food Safety and Standards Authority of India) এর সার্টিফিকেশনও লাগিয়েছে, সাথে সাথে তেলের পুষ্টিগুণও উল্লেখ করা হয়েছে।তাই আপনি নিশ্চিত মনে প্যারাশ্যুট নারকেল তেল রান্না এবং গায়ে মাখার জন্য ব্যাবহার করতে পারেন।তথ্যসত্র :১.https://marico.com/bangladesh২.https://www.dnaindia.com/business/report-marico-gears-up-for-excise-battle-1265211"
p-89-a-44,প্যারাশ্যুট তেল কি খাওয়া যায়?,তত্ত্ব ও গবেষণা,2,0,649,https://www.sciencebee.com.bd/qna/25477/%E0%A6%AA%E0%A7%8D%E0%A6%AF%E0%A6%BE%E0%A6%B0%E0%A6%BE%E0%A6%B6%E0%A7%8D%E0%A6%AF%E0%A7%81%E0%A6%9F,"['তেল', 'মাথা']","খাঁটি নারকেল তেল এমনিতেই চুলের জন্যে ভালো। মারিকো বা প্যারাশ্যুট কোম্পানি খাঁটি নারকেল তেলকে চুলের তেল হিসেবে প্রচার করে এবং তা বাজার জাত করে। তাহলে বোতলের উপরে Hair Oil লিখতে সমস্যা কোথায়? এটাই খুব মজার ব্যাপার। বোতলের সামনের দিকে কিছু লেখা না হলেও পেছনের দিকে কিন্তু Edible Oil(খাবার তেল) লেখা থাকে।Hair Oil হলো Cosmetic Product। অন্যদিকে Edible Oil হলো Food Product। ভারতে এই এই প্রোডাক্ট Category এর উপর ভিত্তি করে Tax নির্ধারণ করা হয়। Hair Oil এর tax হয় 18%, Edible Oil এর tax হয় 5%।এখানেই কোম্পানি আসল খেলা দেখিয়েছে। Hair Oil বলে প্রোডাক্টি প্রচার করে, কিন্তু বিক্রি করে Edible Oil Category তে। ভারতীয় ট্যাক্স ডিপার্টমেন্ট যাতে কোনও সমস্যা না করে তাই তেলের বোতলে FSSAI( Food Safety and Standards Authority of India) এর সার্টিফিকেশনও লাগিয়েছে, সাথে সাথে তেলের পুষ্টিগুণও উল্লেখ করা হয়েছে।তাই আপনি নিশ্চিত মনে প্যারাশ্যুট নারকেল তেল রান্না এবং গায়ে মাখার জন্য ব্যাবহার করতে পারেন।সুত্রঃ dnaindia"
p-89-a-45,মানুষের একফোঁটা বীর্যে কতটুকু রক্ত থাকে?,স্বাস্থ্য ও চিকিৎসা,2,0,272,https://www.sciencebee.com.bd/qna/25473/%E0%A6%AE%E0%A6%BE%E0%A6%A8%E0%A7%81%E0%A6%B7%E0%A7%87%E0%A6%B0-%E0%A6%8F%E0%A6%95%E0%A6%AB%E0%A7%8B%E0%A6%81%E0%A6%9F%E0%A6%BE,"['রক্ত', 'মানুষ']","এক ফোঁটা বীর্যে কতো ফোঁটা রক্ত থাকে ?একজন পুরুষের বীর্য উৎপাদনের সাথে জড়িত অঙ্গসমূহ তথা বীর্যের উৎস হল: টেস্টিকল বা টেস্টিস, ইউরেথ্রা, ভাস ডিফেরেন্স, প্রোস্টেট গ্ল্যান্ড, সেমিনাল ভেসিকল এবং লিঙ্গ। টেস্টিকল (অণ্ডকোষ) সেমিনোফেরাস টিউবলস নামক একধরণের পেচানো অঙ্গানু থাকে, এটিই বীর্য উৎপাদনের মূল এলাকা। এখানে মাসে ১০ কোটি শুক্রাণু তৈরি হয়। এই শুক্রাণু তৈরি হয় ফ্রক্টোজ (একজাতীয় চিনি), দস্তা, পটাশিয়াম, ভিটামিন বি-১২, সামান্য শর্করা এবং অন্যান্য জটিল রাসায়নিক পদার্থ থেকে। দেখতেই পাচ্ছেন এসব উপাদানের কোথাও রক্তের উপাদান যেমন: হিমোগ্লোবিন, লোহিত কণিকা, শ্বেতকণিকা, অণুচক্রিকা এসবের নাম নেই, তাছাড়া রক্তকোষ এ ৪৬ টি ক্রোমোজোম থাকে আর বীর্যে ২৩ টি। সুতরাং রক্ত থেকে বীর্য তৈরি হয় এটা সম্পুর্ন ভ্রান্ত ধারনা। আপনিই চিন্তা করেন। ৬০/৮০ ফোটা রক্ত যদি বীর্য উৎপাদনে লাগতো তাহলে বছরে ট্রিলিয়ন সংখ্যক বীর্য তৈরি হতে গেলে আমরা নির্ঘাত রক্তশূন্যতায় মারা পড়তাম।"
p-89-a-46,মানুষের একফোঁটা বীর্যে কতটুকু রক্ত থাকে?,স্বাস্থ্য ও চিকিৎসা,2,0,272,https://www.sciencebee.com.bd/qna/25473/%E0%A6%AE%E0%A6%BE%E0%A6%A8%E0%A7%81%E0%A6%B7%E0%A7%87%E0%A6%B0-%E0%A6%8F%E0%A6%95%E0%A6%AB%E0%A7%8B%E0%A6%81%E0%A6%9F%E0%A6%BE,"['রক্ত', 'মানুষ']","রক্ত থেকে বীর্য তৈরি হয়না, কাজেই কতটুকু রক্ত লাগে এমন কোনো প্রশ্নই আসেনা।।"
p-89-a-47,মানুষ ফোনে কথা বলার শুরুতে হ্যালো বলো কেনো?,প্রযুক্তি,5,+1,140,https://www.sciencebee.com.bd/qna/25471/%E0%A6%B6%E0%A7%81%E0%A6%B0%E0%A7%81%E0%A6%A4%E0%A7%87-%E0%A6%B9%E0%A7%8D%E0%A6%AF%E0%A6%BE%E0%A6%B2%E0%A7%8B,"['প্রযুক্তি', 'কথা']","১৫০ বছর আগে টেলিফোন আবিস্কার করেন স্যার অ্যালেকজান্ডার গ্রাহাম বেল। ১৮৭৬ সালের পর থেকে যোগাযোগ ব্যবস্থার বিপ্লব আসে এর হাত ধরেই।গ্রাহাম বেল-ই ১৮৮৫ সালে প্রতিষ্ঠা করেন আমেরিকান টেলিফোন এবং টেলিগ্রাফ কোম্পানি,যেটি টিঅ্যান্টি নামে পরিচিত।গ্রাহাম বেলের মা এবং স্ত্রী দুজনেই ছিলেন বধির। এই সমস্যা থেকে উওরনের জন্য তিনি শ্রবণশক্তি সম্পৃক ডিভাইস নিয়ে কাজ করেন।আমার রিসিভ করেই "" হ্যালো "" বলে যোগাযোগ করি অপর প্রান্তে থাকা বাবা - মা, ভাই- বোন, স্বামী - স্ত্রী ইত্যাদি ব্যক্তি বর্গের সাথে। এই হ্যালো কথাটি কেনো বলি বা কিসের জন্য বলি তা হয়তো অনেকের জানা নেই। আসুন জেনে নেই!তথ্যানুসন্ধানে জানা গেছে, "" হ্যালো"" একটি মেয়ের নাম। যার পুরো নাম মার্গারেট হ্যালো। তিনি ছিলেন অ্যালোকজান্ডার এর মেয়ে বন্ধু। গ্রাহাম বেল টেলিফোন আবিস্কার করার পরেই তিনি তার বন্ধু হ্যালোর সাথে কথা বলেন! সেই থেকে "" হ্যালো"" শব্দটি বিশ্বজুড়ে টেলিফোন ব্যবহারকারীদের কাছে জনপ্রিয় একটি শব্দ।"
p-89-a-48,মানুষ ফোনে কথা বলার শুরুতে হ্যালো বলো কেনো?,প্রযুক্তি,5,+1,140,https://www.sciencebee.com.bd/qna/25471/%E0%A6%B6%E0%A7%81%E0%A6%B0%E0%A7%81%E0%A6%A4%E0%A7%87-%E0%A6%B9%E0%A7%8D%E0%A6%AF%E0%A6%BE%E0%A6%B2%E0%A7%8B,"['প্রযুক্তি', 'কথা']","সর্বপ্রথম টেলিফোন আবিষ্কার করেছিলেন আলেকজান্ডার গ্রাহাম বেল। বলা হয়ে থাকে, আমরা সবাই 'হ্যালো' শব্দটিকে সম্ভাষণ হিসেবে ব্যবহার করে থাকি কারণ গ্রাহাম বেলের প্রেমিকার নাম ছিলহ্যালো! এবং পরবর্তীতে বেল তাকে বিয়ে করেছিলেন। সে হিসেবে তার স্ত্রীর নাম হওয়া উচিতহ্যালোবেল।"
p-89-a-49,মানুষ ফোনে কথা বলার শুরুতে হ্যালো বলো কেনো?,প্রযুক্তি,5,+1,140,https://www.sciencebee.com.bd/qna/25471/%E0%A6%B6%E0%A7%81%E0%A6%B0%E0%A7%81%E0%A6%A4%E0%A7%87-%E0%A6%B9%E0%A7%8D%E0%A6%AF%E0%A6%BE%E0%A6%B2%E0%A7%8B,"['প্রযুক্তি', 'কথা']","When the telephone was invented then the scientist called a girl named ""Hello"" from then when some one calls to another they says hello one the first of call..."
p-89-a-50,মানুষ ফোনে কথা বলার শুরুতে হ্যালো বলো কেনো?,প্রযুক্তি,5,+1,140,https://www.sciencebee.com.bd/qna/25471/%E0%A6%B6%E0%A7%81%E0%A6%B0%E0%A7%81%E0%A6%A4%E0%A7%87-%E0%A6%B9%E0%A7%8D%E0%A6%AF%E0%A6%BE%E0%A6%B2%E0%A7%8B,"['প্রযুক্তি', 'কথা']","When the telephone was invented, the scientist called a girl whose name was ""Hello"" and he called hello first from then when some one calls to another they says hello one the first of call..."
p-89-a-51,মানুষ ফোনে কথা বলার শুরুতে হ্যালো বলো কেনো?,প্রযুক্তি,5,+1,140,https://www.sciencebee.com.bd/qna/25471/%E0%A6%B6%E0%A7%81%E0%A6%B0%E0%A7%81%E0%A6%A4%E0%A7%87-%E0%A6%B9%E0%A7%8D%E0%A6%AF%E0%A6%BE%E0%A6%B2%E0%A7%8B,"['প্রযুক্তি', 'কথা']",""" হ্যালো"" একটি মেয়ের নাম। যার পুরো নাম মার্গারেট হ্যালো। তিনি ছিলেন অ্যালোকজান্ডার এর মেয়ে বন্ধু। গ্রাহাম বেল টেলিফোন আবিস্কার করার পরেই তিনি তার বন্ধু হ্যালোর সাথে কথা বলেন! সেই থেকে "" হ্যালো"" শব্দটি বিশ্বজুড়ে টেলিফোন ব্যবহারকারীদের কাছে জনপ্রিয় একটি শব্দ।"
p-89-a-52,মানুষ বিড়াল পুষে কেন?,প্রাণিবিদ্যা,3,0,175,https://www.sciencebee.com.bd/qna/25469/%E0%A6%AE%E0%A6%BE%E0%A6%A8%E0%A7%81%E0%A6%B7-%E0%A6%AC%E0%A6%BF%E0%A7%9C%E0%A6%BE%E0%A6%B2,"['বিড়াল', 'বিড়াল-প্রাণীবিষয়ক']","বিড়াল পোষলে কি হয়?বিড়াল বন্ধুসুলভ এক প্রাণী। গৃহপালিত এই প্রাণী মানুষের সঙ্গে মুহূর্তেই মিশে যেতে পারে। সামান্য আদর-যত্ন ও খাবার দিলেই বিড়াল আপনার পোষ মেনে যাবে। অনেকেই বিড়াল পছন্দ করেন। এ কারণে শখেরবশে পুষে থাকেন বিড়াল। কেউ একটি, দুটি আবার কেউ তারও বেশি।আবার অনেকেই বিড়াল পছন্দ করেন না। তবে জানেন কি, যারা বিড়াল পুষে থাকেন; তারা শারীরিকভাবে অন্যদের তুলনায় বেশ সুস্থ থাকেন। বিভিন্ন রোগে আক্রান্ত হওয়ার ঝুঁকি কমে বিড়াল পুষলে। এমনকি শিশুর জন্য ভালো, যদি ঘরে একটি পোষা বিড়াল থাকে। চলুন জেনে নেওয়া যাক ঘরে বিড়াল থাকলে যেসব উপকার মেলে->> বেশকিছু গবেষণায় দেখা গেছে, বিড়াল পুষলে মানসিক চাপ কমে। ফলে হৃদরোগের ঝুঁকি কমে। এক গবেষণায় দেখা গেছে, যারা বিড়াল পোষেন; তাদের হৃদরোগের ঝুঁকি অন্যদের থেকে ৩০ শতাংশ কম।>> বিড়ালের মিউ মিউ ডাক বিশ্বের সবচেয়ে সুন্দর ধ্বনিগুলোর একটি, যা শরীরের পেশী ও অস্থির প্রদাহ নিরাময়ে থেরাপির মতো কাজ করে। গবেষণায় দেখা গেছে, বিড়াল ২০-১৪০ হার্জ শব্দ উৎপাদন করে। ফলে এটা অস্থিসন্ধি ও পেশীর চিকিৎসায় থেরাপি হিসেবে ভূমিকা রাখতে পারে।>> গবেষণা বলছে, বিড়ালের উপস্থিতিতে ঘুম আরও ভালো হয়। মায়োক্লিনিক সেন্টার ফর স্লিপ মেডিসিনের পরামর্শ অনুযায়ী, ঘুমের সঙ্গী হিসেবে বিড়ালকে রাখতে পারেন।>> বিড়াল গবেষক ড. জুন ম্যাক নিকোলাসের গবেষণা অনুসারে, যেসব পুরুষ বিড়াল পোষেন; নারীরা তাদের প্রতি বেশি আকৃষ্ট হয়।>> যখন কেউ বিড়ালের সঙ্গে সময় কাটায়, তখন তাদের দেহে প্রশান্তি ও আরামদায়ক রাসায়নিক পদার্থের নিঃসরণ বৃদ্ধি পায়। ফলে ব্যক্তির রাগ, উদ্বেগ ও মানসিক চাপ নিয়ন্ত্রণ করে থাকে- এমনটিই দেখা গেছে গবেষণায়।>> ২০০২ সালে ন্যাশনাল হেলথ ইনস্টিটিউটের এক গবেষণায় দেখা গেছে, এক বছরের নিচের যেসব শিশু বিড়ালের প্রেমে মগ্ন থাকে; তাদের বিভিন্ন ধরনের অ্যালার্জি হওয়ার সম্ভাবনা কম।>> ২০০৮ সালের এক গবেষণা অনুসারে, কুকুরের তুলনায় বিড়াল অনেক কম খাবার খায়। তাছাড়া ঘর থেকে ইঁদুর তাড়ায় বিড়াল।>> যেসব ব্যক্তি বিড়াল পোষে তারা স্মার্ট হয়ে থাকেন। কারণ তারা অনেক ব্যস্ততার পরও বিড়ালের সেবা-যত্ন করেন। এভাবে তারা নিজের প্রতিও যত্নশীল হয়ে ওঠেন।>> বিশ্বের বিভিন্ন দেশে প্রচলিত আছে, বিড়াল ঘরে থাকলে অশুভশক্তি বা আত্মা সেখানে প্রবেশ করতে পারে না। রাশিয়ার গ্রামাঞ্চলে এ বিশ্বাসটি এখনও প্রচলিত আছে।>> বিড়াল আপনার অবসর সময়ের খুব ভালো একজন বন্ধু ও সঙ্গী হতে পারে, যা আপনাকে আনন্দ ও প্রশান্তি এনে দেবেতাছাড়া বিড়াল পালন করা সুন্নত। রাসুল সাঃ বিড়াল পালনের জন্য এক #সাহাবিকে আবু হুরায়রা (বিড়ালের বাপ) উপাধি দেন।"
p-89-a-53,মানুষ বিড়াল পুষে কেন?,প্রাণিবিদ্যা,3,0,175,https://www.sciencebee.com.bd/qna/25469/%E0%A6%AE%E0%A6%BE%E0%A6%A8%E0%A7%81%E0%A6%B7-%E0%A6%AC%E0%A6%BF%E0%A7%9C%E0%A6%BE%E0%A6%B2,"['বিড়াল', 'বিড়াল-প্রাণীবিষয়ক']",বিড়াল বন্ধু-সূচক প্রাণী I যার ফলে এরা মানুষের সাথে বেশি করে মিশে I এছাড়াও বিড়াল সাথে থাকলে মানুষ নানা ধরণের জটিলতা থেকে মুক্তি পেতে পারে I যার ফলে মানুষ বিড়াল পুষে I
p-89-a-54,মানুষ বিড়াল পুষে কেন?,প্রাণিবিদ্যা,3,0,175,https://www.sciencebee.com.bd/qna/25469/%E0%A6%AE%E0%A6%BE%E0%A6%A8%E0%A7%81%E0%A6%B7-%E0%A6%AC%E0%A6%BF%E0%A7%9C%E0%A6%BE%E0%A6%B2,"['বিড়াল', 'বিড়াল-প্রাণীবিষয়ক']",">> বেশকিছু গবেষণায় দেখা গেছে, বিড়াল পুষলে মানসিক চাপ কমে। ফলে হৃদরোগের ঝুঁকি কমে। এক গবেষণায় দেখা গেছে, যারা বিড়াল পোষেন; তাদের হৃদরোগের ঝুঁকি অন্যদের থেকে ৩০ শতাংশ কম।>> বিড়ালের মিউ মিউ ডাক বিশ্বের সবচেয়ে সুন্দর ধ্বনিগুলোর একটি, যা শরীরের পেশী ও অস্থির প্রদাহ নিরাময়ে থেরাপির মতো কাজ করে। গবেষণায় দেখা গেছে, বিড়াল ২০-১৪০ হার্জ শব্দ উৎপাদন করে। ফলে এটা অস্থিসন্ধি ও পেশীর চিকিৎসায় থেরাপি হিসেবে ভূমিকা রাখতে পারে।>> গবেষণা বলছে, বিড়ালের উপস্থিতিতে ঘুম আরও ভালো হয়। মায়োক্লিনিক সেন্টার ফর স্লিপ মেডিসিনের পরামর্শ অনুযায়ী, ঘুমের সঙ্গী হিসেবে বিড়ালকে রাখতে পারেন।>> বিড়াল গবেষক ড. জুন ম্যাক নিকোলাসের গবেষণা অনুসারে, যেসব পুরুষ বিড়াল পোষেন; নারীরা তাদের প্রতি বেশি আকৃষ্ট হয়।>> যখন কেউ বিড়ালের সঙ্গে সময় কাটায়, তখন তাদের দেহে প্রশান্তি ও আরামদায়ক রাসায়নিক পদার্থের নিঃসরণ বৃদ্ধি পায়। ফলে ব্যক্তির রাগ, উদ্বেগ ও মানসিক চাপ নিয়ন্ত্রণ করে থাকে- এমনটিই দেখা গেছে গবেষণায়।>> ২০০২ সালে ন্যাশনাল হেলথ ইনস্টিটিউটের এক গবেষণায় দেখা গেছে, এক বছরের নিচের যেসব শিশু বিড়ালের প্রেমে মগ্ন থাকে; তাদের বিভিন্ন ধরনের অ্যালার্জি হওয়ার সম্ভাবনা কম।>> ২০০৮ সালের এক গবেষণা অনুসারে, কুকুরের তুলনায় বিড়াল অনেক কম খাবার খায়। তাছাড়া ঘর থেকে ইঁদুর তাড়ায় বিড়াল।>> যেসব ব্যক্তি বিড়াল পোষে তারা স্মার্ট হয়ে থাকেন। কারণ তারা অনেক ব্যস্ততার পরও বিড়ালের সেবা-যত্ন করেন। এভাবে তারা নিজের প্রতিও যত্নশীল হয়ে ওঠেন।>> বিশ্বের বিভিন্ন দেশে প্রচলিত আছে, বিড়াল ঘরে থাকলে অশুভশক্তি বা আত্মা সেখানে প্রবেশ করতে পারে না। রাশিয়ার গ্রামাঞ্চলে এ বিশ্বাসটি এখনও প্রচলিত আছে।>> বিড়াল আপনার অবসর সময়ের খুব ভালো একজন বন্ধু ও সঙ্গী হতে পারে, যা আপনাকে আনন্দ ও প্রশান্তি এনে দেয়।সুত্রঃ বাংলাদেশ প্রতিদিন"
p-89-a-55,মশা কামরালে চুলকায় কেনো?,স্বাস্থ্য ও চিকিৎসা,4,0,346,https://www.sciencebee.com.bd/qna/25466/%E0%A6%95%E0%A6%BE%E0%A6%AE%E0%A6%B0%E0%A6%BE%E0%A6%B2%E0%A7%87-%E0%A6%9A%E0%A7%81%E0%A6%B2%E0%A6%95%E0%A6%BE%E0%A7%9F,"['মশা', 'কামড়']","মশা কামড়ালে কেন চুলকাই? আর চুলকানি হলে করবেন'ই বা কী???লেখা: মোঃ তানভীর ইশরাক (টিম বিজ্ঞানপ্রিয়)বর্তমানে এমন একটা অবস্থা যেন আমরাই মশার রাজ্যে বাস করি। সূর্য অস্ত গেলে শুরু হয় এদের অভিজান এবং তা চলতে থাকে সূর্যদয় পর্যন্ত। আমরা কি জানি মশা কামড়ালে কেন চুলকাই? কখনও মনে হয়নি এর পেছনে বিজ্ঞান কী? আসুন ব্যাখা করা যাক।প্রথমে, একটি স্ত্রী প্রজাতির মশা আমাদের ত্বকে বসার পর ক্যাপিলারি বেড খুঁজে বের করে। ক্যাপিলারি বেড হলো কৈশিক রক্তনালীর নেটওয়ার্ক যার মাধ্যমে শিরা ও ধমনীতে রক্ত প্রবাহিত হয়। এগুলো ত্বকের নিচেই অবস্থান করে।প্রতিবার কামড়ের পর মশা ত্বকের নিচে তার স্যালাইভা রেখে আসে। মশার স্যালাইভায় অ্যান্টিকোগিউলেন্ট উপাদান থাকে, যা রক্ত জমাট বাধতে দেয় না। ফলে মশা সহজেই রক্ত শুষতে পারে। এই স্যালাইভায় থাকে প্রোটিন। যার ত্বকে'ই এই স্যালাইভা জমা পড়ে তার দেহ একে আগন্তুক উপাদান হিসেবে গ্রহণ করে। তবে তাৎক্ষণিক প্রতিক্রিয়া সৃষ্টি হয় ইমিউন সিস্টেমে । ফলে কামড়ের স্থানে চুলকানির উদ্রেক ঘটে এবং কিছুটা লালচে হয়ে ফুলে যায়।&zwnj;অধিকাংশ মশার কামড়ে এমন চুলকানি হলেও কিছু মশা ভয়ানক অ্যালার্জি ছড়াতে পারে। এমনকি রোগের জীবাণুও ঢুকিয়ে দিতে পারে দেহে।মশার কামড়ে আসলে কি ঘটে???মশা তার শুঁড়টাকে ব্যবহার করে মানুষের বহিঃত্বক ভেদ করে। এটি ভেতরে ঢুকে রক্ত চলাচল নালী খুঁজে নেয়। মশার স্যালাইভায় এমন এক উপাদান রয়েছে যা রক্ত জমাট বাঁধতে দেয় না। ফলে তরল রক্ত পান করতে থাকে মশা।চুলকানি কেন হয়??? ফুলে কেন যায়???স্যালাইভায় থাকা প্রোটিন তথা আগন্তুক উপাদানের বিরুদ্ধে লড়তে মানুষের দেহের ইমিউন সিস্টেম এক ধরনের রাসায়নিক উপাদান নিঃসৃত করে নাম হিস্টামিন। এটি রক্ত চলাচলে যে নালীকে কামড় দেয় তার চারদিকটা বড় করে দেয়। যার ফলে ত্বকের ওই অংশটি ফুলে যায়।হিস্টামিন দেহের স্নায়ুকে উত্তেজিত করে। ফলে চুলকানির সৃষ্টি হয়। মশার কামড়ে স্রেফ চুলকানি ছাড়াও যদি অন্য কোনো সমস্যা ঘটে তবে তা সাধারণত ৪৮ ঘণ্টার মধ্যে প্রকাশ পায়।কী করবেন মশা কামড়ালে???কামড়ের ফলে ফোলা স্থান কোন চিকিৎসা ছাড়াই ভালো হয়ে যায়। তাছাড়াও যদি জ্বর, মাথাব্যথা, ত্বকে আরো র&zwj;্যাশ ওঠা, অবসাদ, কণ্ঠনালী ফুলে ওঠা, শ্বাস-প্রশ্বাসে সমস্যা হওয়া, ত্বকের কিছু অংশ রক্তবর্ণ হয়ে ওঠা, কামড়ের চারদিকে র&zwj;্যাশ ওঠা, বড় অংশজুড়ে চুলকানি হওয়া ইত্যাদি ঘটলেই সাবধান হতে হবে। এ ক্ষেত্রে চিকিৎসকের কাছে অবশ্যই যাবার পরামর্শ থাকবে!ধন্যবাদ সকলে সম্পূর্ণ আর্টিকেলটি পড়ার জন্যে! ভালো থাকবেন সবাই!"
p-89-a-56,মশা কামরালে চুলকায় কেনো?,স্বাস্থ্য ও চিকিৎসা,4,0,346,https://www.sciencebee.com.bd/qna/25466/%E0%A6%95%E0%A6%BE%E0%A6%AE%E0%A6%B0%E0%A6%BE%E0%A6%B2%E0%A7%87-%E0%A6%9A%E0%A7%81%E0%A6%B2%E0%A6%95%E0%A6%BE%E0%A7%9F,"['মশা', 'কামড়']","মশারলালায় কিছু অবশকারী এবং রক্তজমাটরোধী পদার্থ থাকে, যে কারণেমশাকামড়াবার সময় আপনি টের পান না। এই লালা শরীরে প্রবেশ করে অনেকের ক্ষেত্রে এক ধরনের এলার্জিক প্রতিক্রিয়ার সৃষ্টি করে ফলে আক্রান্ত স্থান ফুলে যায় এবং বেশচুলকায়"
p-89-a-57,মশা কামরালে চুলকায় কেনো?,স্বাস্থ্য ও চিকিৎসা,4,0,346,https://www.sciencebee.com.bd/qna/25466/%E0%A6%95%E0%A6%BE%E0%A6%AE%E0%A6%B0%E0%A6%BE%E0%A6%B2%E0%A7%87-%E0%A6%9A%E0%A7%81%E0%A6%B2%E0%A6%95%E0%A6%BE%E0%A7%9F,"['মশা', 'কামড়']",স্যালাইভায় থাকা প্রোটিন তথা আগন্তুক উপাদানের বিরুদ্ধে লড়তে মানুষের দেহের ইমিউন সিস্টেম এক ধরনের রাসায়নিক উপাদান নিঃসৃত করে নাম হিস্টামিন। এটি রক্ত চলাচলে যে নালীকে কামড় দেয় তার চারদিকটা বড় করে দেয়। যার ফলে ত্বকের ওই অংশটি ফুলে যায়।হিস্টামিন দেহের স্নায়ুকে উত্তেজিত করে। ফলে চুলকানির সৃষ্টি হয়। মশার কামড়ে স্রেফ চুলকানি ছাড়াও যদি অন্য কোনো সমস্যা ঘটে তবে তা সাধারণত ৪৮ ঘণ্টার মধ্যে প্রকাশ পায়।
p-89-a-58,মশা কামরালে চুলকায় কেনো?,স্বাস্থ্য ও চিকিৎসা,4,0,346,https://www.sciencebee.com.bd/qna/25466/%E0%A6%95%E0%A6%BE%E0%A6%AE%E0%A6%B0%E0%A6%BE%E0%A6%B2%E0%A7%87-%E0%A6%9A%E0%A7%81%E0%A6%B2%E0%A6%95%E0%A6%BE%E0%A7%9F,"['মশা', 'কামড়']","মশা রক্ত খাওয়ার সময় একপ্রকার এসিড নির্গত করে যা আপনার ত্বকের অনুভূতি ক্ষণিকের জন্য বন্ধ করে দেয়। অনুভূতি যখন ফিরে আসে, তখন উক্ত এসিডের কারণে চুল্কায়"
p-89-a-59,রক্তে অণুচক্রিকা বৃদ্ধি পায় কী খেলে?,জীববিজ্ঞান,3,0,113,https://www.sciencebee.com.bd/qna/25458/%E0%A6%85%E0%A6%A3%E0%A7%81%E0%A6%9A%E0%A6%95%E0%A7%8D%E0%A6%B0%E0%A6%BF%E0%A6%95%E0%A6%BE,"['রক্ত', '-', 'অণুচক্রিকা']","যে সকল খাদ্য খেলে রক্তে অণুচক্রিকা বা প্লাটিলেট বৃদ্ধি পায়১)লেবু জাতীয় যে কোন ফল যেমন -মাল্টা,কমলা২) ডাবের পানি৩)পেঁপে৪)পেঁপের পাতা৫)ডালিম বা আনার৬)মিষ্টি কুমড়া৭)রসুনঃরসুনে থাকা থ্রম্বোক্সেন এ টু রক্তে অণুচক্রিকা বৃদ্ধি করে৮)সবুজ শাক সবজি৯)শিম১০)কিচমিচ১১) গাজর১২)তিলের তেল১৩)মাছ-মাংস সহ যে কোন প্রোটিনযুক্ত খাবার১৪)ব্রকলি"
p-89-a-60,রক্তে অণুচক্রিকা বৃদ্ধি পায় কী খেলে?,জীববিজ্ঞান,3,0,113,https://www.sciencebee.com.bd/qna/25458/%E0%A6%85%E0%A6%A3%E0%A7%81%E0%A6%9A%E0%A6%95%E0%A7%8D%E0%A6%B0%E0%A6%BF%E0%A6%95%E0%A6%BE,"['রক্ত', '-', 'অণুচক্রিকা']","লেবু জাতীয় ফল, ডাবের পানি, পেঁপে, ডালিম, মিষ্টি কুমড়া, রসুন, গাজর ইত্যাদি খেলে রক্তে অনুচক্রিকা বৃদ্ধি পায় I"
p-89-a-61,রক্তে অণুচক্রিকা বৃদ্ধি পায় কী খেলে?,জীববিজ্ঞান,3,0,113,https://www.sciencebee.com.bd/qna/25458/%E0%A6%85%E0%A6%A3%E0%A7%81%E0%A6%9A%E0%A6%95%E0%A7%8D%E0%A6%B0%E0%A6%BF%E0%A6%95%E0%A6%BE,"['রক্ত', '-', 'অণুচক্রিকা']","রক্তে অনুচক্রিকা  বাহির থেকে কোনো পদার্থ বা খাবার খেলে কখনো বৃদ্ধি করা যায় না। শুধু সাহায্য করা যায় অনুচক্রিকা বৃদ্ধিতে সেই কোষকে।ডাব,গাজর,ডালিম,মিষ্টি কুমড়া,মাল্টা,সবুজ শাকসবজি,ব্রকলি ইত্যাদি।"
