id,question,question_category,number_of_answer,number_of_vote,number_of_view,answer_link,question_tag,answer
p-276-a-0,কোয়ার্কের কতটি কোয়ান্টাইজড ধর্ম রয়েছে?,পদার্থবিজ্ঞান,1,+3,74,https://www.sciencebee.com.bd/qna/13746/%E0%A6%95%E0%A7%8B%E0%A7%9F%E0%A6%BE%E0%A6%A8%E0%A7%8D%E0%A6%9F%E0%A6%BE%E0%A6%87%E0%A6%9C%E0%A6%A1,"['কোয়ার্ক', 'ধর্ম']","কোয়ার্কের আরো ছয়টি কোয়ান্টাইজড ধর্ম রয়েছে, যেগুলো ফ্লেভার নামে পরিচিত। সেগুলো হল : আপ কোয়ার্ক, ডাউন কোয়ার্ক, বটম কোয়ার্ক, টপ কোয়ার্ক, চার্ম কোয়ার্ক, স্ট্রেঞ্জ কোয়ার্ক। আপ আর ডাউন কোয়ার্কের সবচেয়ে কম ভর থাকে। আপ আর ডাউন কোয়ার্ক ই মহাবিশ্বে সাধারণ এবং তারা স্থিতিশীল। যেহেতু, আপ আর ডাউন কোয়ার্ক গুলো স্থিতিশীল, বাকি কোয়ার্ক গুলো উচ্চশক্তির সংঘর্ষের মাধ্যমে তৈরি হয়।"
p-276-a-1,কোয়ার্ক বলতে কী বুঝায়?,পদার্থবিজ্ঞান,1,+3,136,https://www.sciencebee.com.bd/qna/13743/%E0%A6%95%E0%A7%8B%E0%A7%9F%E0%A6%BE%E0%A6%B0%E0%A7%8D%E0%A6%95-%E0%A6%AC%E0%A7%81%E0%A6%9D%E0%A6%BE%E0%A7%9F,"['কোয়ার্ক', 'কী']","১৯৬৪ সালে California Institute of Technology -এর তাত্ত্বিক পদার্থবিদ Murray Gell-Mann এবং ১৯৬৮ সালে Stanford Linear Accelerator Center এর বিজ্ঞানীদের পর্যবেক্ষণে প্রমাণিত হয়- প্রোটন আর নিউট্রন আরো ক্ষুদ্র কণার সমন্বয়ে গঠিত। Murray Gell-Mann এই কণার নাম দিলেন কোয়ার্ক।কোয়ার্ক হল মৌলিক কণা এবং বস্তুর মৌলিক উপাদান। কিন্তু, কোয়ার্ক কে প্রকৃতিতে বিচ্ছিন্ন অবস্থায় পাওয়া যায়না। কোয়ার্কের কতকগুলো স্বকীয় বৈশিষ্ট্য রয়েছে।"
p-276-a-2,"কোয়ার্ক, হেড্রন, লেপ্টন বলতে কী বোঝায়? ইলেকট্রন, প্রোটন, নিউট্রন-এর সাথে এদের সম্পর্ক কী?",পদার্থবিজ্ঞান,1,+3,317,https://www.sciencebee.com.bd/qna/13742/%E0%A6%95%E0%A7%8B%E0%A7%9F%E0%A6%BE%E0%A6%B0%E0%A7%8D%E0%A6%95-%E0%A6%87%E0%A6%B2%E0%A7%87%E0%A6%95%E0%A6%9F%E0%A7%8D%E0%A6%B0%E0%A6%A8,"['কোয়ার্ক', 'লেপ্টন']","পরমাণু গঠিত হয় এসব ক্ষুদ্র কণা দ্বারাই। প্রথমে ভাবা হতো, প্রোটন, নিউট্রন এগুলোই ক্ষুদ্র কণা। কিন্তু, আধুনিক পদার্থ বিজ্ঞানের কল্যাণে বিজ্ঞানীরা খুঁজে পেলেন আরো ক্ষুদ্র কণা। তাহলে চলুন জেনে নিই কিভাবে এই ক্ষুদ্র কণাগুলো পরমাণুর অভ্যন্তরে থাকে।প্রথমেই আসি কোয়ার্ক এর কথায়: ১৯৬৪ সালে California Institute of Technology -এর তাত্ত্বিক পদার্থবিদ Murray Gell-Mann এবং ১৯৬৮ সালে Stanford Linear Accelerator Center এর বিজ্ঞানীদের পর্যবেক্ষণে প্রমাণিত হয়- প্রোটন আর নিউট্রন আরো ক্ষুদ্র কণার সমন্বয়ে গঠিত। Murray Gell-Mann এই কণার নাম দিলেন কোয়ার্ক।কোয়ার্ক হল মৌলিক কণা এবং বস্তুর মৌলিক উপাদান। কিন্তু, কোয়ার্ক কে প্রকৃতিতে বিচ্ছিন্ন অবস্থায় পাওয়া যায়না। কোয়ার্কের কতকগুলো স্বকীয় বৈশিষ্ট্য রয়েছে। এর রয়েছে চার্জ, ভর, রঙ চার্জ, ঘূর্ণন (স্পিন)। এখানে একটা জিনিস আমাদের কাছে নতুন লাগতে পারে, তা হলো ""রঙ চার্জ""। রঙ চার্জ নিয়ে একটু ভুল ধারণ আছে। এটা আসলে বুঝার সুবিধার্তে তিনটা রঙ দিয়ে আমরা চার্জকে নির্দেশ করে। তিনটি রঙ হলো: লাল, নীল, সবুজ। এই চার্জ গুলো ইলেকট্রিক চার্জের মতই। একটা কোয়ার্কের কেবল একটা রঙের চার্জই থাকতে পারে। মানে লাল, নীল, সবুজের মধ্যে যেকোনো একটি।এই চার্জগুলোর ও আবার একটা বিপরীত চার্জ থাকে বিপরীত কোয়ার্কে। যদি ধনাত্মক কোয়ার্কে লাল থাকে, তার বিপরীতে ঋণাত্বক কোয়ার্কে থাকবে সায়ান (সবুজে নীল), সবুজের বিপরীতে ম্যাজেন্টা, নীলের বিপরীতে হলুদ।প্রকৃতির চারটি মৌলিক বল দ্বারাই কোয়ার্ক অভিজ্ঞতা লাভ করে। কোয়ার্কের আরো ছয়টি কোয়ান্টাইজড ধর্ম রয়েছে, যেগুলো ফ্লেভার নামে পরিচিত। সেগুলো হল : আপ কোয়ার্ক, ডাউন কোয়ার্ক, বটম কোয়ার্ক, টপ কোয়ার্ক, চার্ম কোয়ার্ক, স্ট্রেঞ্জ কোয়ার্ক। আপ আর ডাউন কোয়ার্কের সবচেয়ে কম ভর থাকে। আপ আর ডাউন কোয়ার্ক ই মহাবিশ্বে সাধারণ এবং তারা স্থিতিশীল। যেহেতু, আপ আর ডাউন কোয়ার্ক গুলো স্থিতিশীল, বাকি কোয়ার্ক গুলো উচ্চশক্তির সংঘর্ষের মাধ্যমে তৈরি হয়। টপ কোয়ার্কের প্রথম দর্শন মিলেছিলো ১৯৯৫ সালে ফার্মি ল্যাবে। একটি কোয়ার্কের আকার ১০^-১৯ মিটারের ও কম। স্পিন বা ঘূর্ণন নিয়ে আরো কিছু কথা বলে নিই। আপ কোয়ার্কের স্পিন যেদিকে ডাউন কোয়ার্কের স্পিন হবে তার বিপরীত দিকে।কোয়ার্কের চার্জ কিন্তু ভগ্নাংশ আকারে হয়। একটি আপ কোয়ার্কের চার্জ +২/৩ হলে একটা ডাউন কোয়ার্কের চার্জ হবে -১/৩।তাহলে এখন মনে প্রশ্ন আসতে পারে, প্রোটন কিভাবে গঠিত হয় কোয়ার্ক দিয়ে?প্রোটন = দুইটি আপ কোয়ার্ক + একটি ডাউন কোয়ার্ক।দুইটি আপ কোয়ার্ক আর একটি ডাউন কোয়ার্ক এর চার্জের যোগফলই হলো +১। যা প্রোটনের চার্জ।এবার নিউট্রনর ক্ষেত্রে,নিউট্রন= দুইটি ডাউন কোয়ার্ক + একটি আপ কোয়ার্ক।দুইটি ডাউন কোয়ার্ক আর একটি আপকোয়ার্ক এর চার্জ যোগ করা হলে যোগফল হবে শুন্য। মানে নিউট্রনের চার্জ শূন্য।কিন্তু আপনার প্রশ্নমতে, ইলেকট্রনে কোনো কোয়ার্ক থাকেনা। মানে, ইলেকট্রনের সাথে কোয়ার্কের সম্পর্ক ঘটানো যাচ্ছেনা। কারণ, ইলেকট্রন, কোয়ার্কের মতই একটা মৌলিক কণা। এর কোনো অভ্যন্তরীণ গঠন নেই।এবার চলে যাই হ্যাড্রনে।হ্যাড্রন: হ্যাড্রন হল যৌগিক কণা। দুইটি অথবা দুইয়ের অধিক কোয়ার্ক নিয়ে হ্যাড্রন গঠিত হয়। কোয়ার্ক গুলো হ্যাড্রনে পরষ্পরের সাথে উচ্চশক্তি দিয়ে যুক্ত থাকে। হ্যাড্রনকে কোয়ার্কের উপর ভিত্তি করে দুই ভাগে ভাগ করা যায়। যথা : ১। ব্যারিয়ন ২। মেসন।ব্যারিয়নে বিজোড় সংখ্যক কোয়ার্ক থাকে আর মেসনে জোড় সংখ্যক কোয়ার্ক থাকে। তাহলে এখান থেকে, উল্লেখিত প্রশ্নের উত্তর পাওয়া যাচ্ছে। তাহলে প্রোটন আর নিউট্রনই হলো ব্যারিয়ন। কারণ প্রোটন ও নিউট্রন উভয়ের রয়েছে বিজোড় সংখ্যক হ্যাড্রন।collected"
p-276-a-3,সার্কিটের ইলেকট্রনের গতি কত? এটি কি একই গতিবেগের গতির মতো?,পদার্থবিজ্ঞান,1,+3,81,https://www.sciencebee.com.bd/qna/13740/%E0%A6%87%E0%A6%B2%E0%A7%87%E0%A6%95%E0%A6%9F%E0%A7%8D%E0%A6%B0%E0%A6%A8%E0%A7%87%E0%A6%B0,"['circuit', 'velocity']",সার্কিটে গড় ইলেক্ট্রনের গতিকে Drift Velocity বলে।i=nAvei= সার্কিটের তড়িৎপ্রবাহn= প্রতি কিউবিক একক আয়তনে ইলেক্ট্রনের সংখ্যাv= Drift Velocitye=ইলেক্ট্রনের আধান(1.6*10^-19)
p-276-a-4,হাইব্রিডাইজেশন বলতে কি বুঝায়?,জীববিজ্ঞান,1,+4,"1,322",https://www.sciencebee.com.bd/qna/13737/%E0%A6%B9%E0%A6%BE%E0%A6%87%E0%A6%AC%E0%A7%8D%E0%A6%B0%E0%A6%BF%E0%A6%A1%E0%A6%BE%E0%A6%87%E0%A6%9C%E0%A7%87%E0%A6%B6%E0%A6%A8,"['জীববিজ্ঞান', 'হাইব্রিডাইজেশন']","যে প্রক্রিয়ায় দুই বা ততোধিক উদ্ভিদের মধ্যে ক্রস ঘটানো হয় যারা উন্নত জেনেটিক্যাল বৈশিষ্ট্যমণ্ডিত, ফলে ফসলের নতুন প্রকরণ সৃষ্টি হয়, এ প্রক্রিয়াকে হাইব্রিডাইজেশন বলে। অন্যভাবে বলা যায় যে, ভিন্ন ভিন্ন জেনেটিক্যাল বৈশিষ্ট্য সমন্বিত দুই বা ততোধিক উদ্ভিদের মধ্যে কৃত্রিম প্রজনন ঘটিয়ে নতুন প্রকরণ সৃষ্টির প্রক্রিয়া কে হাইব্রিডাইজেশন বলা হয়ে থাকে।"
p-276-a-5,চুপরি আলু কিভাবে বংশবিস্তার করে?,জীববিজ্ঞান,1,+3,"1,269",https://www.sciencebee.com.bd/qna/13736/%E0%A6%AC%E0%A6%82%E0%A6%B6%E0%A6%AC%E0%A6%BF%E0%A6%B8%E0%A7%8D%E0%A6%A4%E0%A6%BE%E0%A6%B0,"['আলু', 'বংশবিস্তার']",অনেক সময় খাবার জমা হওয়ার ফলে চুপড়ি আলুর কাঙ্ক্ষিত মুকুল বড় হয়ে ফুলে-ফেঁপে ওঠে যা বুলবিল নামে পরিচিত। এই বুলবিল মাতৃউদ্ভিদ থেকে বিচ্যুত হয় প্রাকৃতিক অনুকূল পরিবেশে নতুন উদ্ভিদ সৃষ্টি করে। এভাবে বুলবিল এর সাহায্যে চুপড়ি আলু বংশবিস্তার করে।
p-276-a-6,পরাগনালিকা সৃষ্টি হওয়ার কারণ কি?,জীববিজ্ঞান,1,+3,194,https://www.sciencebee.com.bd/qna/13735/%E0%A6%AA%E0%A6%B0%E0%A6%BE%E0%A6%97%E0%A6%A8%E0%A6%BE%E0%A6%B2%E0%A6%BF%E0%A6%95%E0%A6%BE,"['পরাগনালিকা', 'জীববিজ্ঞান']","পরাগরেণুর নিউক্লিয়াসটি মাইটোসিস বিভাজনের মাধ্যমে দুইটি অসম নিউক্লিয়াস তৈরি করে। এর মধ্যে বড় নিউক্লিয়াসটি নালিকা নিউক্লিয়াস এবং ক্ষুদ্র, সামান্য বাঁকা নিউক্লিয়াসটিকে জনন নিউক্লিয়াস বলে। দ্বিনিউক্লিয়াস অবস্থায় পরাগধানী থেকে পরাগরেণু বের হয়ে এসে পরাগায়ণ ঘটায় বলে অন্তঃত্বক বৃদ্ধি পয়ে বাড়তে থাকে যা পরাগনালিকা নামে পরিচিত। পরাগনালিকার মাধ্যমে পুং গ্যামেট ডিম্বাশয় পর্যন্ত পৌঁছায়।"
p-276-a-7,সস্য ট্রিপ্লয়েড হয় কেন?,জীববিজ্ঞান,1,+3,344,https://www.sciencebee.com.bd/qna/13734/%E0%A6%9F%E0%A7%8D%E0%A6%B0%E0%A6%BF%E0%A6%AA%E0%A7%8D%E0%A6%B2%E0%A6%AF%E0%A6%BC%E0%A7%87%E0%A6%A1,"['জীববিজ্ঞান', 'ট্রিপ্লয়েড']",পুং গ্যামেট ডিম্বাণুর সাথে একটি পুং গ্যামেট সেকেন্ডারী নিউক্লিয়াস এর মিলনের ফলে ডিম্বাণু জাইগোটে পরিণত হয় এবং ডিপ্লয়েড অবস্থাপ্রাপ্ত হয়। একইসাথে সেকেন্ডারী নিউক্লিয়াস ট্রিপ্লয়েড অবস্থানপ্রাপ্ত হয়। কারণ এতে দুই মেরু নিউক্লিয়াস ও একটি পুং নিউক্লিয়াসের মিলন ঘটে। এজন্য সস্য ট্রিপ্লয়েড অবস্থাপ্রাপ্ত হয়।
p-276-a-8,স্পাইকলেট পুষ্পবিন্যাস বলতে কি বুঝায়?,জীববিজ্ঞান,2,+3,"2,073",https://www.sciencebee.com.bd/qna/13732/%E0%A6%AA%E0%A7%81%E0%A6%B7%E0%A7%8D%E0%A6%AA%E0%A6%AC%E0%A6%BF%E0%A6%A8%E0%A7%8D%E0%A6%AF%E0%A6%BE%E0%A6%B8,"['স্পাইকলেট', 'পুষ্প']","বিভিন্ন ঘাস, ধান, গম ইত্যাদিতে সংক্ষিপ্ত মঞ্জরীদণ্ড ও বিশেষ ধরনের অপুষ্পক ও সুপুষ্পকম মঞ্জরিপত্র বিশিষ্ট যে পুষ্পবিন্যাস দেখা যায় তাকে স্পাইকলেট পুষ্পবিন্যাস বলে। Poaceae, Cyperaceae এবং Juncaceae গোত্রের উদ্ভিদের স্পাইকলেট পুষ্পবিন্যাস দেখা যায়। একটি স্পাইকলেটে এক বা একাধিক পুষ্প থাকতে পারে।"
p-276-a-9,স্পাইকলেট পুষ্পবিন্যাস বলতে কি বুঝায়?,জীববিজ্ঞান,2,+3,"2,073",https://www.sciencebee.com.bd/qna/13732/%E0%A6%AA%E0%A7%81%E0%A6%B7%E0%A7%8D%E0%A6%AA%E0%A6%AC%E0%A6%BF%E0%A6%A8%E0%A7%8D%E0%A6%AF%E0%A6%BE%E0%A6%B8,"['স্পাইকলেট', 'পুষ্প']","এক প্রকার বিশেষ সজ্জারীতি সম্পন্ন পুষ্পমঞ্জুরী হলাে স্পাইকলেট ।এক্ষেত্রে পুষ্পের সংখ্যা এক বা একাধিক থাকে।  মঞ্জুরীদন্ডের নিচের দিকে কয়েকটা বিশেষ ধরনের মঞ্জুরিপত্র থাকে, এদের গ্লুম বলে । ধান , গম , ভুট্টা ইত্যাদিতে স্পাইকলেট হয়ে থাকে ।"
p-276-a-10,অধিগর্ভ গর্ভাশয় বলতে কি বুঝায়?,জীববিজ্ঞান,1,+3,914,https://www.sciencebee.com.bd/qna/13730/%E0%A6%85%E0%A6%A7%E0%A6%BF%E0%A6%97%E0%A6%B0%E0%A7%8D%E0%A6%AD-%E0%A6%97%E0%A6%B0%E0%A7%8D%E0%A6%AD%E0%A6%BE%E0%A6%B6%E0%A6%AF%E0%A6%BC,"['জীববিজ্ঞান', 'গর্ভাশয়']","ফুলের সকল স্তবক গর্ভাশয়ের নিচে অবস্থান করলে তাকে অধিগর্ভ গর্ভাশয় বলে। অর্থাৎ পুংস্তবক, স্ত্রীস্তবক, পুষ্পাক্ষ, বৃতি গর্ভাশয়ের নিচে অবস্থান করে। ধুতুরা, জবা, ধানে এ ধরনের গর্ভাশয় দেখা যায়।"
p-276-a-11,কিভাবে বীজহীন ফল সৃষ্টি হতে পারে?,জীববিজ্ঞান,1,+4,456,https://www.sciencebee.com.bd/qna/13729/%E0%A6%95%E0%A6%BF%E0%A6%AD%E0%A6%BE%E0%A6%AC%E0%A7%87-%E0%A6%AC%E0%A7%80%E0%A6%9C%E0%A6%B9%E0%A7%80%E0%A6%A8,"['বীজ', 'ফল']",যখন কোনো রকমের নিষেক ছাড়াই ডিম্বাশয় ফলে পরিণত হয় তখন বীজহীন ফলের সৃষ্টি হয়।
p-276-a-12,ইমাস্কুলেশন করা হয় কেন?,জীববিজ্ঞান,1,+2,"3,815",https://www.sciencebee.com.bd/qna/13727/%E0%A6%87%E0%A6%AE%E0%A6%BE%E0%A6%B8%E0%A7%8D%E0%A6%95%E0%A7%81%E0%A6%B2%E0%A7%87%E0%A6%B6%E0%A6%A8,"['জীববিজ্ঞান', 'ইমাস্কুলেশন']",ইমাস্কুলেশন সংকরায়নের একটি গুরুত্বপূর্ণ পদক্ষেপ। এ প্রক্রিয়ায় পরাগধানী পরিপুষ্ট ও পরিপক্ব হওয়ার পূর্বেই স্ত্রী উদ্ভিদ হিসেবে চিহ্নিত গাছের ফুল হতে পুংকেশর গুলো অপসারণ করা হয়। এভাবে উভলিঙ্গ ফুলকে পুরুষত্বহীন করার জন্যই ইমাস্কুলেশন করা হয়। এর ফলে ঐ পুষ্পে আর স্বপরাগায়ন ঘটত পারে না।
p-276-a-13,পার্থেনোজেনেসিস বলতে কী বোঝায়?,জীববিজ্ঞান,1,+3,578,https://www.sciencebee.com.bd/qna/13726/%E0%A6%AA%E0%A6%BE%E0%A6%B0%E0%A7%8D%E0%A6%A5%E0%A7%87%E0%A6%A8%E0%A7%8B%E0%A6%9C%E0%A7%87%E0%A6%A8%E0%A7%87%E0%A6%B8%E0%A6%BF%E0%A6%B8,"['জীববিজ্ঞান', 'পার্থেনোজেনেসিস']","যে জনন প্রক্রিয়ায় নিষেক ছাড়াই অনিষিক্ত ডিম্বাণু থেকে সরাসরি অপত্য উদ্ভিদ বা প্রাণী সৃষ্টি হয়, তাকে অপুংজনি বা পার্থেনোজেনেসিস বলে । যেমন : স্পাইরোগাইরা, মিউকর প্রভৃতি উদ্ভিদ এবং বোলতা, মৌমাছি ইত্যাদি প্রাণীদের ক্ষেত্রে অপুংজনি দেখা যায় ।যৌন জনন ও অপুংজনির মধ্যে পার্থক্যঃবৈশিষ্ট্যযৌন জননঅপুংজনি১. গ্যামেটের ভূমিকাএই রকম জননে পুং ও স্ত্রী উভয় গ্যামেটই প্রয়োজন।এই রকম জননে পুং গ্যামেটের প্রয়োজন হয় না।২. নিষেকযৌন জননের ক্ষেত্রে পুং ও স্ত্রী গ্যামেট নিষিক্ত হয়।অপুংজনির ক্ষেত্রে নিষেক ঘটে না অর্থাৎ গ্যামেট নিষিক্ত হয় না।৩. জাইগোট গঠনএক্ষেত্রে গ্যামেটদ্বয়ের মিলন বা নিষেকের পর ডিপ্লয়েড জাইগোট উত্পন্ন হয়।এক্ষেত্রে জাইগোট গঠিত হয় না এবং স্ত্রী গ্যামেটটি হ্যাপ্লয়েড অ্যাজাইগোস্পোরে পরিণত হয়।৪. জনিতৃ জীবের গুণাবলিএক্ষেত্রে উত্পন্ন অপত্যকোশে পিতা ও মাতা, উভয়েরই গুণ বর্তমান থাকে।এক্ষেত্রে উত্পন্ন অপত্য কোশে কেবলমাত্র মাতার গুণই বর্তমান থাকে।৫. উদাহরণযৌন জনন প্রধানত উন্নত শ্রেণির উদ্ভিদ ও প্রাণীদের ক্ষেত্রে দেখা যায়।নিম্ন শ্রেণির উদ্ভিদ, যেমন : স্পাইরোগাইরা, মিউকর এবং বোলতা, মৌমাছি ইত্যাদি প্রাণীদের ক্ষেত্রে অপুংজনি দেখা যায়।"
p-276-a-14,প্লাজমিডকে ভেক্টর বলা হয় কেন?,জীববিজ্ঞান,1,+2,987,https://www.sciencebee.com.bd/qna/13722/%E0%A6%AA%E0%A7%8D%E0%A6%B2%E0%A6%BE%E0%A6%9C%E0%A6%AE%E0%A6%BF%E0%A6%A1%E0%A6%95%E0%A7%87,"['জীববিজ্ঞান', 'প্লাজমিড']",জিন প্রকৌশলে কাঙ্ক্ষিত ডিএনএ-এর প্রয়োজনীয় অংশ বহন করার জন্য একটি বাহক ভেক্টর নির্বাচন করা হয়। সাধারণত এ কাজে প্লাজমিড ব্যবহৃত হয় এজন্য প্লাসমিড ক্যারেক্টর বলা হয়।
p-276-a-15,লিউকোপ্লাস্ট কে বর্ণহীন অঙ্গাণু বলা হয় কেন?,জীববিজ্ঞান,1,+3,330,https://www.sciencebee.com.bd/qna/13721/%E0%A6%B2%E0%A6%BF%E0%A6%89%E0%A6%95%E0%A7%8B%E0%A6%AA%E0%A7%8D%E0%A6%B2%E0%A6%BE%E0%A6%B8%E0%A7%8D%E0%A6%9F,"['অঙ্গাণু', 'লিউকোপ্লাস্ট']","উদ্ভিদেরমূল,ভূনিম্নস্থকান্ড,প্রভৃতিযেসবঅঙ্গেসূর্যালোকপৌছায়নাসেসবঅঙ্গেরকোষেলিউকোপ্লাস্টথাকে।লিউকোপ্লাস্টকেবর্ণহীনঅঙ্গাণুবলাহয়।কারণএতেকোনোরঞ্জকপদার্থথাকেনা।আররঞ্জকপদার্থনাথাকারকারণেইলিউকোপ্লাস্টকেবর্ণহীনঅঙ্গাণুবলাহয়।ক্রেডিট: Bissoy"
p-276-a-16,ক্রোমোপ্লাস্টের কারণে পরাগায়ন সহজ হয় কেন?,জীববিজ্ঞান,1,+2,117,https://www.sciencebee.com.bd/qna/13720/%E0%A6%95%E0%A7%8D%E0%A6%B0%E0%A7%8B%E0%A6%AE%E0%A7%8B%E0%A6%AA%E0%A7%8D%E0%A6%B2%E0%A6%BE%E0%A6%B8%E0%A7%8D%E0%A6%9F%E0%A7%87%E0%A6%B0,"['ক্রোমোপ্লাস্ট', 'পরাগায়ন']",ক্রোমোপ্লাস্ট পাখিদের আকৃষ্ট করে রঙিন রং দিয়ে। ফলে পরাগায়ন হয়ে থাকে। এভাবে ক্রোমোপ্লাস্ট সাহায্য করে।
p-276-a-17,পলিরাইবোজোম কিভাবে সৃষ্টি হয়?,জীববিজ্ঞান,1,+3,236,https://www.sciencebee.com.bd/qna/13718/%E0%A6%AA%E0%A6%B2%E0%A6%BF%E0%A6%B0%E0%A6%BE%E0%A6%87%E0%A6%AC%E0%A7%8B%E0%A6%9C%E0%A7%8B%E0%A6%AE,"['রাইবোজোম', 'জীববিজ্ঞান']",mRNA এর সঙ্গে বহু রাইবোজোম যুক্ত হয়ে যে রাইবোজোম শৃংখল তৈরি হয় তাকে পলি রাইবোজোম বা পলিজোম বলে অর্থাৎ mRNA এর ফিতেতে আবদ্ধ রাইবোজোম এর সমষ্টিকে বলে পলিরাইবোজম বা পলিজম বলে।
p-276-a-18,নার্কোলেপ্সি এর প্রধান উপসর্গগুলি কি?,স্বাস্থ্য ও চিকিৎসা,1,+2,89,https://www.sciencebee.com.bd/qna/13709/%E0%A6%A8%E0%A6%BE%E0%A6%B0%E0%A7%8D%E0%A6%95%E0%A7%8B%E0%A6%B2%E0%A7%87%E0%A6%AA%E0%A7%8D%E0%A6%B8%E0%A6%BF,"['চিকিৎসা', 'নার্কোলেপ্সি']",নার্কোলেপ্সি এমন একটি সুদীর্ঘকালীন অবস্থা যা  বয়সের সাথে উন্নতি হয়না এবং সময়ের সাথে উপসর্গগুলি উন্নত হতে পারে। সাধারণত সবচেয়ে বেশি পরিলক্ষিত উপসর্গগুলি হল:দিনেরবেলা অত্যধিক ঘুম পাওয়া।হঠাৎ পেশীর নিয়ন্ত্রণ হারানো  (ক্যাটাপ্লেক্সি)।দৃষ্টিভ্রম  হওয়া।ঘুমানোর সময় পাশ ফেরা বা কথা বলার ক্ষমতা সাময়িকভাবে হারানো (ঘুমন্ত অবস্থায় পক্ষাঘাত)।অন্যান্য খুব সাধারণভাবে দেখতে পাওয়া উপসর্গগুলি হল:কোন কাজ করার মাঝে সামান্য ঘুমিয়ে যাওয়া অবস্থা।ঘুমের অসম্পূর্ণতা।অবসাদ।ইন্সম্নিয়া বা ঘুমাতে না পারা।ঘুমানোর সময় অস্বস্তি।মাথা যন্ত্রণা।স্মৃতিশক্তির হ্রাস বা সমস্যা©ansbangla.com
p-276-a-19,উদ্ভিদ কী ব্যাথা অনুভব করতে পারে?,জীববিজ্ঞান,1,+6,244,https://www.sciencebee.com.bd/qna/13707/%E0%A6%89%E0%A6%A6%E0%A7%8D%E0%A6%AD%E0%A6%BF%E0%A6%A6-%E0%A6%AC%E0%A7%8D%E0%A6%AF%E0%A6%BE%E0%A6%A5%E0%A6%BE,"['উদ্ভিদ', 'ব্যাথা', 'অনুভব']","নাব্যাথা অনুভবের জন্য মস্তিষ্ক লাগে। উদ্ভিদের মস্তিষ্ক নাই। ব্যাথার অনুভূতি মস্তিষ্কে প্রবাহিত হবার জন্য স্নায়ুপথ (নসিসেপ্টর) লাগে। উদ্ভিদের নসিসেপ্টর (Nociceptor) নাই। বিজ্ঞানীরা বলেছেন, কিছু উদ্ভিদকে কাটলে তারা চিৎকার (Screaming) করে। এটা প্রমাণিত হয়েছে, তাদের দ্বারা সৃষ্ট হাই ফ্রিকুয়েন্সি দেখে। শুধু কাটলেই নয় বরং পানির অভাব হলেও এমন করে (কতিপয় উদ্ভিদ)। উদ্ভিদ যেহেতু জীবন্ত সত্ত্বা তাই কিছু স্পেশাল বৈশিষ্ট্য আছেই। যেমন: পানি, রাসায়নিক পদার্থ, আলো, গ্রাভিটির প্রতি তাদের রিসপন্স দেখা যায় (আলোর দিকে বেশিরভাগ উদ্ভিদ ডালপালা ছড়ায়, পানি ও খাবারের উৎসের দিকে শিকড় ছড়ায়)।লেখক:ডা. রাজীব হোসাইন সরকার"
p-276-a-20,নন-ডিসজাংশন বলতে কি বুঝায়?,জীববিজ্ঞান,1,+2,810,https://www.sciencebee.com.bd/qna/13704/%E0%A6%A1%E0%A6%BF%E0%A6%B8%E0%A6%9C%E0%A6%BE%E0%A6%82%E0%A6%B6%E0%A6%A8-%E0%A6%AC%E0%A7%81%E0%A6%9D%E0%A6%BE%E0%A7%9F,"['ডিসজাংশন', 'জীববিজ্ঞান']",মায়োসিস কোষ বিভাজনের সময় অ্যানাফেজ ধাপে হোমোলগাস ক্রোমোজোমগুলোর যে কোনো একটি জোড়ার ক্রোমোজোম দুটির একটি অপরটি থেকে পৃথক না হয়ে দুটিই যে কোনো মেরুতে চলে যায়। এ অবস্থাকে নন-ডিসজাংশন বলে।©Sajal ojha
