id,question,question_category,number_of_answer,number_of_vote,number_of_view,answer_link,question_tag,answer
p-367-a-0,"মশার কামড়ে ডেঙ্গু,ম্যালারিয়া রোগ হয় কেন?",স্বাস্থ্য ও চিকিৎসা,1,+7,70,https://www.sciencebee.com.bd/qna/9640/%E0%A6%AE%E0%A7%8D%E0%A6%AF%E0%A6%BE%E0%A6%B2%E0%A6%BE%E0%A6%B0%E0%A6%BF%E0%A7%9F%E0%A6%BE,[],"ডেঙ্গু হয় ভাইরাস দ্বারা আক্রান্ত হলে, আর ম্যালেরিয়া হয় এক ধরনের পরজীবীর আক্রমণে। আর এসব ভাইরাস বা পরজীবীর বাহক হলো বিভিন্ন স্ত্রী মশা।তাই স্ত্রী মশা কামড়ালে ডেঙ্গু, ম্যালেরিয়া এসব রোগ হয়ে থাকে।"
p-367-a-1,হঠাৎ ভয় পেলে বা বেশি উত্তেজিত হলে মানুষের হার্ট অ্যাটাকের সম্ভাবনা থাকে কেন?,স্বাস্থ্য ও চিকিৎসা,1,+8,110,https://www.sciencebee.com.bd/qna/9639/%E0%A6%89%E0%A6%A4%E0%A7%8D%E0%A6%A4%E0%A7%87%E0%A6%9C%E0%A6%BF%E0%A6%A4-%E0%A6%85%E0%A7%8D%E0%A6%AF%E0%A6%BE%E0%A6%9F%E0%A6%BE%E0%A6%95%E0%A7%87%E0%A6%B0,[],"হঠাৎ ভয় পেলে বা উত্তেজিত হলে মানুষের প্যানিক অ্যাটাক হয়ে থাকে।প্যানিক অ্যাটাক এক ধরনের মানসিক সমস্যা যা তীব্র আকার নিলে মানসিক রোগ বলা যেতে পারে।প্যানিক অ্যাটাক হলে বুক ধড়ফড় করে,হৃদপিণ্ডের গতি বেড়ে যায়,মনে হয় হৃদপিন্ড বুকের মধ্যে লাফাচ্ছে।ফলে হার্ট অ্যাটাক হওয়ার সম্ভাবনা থাকে।"
p-367-a-2,"রাগ,কান্না,হাসি এসব মস্তিষ্কের কোন অংশ নিয়ন্ত্রণ করে এবং কিভাবে করে?",জীববিজ্ঞান,1,+8,167,https://www.sciencebee.com.bd/qna/9638/%E0%A6%AE%E0%A6%B8%E0%A7%8D%E0%A6%A4%E0%A6%BF%E0%A6%B7%E0%A7%8D%E0%A6%95%E0%A7%87%E0%A6%B0,[],">রাগ,কান্না,হাসি এসব নিয়ন্ত্রণ করে হাইপোথ্যালামাস।থ্যালামাসের নিচে অংশে এটি অবস্থিত এবং শ্বেত ও ধূসর পদার্থ দিয়ে গঠিত অংশকে হাইপোথ্যালামাস বলে। এটি ২২টি নিউক্লিয়াসের সমন্বয়ে গঠিত এবং এর নিচের অংশের সাথে সংযুক্ত হয়ে আছে পিটুইটারী গ্রন্থি। উভয় অংশই সম্মিলিত ভাবে হরমোন নিঃসরণ ঘটিয়ে থাকে। এটি মানসিক আবেগ ও ক্ষুধা, তৃষ্ণা, নিদ্রা প্রভৃতি নিয়ন্ত্রণ করে। এছাড়া নিদ্রা ও জাগ্রত অবস্থার মধ্যে সামঞ্জস্য বিধানও হাইপোথ্যালামাসের অন্যতম প্রধান কাজ। এছাড়া যৌন আচরণে এর বিশেষ ভূমিকা আছে। নারী এবং পুরুষের যৌন আচরণ এবং সন্তান লালন-পালনের আচরণগত পার্থক্য হরমনের প্রভাবে সৃষ্টি হয়।"
p-367-a-3,হ্যাক আসলে কিভাবে করা হয়??শুধুমাত্র পাসওয়ার্ড অনুমান বা জোগাড় করে নাকি অন্য কোনো উপায় আছে?,প্রযুক্তি,1,+8,133,https://www.sciencebee.com.bd/qna/9637/%E0%A6%B6%E0%A7%81%E0%A6%A7%E0%A7%81%E0%A6%AE%E0%A6%BE%E0%A6%A4%E0%A7%8D%E0%A6%B0-%E0%A6%AA%E0%A6%BE%E0%A6%B8%E0%A6%93%E0%A7%9F%E0%A6%BE%E0%A6%B0%E0%A7%8D%E0%A6%A1,[],"বেশ কয়েকটি সাইবার অ্যাটাকের মাধ্যমে হ্যাকিং হয়। যেমন১. Password Cracking Attacks:কমন সাইবার আট্যাকগুলোর মধ্যে প্রথম হল Password Cracking Attacks। পাসওয়ার্ড ভিত্তিক আট্যাকগুলোতে হ্যাকাররা সফটওয়্যার ব্যবহার করে এবং ব্রুট ফোর্স আট্যাক করে যাতে আপনার আপনার সুরক্ষিত একাউন্টগুলো এক্সেস নিতে পারে। হ্যাকাররা এমনসব পাসওয়ার্ড ক্রেকিং সফটওয়্যার ব্যবহার করে যেগুলো ১০০০ শক্তিশালী পাসওয়ার্ডও টেস্ট করতে পারে। তাদের সফলতার কারণ হল একটি নিরাপদ পাসওয়ার্ড এর নিয়মানুসারে পাসওয়ার্ড তৈরি হয় নি। বেশিরভাগ মানুষ পাসওয়ার্ডে বড় হাতের অক্ষর এবং বিরামচিহ্ন এই নিয়ম ফলো করে। যার ফলে দেখা যায় হ্যাকার এবং তাদের সফটওয়্যার সহজে আপনার পাসওয়ার্ডটি অনুমান করতে পারে এবং সহজেই আপনার একাউন্ট ভেঙ্গে ফেলতে পারে।২. Social Engineering Attacks:কমন সাইবার আট্যাকগুলোর মধ্যে দ্বিতীয় হল Social Engineering Attacks। এই ধরনের আট্যাকহল এমন হ্যাকাররা আপনাকে ইমেইল প্রেরণ করবে যা দেখতে একটি অফিসিয়াল ইমেইল মেসেজ এর মত। এর মাধ্যমে হ্যাকাররা আশা করে, তারা যে লিংক দিয়েছে সেই লিঙ্কে ক্লিক করে আপনাকে রেজিস্ট্রেশন করিয়ে আপনার পাসওয়ার্ড এবং গুরুত্বপূর্ণ সকল তথ্য হাতিয়ে নিবে। ৯০ এর দশকে নাইজেরিয়ান যুবরাজের ইমেইলগুলো সোশ্যাল ইঞ্জিনিয়ারিং আট্যাক এর অন্যতম উদাহরণ। এটি এমন একটি কৌশল যার মাধ্যমে হ্যাকাররা তাদের ইমেইলটি একজন প্রাপকের কাছে আসল ইমেইল হিসাবে প্রমাণ করে। যার ফলশ্রুতিতে একজন ব্যক্তির কাছে একটি লোভনীয় ইমেইল আসলে অনায়াসেই সেই ইমেইলে ক্লিক করে তার পাসওয়ার্ড এবং গুরুত্বপূর্ণ তথ্য দিয়ে রেজিস্ট্রেশন করে। এর ফলে একজন ব্যক্তি ক্ষতিগ্রস্ত হন।৩. Social Media Attacks:কমন সাইবার আট্যাকগুলোর মধ্যে তৃতীয় হল Social Media Attacks। আপনি অবশ্যই ফেসবুকে বা অন্যান্য সামাজিক মাধ্যম গুলোতে এমন কিছু টিউন দেখবেন খুব আকর্ষণীয়, কিন্তু আপনি এই টিউনের মাধ্যমে সোশ্যাল মিডিয়া আট্যাকের শিকার হতে পারেন। এই পোস্টগুলো হ্যাকাররা ফ্রেন্ড রিকুয়েস্ট বা গেম খেলতে ইনভাইট করা হয় এমনভাবে সাজায়। যদি আপনি এই রিকুয়েস্ট গ্রহন করেন তাহলে আপনার তথ্য নেয়া হ্যাকারদের জন্য আরও সহজ হয়। তাছাড়া এখন ফেসবুকে একাউন্ট করতে শুধু ইমেইল না, মোবাইল নাম্বার দিয়েও করা যায়। যার ফলশ্রুতিতে ফেক প্রোফাইল তৈরি করা খুব সহজ। আপনি দেখবেন আপনাকে কেউ ফ্রেন্ড রিকুয়েস্ট পাঠিয়েছে আপনি তাকে চিনেন, কিন্তু বাস্তবে আপনি তাকে চিনেন না। এভাবে অনলাইনে একদল হ্যাকার রয়েছে যারা আপনার পার্সোনাল কিংবা কোম্পানির একাউন্ট হ্যাক করতে চায়।৪. Malware Attacks:কমন সাইবার আট্যাকগুলোর মধ্যে চতুর্থ হল Malware Attacks। ম্যালওয়ার মানে হল ম্যালিশিয়াস সফটওয়্যার। হ্যাকাররা ভাইরাস, ঊর্মস, ট্রোজান হর্স দিয়ে ম্যালিশিয়াস সফটওয়্যার তৈরি করে একটি কোম্পানির ফাইলগুলো নস্ট বা এনক্রিপ্ট করে ফেলে। এভাবে তারা কোন কোম্পানির সকল গুরুত্বপূর্ণ তথ্য হ্যাক করে।"
p-367-a-4,প্রথমে ইন্টারনেটের রূপ কেমন ছিল?,প্রযুক্তি,1,+7,53,https://www.sciencebee.com.bd/qna/9636/%E0%A6%87%E0%A6%A8%E0%A7%8D%E0%A6%9F%E0%A6%BE%E0%A6%B0%E0%A6%A8%E0%A7%87%E0%A6%9F%E0%A7%87%E0%A6%B0,[],এই হচ্ছে ইন্টারনেটের প্রথম ওয়েবসাইট। এটি সেই প্রথমে যেইরকম ছিলো ঠিক সেইরকমই রাখা হয়েছে।
p-367-a-5,কোনোকিছুতে আসক্ত হয়ে গেলে মস্তিষ্কে কিরূপ প্রভাব পড়ে?,মনোবিজ্ঞান,1,+8,63,https://www.sciencebee.com.bd/qna/9635/%E0%A6%95%E0%A7%8B%E0%A6%A8%E0%A7%8B%E0%A6%95%E0%A6%BF%E0%A6%9B%E0%A7%81%E0%A6%A4%E0%A7%87,[],"প্রথম দিকে আনন্দ পাওয়ার জন্য মাদক নিলেও পরে সে বাধ্য হয়ে বারবার নেশা গ্রহণ করতে থাকে। আরেকটি বিষয় হচ্ছে, ক্রমাগত তার মাদক গ্রহণ করার পরিমাণ বাড়তে থাকে। বিজ্ঞানের ভাষায় বিষয়টিকে বলা হয় &lsquo;টলারেন্স&rsquo;। অর্থাত্ ধীরে ধীরে তার মাদক গ্রহণের সহনশীলতা বাড়তে থাকে। প্রথম দিকে যতটুকু মাদক গ্রহণ করলে ভালোলাগার অনুভূতি হতো, আস্তে আস্তে সেই পরিমাণ মাদকে কোনো অনুভূতি হয় না, তাই মাদক গ্রহণের মাত্রা ক্রমাগত বেশি হতে থাকে। এই সহনশীলতা তৈরি হয়ে গেলে বিষয়টি একটু জটিল হয়ে যায়। তখন মাদক বন্ধ করে দিলে বা কম পরিমাণে মাদক নিলে &lsquo;উইথড্রয়াল সিনড্রোম&rsquo; বা প্রত্যাহারজনিত উপসর্গ দেখা যায়। এই &lsquo;উইথড্রয়াল সিনড্রোম&rsquo; থেকে রক্ষা পেতে তখন আবার তাকে পরিমাণমতো মাদক গ্রহণ করতে হয়। একেক ধরনের মাদকের জন্য আসক্তির ধরন, সহনশীলতার মাত্রা এবং প্রত্যাহারজনিত উপসর্গ একেক রকম। অর্থাত্ ব্যক্তি একপর্যায়ে ভালোলাগার অনুভূতি পেতে মাদক নেওয়া শুরু করে। পরে মস্তিষ্কের রিওয়ার্ড সার্কিটটি মাদকে অভ্যস্ত হয়ে গেলে তার সহনশীলতা বেড়ে যায়। তখন মাদক না নিলে বা কম নিলে &lsquo;উইথড্রয়াল সিনড্রোম&rsquo; শুরু হয়। এ সময় সে মন্দলাগা থেকে বাঁচতে (&lsquo;উইথড্রয়াল সিনড্রোম&rsquo; থেকে বাঁচতে) আবারও বাড়তি মাদক নেওয়া শুরু করে। এটাই মাদক-নির্ভরতা বা &lsquo;ডিপেন্ডেন্সি&rsquo;। মাদক নিতে নিতে মস্তিষ্কে একটি শর্তাধীন অবস্থা (কন্ডিশনিং) তৈরি হয়, তখন মাদকবিষয়ক কোনো সূত্র পেলেই মাদক গ্রহণ করার জন্য তাড়না জন্ম নেয়। যেমন মাদক গ্রহণ করার স্থান, সময় বা সঙ্গীদের দেখলেই মস্তিষ্ক আবার মাদক গ্রহণ করার জন্য সংকেত দিতে থাকে। মস্তিষ্কের পরিবর্তন, রিওয়ার্ড সেন্টারের উদ্দীপনা, নিউরোট্রান্সমিটারের (ডোপামিন ইত্যাদি) নিঃসরণ, শর্তাধীন অবস্থা এবং &lsquo;উইথড্রয়াল সিনড্রোম&rsquo; সবকিছুই কিন্তু মাদক-নির্ভরতার জন্য দায়ী। মাদক ভেদে এই নির্ভরতা শারীরিক ও মানসিক দুইভাবেই হয়। আবার যদি পরিবারে কোনো মাদকাসক্তির ইতিহাস (জেনেটিক ঝুঁকি) থাকে বা কোনো সামাজিক ঝুঁকি (বন্ধুদের চাপ, মানসিক রোগ, স্ট্রেস, ব্যর্থতা ইত্যাদি) থাকে, তখন মাদকে আসক্ত হওয়ার প্রবণতা বেড়ে যায়। এই সামাজিক ঝুঁকি, শর্তাধীন অবস্থা ও মস্তিষ্কের গাঠনিক পরিবর্তন যত বেশি থাকে, পরবর্তী সময়ে রিল্যাপ্স (পুনরায় আসক্ত) হওয়ার আশঙ্কাও তত বেশি থাকে। আর এগুলোর রয়েছে বিজ্ঞানভিত্তিক ব্যাখ্যা।মাদকাসক্তি বা মাদকনির্ভরতার বিষয়টি যতই জটিল হোক না কেন, এ থেকে পরিত্রাণ পাওয়া সম্ভব। বিজ্ঞানভিত্তিক চিকিত্সায় মাদকমুক্ত হওয়া মোটেও অসম্ভব নয়। এর জন্য মনো-দৈহিক-সামাজিক পদ্ধতিতে মাদকমুক্ত হতে হবে। একজন মাদকাসক্ত ব্যক্তিকে যদি চিকিত্সার শুরুতে মাদক গ্রহণ করতে দেওয়া না হয়, তখন মাদকে অভ্যস্ত তার শরীর ও মনে নানা উপসর্গ তৈরি হয়। যেগুলোকে বলা হয় &lsquo;উইথড্রয়াল সিন্ড্রোম&rsquo;। একেক ধরনের মাদকের জন্য একেক রকম উপসর্গ থাকে। কিছু সাধারণ উপসর্গ হচ্ছে খিঁচুনি, অস্থিরতা, শরীরে ব্যথা, ডায়রিয়া, নাক দিয়ে রক্ত পড়া, হঠাত্ করে রেগে যাওয়া, আবেগের পরিবর্তন, মাংসপেশির কাঁপুনি, শরীরের বিভিন্ন স্থানে ব্যথা, মুখ দিয়ে লালা ঝরা ইত্যাদি। এই পর্যায়ে বেশ কিছু উপসর্গ দূর করার জন্য এবং মাদক গ্রহণের তাড়না কমানোর জন্য ওষুধ দেওয়ার প্রয়োজন রয়েছে। ওষুধগুলো একদিকে &lsquo;উইথড্রয়াল সিন্ড্রোম&rsquo; কমায়, আরেক দিকে মস্তিষ্কের পরিবর্তনগুলোকে স্বাভাবিক করতে সাহায্য করে। ওষুধের পাশাপাশি বিজ্ঞানভিত্তিক কাউন্সেলিং, মোটিভেশনাল কাউন্সেলিং, বিহেভিয়ার থেরাপি ইত্যাদিরও প্রয়োজন আছে। মাদকের ওপর নির্ভরশীলতা তৈরি হলেও ধৈর্য ধরে চিকিত্সা করলে মাদকমুক্ত হওয়া সম্ভব। তবে মনে রাখতে হবে যে মাদকমুক্ত হতে পারাটাই শেষ কথা নয়, রিল্যাপ্স বা পুনরায় আসক্ত হওয়ার ঝুঁকি থেকেই যায়। বিশেষ করে পূর্ণাঙ্গ চিকিত্সা না নিলে বা চিকিত্সার সব ধাপ ঠিকমতো পার না করলে বা বিশেষজ্ঞের উপদেশ অনুযায়ী না চললে পুনরায় আসক্তির ঝুঁকি বাড়ে। সেই ঝুঁকি দূর করার জন্য জীবনযাপনের পদ্ধতি পরিবর্তন, পরিপূর্ণ চিকিত্সা, সোশ্যাল থেরাপি বা সামাজিক সহায়তা এবং উপযুক্ত পুনর্বাসন করা খুবই জরুরি। মনে রাখতে হবে, মাদকাসক্তি মস্তিষ্কের রোগ। এর রয়েছে বৈজ্ঞানিক ব্যাখ্যা। তাই এর চিকিত্সায় অবশ্যই বিজ্ঞাননির্দেশিত প্রক্রিয়াগুলো অনুসরণ করতে হবে।"
p-367-a-6,পিত্তরস তিক্তস্বাদযুক্ত কেন হয়?,বিবিধ,1,+8,91,https://www.sciencebee.com.bd/qna/9634/%E0%A6%A4%E0%A6%BF%E0%A6%95%E0%A7%8D%E0%A6%A4%E0%A6%B8%E0%A7%8D%E0%A6%AC%E0%A6%BE%E0%A6%A6%E0%A6%AF%E0%A7%81%E0%A6%95%E0%A7%8D%E0%A6%A4,[],"পিত্ত রসের উপাদান :পিত্তরসসামান্য ক্ষারধর্মী সান্দ্র,তিক্তস্বাদযুক্ত উজ্জ্বল হলুদ অথবা সবুজ বর্ণের তরল পদার্থ এর pH ৫-৭.যার কারণে এটি তিক্ত।"
p-367-a-7,রক্ত নোনতা স্বাদযুক্ত কেন?,জীববিজ্ঞান,2,+7,391,https://www.sciencebee.com.bd/qna/9633/%E0%A6%B8%E0%A7%8D%E0%A6%AC%E0%A6%BE%E0%A6%A6%E0%A6%AF%E0%A7%81%E0%A6%95%E0%A7%8D%E0%A6%A4,[],অজৈব লবণের উপস্থিতির জন্যরক্তের স্বাদ নোনতা।
p-367-a-8,রক্ত নোনতা স্বাদযুক্ত কেন?,জীববিজ্ঞান,2,+7,391,https://www.sciencebee.com.bd/qna/9633/%E0%A6%B8%E0%A7%8D%E0%A6%AC%E0%A6%BE%E0%A6%A6%E0%A6%AF%E0%A7%81%E0%A6%95%E0%A7%8D%E0%A6%A4,[],রক্তে অজৈব লবণ থাকে যার স্বাদ নোনতা।তাই রক্ত নোনতা।
p-367-a-9,পৃথিবীর সবচেয়ে দুর্লভ ফুল কোনটি?,বিবিধ,1,+7,493,https://www.sciencebee.com.bd/qna/9632/%E0%A6%AA%E0%A7%83%E0%A6%A5%E0%A6%BF%E0%A6%AC%E0%A7%80%E0%A6%B0-%E0%A6%B8%E0%A6%AC%E0%A6%9A%E0%A7%87%E0%A7%9F%E0%A7%87,[],"পৃথিবীর সবচেয়ে দুর্লভ তিনটি ফুল হলো:১.মিডলমিস্ট রেড(Middlemist red)এই অসম্ভব সুন্দর মিডলমিস্ট ফুলটি হলো পৃথিবীর সবথেকে বিরল ফুল। এর থেকেও আশ্চর্যজনক ব্যাপার হলো, পৃথিবীতে বর্তমানে মাত্র দু’টি জায়গায় এ ফুল দেখতে পাওয়া যায়, নিউজিল্যান্ডের একটি বাগানে এবং যুক্তরাষ্ট্রের গ্রীন হাউসে। যুক্তরাষ্ট্রের এক নার্সারির মালিক জন মিডলমিস্ট ১৮০৪ সালে এ অসাধারণ ফুলটি চীন থেকে  যুক্তরাষ্ট্রে আনেন। এর পরই চীন থেকে এ ফুলটি চিরতরে হারিয়ে যায়।সেসময় ফুলকে বিলাসদ্রব্য হিসেবে বিবেচনা করা হত। তাই তখন, লন্ডনের একটি বাগানে এ ফুল চাষ করা হয়েছিল। মিডলমিস্ট দেখতে অনেকটা গোলাপের মত লাল, যার কিনারায় গাঢ় গোলাপী আভা দেখতে পাওয়া যায়। উদ্ভিদবিদরা বহুকাল ধরে মিডলমিস্ট এর মত অন্য কোন প্রজাতির ফুল খুঁজে বের করার জন্য অনুসন্ধান চালাচ্ছে। যত দিন না পাচ্ছে এ রকম কোন প্রজাতি, ততদিন এ ফুলটিই পৃথিবীর বিরলতম ফুল।২. জেড ভাইন (Jade Vine)জেড ভাইন হলো শিম ও মটরশুটি বর্গের বিরল প্রজাতির ফুল। শুধু ফিলিপাইনের রেইনফরেস্টে এটির সন্ধান পাওয়া যায়। ‍জেড ভাইন নামক এই ফুলটি দেখতে অনেকটা বাঁকা নখের মত যেটা তিন মিটার পর্যন্ত লম্বা হতে পারে। এ ফুলের রং ব্লু থেকে হালকা সবুজ রঙের হতে পারে।জেড ভাইনের পরাগায়ন বাদুর এর মাধ্যমে হয়ে থাকে। পরাগায়নের প্রয়োজনেই এ ফুল রাতের অন্ধকারে উজ্জল দীপ্তিমান হয়ে ওঠে। প্রতিনিয়ত আবহাওয়া পরিবর্তনের কারণে এবং শুধুমাত্র প্রাকৃতিকভাবে পরাগায়ন হয় জন্যই বুঝি জেড ভাইন এত দুর্লভ।৩. কর্পস্ ফ্লা্ওয়ার (Corpse Flower)কর্পস্ ফ্লা্ওয়ার বা শব ফুল পৃথিবীর সবথেকে বড় এবং দুর্গন্ধযুক্ত ফুল। এই বিশালাকৃতির ফুলটি যখন ফুটতে থাকে, তখন পঁচা মাংসের মত একধরণের বিশ্রী গন্ধ ছড়ায়। শুধুমাত্র ইন্দোনেশিয়ার রেইনফরেস্টে এ ফুল দেখতে পাওয়া যায়। কর্পস ফ্লাওয়ার ৩০-৪০ বছরে মাত্র একবার ফোটে।কর্পস্ ফ্লাওয়ার এর পাতা ২০ ফুট পর্যন্ত লম্বা হয়ে থাকে। এ ফুলের বাইরের দিকের রং সবুজ, আর ভেতরের দিকে গাঢ় লাল। কর্পস ফ্লাওয়ার অত্যন্ত বিরল বলে যেসব বোটানিকাল গার্ডেনে এ ফুলের চাষ করা হয় সেগুলোকে, প্রধানত, ইন্দোনেশিয়ার সুমাত্রা গার্ডেনকে আইন দ্বারা সুরক্ষিত করে রাখা হয়েছে।"
p-367-a-10,অটিজম কি থেকে হয়?,স্বাস্থ্য ও চিকিৎসা,2,+7,78,https://www.sciencebee.com.bd/qna/9631/%E0%A6%85%E0%A6%9F%E0%A6%BF%E0%A6%9C%E0%A6%AE-%E0%A6%95%E0%A6%BF-%E0%A6%A5%E0%A7%87%E0%A6%95%E0%A7%87,[],"এটি শিশুর মস্তিষ্কের বিকাশজনিত একটি সমস্যা। মাতৃগর্ভে থাকাকালে শিশুর মস্তিষ্কের বিকাশ কোনো কারণে বাধাগ্রস্ত হলে শিশু অটিজম নিয়ে জন্মগ্রহণ করে এবং শিশুর ভাষার বিকাশ, সামাজিক আচরণ, ইন্দ্রিয়গত সমন্বয়ের সমস্যা, আচরণের দৃঢ়তা ও কল্পনাশক্তির সীমাবদ্ধতা পরিলক্ষিত হয়। শিশু এই রোগটি নিয়েই জন্মগ্রহণ করে। তবে জন্মপরবর্তী তিন বছরের মধ্যে রোগটির সব লক্ষণ পরিলক্ষিত হয়। অনেক ক্ষেত্রে শিশু স্বাভাবিকভাবে জন্ম নেওয়ার পর এক থেকে দেড় বছর বয়স পর্যন্ত তেমন কোনো লক্ষণই বোঝা যায় না। সামান্য ভাষার বিকাশও হয়ে থাকে। তবে বেশির ভাগ ক্ষেত্রেই দুই বছরের পর থেকে ভাষার বিকাশ কমতে থাকে, কোনো কোনো ক্ষেত্রে অর্থবহ কোনো ভাষাই আর থাকে না। অস্থিরতা, আচরণগত সমস্যা ইত্যাদি লক্ষণ দেখা যায়। আবার অনেকের ক্ষেত্রে কখনোই ভাষার বিকাশ হয় না, একই ধরনের আচরণ বারবার করতে থাকে, নাম ধরে ডাকলে তাকায় না, ঘুম ও খাওয়ার সমস্যা ইত্যাদি দেখা যায়।"
p-367-a-11,অটিজম কি থেকে হয়?,স্বাস্থ্য ও চিকিৎসা,2,+7,78,https://www.sciencebee.com.bd/qna/9631/%E0%A6%85%E0%A6%9F%E0%A6%BF%E0%A6%9C%E0%A6%AE-%E0%A6%95%E0%A6%BF-%E0%A6%A5%E0%A7%87%E0%A6%95%E0%A7%87,[],"এটি শিশুর মস্তিষ্কের বিকাশজনিত একটি সমস্যা। মাতৃগর্ভে থাকাকালে শিশুর মস্তিষ্কের বিকাশ কোনো কারণে বাধাগ্রস্ত হলে শিশু অটিজম নিয়ে জন্মগ্রহণ করে এবং শিশুর ভাষার বিকাশ, সামাজিক আচরণ, ইন্দ্রিয়গত সমন্বয়ের সমস্যা, আচরণের দৃঢ়তা ও কল্পনাশক্তির সীমাবদ্ধতা পরিলক্ষিত হয়। শিশু এই রোগটি নিয়েই জন্মগ্রহণ করে। তবে জন্মপরবর্তী তিন বছরের মধ্যে রোগটির সব লক্ষণ পরিলক্ষিত হয়। অনেক ক্ষেত্রে শিশু স্বাভাবিকভাবে জন্ম নেওয়ার পর এক থেকে দেড় বছর বয়স পর্যন্ত তেমন কোনো লক্ষণই বোঝা যায় না। সামান্য ভাষার বিকাশও হয়ে থাকে। তবে বেশির ভাগ ক্ষেত্রেই দুই বছরের পর থেকে ভাষার বিকাশ কমতে থাকে, কোনো কোনো ক্ষেত্রে অর্থবহ কোনো ভাষাই আর থাকে না।"
p-367-a-12,Post-traumatic stress disorder কী?,স্বাস্থ্য ও চিকিৎসা,2,+7,88,https://www.sciencebee.com.bd/qna/9630/traumatic-disorder,[],"ট্রমাহলো একধরনের মনোশারীরিক চাপমূলক ঘটনা। কোনো ভয়াবহ ঘটনার অভিজ্ঞতা প্রত্যক্ষদর্শীর মনে ট্রমার সঞ্চার করতে পারে। এর নমুনা হতে পারে শারীরিক বা যৌন নির্যাতন, মারাত্মক দুর্ঘটনা, সামরিক সংঘাত বা প্রাকৃতিক দুর্যোগ ইত্যাদি।কোনো ব্যক্তি যখন তার সামনে কোনো করুণ মৃত্যু সংঘটিত হতে দেখে অথবা অন্য কোনো মানুষকে হত্যা করতে দেখে কিংবা প্রচণ্ড আঘাত পেতে দেখে, তখন ব্যক্তির মাঝে ট্রমার সৃষ্টি হয়। ট্রমার সময় ব্যক্তি একধরনের অসহায়ত্ব অনুভব করে থাকে।কিছু কিছু ক্ষেত্রে সময়ের সাথে সাথে এই স্মৃতির ভয়াবহতা বাড়তেই থাকে। এর ফলে তারা আতঙ্কিত আর উৎকণ্ঠিত হয়ে পড়েন। তাদের স্বাভাবিক জীবনযাপনে বাধা সৃষ্টি হয়। এই সমস্যাকে পোস্ট ট্রমাটিক স্ট্রেস ডিসঅর্ডার বলা হয়। এটি একধরনের অ্যাংজাইটি অর্ডার, যা কোনো দুঃখজনক ঘটনা দেখে বা তার অভিজ্ঞতা লাভের পর দেখা দেয়। কমপক্ষে এক মাস ধরে এর লক্ষণ-উপসর্গ থাকে। লক্ষণ-উপসর্গে ব্যক্তি চরম দুর্দশা এবং দৈনন্দিন কাজকর্মে ব্যাঘাতের সম্মুখীন হয়।রোগের কারণ• কোনো ধরনের জীবন বিপন্নকারী পরিস্থিতির সম্মুখীন হওয়া।• শারীরিক বা যৌন নির্যাতনের শিকার হওয়া বা সরাসরি প্রত্যক্ষ করা।• ঘন ঘন প্রাকৃতিক দুর্যোগ, যেমন- ঝড়, তুফান, ভূমিকম্পের মুখোমুখি হওয়া।• অাকস্মিক সামাজিক পরিবর্তন, যেমন- দাঙ্গা, বিপ্লব, অভ্যুত্থান প্রত্যক্ষ করা।এছাড়াও পোস্ট ট্রমাটিক স্ট্রেস ডিসঅর্ডার হবার গুরুত্বপূর্ণ কারণ হলো-ট্রমাটিক ঘটনাটির-• ধরন• প্রচণ্ডতা• অাকস্মিকতা• ব্যপ্তিকাল• সান্নিধ্যরোগের উপসর্গPTSD-তে আক্রান্ত ব্যক্তি প্রচণ্ড ভয় আর উদ্বেগ অনুভব করেন। এর কিছুসাধারণ উপসর্গহলো-ঘটনার আবেগপূর্ণ পুনরাবৃত্তি: আক্রান্ত ব্যক্তি ঘটনাটিকে নিয়ে বারবার দুঃস্বপ্ন দেখেন আর প্রায়ই জাগ্রত অবস্থায় ঘটনার পুনরাবৃত্তি ঘটতে দেখেন। এর ফলে ব্যক্তি প্রতিবার সেই তীব্র মানসিক আঘাত আর ভয় অনুভব করেন যা ঘটনা ঘটার সময় অনুভব করেছিলেন। এ সময় নানা শারীরিক উপসর্গ দেখা দিতে পারে, যেমন অতিরিক্ত ঘাম হওয়া, বুক ধড়ফড় করা, গা গোলানো ভাব আর আতঙ্কিত হয়ে পড়া।এড়িয়ে চলা: আক্রান্ত ব্যক্তি এমন সব আলোচনা, স্থান এবং পরিস্থিতি এড়িয়ে চলেন, যা সেই দুর্ঘটনার স্মৃতি মনে করিয়ে দিতে পারে।সবসময় অধিক সতর্কতা অবলম্বন: আক্রান্ত ব্যক্তি সবসময় সতর্ক থাকেন আর সুরক্ষিত পরিবেশেও বিপদের আশঙ্কা নিয়ে ভীত হয়ে থাকেন। তার ঘুমাতে অসুবিধা হয় এবং বারবার চমকে ওঠেন।অনুভূতিহীন হয়ে পড়া: আক্রান্ত ব্যক্তি নিজের বন্ধুবান্ধব এবং পরিবারের প্রতি আবেগ অনুভব করেন না এবং ক্রমশ বিনোদন কাজে আনন্দ হারিয়ে ফেলেন। এক্ষেত্রে তার পারিপার্শ্বিকতা অনুভূতির বিকৃতি অথবা সবকিছু অবাস্তব বলে মনে হতে থাকে।অপরাধবোধে ভোগা: আক্রান্ত ব্যক্তি ট্রমাটিক ঘটনার পর নিজে বেঁচে যাওয়ার অপরাধবোধে ভোগেন। কারণ তিনি মনে করেন যে, অন্যরা মরে গেছে অথচ এত কিছুর পরও তিনি বেঁচে আছেন অথবা বেঁচে থাকার জন্য তাকে এমন কিছু করতে হয়েছে যা ঠিক নয়, এ কথা তিনি বার বার মনে করতে থাকেন।এ রোগের পরিপূর্ণ উপসর্গ-লক্ষণগুলো প্রচন্ড স্পষ্টভাবেই রোগীর মধ্যে পরিলক্ষিত হয়। রোগী এবং তাদের পরিবার-পরিজন এ রোগের কারণে নানা রকম উদ্বেগের শিকার হন। এই রোগ অনেক সময় আক্রান্ত ব্যক্তির কর্মক্ষেত্রের দক্ষতার ওপর আঘাত হানে এবং সামাজিক নানা কর্মকাণ্ড ব্যাহত করে তোলে।Source : Roar Bangla"
p-367-a-13,Post-traumatic stress disorder কী?,স্বাস্থ্য ও চিকিৎসা,2,+7,88,https://www.sciencebee.com.bd/qna/9630/traumatic-disorder,[],এখানে :https://www.sciencebee.com.bd/qna/9630/traumatic-disorder
p-367-a-14,সাইনোসাইটিস হওয়ার কারণ কী?,স্বাস্থ্য ও চিকিৎসা,2,+7,239,https://www.sciencebee.com.bd/qna/9629/%E0%A6%B8%E0%A6%BE%E0%A6%87%E0%A6%A8%E0%A7%8B%E0%A6%B8%E0%A6%BE%E0%A6%87%E0%A6%9F%E0%A6%BF%E0%A6%B8,[],"আমাদের নাকের আশপাশেই যে মুখমণ্ডলের হাড়গুলো রয়েছে, এগুলোকে আমরা মেক্সিলার বলি- দুই চোখের মাঝখানের অংশকে আমরা ইকময়ডাল এড়িয়া বলি, এগুলো ফাঁপা হাড়- এগুলো নাকের আশপাশেই অবস্থিত। নাকের ভেতরেই তাদের সর্দি নিঃসৃত করে। এসব জায়গায় বাতাস চলাচল করে। যত দিন পর্যন্ত ফ্রি বাতাস থাকে, তত দিন পর্যন্ত সাইনাসের সমস্যা সৃষ্টি হয় না। তবে যখনই ঘন ঘন সর্দি লাগা অথবা নাকের অ্যালার্জি কোনো কারণে হয়, যখন সাইনাসের এই যোগাযোগগুলো ব্ন্ধ হয়ে যায়, তখনই এর ভেতর প্রদাহ সৃষ্টি হয়। একে আমরা সাইনোসাইটিস বলি।সাধারণত ভাইরাস এবং ব্যাকটেরিয়াজনিত কারণে সাইনাসজনিত সমস্যা হয়ে থাকে।ফাংগাস, অ্যালার্জিজনিত কারণেও সাইনোসাইটিস সৃষ্টি হয়। রিস্ক ফ্যাক্টরের সংখ্যা এক বা একাধিক। যার মধ্যে অন্যতম নাকের হাড় বাঁকা, অ্যালার্জিক রাইনাইটিস, পলিপাস, অ্যাজমা, এসপিরিন জাতীয় ওষুধ। প্রকৃতি থেকে ডাস্ট অর্থাৎ ধুলাবালি, কলকারখানার ধোঁয়া, সুগন্ধি, ঝাঁঝাল গন্ধ, মরিচের গুঁড়া, ধূমপান, দন্ত রোগসহ আরও অনেক কারণের জন্য রাইনোসাইনোসাইটিস হতে পারে। গ্যাস্ট্র এসোফেজিয়াল রিফ্লাক্স, পোস্ট নেজাল ড্রিপসিন্ড্রম ইত্যাদি কারণও জড়িত থাকতে পারে।Source : Ntv , Jugantor"
p-367-a-15,সাইনোসাইটিস হওয়ার কারণ কী?,স্বাস্থ্য ও চিকিৎসা,2,+7,239,https://www.sciencebee.com.bd/qna/9629/%E0%A6%B8%E0%A6%BE%E0%A6%87%E0%A6%A8%E0%A7%8B%E0%A6%B8%E0%A6%BE%E0%A6%87%E0%A6%9F%E0%A6%BF%E0%A6%B8,[],"আমাদের নাকের আশপাশেই যে মুখমণ্ডলের হাড়গুলো রয়েছে, এগুলোকে আমরা মেক্সিলার বলি- দুই চোখের মাঝখানের অংশকে আমরা ইকময়ডাল এড়িয়া বলি, এগুলো ফাঁপা হাড় এগুলো নাকের আশপাশেই অবস্থিত। নাকের ভেতরেই তাদের সর্দি নিঃসৃত করে। এসব জায়গায় বাতাস চলাচল করে। যত দিন পর্যন্ত ফ্রি বাতাস থাকে, তত দিন পর্যন্ত সাইনাসের সমস্যা সৃষ্টি হয় না। তবে যখনই ঘন ঘন সর্দি লাগা অথবা নাকের অ্যালার্জি কোনো কারণে হয়, যখন সাইনাসের এই যোগাযোগগুলো বন্ধ হয়ে যায়, তখনই এর ভেতর প্রদাহ সৃষ্টি হয়। একে আমরা সাইনোসাইটিস বলি।"
p-367-a-16,নিঃশ্বাসে দুর্গন্ধ হয় কী কী কারণে?,বিবিধ,2,+7,501,https://www.sciencebee.com.bd/qna/9628/%E0%A6%A8%E0%A6%BF%E0%A6%83%E0%A6%B6%E0%A7%8D%E0%A6%AC%E0%A6%BE%E0%A6%B8%E0%A7%87-%E0%A6%A6%E0%A7%81%E0%A6%B0%E0%A7%8D%E0%A6%97%E0%A6%A8%E0%A7%8D%E0%A6%A7,[],"প্রায় প্রত্যেক মানুষের মুখের নিজস্ব গন্ধ থাকে। তবে অনেক সময় খাবার খেয়ে বা ঘুম থেকে উঠে ব্রাশ না করলে মুখে দুর্গন্ধ হয়। সেটা অন্য সমস্যা। কিন্তু আপনি কি মাঝে মধ্যে নিজের নিঃশ্বাসের  গন্ধ পরীক্ষা করেন? বিশেষজ্ঞরা বলছেন নিঃশ্বাসের কিছু নির্দিষ্ট গন্ধ আপনার শরীরিক সমস্যা বা রোগের ইঙ্গিত দেয়। আমাদের জিহ্বার পেছনের অংশ, গলা ও টনসিলে থাকা অ্যানারোবিক ব্যাকটেরিয়া মুখের বেশিরভাগ দুর্গন্ধের জন্য দায়ী।আমরা যে খাবার খাই, তার প্রোটিন ভেঙ্গে নিজের খাবারে পরিণত করে এই ব্যাকটেরিয়া। কিন্তু কোনো মানুষ যদি রোগাক্রান্ত হন, তাহলে ঐ ব্যাকটেরিয়া তার কাজ ঠিকভাবে করতে পারে না। ফলে ওই ব্যক্তির মুখে নির্দিষ্ট রাসায়নিকের গন্ধ তৈরি হয়। আপনার কোনো রোগ হলো কি না, প্রাথমিকভাবে বুঝতে নিঃশ্বাসে কোন ধরনের গন্ধ আছে তা বোঝার চেষ্টা করুন।নিঃশ্বাসে ঝাঁঝালো গন্ধ হলে:আপনার মুখ থেকে যদি পিয়ার ড্রপ (এক ধরনের মিষ্টান্ন) বা অ্যামোনিয়ার গন্ধ বের হয়, তাহলে ধরে নিতে পারেন টাইপ ওয়ান ডায়াবেটিসে ভুগছেন আপনি। ইনসুলিনের অভাবে, শরীর চিনিকে শক্তিতে রূপান্তর করতে না পেরে  চর্বি ভেঙ্গে ফেলে। ফলে কিটোন নামের রাসায়নিক উপাদান তৈরি হয়, যা মুখে ও ইউরিনে ঝাঁঝালো গন্ধ তৈরি করে।  যদি প্রচুর তৃষ্ণাবোধ থাকে, খুব ক্লান্তবোধ করেন, কোনো কারণ ছাড়া ওজন কমতে থাকে, ঘন ঘন প্রস্রাব হয়,  তাহলে ইউরিন পরীক্ষা করিয়ে ডায়াবেটিস আছে কিনা নিশ্চিত হোন।নিঃশ্বাসে কর্পুরের মতো গন্ধ হলে:ব্যাকটেরিয়া বা ভাইরাসের কারণে যাদের সাইনাসের মতো মাথা ব্যথা হয়, তাদের নিঃশ্বাসে প্রায় সময় কর্পুরের মতো গন্ধ থাকে। এর কারণ হলো নাক বা গলায় যে শ্লেষ্মা জড়ো হয়, তাতে ঘন প্রোটিন থাকে। সেসব প্রোটিনকে শরীর ভাঙ্গতে পারে না, এই প্রোটিনই নির্দিষ্ট ঐ গন্ধ তৈরি করে।  এমন হলে ঠান্ডা যেন না লাগে সেদিকে সতর্ক থাকুন। এ অবস্থায় ডাক্তারের পরামর্শ নেয়া উচিত।নিঃশ্বাসে টক দুধের গন্ধ হলে:আপনি যদি হাই প্রোটিন খাবার বেশি খান, কার্বোহাইড্রেট খাদ্য তালিকায় না থাকে, তাহলে মুখে টক দুধের মতো অস্বস্তিকর গন্ধ দেখা দিতে পারে। এক্ষেত্রে দাঁত বেশি ব্রাশ করা বা মাউথওয়াশ ব্যবহার করলে সমস্যা দূর হবে না। আপনাকে বেশি কার্বোহাইড্রেটযুক্ত খাবার খেতে হবে।নিঃশ্বাসে পঁচা মাংসের গন্ধ হলে:যখন টনসিল সংক্রমিত হয়, তখন জিহ্বার পেছনে থাকা অ্যানারোবিক ব্যাকটেরিয়া খাবারের ক্যামিকেল সহজে ভাঙ্গতে পারে না। টনসিলের মধ্যে সালফার তৈরিকারী ব্যাকটেরিয়া থাকে, যা টনসিল সংক্রমিত হলে খাবারের ক্যামিকেল ভাঙতে পারে না। সে সময় সালফারের গন্ধ মুখ থেকে নির্গত হয়। অনেকটা বিরল হলেও এই গন্ধ কিছু ক্ষেত্রে লিভার সিরোসিসেরও ইঙ্গিত দেয়। বেশিরভাগ সময় চিকিৎসা ছাড়াই এক সপ্তাহের মধ্যে টনসিলের সমস্যা দূর হয়। তবে এ সময় প্রচুর পানি পান করলে ও লবণ-গরম পানি বা মৃদু অ্যান্টিসেপটিক সলিউশন দিয়ে গার্গল করলে উপকার পাবেন।নিঃশ্বাসে সকালবেলা ঘুম থেকে ওঠার পর হওয়া গন্ধ:সকালবেলা ঘুম থেকে উঠলে সবার মুখেই এক ধরনের কটূ গন্ধ থাকে। তবে যদি ব্রাশ করার পরও ঐ গন্ধ থাকে, তাহলে বুঝতে হবে সমস্যা আছে। অনেকেই জেরোস্টোমিয়া বা গলা শুকিয়ে যাওয়ার মতো এক ধরনের রোগে ভোগেন। এ সময় মুখে পর্যাপ্ত লালা উৎপন্ন হয় না। আর মুখে পর্যাপ্ত লালা না থাকলে ব্যাকটেরিয়া জন্ম নেয় ও মুখে কটূ গন্ধ তৈরি করে। যদি মুখে লালা সরবরাহ স্বাভাবিক করা না যায়, তাহলে জেরোস্টোমিয়া বড় ধরনের সমস্যা তৈরি করতে পারে। এ কারণে দাঁত ক্ষয় ও মাড়ির অনেক অসুখ হতে পারে। যারা গলা শুকিয়ে যাওয়ার সমস্যায় ভোগে, তাদের সব সময় পানি পিপাসা পায়। ফলে ঠোঁট ফাটা, গলা ব্যথা, জিহ্বার পাশে ঘা হওয়ার মতো উপসর্গ দেখা দেয়। গলা শুকিয়ে যাওয়ার সমস্যায় ভুগলে বেশি করে পানি পান করা জরুরি ও প্রয়োজনে ডাক্তারের কাছে যাওয়া উচিত।নিঃশ্বাসে মাছের গন্ধ হলে:মুখে মাছের আঁশটে গন্ধের জন্য নাইট্রোজেন দায়ী। যদি আপনার মুখে এমন গন্ধ হয়, তাহলে কিডনির সমস্যা হচ্ছে ধারণা করতে পারেন। কারণ কিডনি সঠিকভাবে কাজ করতে না পারলে তাতে নাইট্রোজেন উৎপন্ন হয়। এ অবস্থায় ডাক্তারের কাছে যান, তিনি প্রয়োজনে  কিডনি পরীক্ষার পরামর্শ দেবেন।নিঃশ্বাসে বিষ্ঠার গন্ধ হলে:নষ্ট হওয়া দেহকোষ অনেক সময় মল বা বিষ্ঠার মতো গন্ধ ছড়ায়। অ্যানারোবিক ব্যাকটেরিয়া এজন্য দায়ী। আর এই গন্ধ মাড়ির সংক্রমণের জন্য হয় বলে বিশেষজ্ঞরা জানিয়েছেন। বর্তমান বিশ্বে মানুষের মাঝে  সবচেয়ে বেশি মাড়ির সংক্রমণ হয় বলে তারা জানান। দিনে দুই বার সতর্কতার সাথে দাঁত ব্রাশ করা উচিত।  নিয়মিত ডেন্টিস্টের কাছে যাওয়া উচিত প্রত্যেকের।"
p-367-a-17,নিঃশ্বাসে দুর্গন্ধ হয় কী কী কারণে?,বিবিধ,2,+7,501,https://www.sciencebee.com.bd/qna/9628/%E0%A6%A8%E0%A6%BF%E0%A6%83%E0%A6%B6%E0%A7%8D%E0%A6%AC%E0%A6%BE%E0%A6%B8%E0%A7%87-%E0%A6%A6%E0%A7%81%E0%A6%B0%E0%A7%8D%E0%A6%97%E0%A6%A8%E0%A7%8D%E0%A6%A7,[],"নিঃশ্বাসে দুর্গন্ধ হয় কী কী কারণে?নিঃশ্বাসে দুর্গন্ধ হয়,এটি হ্যালিটোসিসের নামে পরিচিত...তিনটি সাধারণ হ্যালিটোসিসের কারণ রয়েছে যার কারণে আপনি, আপনার দাঁতের ডাক্তার এবং সম্ভবত আপনার ডাক্তার আপনাকে খারাপ শ্বাস নিষ্কাশন করতে এবং আপনার পুরো মুখের স্বাস্থ্য উন্নত করতে সহায়তা করতে আলোচনা করতে পারে।১মৌখিক সমস্যাহ্যালিটোসিসের কারণ হিসাবে প্রায় 80% হলো ব্যাকটিরিয়া বিল্ডআপের মৌখিক সমস্যাগুলি, যেমন গহ্বর, মাড়ির রোগ, ক্র্যাক ফিলিংস এবং পরিষ্কার-পরিচ্ছন্ন কম দাঁত। দাঁত ব্রাশ পৌঁছাতে পারে না এমন জায়গাগুলিতে প্রায়শই ব্যাকটিরিয়া তৈরি হয়। এটি তখন এই মৌখিক সমস্যাগুলি এবং অবিরাম দুর্গন্ধের দিকে পরিচালিত করতে পারে।২ডায়েটউচ্চ প্রোটিন, কম কার্বোহাইড্রেট ডায়েট; অনেক বেশি মিষ্টি; এবং পেঁয়াজ এবং রসুনের অবিচ্ছিন্ন ভাড়া হ্যালিটোসিসের কারণ হতে পারে। তাই অতিরিক্ত কফি এবং অ্যালকোহল গ্রহণ করবে। এছাড়াও, তামাক ব্যবহারকারীরা দীর্ঘস্থায়ী দুর্গন্ধের ঝুঁকি আরও বেশি চালান।৩চিকিৎসাবিদ্যা শর্তযদিও বিরল, চিকিত্সা পরিস্থিতি, যেমন ফুসফুসের রোগ, নির্দিষ্ট ক্যান্সার, টনসিল সংক্রমণ, রক্তের ব্যাধি এবং কিডনির রোগ সবই হ্যালিটোসিসের কারণ হতে পারে। আরও সাধারণ চিকিত্সার কারণ হ'ল ডায়াবেটিস কারণ রক্তে শর্করার মাত্রা ওঠানামা করে। হাঁপানি, অ্যাসিড রিফ্লাক্স, পোস্টনাসাল ড্রিপ এমনকি একটি সাধারণ সাইনাস ইনফেকশন, শ্লেষ্মা তৈরির কারণে, হ্যালিটোসিস এবং দুর্গন্ধ সৃষ্টি করতে পারে।"
p-367-a-18,বিবর্তনবাদ অনুযায়ী মানুষ কি বানর থেকে এসেছে নাকি অন্য কোনী প্রাণী?,জীববিজ্ঞান,1,+7,107,https://www.sciencebee.com.bd/qna/9627/%E0%A6%AC%E0%A6%BF%E0%A6%AC%E0%A6%B0%E0%A7%8D%E0%A6%A4%E0%A6%A8%E0%A6%AC%E0%A6%BE%E0%A6%A6,[],বিবর্তন কথাটি শুনলেই অনেকের মনে ভেশে বেড়ায় বানর থেকে মানুষ সৃষ্টির চিত্র। কিন্তু আসলেই কি তাই?বিবর্তনবাদ অনুযায়ী বানর থেকে মানুষ আসেনে। তবে মানুষ ও বানরের একটি কমন পূর্বপুরুষ ছিলো সিম্পাঞ্জি। বিবর্তনবান অনুযায়ী সিম্পাঞ্জি থেকেই মানুষ ও বানরের জাত সৃষ্টি হয়েছে।
p-367-a-19,মানবদেহে কত ধরণের পরজীবি প্রাণী বাস করে??,প্রাণিবিদ্যা,1,+7,58,https://www.sciencebee.com.bd/qna/9626/%E0%A6%AE%E0%A6%BE%E0%A6%A8%E0%A6%AC%E0%A6%A6%E0%A7%87%E0%A6%B9%E0%A7%87-%E0%A6%AA%E0%A6%B0%E0%A6%9C%E0%A7%80%E0%A6%AC%E0%A6%BF,[],"পরজীবীবিদ বিশেষজ্ঞ এফ.ই.জি কক্স উল্লেখ করেছেন, ""মানব সম্প্রদায় প্রায় ৩০০ প্রজাতির পরজীবির বাহক। এর মাঝে৭০ এর বেশি প্রজাতির প্রোটোজোয়া পূর্বসূরীদের কাছ থেকে পাওয়া। কিছু কিছু গৃহপালিত ও পোষ্য পশু- পাখির সংস্পর্শে এসেছে।""Source : Wikipedia"
p-367-a-20,ভ্যাম্পায়ার ব্যাট বা রক্তচোষা বাদুড় কি আছে?,প্রাণিবিদ্যা,2,+7,90,https://www.sciencebee.com.bd/qna/9625/%E0%A6%AD%E0%A7%8D%E0%A6%AF%E0%A6%BE%E0%A6%AE%E0%A7%8D%E0%A6%AA%E0%A6%BE%E0%A7%9F%E0%A6%BE%E0%A6%B0,[],https://sciencebee.com.bd/qna/3458/%E0%A6%AD%E0%A7%8D%E0%A6%AF%E0%A6%BE%E0%A6%AE%E0%A7%8D%E0%A6%AA%E0%A6%BE%E0%A7%9F%E0%A6%BE%E0%A6%B0?show=3459#a3459
p-367-a-21,ভ্যাম্পায়ার ব্যাট বা রক্তচোষা বাদুড় কি আছে?,প্রাণিবিদ্যা,2,+7,90,https://www.sciencebee.com.bd/qna/9625/%E0%A6%AD%E0%A7%8D%E0%A6%AF%E0%A6%BE%E0%A6%AE%E0%A7%8D%E0%A6%AA%E0%A6%BE%E0%A7%9F%E0%A6%BE%E0%A6%B0,[],এখানে :https://sciencebee.com.bd/qna/3458/%E0%A6%AD%E0%A7%8D%E0%A6%AF%E0%A6%BE%E0%A6%AE%E0%A7%8D%E0%A6%AA%E0%A6%BE%E0%A7%9F%E0%A6%BE%E0%A6%B0?show=3459#a3459
p-367-a-22,হিঁচকি উঠার কারণ কী?,স্বাস্থ্য ও চিকিৎসা,3,+9,411,https://www.sciencebee.com.bd/qna/9624/%E0%A6%B9%E0%A6%BF%E0%A6%81%E0%A6%9A%E0%A6%95%E0%A6%BF-%E0%A6%89%E0%A6%A0%E0%A6%BE%E0%A6%B0,[],"Mohammad Nurul Karimআমাদের মানব দেহে শ্বসনজনিত অঙ্গ সমূহের গুরুত্বপূর্ণ একটি অংশ হল ডায়াফ্রাম। ডায়াফ্রাম এমন একটি পর্দা যা আমাদের চামড়ার নিচের শরীরকে উপর আর নিচ দুইটি অংশে আলাদা করে রাখে। এই ডায়াফ্রাম এর কাজ হল সঙ্কোচন প্রসারনের মাধ্যমে ফুসফুসে বাতাস প্রবেশ করানো।তো আমরা যখন দ্রুত খাবার খাই আমাদের ড্রায়াফ্রাম দ্রুত প্রসারনের মাধ্যমে খাবারের সাথে সাথে বাতাস ও গ্রহন করে নেয় ,বাতাস পাকস্থলীতেও প্রবেশ করে। এরফলে ভ্যাগাস নামক স্নায়ুর ব্যাঘাত ঘটায়। সাথে গলার মাংশপেশীতে খিচুনী দেয় , যার কারনে ভোকাল কর্ড দিয়ে হিক করে একধরনের শব্দ হয়। আমাদের নিত্যদিনে হিচকি হওয়ার কারন মূলত এটিই।এছাড়া, পাকস্থলীর গ্যাস্ট্রিক রস উঠে আসা, ঝাঁঝসহ পানীয় খেলে, অতিরিক্ত মদ্যপান, চেতনা নাশক কিংবা উত্তেজনা বর্ধক পথ্য নেওয়ার ফলেও হেচকি উঠে।"
p-367-a-23,হিঁচকি উঠার কারণ কী?,স্বাস্থ্য ও চিকিৎসা,3,+9,411,https://www.sciencebee.com.bd/qna/9624/%E0%A6%B9%E0%A6%BF%E0%A6%81%E0%A6%9A%E0%A6%95%E0%A6%BF-%E0%A6%89%E0%A6%A0%E0%A6%BE%E0%A6%B0,[],https://www.sciencebee.com.bd/qna/1013/%E0%A6%AE%E0%A6%BE%E0%A6%A8%E0%A7%81%E0%A6%B7%E0%A7%87%E0%A6%B0-%E0%A6%B9%E0%A7%87%E0%A6%81%E0%A6%9A%E0%A6%95%E0%A6%BF
p-367-a-24,হিঁচকি উঠার কারণ কী?,স্বাস্থ্য ও চিকিৎসা,3,+9,411,https://www.sciencebee.com.bd/qna/9624/%E0%A6%B9%E0%A6%BF%E0%A6%81%E0%A6%9A%E0%A6%95%E0%A6%BF-%E0%A6%89%E0%A6%A0%E0%A6%BE%E0%A6%B0,[],এখানে :https://www.sciencebee.com.bd/qna/1013/%E0%A6%AE%E0%A6%BE%E0%A6%A8%E0%A7%81%E0%A6%B7%E0%A7%87%E0%A6%B0-%E0%A6%B9%E0%A7%87%E0%A6%81%E0%A6%9A%E0%A6%95%E0%A6%BF
p-367-a-25,বিজ্ঞানের সঙ্গা এবং বৈশিষ্টের দিক বিবেচনা করলে হিসাববিজ্ঞানকে কি বিজ্ঞান বলা যায়?,বিবিধ,1,+7,106,https://www.sciencebee.com.bd/qna/9614/%E0%A6%B9%E0%A6%BF%E0%A6%B8%E0%A6%BE%E0%A6%AC%E0%A6%AC%E0%A6%BF%E0%A6%9C%E0%A7%8D%E0%A6%9E%E0%A6%BE%E0%A6%A8%E0%A6%95%E0%A7%87,"['বিজ্ঞান', 'হিসাববিজ্ঞান']","বিজ্ঞানেরসংজ্ঞা হলো, ভৌত বিশ্বের যা কিছু পর্যবেক্ষণযোগ্য, পরীক্ষণযোগ্য ও যাচাইযোগ্য, তার সুশৃঙ্খল, নিয়মতান্ত্রিক গবেষণা ও সেই গবেষণালব্ধ জ্ঞানভাণ্ডারের নামবিজ্ঞান।অন্যদিকে যে পদ্ধতি বা কৌশল ব্যবহার করে কোন ব্যবসায়িক প্রতিষ্ঠানের আর্থিক ফলাফল ( profit/ loss ) এবং আর্থিক অবস্থা (asset/ liability) সম্পর্কে অবগত হওয়া সম্ভব হয়, তাকে হিসাববিজ্ঞান বলা হয়।একটি হলো ভৌত বিশ্বের সব কিছু নিয়ে অন্যটি ব্যবসায়িক প্রতিষ্ঠানের হিসাব নিকাশ নিয়ে।সুতরাং বলা যায় , হিসাব বিজ্ঞানকে বিজ্ঞান বলা যায় না।-মাহফুজুর রহমান রিদোয়ান"
p-367-a-26,বাংলাদেশের মাটিতে কি আপেল চাষ সম্ভব?,পরিবেশ,1,+8,119,https://www.sciencebee.com.bd/qna/9613/%E0%A6%AC%E0%A6%BE%E0%A6%82%E0%A6%B2%E0%A6%BE%E0%A6%A6%E0%A7%87%E0%A6%B6%E0%A7%87%E0%A6%B0,[],"বাংলাদেশে আপেল চাষআপেল চাষেরজন্য প্রয়োজন বেলে ও বেলে-দোঁয়াশমাটি।মাটিরপিএইচ মাত্রা যাতে সাড়ে চার থেকে সাড়ে ছয়ের মধ্যে থাকে তা সবার আগে দেখে নিতে হবে।আপেলগাছের চারা নির্বাচন আর একটি বড় ফ্যাক্টর। বাজারে হরেক রকম চারা পাওয়া গেলেও প্রতিষ্ঠিত নার্সারির সঙ্গেআপেলচারার জন্য যোগাযোগ রাখতে হবে।*****বাংলাদেশে আপেল চাষ করুন।****আপেল গাছ এখন বাংলাদেশ আবহাওয়া উপযোগী,আপনি চাইলে এখন বাংলাদেশে আপেল বাগান গড়ে তুলতে পারেন।১.ইহ বাংলাদেশ আবহাওয়া উপযোগী।২.খেতে সুস্বাদু ও মিষ্টি।৩.রোপনের মাত্র ২-২.৫ বৎসরে ফল ধরা শুরু হয়।"
p-367-a-27,শ্বাসকষ্টের জন্য চিকিৎসা গ্রহণ না করলে কি ধরণের সমস্যার সম্মুখিন হতে পারে । এর জন্য কি মৃত্যু হতে পারে?,স্বাস্থ্য ও চিকিৎসা,1,+8,70,https://www.sciencebee.com.bd/qna/9612/%E0%A6%B6%E0%A7%8D%E0%A6%AC%E0%A6%BE%E0%A6%B8%E0%A6%95%E0%A6%B7%E0%A7%8D%E0%A6%9F%E0%A7%87%E0%A6%B0,[],"হাঁপানিতে আক্রান্ত ব্যক্তিদের মাঝে মাঝে হাঁপানির আক্রমণ হতে পারে। এটি যখন ঘটে তখন তাদের এয়ারওয়েগুলি স্ফীত এবং সংকীর্ণ হয়ে যায়, এটি শ্বাস নিতে শক্ত করে।হাঁপানির আক্রমণ গুরুতর এবং মারাত্মকও হতে পারে। মারাত্মক হাঁপানির আক্রমণে আপনি আপনার ফুসফুসে পর্যাপ্ত অক্সিজেন না পেয়ে এমনকি শ্বাস প্রশ্বাস বন্ধ করতে পারেন।"
