id,question,question_category,number_of_answer,number_of_vote,number_of_view,answer_link,question_tag,answer
p-198-a-0,লয়েডের মতবাদ বলতে কী বুঝায়?,জীববিজ্ঞান,1,0,170,https://www.sciencebee.com.bd/qna/18226/%E0%A6%B2%E0%A7%9F%E0%A7%87%E0%A6%A1%E0%A7%87%E0%A6%B0-%E0%A6%AE%E0%A6%A4%E0%A6%AC%E0%A6%BE%E0%A6%A6,"['এইচএসসি-উদ্ভিদবিজ্ঞান', 'লয়েড', 'মতবাদ']","পত্ররন্ধ্রের খোলা বন্ধ নির্ভর করে রক্ষীকোষের অভিস্রবণিক চাপের পার্থক্যের উপর। রক্ষীকোষে যখন পানিতে দ্রবণীয় শর্করা (চিনি) থাকে, তখন এরা রক্ষীকোষের আশেপাশের কোষ গুলো থেকে পানি টেনে রক্ষীকোষের ভিতরে নিয়ে আসে, তখন রক্ষীকোষ ফুলে যায়।এই কারণে, রক্ষীকোষের অন্তঃত্বকের প্রাচীর বেঁকে যায়। ফলে পত্ররন্ধ্র খুলে যায়। অন্যদিকে, যখন রক্ষীকোষে পানিতে অদ্রবণীয় শর্করা (স্টার্চ) থাকে তখন এরা পানির সাথে বিকর্ষণ করে। এর কারণে রক্ষীকোষ থেকে পানি বের হয়ে যায়, আর রক্ষীকোষের আকার আগের মত হয়ে যায়। ফলে পত্ররন্ধ্র বন্ধ হয়ে যায়।"
p-198-a-1,রক্ষীকোষ দেখতে কেমন?,জীববিজ্ঞান,1,0,536,https://www.sciencebee.com.bd/qna/18224/%E0%A6%B0%E0%A6%95%E0%A7%8D%E0%A6%B7%E0%A7%80%E0%A6%95%E0%A7%8B%E0%A6%B7-%E0%A6%A6%E0%A7%87%E0%A6%96%E0%A6%A4%E0%A7%87,"['এইচএসসি-উদ্ভিদবিজ্ঞান', 'রক্ষীকোষ']","এটি দেখতে অনেকটা অর্ধেক চাঁদের মত। দুইটি রক্ষীকোষের প্রত্যেকটিতে একটি করে নিউক্লিয়াস থাকে। এদের সাইটোপ্লাজম ঘন। রক্ষীকোষে মাইটোকন্ড্রিয়া, ক্লোরোপ্লাস্ট ও প্রচুর শ্বেতসার দানা থাকে। রক্ষীকোষের অন্তঃত্বকের প্রাচীর পুরু ও অস্থিতিস্থাপক হয়। অর্থাৎ এরা বাঁকে কম। অন্যদিকে, রক্ষীকোষের বহিঃত্বকের প্রাচীর খুব স্থিতিস্থাপক, অর্থাৎ অল্প চাপেই অনেক বেশী বাঁকে। রক্ষীকোষের এই বৈশিষ্ট্যের কারণে পত্ররন্ধ্র খোলে ও বন্ধ হয়। রক্ষীকোষের আশেপাশে বেশ কয়েকটা সাহায্যকারী কোষ থাকে।"
p-198-a-2,কিউটিকুলার প্রস্বেদন বলতে কী বুঝায়?,জীববিজ্ঞান,2,0,"1,289",https://www.sciencebee.com.bd/qna/18222/%E0%A6%95%E0%A6%BF%E0%A6%89%E0%A6%9F%E0%A6%BF%E0%A6%95%E0%A7%81%E0%A6%B2%E0%A6%BE%E0%A6%B0,"['এইচএসসি-উদ্ভিদবিজ্ঞান', 'কিউটিকুলার', 'প্রস্বেদন']",গাছের পাতায় বা ছোট ছোট গাছের কাণ্ডে কিউটিন এর আবরণ থাকে। এই কিউটিন এর আবরণ পাতলা হলে ব্যাপন প্রক্রিয়ায় গাছ থেকে পানি বেরিয়ে যায়। এই পদ্ধতিকে কিউটিকুলার প্রস্বেদন বলে। কিউটিন হল এক ধরণের স্নেহ জাতীয় পদার্থ।
p-198-a-3,কিউটিকুলার প্রস্বেদন বলতে কী বুঝায়?,জীববিজ্ঞান,2,0,"1,289",https://www.sciencebee.com.bd/qna/18222/%E0%A6%95%E0%A6%BF%E0%A6%89%E0%A6%9F%E0%A6%BF%E0%A6%95%E0%A7%81%E0%A6%B2%E0%A6%BE%E0%A6%B0,"['এইচএসসি-উদ্ভিদবিজ্ঞান', 'কিউটিকুলার', 'প্রস্বেদন']",উদ্ভিদের পাতার উপরে ও নিচে কিউ টিনের আবরণ থাকে। একে কিউটিকল বলে। এর মধ্য দিয়ে কিছু পানি বের হয়ে যায়। আর সেটাই হলো কিউটিকুলার প্রস্বেদন।©️ Quora
p-198-a-4,লেন্টিকুলার প্রস্বেদন বলতে কী বুঝায়?,জীববিজ্ঞান,1,0,"1,135",https://www.sciencebee.com.bd/qna/18220/%E0%A6%B2%E0%A7%87%E0%A6%A8%E0%A7%8D%E0%A6%9F%E0%A6%BF%E0%A6%95%E0%A7%81%E0%A6%B2%E0%A6%BE%E0%A6%B0,"['এইচএসসি-উদ্ভিদবিজ্ঞান', 'লেন্টিকুলার', 'প্রস্বেদন']",গাছের কাণ্ডের প্রস্থ বেড়ে যাওয়ার কারণে কাণ্ডতে অনেক জায়গা ফেটে যায়। ওই ফাটা স্থানকে লেন্টিসেল বলে। এই লেন্টিসেলের মধ্যে দিয়ে পানি বেরিয়ে যাওয়াকে গাছের সেকেন্ডারি বৃদ্ধি বলে। কাণ্ডের প্রস্থের দিকে বেড়ে যাওয়াকে গাছের সেকেন্ডারি বৃদ্ধি বলে।
p-198-a-5,বিজ্ঞান এবং প্রযুক্তির মধ্যে মূল পার্থক্যগুলি কী কী?,আইকিউ,3,+5,628,https://www.sciencebee.com.bd/qna/18218/%E0%A6%AA%E0%A6%BE%E0%A6%B0%E0%A7%8D%E0%A6%A5%E0%A6%95%E0%A7%8D%E0%A6%AF%E0%A6%97%E0%A7%81%E0%A6%B2%E0%A6%BF,"['বিজ্ঞান', 'প্রযুক্তি', 'পার্থক্য']","বিজ্ঞান: বিজ্ঞান (ইংরেজি: Science) হচ্ছে বিশ্বের যাবতীয় ভৌত বিষয়াবলী পর্যবেক্ষণ, পরীক্ষণ, যাচাই, নিয়মসিদ্ধ, বিধিবদ্ধ ও গবেষণালদ্ধ পদ্ধতি যা জ্ঞানকে তৈরিপূর্বক সুসংগঠিত করার কেন্দ্রস্থল। ল্যাটিন শব্দ সায়েনটিয়া থেকে ইংরেজি সায়েন্স শব্দটি এসেছে, যার অর্থ হচ্ছে জ্ঞান। বাংলা ভাষায় বিজ্ঞান শব্দটির অর্থ বিশেষ জ্ঞান। ধারাবাহিক পর্যবেক্ষণ ও গবেষণার ফলে কোন বিষয়ে প্রাপ্ত ব্যাপক ও বিশেষ জ্ঞানের সাথে জড়িত ব্যক্তি বিজ্ঞানী, বিজ্ঞানবিদ কিংবা বৈজ্ঞানিক নামে পরিচিত হয়ে থাকেন।প্রযুক্তি: প্রযুক্তি (Technology) বলতে কোন একটি প্রজাতির বিভিন্ন যন্ত্র এবং প্রাকৃতিক উপদান প্রয়োগের ব্যবহারিক জ্ঞানকে বোঝায়। নিজের প্রাকৃতিক পরিবেশের সাথে প্রজাতিটি কেমন খাপ খাওয়াতে পারছে এবং তাকে কিভাবে ব্যবহার করছে তাও নির্ধারণ করে প্রযুক্তি। মানব সমাজে প্রযুক্তি হল বিজ্ঞান এবং প্রকৌশলের একটি আবশ্যিক ফলাফল। অবশ্য অনেক প্রাযুক্তিক উদ্ভাবন থেকেই আবার বিজ্ঞান ও প্রকৌশলের অনেক জ্ঞানের ভবিষ্যদ্বাণী করা হয়েছে। মানব সমাজের প্রেক্ষিতে প্রযুক্তির সংজ্ঞায় বলা যায়, ""প্রযুক্তি হল কিছু প্রায়োগিক কৌশল যা মানুষ তার প্রতিবেশের উন্নয়নকার্যে ব্যবহার করে।"" যেকোন যন্ত্র এবং প্রাকৃতিক উপাদান সম্বন্ধে জ্ঞান এবং তা দক্ষভাবে ব্যবহারের ক্ষমতারকেও প্রযুক্তি বলা হয়।কিছু আনুষঙ্গিক পার্থক্য রয়েছে এদের মধ্যেঃবুৎপত্তি অনুসারে বিজ্ঞান হচ্ছে জ্ঞান, প্রকৌশল হচ্ছে জ্ঞানের বাস্তব প্রয়োগ, প্রযুক্তি হচ্ছে প্রকৌশলের ফলাফল।বিজ্ঞানের মূল উদ্দেশ্য প্রকৃতির জ্ঞান আহরণ, এর প্রয়োগ বিজ্ঞানের আওতাভুক্ত নয়। প্রকৌশল জ্ঞান আহরণের দিকে ব্রতী নয়, এর একমাত্র উদ্দেশ্য অর্জিত জ্ঞানকে ব্যবহারিক কাজে লাগানো। প্রযুক্তি মানুষের কাজে ব্যবহৃত হয় ও মানুষের জীবনকে সাচ্ছন্দ্যমণ্ডিত করে তোলে।বৈজ্ঞানিক অনুসন্ধান প্রকৃতি সম্বন্ধে অগ্রীম ভবিষ্যৎবাণী করতে সক্ষম। প্রকৌশল বৈজ্ঞানিক তথ্যের উপর ভিত্তি করে কোনো সমস্যা নিরসনের উপায় তৈরি করতে সক্ষম। প্রযুক্তি মানুষের প্রয়োজন মেটাতে সক্ষম।বিজ্ঞান জ্ঞানের ভাণ্ডার সমৃদ্ধ করে, প্রকৃতি যে সকল নিয়মের মধ্য দিয়ে চলে, তা জানার মধ্যে খারাপের কিছু নেই। এটি শুধুই জ্ঞানার্জন প্রক্রিয়া বিশেষ। প্রকৌশল বিজ্ঞানের জ্ঞানকে কাজে লাগিয়ে সমস্যা নিরসন করে থাকে। মানুষের চাহিদা অনুযায়ী বিজ্ঞানের জ্ঞানকে কাজে লাগিয়ে আধুনিক প্রযুক্তিপণ্য উৎপাদন করাই প্রকৌশলের কাজ। এখানেও ভাল বা খারাপের কোনো অবকাশ নেই। প্রযুক্তি হচ্ছে আধুনিক পণ্য বা ব্যবস্থা যা গড়ে ওঠে বিজ্ঞানের জ্ঞানকে প্রকৌশলের মধ্য দিয়ে কাজে লাগিয়ে। প্রযুক্তি ভাল বা খারাপ হতে পারে। মানুষের কল্যাণের জন্য যেমন প্রযুক্তি রয়েছে, তেমনি রয়েছে মানুষের জন্য ক্ষতিকর প্রযুক্তি। আবার একই প্রযুক্তির ভাল ও খারাপ ব্যবহারও রয়েছে, যার দায় বর্তাবে একমাত্র ব্যবহারকারীর উপর।"
p-198-a-6,বিজ্ঞান এবং প্রযুক্তির মধ্যে মূল পার্থক্যগুলি কী কী?,আইকিউ,3,+5,628,https://www.sciencebee.com.bd/qna/18218/%E0%A6%AA%E0%A6%BE%E0%A6%B0%E0%A7%8D%E0%A6%A5%E0%A6%95%E0%A7%8D%E0%A6%AF%E0%A6%97%E0%A7%81%E0%A6%B2%E0%A6%BF,"['বিজ্ঞান', 'প্রযুক্তি', 'পার্থক্য']","বিজ্ঞানঃআধুনিক বিজ্ঞানের ধারণা অনুযায়ী, বিজ্ঞান হচ্ছে সুনির্দিষ্ট যৌক্তিক ও প্রামাণ্য পদ্ধতি বা পদ্ধতি সমষ্টি, যা এই মহাবিশ্বের ও প্রকৃতির নিয়মাবলী, নীতিমালা ইত্যাদি অনুসন্ধান করে, উদ্ঘাটন করে, আবিষ্কার করে। প্রকৃতি ও মহাবিশ্ব কিভাবে কাজ করে, কিভাবে স্বতঃস্ফূর্তভাবে পরিচালিত হয়, সে নিয়মগুলো প্রামাণ্য উপায়ে উদ্ঘাটন করে মানুষের জ্ঞানভাণ্ডার সমৃদ্ধ করার প্রক্রিয়াই বিজ্ঞান।প্রযুক্তিঃপ্রযুক্তি হচ্ছে বিজ্ঞানের ব্যবহারিক রূপ। বিজ্ঞানের আবিষ্কৃত তথ্যকে কাজে লাগিয়ে মানুষের নানাবিধ প্রয়োজন মেটানোর জন্য উদ্ভাবিত বিভিন্ন যন্ত্র, উপকরণ এবং ব্যবস্থাই হল প্রযুক্তি। মানুষের বিভিন্ন সমস্যা সমাধানের উদ্দেশ্যে কিংবা জীবনকে সহজতর করার জন্য বিজ্ঞানের জ্ঞানকে কাজে লাগিয়ে উদ্ভাবিত সকল সরঞ্জাম ও ব্যবস্থা প্রযুক্তির অন্তর্ভুক্ত।"
p-198-a-7,বিজ্ঞান এবং প্রযুক্তির মধ্যে মূল পার্থক্যগুলি কী কী?,আইকিউ,3,+5,628,https://www.sciencebee.com.bd/qna/18218/%E0%A6%AA%E0%A6%BE%E0%A6%B0%E0%A7%8D%E0%A6%A5%E0%A6%95%E0%A7%8D%E0%A6%AF%E0%A6%97%E0%A7%81%E0%A6%B2%E0%A6%BF,"['বিজ্ঞান', 'প্রযুক্তি', 'পার্থক্য']","বিজ্ঞান পর্যবেক্ষণ এবং পরীক্ষা-নিরীক্ষার মাধ্যমে পদ্ধতিগতভাবে নতুন জ্ঞান অন্বেষণ করে।এটি ভবিষ্যদ্বাণী করতে ব্যবহৃত হয়।বিজ্ঞান পর্যবেক্ষণ এবং পরীক্ষা-নিরীক্ষার মাধ্যমে পদ্ধতিগতভাবে নতুন জ্ঞান অন্বেষণ করে।এটা সবসময় দরকারীপ্রযুক্তি হল বিভিন্ন উদ্দেশ্যে বৈজ্ঞানিক জ্ঞানের প্রয়োগ। এটি উপকারী বা ক্ষতিকারক হতে পারে।এটি মানুষের জীবনকে সহজ করে এবং মানুষের প্রয়োজন পূরণ করে।প্রযুক্তি হল বিভিন্ন উদ্দেশ্যে বৈজ্ঞানিক জ্ঞানের প্রয়োগ।এটি উপকারী বা ক্ষতিকারক হতে পারে। উদাহরণস্বরূপ, একটি কম্পিউটার দরকারী হতে পারে যেখানে একটি বোমা ক্ষতিকারক হতে পারে।"
p-198-a-8,একটি আদর্শ গ্যাস কী?,রসায়ন,2,+5,247,https://www.sciencebee.com.bd/qna/18216/%E0%A6%86%E0%A6%A6%E0%A6%B0%E0%A7%8D%E0%A6%B6-%E0%A6%97%E0%A7%8D%E0%A6%AF%E0%A6%BE%E0%A6%B8,"['আদর্শ', 'গ্যাস']","আদর্শ গ্যাস হল ইতস্তত বিচরণকারী বিন্দুকণা সমষ্টি দ্বারা গঠিত তাত্ত্বিকভাবে প্রতিষ্ঠিত গ্যাস, যার কণাগুলির মধ্যে কেবল সম্পূর্ণ স্থিতিস্থাপক সংঘর্ষ হয়। আদর্শ গ্যাস তত্ত্ব অবস্থার সমীকরণ থেকে প্রাপ্ত আদর্শ গ্যাস সূত্র মেনে চলে। এই তত্ত্বটি আবার সংখ্যাতত্ত্বীয় বলবিদ্যার একটি সরল প্রয়োগ। তাই এই তত্ত্বের গুরুত্ব অপরিসীম। আদর্শ গ্যাসের বৈশিষ্ট্য হলঃ১. আদর্শ গ্যাস সকল তাপমাত্রা ও চাপে গ্যাসের সূত্রগুলো ও PV = nRT সমীকরণ মেনে চলে।২. প্রকৃতিতে আদর্শ গ্যাসের কোনো অস্তিত্ব নেই।৩. আদর্শ গ্যাসের অণুগুলোর আয়তন পাত্রের আয়তনের তুলনায় নগণ্য ধরা হয়।৪. আদর্শ গ্যাসের অণুগুলোর মধ্যে কোনো আকর্ষণ বল ক্রিয়া করে না।৫. আদর্শ গ্যাসের সংকোচনশীলতা গুণাঙ্ক Z এর মান সর্বদা 1 হয়।"
p-198-a-9,একটি আদর্শ গ্যাস কী?,রসায়ন,2,+5,247,https://www.sciencebee.com.bd/qna/18216/%E0%A6%86%E0%A6%A6%E0%A6%B0%E0%A7%8D%E0%A6%B6-%E0%A6%97%E0%A7%8D%E0%A6%AF%E0%A6%BE%E0%A6%B8,"['আদর্শ', 'গ্যাস']",যে সকল গ্যাস সকল তাপমাত্রা ও চাপে  Pv=nRT এই সমীকরণ মেনে চলে তারাই আদর্শ গ্যাস ৷ প্রকৃতিতে অবশ্য এমন কোনো গ্যাসের অস্তিত্ব নেই যা প্রকৃতপক্ষে আদর্শ ৷ উচ্চতাপমাত্রা ও নিম্নচাপে সকল গ্যাসই
p-198-a-10,পত্ররন্ধ্রীয় প্রস্বেদন বলতে কী বুঝায়?,জীববিজ্ঞান,1,0,843,https://www.sciencebee.com.bd/qna/18214/%E0%A6%AA%E0%A6%A4%E0%A7%8D%E0%A6%B0%E0%A6%B0%E0%A6%A8%E0%A7%8D%E0%A6%A7%E0%A7%8D%E0%A6%B0%E0%A7%80%E0%A7%9F,"['এইচএসসি-উদ্ভিদবিজ্ঞান', 'পত্ররন্ধ্রীয়', 'প্রস্বেদন']","গাছের পাতায় থাকা পত্ররন্ধ্রের মাধ্যমে যে প্রস্বেদন হয়ে থাকে, তাকে পত্ররন্ধ্রীয় প্রস্বেদন বলে। এই পদ্ধতিতে সবচেয়ে বেশী পানি বেরিয়ে যায় গাছ থেকে। গাছের প্রায় ৯০% থেকে ৯৫% প্রস্বেদন পত্ররন্ধ্রের মাধ্যমে হয়।"
p-198-a-11,বায়ুমণ্ডলে হাইড্রোজেন গ্যাস থাকে না কেন?,রসায়ন,1,+1,70,https://www.sciencebee.com.bd/qna/18211/%E0%A6%AC%E0%A6%BE%E0%A7%9F%E0%A7%81%E0%A6%AE%E0%A6%A3%E0%A7%8D%E0%A6%A1%E0%A6%B2%E0%A7%87,"['হাইড্রোজেন', 'বায়ুমণ্ডল']",আমরা জানি হাইড্রোজেন গ্যাস খুব হালকা তাই সে সহজেই উপরের দিকে উঠে যায় অর্থাৎ বায়ুমন্ডলের বাইরে চলে যায় তাই বায়ুমন্ডলে খুব হালকা পরিমাণে হাইড্রোজেন গ্যাস থাকে ।
p-198-a-12,থার্মোকাপল (Thermocouple) কী? কোথায় ব্যবহৃত হয়?,পদার্থবিজ্ঞান,1,+6,818,https://www.sciencebee.com.bd/qna/18205/thermocouple,"['থার্মোকাপল', 'তাপমাত্রা', 'পরিমাপ']","থার্মোকাপল হলাে একটি বিশেষ ধাতব দণ্ড (এনালগ সেন্সর), যার সাহায্যে কোনাে স্থানের তাপমাত্রা পরিমাপ করা যায় । ইহা কলকারখানা, গ্যাস টারবাইন এক্সহােল, ডিজেল ইঞ্জিন এবং অন্যান্য শিল্পে তাপমাত্রা পরিমাপ করার কাজে ব্যবহৃত হয়।"
p-198-a-13,প্রয়ােগিকভাবে ক্ষেত্রফল ও আয়তন-এর মধ্যে পার্থক্য কী?,গণিত,1,+7,115,https://www.sciencebee.com.bd/qna/18203/%E0%A6%AA%E0%A7%8D%E0%A6%B0%E0%A6%AF%E0%A6%BC%E0%A6%BE%E0%A7%87%E0%A6%97%E0%A6%BF%E0%A6%95%E0%A6%AD%E0%A6%BE%E0%A6%AC%E0%A7%87,"['পার্থক্য', 'ক্ষেত্রফল', 'আয়তন']","সাধারণত গণিতে দৈর্ঘ্য ও প্রস্থের গুণফল (বর্গ একক) বােঝাতে ক্ষেত্রফল (Area) এবং দৈর্ঘ্য, প্রস্থ ও উচ্চ তার গুণফল (ঘন একক) বােঝাতে আয়তন (Volume) ব্যবহৃত হয়। তবে আভিধানিকভাবে কোনাে ক্ষেত্রের দৈর্ঘ্য ও প্রস্থের গুণফল বােঝাতে আয়তনও (Area) ব্যবহৃত হয়।"
p-198-a-14,রেডিও কার্বন ডেটিং বলতে কী বোঝায়?,রসায়ন,1,+7,920,https://www.sciencebee.com.bd/qna/18199/%E0%A6%95%E0%A6%BE%E0%A6%B0%E0%A7%8D%E0%A6%AC%E0%A6%A8-%E0%A6%AC%E0%A7%8B%E0%A6%9D%E0%A6%BE%E0%A6%AF%E0%A6%BC,"['কার্বন', 'তেজস্ক্রিয়', 'আইসোটোপ']","কার্বনের তেজস্ক্রিয় আইসােটোপ C-14’র তেজস্ক্রিয় ধর্ম কাজে লাগিয়ে কোনাে বস্তুতে যে জৈব পদার্থ উপস্থিত আছে, তার বয়স নির্ণয়ের একটি পদ্ধতি হলাে রেডিও কার্বন ডেটিং। মার্কিন বিজ্ঞানী উইলার্ড লিব্বি এ পদ্ধতিটি আবিষ্কার করেন। রেডিও কার্বন ডেটিংকে সাধারণত কর্বন ডেটিং বা কার্বন-১৪ ডেটিংও বলা হয়।"
p-198-a-15,নদীর পানি অপেক্ষা সমুদ্রের পানিতে সাঁতার কাটা সহজ কেন?,পদার্থবিজ্ঞান,1,+6,768,https://www.sciencebee.com.bd/qna/18196/%E0%A6%85%E0%A6%AA%E0%A7%87%E0%A6%95%E0%A7%8D%E0%A6%B7%E0%A6%BE-%E0%A6%B8%E0%A6%AE%E0%A7%81%E0%A6%A6%E0%A7%8D%E0%A6%B0%E0%A7%87%E0%A6%B0,"['নদী', 'সমুদ্র', 'পানি', 'সাঁতার']","সমুদ্রের পানিতে নানা রকম লবণ দ্রবীভূত অবস্থায় থাকে, কিন্তু নদীর পানি সাধারণ পানি। ফলে সমুদ্রের পানির ঘনত্ব বেশি এবং নদীর পানির ঘনত্ব কম। উদাহরণস্বরূপ বলা যায়, সমুদ্রের পানির ঘনত্ব ১.০৩ গ্রাম/ঘন সেমি. এবং নদীর পানির ঘনত্ব ১গ্রাম/ঘন সেমি. । ফলে সমুদ্রের পানির প্লবতা বেশি আর নদীর পানির প্লবতা কম। যেহেতু সমুদ্রের পানির প্লবতা বেশি, সেহেতু সমুদ্রের পানিতে সাতারুর শরীর হালকা বােধ হয় এবং তাহার পক্ষে সাঁতার কাটা অধিকতর সহজ হয়।"
p-198-a-16,0°C তাপমাত্রায় একখণ্ড বরফে তাপ দিলে কি ঘটবে?,পদার্থবিজ্ঞান,3,+7,290,https://www.sciencebee.com.bd/qna/18194/%E0%A6%A4%E0%A6%BE%E0%A6%AA%E0%A6%AE%E0%A6%BE%E0%A6%A4%E0%A7%8D%E0%A6%B0%E0%A6%BE%E0%A6%AF%E0%A6%BC,"['বরফ', 'তাপ']",বরফ গলনের জন্য সুপ্ত তাপ দরকার। 0°C তাপমাত্রার বরফে তাপ দিলে উহা সুপ্ত তাপ নিয়ে গলতে থাকবে এবং সমস্ত বরফ গলে পানিতে পরিণত না হওয়া পর্যন্ত তাপমাত্রার একটুও পরিবর্তন হবে না। সমস্ত বরফ গলে 0°C তাপমাত্রার পানিতে পরিণত হবার পরে যদি আরও তাপ দেয়া হয় তবেই পরিণত তাপমাত্রা বাড়বে।
p-198-a-17,0°C তাপমাত্রায় একখণ্ড বরফে তাপ দিলে কি ঘটবে?,পদার্থবিজ্ঞান,3,+7,290,https://www.sciencebee.com.bd/qna/18194/%E0%A6%A4%E0%A6%BE%E0%A6%AA%E0%A6%AE%E0%A6%BE%E0%A6%A4%E0%A7%8D%E0%A6%B0%E0%A6%BE%E0%A6%AF%E0%A6%BC,"['বরফ', 'তাপ']",০ ডিগ্রী সেলসিয়াস তাপমাত্রা হলো বরফের গলনাংক।অর্থাৎ এই তাপমাত্রায় বরফ গলতে শুরু করে।বরফ গলা বলতে বরফের ভিতরকার আন্তঃ আনবিক শক্তি ক্রমাগত দুর্বল হয়ে পানিতে পরিণত হবে। এই তাপমাত্রায় তাপ দিলে সেই তাপ বরফের ভিতরকার বন্ধন ভাঙার কাজে ব্যয় হবে এবং ধীরে ধীরে বন্ধন দুর্বল হয়ে পানিতে পরিণত হবে।
p-198-a-18,0°C তাপমাত্রায় একখণ্ড বরফে তাপ দিলে কি ঘটবে?,পদার্থবিজ্ঞান,3,+7,290,https://www.sciencebee.com.bd/qna/18194/%E0%A6%A4%E0%A6%BE%E0%A6%AA%E0%A6%AE%E0%A6%BE%E0%A6%A4%E0%A7%8D%E0%A6%B0%E0%A6%BE%E0%A6%AF%E0%A6%BC,"['বরফ', 'তাপ']",0&deg;সেলসিয়াস তাপমাত্রা হচ্ছে বরফের গলনাঙ্ক।অর্থাৎ 0&deg;সেলসিয়াসে বরফ গলতে শুরু করবে।
p-198-a-19,প্রোটন অ্যানায়ন কো ট্রান্সপোর্ট বলতে কী বুঝায়?,জীববিজ্ঞান,1,0,384,https://www.sciencebee.com.bd/qna/18187/%E0%A6%9F%E0%A7%8D%E0%A6%B0%E0%A6%BE%E0%A6%A8%E0%A7%8D%E0%A6%B8%E0%A6%AA%E0%A7%8B%E0%A6%B0%E0%A7%8D%E0%A6%9F,"['এইচএসসি-উদ্ভিদবিজ্ঞান', 'প্রোটন', 'অ্যানায়ন', 'কো', 'ট্রান্সপোর্ট']","প্লাজমা মেমব্রেনে থাকা প্রোটন পাম্প, মেমব্রেনের ভিতর থেকে প্রোটন মেমব্রেনের বাহিরে নিয়ে আসে। প্রোটন ধনাত্মক চার্জ যুক্ত হবার কারণে, কোষের ভিতরের দিকে ধনাত্মক চার্জের পরিমাণ কমে যায়। চার্জের সমতা বজায় রাখার জন্য, অন্য একটি আয়ন বাহক দিয়ে কোষের ভিতরে ধনাত্মক চার্জ বিশিষ্ট আয়ন প্রবেশ করে। এই পদ্ধতিতে ঋনাত্মক আয়নের প্রবেশ সম্পর্কে জানা যায় না।"
p-198-a-20,ধাতু ও অধাতু গুলো কীভাবে গাছের কোষে প্রবেশ করে?,জীববিজ্ঞান,1,+1,75,https://www.sciencebee.com.bd/qna/18185/%E0%A6%95%E0%A7%80%E0%A6%AD%E0%A6%BE%E0%A6%AC%E0%A7%87-%E0%A6%AA%E0%A7%8D%E0%A6%B0%E0%A6%AC%E0%A7%87%E0%A6%B6,"['এইচএসসি-উদ্ভিদবিজ্ঞান', 'ধাতু', 'অধাতু', 'গাছ', 'কোষ']","এক কথায় উত্তর দিতে গেলে বলা যায় আয়ন হিসেবে প্রবেশ করে। মাটিতে অনেক খনিজ লবণ থাকে। কিন্তু আমরা যে খাবার লবণ খাই, মাটির লবণ গুলো সেই রকম কঠিন বা ক্রিস্টাল আকারে থাকে না। এই গুলো মাটির পানিতে দ্রবীভুত অবস্থায় থাকে। দ্রবীভুত অবস্থায় এই লবণ গুলো আয়নে পরিণত হয় পানির পোলারিটির কারণে। আর এই আয়ন গুলো কোষে প্রবেশ করে। তবে আয়ন প্রবেশও দুই ভাবে হতে পারে। কোনটাতে গাছের শক্তি খরচ করতে হয় আবার কোনটাতে হয় না।"
p-198-a-21,ডোন্যান ইকুইলিব্রিয়াম মতবাদ বলতে কী বুঝায়?,জীববিজ্ঞান,1,0,223,https://www.sciencebee.com.bd/qna/18183/%E0%A6%87%E0%A6%95%E0%A7%81%E0%A6%87%E0%A6%B2%E0%A6%BF%E0%A6%AC%E0%A7%8D%E0%A6%B0%E0%A6%BF%E0%A7%9F%E0%A6%BE%E0%A6%AE,"['এইচএসসি-উদ্ভিদবিজ্ঞান', 'ডোন্যান', 'ইকুইলিব্রিয়াম', 'মতবাদ']","এই মতবাদ অনুযায়ী, মূলের সাইটোপ্লাজম অনুযায়ী বিভিন্ন ধরণের প্রোটিন ও অন্যান্য অণু থাকে, যারা ঋণাত্মক চার্জ বিশিষ্ট হয়ে থাকে, এই ঋণাত্মক চার্জ এর বিপরীতে মাটির পানি থেকে বিভিন্ন ধরণের ধনাত্মক আয়ন মূলের কোষে প্রবেশ করে। আবার এই ধনাত্মক আয়ন বেশি প্রবেশ করলে, কিছু ঋণাত্মক আয়নও প্রবেশ করে ফেলে কোষে।"
p-198-a-22,মাস ফ্লো মতবাদ বলতে কী বুঝায়?,জীববিজ্ঞান,1,0,135,https://www.sciencebee.com.bd/qna/18181/%E0%A6%AE%E0%A6%A4%E0%A6%AC%E0%A6%BE%E0%A6%A6-%E0%A6%AC%E0%A7%81%E0%A6%9D%E0%A6%BE%E0%A7%9F,"['এইচএসসি-উদ্ভিদবিজ্ঞান', 'মাস', 'ফ্লো', 'মতবাদ']","অনেক বিজ্ঞানীর ধারণা, প্রস্বেদনের কারণে পানি পাতা দিয়ে বের হয়ে যায়, সেই পানির ঘাটতি পূরনের জন্য মূল থেকে জাইলেম টিস্যু দিয়ে পানি পাতার দিকে চলে যেতে থাকে, সেই সাথে বিভিন্ন আয়নও। আয়নের এই চলাচলের ফলেও মাটি থেকে মূলের মাধ্যমে আবার আয়ন শোষণ হয়। অর্থাৎ, প্রস্বেদনের কারণেও আয়ন শোষণ হয় এই মতবাদ অনুযায়ী।"
p-198-a-23,আয়ন বিনিময় মতবাদ বলতে কী বুঝায়?,জীববিজ্ঞান,2,0,273,https://www.sciencebee.com.bd/qna/18179/%E0%A6%AC%E0%A6%BF%E0%A6%A8%E0%A6%BF%E0%A6%AE%E0%A7%9F-%E0%A6%AE%E0%A6%A4%E0%A6%AC%E0%A6%BE%E0%A6%A6,"['এইচএসসি-উদ্ভিদবিজ্ঞান', 'আয়ন', 'বিনিময়', 'মতবাদ']","উদ্ভিদে বিভিন্ন বিপাকীয় কাজে অনেক ধরণের আয়ন সৃষ্টি হয় এবং এর ফলে মূলের কোষে চলে আসে। যেমন, সালোকসংশ্লেষণ প্রক্রিয়ায় পানি ভেঙে হাইড্রোজেন (H⁺) আয়ন ও হাইড্রোক্সিল (OH⁻) আয়ন সৃষ্টি হয়। আয়ন বিনিময় মতবাদ অনুযায়ী মূলের হাইড্রোজেন আয়নের সাথে মাটির পানির কোন ক্যাটায়নের (K⁺) বিনিময় ঘটে আবার, হাইড্রোক্সিল আয়নের সাথে কোন অ্যানায়নের বিনিময় ঘটে।"
p-198-a-24,আয়ন বিনিময় মতবাদ বলতে কী বুঝায়?,জীববিজ্ঞান,2,0,273,https://www.sciencebee.com.bd/qna/18179/%E0%A6%AC%E0%A6%BF%E0%A6%A8%E0%A6%BF%E0%A6%AE%E0%A7%9F-%E0%A6%AE%E0%A6%A4%E0%A6%AC%E0%A6%BE%E0%A6%A6,"['এইচএসসি-উদ্ভিদবিজ্ঞান', 'আয়ন', 'বিনিময়', 'মতবাদ']",আয়ন এক্সচেঞ্জ একটি ঘটনা যা বৈদ্যুতিক সমতুল্য এবং সমান পরিমাণ আয়নগুলির মধ্যে ঘটে। ইতিবাচক চার্জযুক্ত আয়নগুলির বিনিময়কে বলা হয় কেশন এক্সচেঞ্জ এবং বিপরীত কেসটিকে আয়ন এক্সচেঞ্জ বলে। আয়ন এক্সচেঞ্জার এমন একটি পদার্থ যা ইলেক্ট্রোলাইট দ্রবণে দ্রবীভূত হয় এবং এটি অজৈব বা জৈব কঠিন বা তরল পদার্থ হতে পারে।
p-198-a-25,এক ফোঁটা বা অল্প পরিমাণ পারদ বা পানি কাগজে রাখলে গােলাকার ধারণ করে কেন?,পদার্থবিজ্ঞান,1,+7,152,https://www.sciencebee.com.bd/qna/18167/%E0%A6%AA%E0%A6%B0%E0%A6%BF%E0%A6%AE%E0%A6%BE%E0%A6%A3-%E0%A6%97%E0%A6%BE%E0%A7%87%E0%A6%B2%E0%A6%BE%E0%A6%95%E0%A6%BE%E0%A6%B0,"['পারদ', 'পানি', 'পৃষ্ঠটান']","পৃষ্ঠ টানের জন্য বৃষ্টির ফোঁটা, অল্প পরিমাণ পারদ ইত্যাদি গােলক আকার ধারণ করে এবং পানির উপর একটি পরিষ্কার সুঁচ অতি সাবধানে রাখিলে দেখা যায় যে, সুঁচটি পানিতে না ডুবিয়াভাসিতেছে ও সুঁচের নিচের পানির তল একটু সরিয়া গিয়াছে। একই কারণে চাপমান যন্ত্রে পারদের উপরিতল উত্তল ও কৈশিক নলে পানির উপরিতল অবতল দেখায় এবং তরল সিক্ত তুলির আঁশগুলি এক সঙ্গে জড়াইয়া থাকে। (তরল তলের অভ্যন্তরের যে কোন একটি অণু চারিপার্শ্বের অন্যান্য অণু দ্বারা সমভাবে আকৃষ্ট হয় এবং তলের অভিলম্বভাবে নিচের দিকে একটি টান অনুভব করে। ইহাই পৃষ্ঠ টান।)"
p-198-a-26,মেরু অঞ্চলে বস্তুর ওজন বেশি কেন?,পদার্থবিজ্ঞান,7,+9,553,https://www.sciencebee.com.bd/qna/18165/%E0%A6%85%E0%A6%9E%E0%A7%8D%E0%A6%9A%E0%A6%B2%E0%A7%87-%E0%A6%AC%E0%A6%B8%E0%A7%8D%E0%A6%A4%E0%A7%81%E0%A6%B0,"['ওজন', 'বস্তুর', 'মেরু']","আমরা জানি, ওজন w = mg; এখানে m = বস্তুর ভর এবং g = অভিকর্ষীয় ত্বরণ। বস্তুর ভর একটি ধ্রুব রাশি; সুতরাং কোন বস্তুর ওজন অভিকর্ষীয় ত্বরণের উপর নির্ভরশীল। যে স্থানে অভিকর্ষীয় ত্বরণ বেশি, সে স্থানে বস্তুর ওজনও বেশি। আর অভিকর্ষীয় ত্বরণ যে স্থানে কম বস্তুর ওজনও সে স্থানে কম। যেহেতু মেরু অঞ্চলে অভিকর্ষীয় ত্বরণ বেশি। সুতরাং মেরু অঞ্চলে বস্তুর ওজন বেশি। বিষুব অঞ্চলে অভিকর্ষীয় ত্বরণ কম। অতএব বিষুব অঞ্চলে বস্তুর ওজনও কম। পৃথিবীর কেন্দ্রে অভিকর্ষীয় ত্বরণ শূন্য। অতএব পৃথিবীর কেন্দ্রে বস্তুর কোন ওজন নাই।"
p-198-a-27,মেরু অঞ্চলে বস্তুর ওজন বেশি কেন?,পদার্থবিজ্ঞান,7,+9,553,https://www.sciencebee.com.bd/qna/18165/%E0%A6%85%E0%A6%9E%E0%A7%8D%E0%A6%9A%E0%A6%B2%E0%A7%87-%E0%A6%AC%E0%A6%B8%E0%A7%8D%E0%A6%A4%E0%A7%81%E0%A6%B0,"['ওজন', 'বস্তুর', 'মেরু']","মেরু অঞ্চল পৃথিবীর নিচু অঞ্চল, তাই এই স্থানে অভিকর্ষজ ত্বরণের মান ও সবচেয়ে বেশি।  এখানে অভিকর্ষজ ত্বরণের মান ৯.৮৩।তাই অন্য স্থানের তুলনায় মেরু অঞ্চলে বস্তুর ওজন বেশি, কিন্তু ভর সমান থাকে।"
p-198-a-28,মেরু অঞ্চলে বস্তুর ওজন বেশি কেন?,পদার্থবিজ্ঞান,7,+9,553,https://www.sciencebee.com.bd/qna/18165/%E0%A6%85%E0%A6%9E%E0%A7%8D%E0%A6%9A%E0%A6%B2%E0%A7%87-%E0%A6%AC%E0%A6%B8%E0%A7%8D%E0%A6%A4%E0%A7%81%E0%A6%B0,"['ওজন', 'বস্তুর', 'মেরু']",মেরু অঞ্চল অনেক নিচু। তাই এর অভিকর্ষজ ত্বরণের মান অনেক বেশি ।তাই এই অঞ্চলে বস্তুর ওজনও বেশি।
p-198-a-29,মেরু অঞ্চলে বস্তুর ওজন বেশি কেন?,পদার্থবিজ্ঞান,7,+9,553,https://www.sciencebee.com.bd/qna/18165/%E0%A6%85%E0%A6%9E%E0%A7%8D%E0%A6%9A%E0%A6%B2%E0%A7%87-%E0%A6%AC%E0%A6%B8%E0%A7%8D%E0%A6%A4%E0%A7%81%E0%A6%B0,"['ওজন', 'বস্তুর', 'মেরু']","আমরা জানি,ওজন=ভর&times;অভিকর্ষজ ত্বরণ।ভর একটি ধ্রুব রাশি।সুতরাং কোনো বস্তর ওজন অভিকর্ষজ ত্বরণের ওপর নির্ভরশীল। যে স্থানে অভিকর্ষজ ত্বরণের মান বেশি,সেই স্থানে বস্তর ওজন তত বেশি।মেরু অঞ্চলে অভিকর্ষজ ত্বরণ(g)এর মান পৃথিবীতে সবথেকে বেশি।তাই মেরু অঞ্চলে বস্তর ওজন বেশি হয়।"
p-198-a-30,মেরু অঞ্চলে বস্তুর ওজন বেশি কেন?,পদার্থবিজ্ঞান,7,+9,553,https://www.sciencebee.com.bd/qna/18165/%E0%A6%85%E0%A6%9E%E0%A7%8D%E0%A6%9A%E0%A6%B2%E0%A7%87-%E0%A6%AC%E0%A6%B8%E0%A7%8D%E0%A6%A4%E0%A7%81%E0%A6%B0,"['ওজন', 'বস্তুর', 'মেরু']","পৃথিবী সুষম গোলাকার নয়। মেরু অঞ্চলের দিকে পৃথিবী তুলনা মূলক কেন্দ্রের নিকট বর্তি থাকে। অভিকর্ষজ ত্বরণ g = GM/R^2, যেখান R হলো কেন্দ্র থেকে ভূপৃষ্ঠে অবস্থান কারি বস্তুর দূরত্ব। অর্থাৎ, বস্তু থেকে কেন্দ্রের দূরত্ব যতো কম হবে, অভিকর্ষজ ত্বরণ এর মান ততো বেশি হবে।তাই মেরু অঞ্চলে অভিকর্ষজ ত্বরণ এর মান সবচেয়ে বেশি।আর কোনো বস্তুর ওজন, w=mg.অর্থাৎ, অভিকর্ষজ ত্বরণ এর মান যতো বেশি  বস্তুর ওজন ততো বেশি হবে। তাই মেরু অঞ্চলে বস্তুর ওজন বেশি হয়।"
p-198-a-31,মেরু অঞ্চলে বস্তুর ওজন বেশি কেন?,পদার্থবিজ্ঞান,7,+9,553,https://www.sciencebee.com.bd/qna/18165/%E0%A6%85%E0%A6%9E%E0%A7%8D%E0%A6%9A%E0%A6%B2%E0%A7%87-%E0%A6%AC%E0%A6%B8%E0%A7%8D%E0%A6%A4%E0%A7%81%E0%A6%B0,"['ওজন', 'বস্তুর', 'মেরু']",মেরু অঞ্চলের g এর মান বেশি । তাই মেরু অঞ্চলে বস্তুর ওজন বেশি।
p-198-a-32,মেরু অঞ্চলে বস্তুর ওজন বেশি কেন?,পদার্থবিজ্ঞান,7,+9,553,https://www.sciencebee.com.bd/qna/18165/%E0%A6%85%E0%A6%9E%E0%A7%8D%E0%A6%9A%E0%A6%B2%E0%A7%87-%E0%A6%AC%E0%A6%B8%E0%A7%8D%E0%A6%A4%E0%A7%81%E0%A6%B0,"['ওজন', 'বস্তুর', 'মেরু']",মেরু অঞ্চল ভৃ পৃষ্ঠের অন্যান্য স্থানের তুলনায় কম উঁচু।তাই সেখানের ব্যাসার্ধ কম হওয়ায় g বেশি।ফলে W=mg ও বেশি
