id,question,question_category,number_of_answer,number_of_vote,number_of_view,answer_link,question_tag,answer
p-203-a-0,এমন ৫টি এপসের নাম বলুন যা আবিষ্কার করা দরকার?,প্রযুক্তি,1,+2,90,https://www.sciencebee.com.bd/qna/17881/%E0%A6%8F%E0%A6%AA%E0%A6%B8%E0%A7%87%E0%A6%B0-%E0%A6%86%E0%A6%AC%E0%A6%BF%E0%A6%B7%E0%A7%8D%E0%A6%95%E0%A6%BE%E0%A6%B0,"['আবিষ্কার', 'এপস', 'সফটওয়্যার']","১। প্রশাসনিক কর্মকর্তাদের কাজ সম্পর্কে মানুষ সন্তুষ্ট কি-না এবং সংশ্লিষ্ট ক্ষেত্রে সন্তুষ্টি বা অসন্তুষ্টির কারণ কী তা নিয়ে একজন সচেতন নাগরিক যেন সরকারের কাছে সহজেই প্রশংসা বা অভিযোগ জমা দিতে পারে তার জন্য একটি interactive application.২। সামাজিক যোগাযোগমাধ্যমে আপত্তিকর কোনো তথ্য বা গুজব ছড়ানো রোধে এমন এক বিশেষ application develop করা উচিত, যা কোনো পোস্ট, স্ট্যাটাস বা টুইটে উল্লিখিত তথ্য কৃত্রিম বুদ্ধিমত্তা সম্পন্ন প্রোগ্রাম দ্বারা যাচাই-বাছাই করে সেগুলোর সত্যতা নিশ্চিত করে তবেই ছড়ানোর অনুমতি দেবে।৩। বৈদ্যুতিক যন্ত্র কতটুকু ব্যবহার করা হচ্ছে তা হিসাব করার জন্য সেন্সর বসানো উচিত। সেসব হিসাব-নিকাশ ব্যবহারকারীর মুঠোফোন বা পিসিতে নির্দিষ্ট application এ বিশ্লেষণপূর্বক পাঠানো হবে। ফলে অতিরিক্ত ব্যবহার হচ্ছে কি-না বোঝা যাবে। দুর্ঘটনার ঝুঁকি কমবে।৪। Sciencebee App৫। আপনার আইডিয়া মন্তব্যে জানান"
p-203-a-1,Recto & Verso কী?,গণিত,1,+2,78,https://www.sciencebee.com.bd/qna/17879/recto-verso,"['recto', 'verso']",বইয়ের পাতার ডানদিকের পৃষ্ঠাকে Recto বলে আর বইয়ের পাতার বামদিকের পৃষ্ঠাকে Verso বলে ।Verso গুলোতে জোড় সংখ্যা এবং Recto গুলোতে বিজোড় সংখ্যা থাকে।
p-203-a-2,কিডনিতে পাথর হয় কেন?,স্বাস্থ্য ও চিকিৎসা,1,+2,142,https://www.sciencebee.com.bd/qna/17877/%E0%A6%95%E0%A6%BF%E0%A6%A1%E0%A6%A8%E0%A6%BF%E0%A6%A4%E0%A7%87-%E0%A6%AA%E0%A6%BE%E0%A6%A5%E0%A6%B0,"['কিডনি', 'পাথর']",১. কাঁচা লবণ খাওয়া স্বাস্থ্যের জন্য খুবই ক্ষতিকর। কারণ লবণে সোডিয়াম খুব সহজে জমা হতে থাকে কিডনিতে। এছাড়া অতিরিক্ত সোডিয়াম সমৃদ্ধ খাবারের কারণেও কিডনিতে পাথর জমার ঝুঁকি বাড়ে।২. কিডনির কাজ হচ্ছে শরীরের বর্জ্য ছেঁকে শরীরকে টক্সিনমুক্ত করা। আর এই কাজটি কিডনি করে পানির সহায়তায়।তাই প্রচুর পানি পান করতে হবে।চাহিদামত পানি পান না করার কারণে কিডনি সঠিক ভাবে শরীরের বর্জ্য দূর করতে পারে না। ফলে আর ওই বর্জ্য কিডনিতে জমা হতে থাকে পাথর হিসেবে।
p-203-a-3,ডায়াবেটিস(Diabetes) হয় কেন?,স্বাস্থ্য ও চিকিৎসা,1,+3,81,https://www.sciencebee.com.bd/qna/17875/%E0%A6%A1%E0%A6%BE%E0%A6%AF%E0%A6%BC%E0%A6%BE%E0%A6%AC%E0%A7%87%E0%A6%9F%E0%A6%BF%E0%A6%B8,"['হসপিটাল', 'চিকিৎসা']","আইরিশ ইনডিপেনডেন্টের খবরে বলা হয়েছে, যখন আমরা কার্বোহাইড্রেট বা সাধারণ শর্করাজাতীয় খাবার খাই, তখন তা ভেঙে গ্লুকোজে পরিণত হয়। ইনসুলিন হচ্ছে একধরনের হরমোন। এর কাজ হলো এই গ্লুকোজকে মানুষের দেহের কোষগুলোয় পৌঁছে দেওয়া। এরপর সেই গ্লুকোজ ব্যবহার করে শরীরের কোষগুলো শক্তি উৎপাদন করে। সেই শক্তি দিয়েই রোজকারের কাজকর্ম করে মানুষ। সুতরাং যখন এই গ্লুকোজ শরীরের কোষে পৌঁছাবে না, তখন স্বাভাবিকভাবেই মানুষের দৈনন্দিন কাজ ব্যাহত হবে। যখন কারও ডায়াবেটিস হয়, তখন ওই মানুষের শরীরে ইনসুলিন হরমোনের নিঃসরণ কমে যায়। ফলে দেহের কোষে গ্লুকোজ পৌঁছাতে পারে না। এতে করে রক্তে গ্লুকোজের পরিমাণ বেড়ে যায়। সাধারণত প্রস্রাবের মাধ্যমে অতিরিক্ত গ্লুকোজ শরীর থেকে বের হয়ে যায়। এই কারণে ডায়াবেটিস রোগীর ঘন ঘন প্রস্রাব হয়। যখন প্রস্রাব বেশি হয়, তখন ডায়াবেটিসে ভোগা রোগী তৃষ্ণার্ত হয়ে পড়েন। অন্যদিকে, ঘন ঘন প্রস্রাব হওয়ার রোগীর শরীর থেকে প্রচুর পরিমাণ গ্লুকোজ বের হয়ে যায়। এতে করে প্রয়োজনীয় শক্তি উৎপাদন করতে পারে না দেহের কোষগুলো। ফলে রোগী দুর্বলতা অনুভব করেন। রোগী যদি ডায়াবেটিস নিয়ন্ত্রণে সঠিক ব্যবস্থা গ্রহণ না করেন, তবে তার রক্তনালি, স্নায়ু, কিডনি, চোখ ও হৃদ্&zwnj;যন্ত্রের সমস্যাসহ নানা ধরনের শারীরিক জটিলতা দেখা দিতে পারে।"
p-203-a-4,মানচিত্রে কি কি উপাদান থাকে?,বিবিধ,1,+1,972,https://www.sciencebee.com.bd/qna/17872/%E0%A6%AE%E0%A6%BE%E0%A6%A8%E0%A6%9A%E0%A6%BF%E0%A6%A4%E0%A7%8D%E0%A6%B0%E0%A7%87-%E0%A6%89%E0%A6%AA%E0%A6%BE%E0%A6%A6%E0%A6%BE%E0%A6%A8,"['মানচিত্র', 'উপাদান']","মানচিত্রে যেসকল উপাদান থাকে সেগুলো হলোঃ১.মূল মানচিত্র, ২.স্কেল,৩.অভিক্ষেপ, ৪.উত্তর অবস্থান কাগজের উপরের দিকে থাকবে,৫.উত্তর দিক নির্দেশক থাকতে হবে,৬.সূচক থাকবে,৭.মানচিত্রের চারিদিকে কাগজের ০.৫ ইঞ্চি হতে ১ ভিতরে বর্ডার লাইন থাকতে হবে,৮.হেডিং বা নামফলক দিতে হবে,৯.অক্ষাংশ এবং দ্রাঘিনাংশ চিহ্নিত থাকতে হবে,১০ বর্ডার লাইনের নিচে সূত্র দিতে হবে,১১. মূল মানচিত্রের চারিদিকে দেশ বা অবস্থান আছে তার নাম দিতে হবে।"
p-203-a-5,বাংলাদেশের ভৌগোলিক অবস্থান কেমন?,বাংলাদেশ ও বিশ্ব,2,+1,169,https://www.sciencebee.com.bd/qna/17868/%E0%A6%AC%E0%A6%BE%E0%A6%82%E0%A6%B2%E0%A6%BE%E0%A6%A6%E0%A7%87%E0%A6%B6%E0%A7%87%E0%A6%B0,"['অবস্থান', 'বাংলাদেশ']","ভৌগোলিক বিচারে বাংলাদেশের অবস্থান দক্ষিণ এশিয়ায়, ভারত ও মিয়ানমারের মাঝখানে। এর ভূখণ্ড ১ লক্ষ ৪৭ হাজার ৬১০ বর্গ কিলোমিটার এলাকা জুড়ে বিস্তৃত। বাংলাদেশের পশ্চিম, উত্তর, আর পূর্ব জুড়ে রয়েছে ভারত। পশ্চিমে রয়েছে ভারতের পশ্চিমবঙ্গ রাজ্য।"
p-203-a-6,বাংলাদেশের ভৌগোলিক অবস্থান কেমন?,বাংলাদেশ ও বিশ্ব,2,+1,169,https://www.sciencebee.com.bd/qna/17868/%E0%A6%AC%E0%A6%BE%E0%A6%82%E0%A6%B2%E0%A6%BE%E0%A6%A6%E0%A7%87%E0%A6%B6%E0%A7%87%E0%A6%B0,"['অবস্থান', 'বাংলাদেশ']",এশিয়া মহাদেশের দক্ষিণ পূর্বাংশে বাংলাদেশ অবস্থিত।এটা প্রায় ২০&deg;৩৪` উত্তর হতে ২৬&deg;৩৮` উত্তর অক্ষরেখা এবং ৮৮&deg;০১` পূর্ব দ্রাঘিমা রেখা হতে ৯২&deg;৪১` পূর্ব দ্রাঘিমা পর্যন্ত বিস্তৃত। এ দেশ ক্রান্তীয় অঞ্চলে অবস্থিত।বাংলাদেশের ৩ দিকেই ভারত এবং দক্ষিণে বঙ্গোপসাগর।
p-203-a-7,কাচ ভেঙে যায় কেন?,পদার্থবিজ্ঞান,1,+1,135,https://www.sciencebee.com.bd/qna/17865/%E0%A6%95%E0%A6%BE%E0%A6%9A-%E0%A6%AD%E0%A7%87%E0%A6%99%E0%A7%87-%E0%A6%AF%E0%A6%BE%E0%A7%9F,"['কাঁচ', 'ভাঙা']","কাচ কেন ভেঙে যায়? তবে সবার আগে জানতে হবে, কাচ কীভাবে তৈরি হয়৷ বালু, সোডা, চুন ও পুরানো কাচ সাধারণ কাচ তৈরির উপকরণ৷ প্রথমে সবকিছু গুড়া করা হয়৷ তারপর ১,০০০ ডিগ্রি সেলসিয়াসেরও বেশি তাপমাত্রায় গলানো হয়৷ উত্তাপের ফলে উপকরণগুলি পরস্পরের সঙ্গে যুক্ত হয়ে এক শক্ত রূপ ধারণ করে৷ সেটি দিয়ে বোতল, গ্লাস বা জানালার কাচ তৈরি করা যায়৷ধাতু নমনীয় হয় ও তা বাঁকানো যায়৷ কিন্তু শীতল হবার পর কাচ শক্ত ও ভঙ্গুর হয়ে পড়ে৷ খুব বেশি চাপের মুখে আকার বদলানোর বদলে কাচ ভেঙে যায়৷ উপর থেকে পড়ে গেলেও কাচ সেই ধাক্কা সামলাতে পারে না৷ কাচ তাপমাত্রার পরিবর্তনও সহ্য করতে পারে না৷ উপর থেকে যে তরল পদার্থ ঢালা হয়, তার সঙ্গে কাচের তাপমাত্রার ফারাক বেশি হতে হবে৷তাছাড়া শীতল বা গরম করার প্রক্রিয়া অত্যন্ত দ্রুত হতে হবে৷ শীতল গ্লাসে গরম পানি ঢালা উচিত নয়৷ ধাতুর তুলনায় কাচ মোটেই ভালভাবে উত্তাপ বহন করতে পারে না৷ গরম গ্লাসে শীতল পানি ঢাললে গ্লাসের ভিতরের অংশ সঙ্কুচিত হয়ে পড়ে৷ কিন্তু বাইরের অংশ গরমই থাকে৷ ফলে সারফেস টেনশন দেখা যায়৷ সামান্য চিড় ধরলেও তা ছড়িয়ে পড়ে কাচ ভেঙে দেয়৷শব্দতরঙ্গও কাচ ভেঙে দিতে পারে৷ তবে তার জন্য নির্দিষ্ট তরঙ্গদৈর্ঘ্যে দীর্ঘ সময় ধরে জোরালো শব্দ সৃষ্টি করতে হবে৷ সে ক্ষেত্রে কাচের মধ্যে কম্পন দেখা দেবে, যেমনটা বিভিন্ন সেতুর ক্ষেত্রে দেখা যায়৷ অনেক সময় ধরে দুলতে থাকলে বিপর্যয় দেখা দেবে৷ কাচ তখন ভেঙে যাবে৷ কোনো ত্রুটি, দুর্বলতা অথবা সামান্য চিড় ধরলেও কাচ সহজেই ভেঙে যায়৷"
p-203-a-8,মৌলিক রাশি বলতে কি বুঝায়?এবং মৌলিক রাশি কয়টি?,পদার্থবিজ্ঞান,2,+2,"1,646",https://www.sciencebee.com.bd/qna/17860/%E0%A6%AE%E0%A7%8C%E0%A6%B2%E0%A6%BF%E0%A6%95-%E0%A6%AC%E0%A7%81%E0%A6%9D%E0%A6%BE%E0%A6%AF%E0%A6%BC,"['মৌলিক', 'রাশি', 'কি', 'কয়টি']","যে সব রাশি অন্য কোন রাশির উপর নির্ভরশীল নয়, বরং অন্য সকল রাশি এদের উপর নির্ভরশীল, সে সব রাশিকে মৌলিক রাশি বলে। যেমনঃ দৈর্ঘ্য, ভর, সময় ইত্যাদি।এ পর্যন্ত সাতটি রাশিকে বিজ্ঞানীদের সর্বসম্মতিতে মৌলিক রাশি হিসেবে নির্দিষ্ট করা হয়েছে। এগুলো হলোঃভর, দৈর্ঘ্য, সময়, তাপমাত্রা, তড়িৎ প্রবাহ, দীপন তীব্রতা, পদার্থের পরিমাণ। ১৯৬০ সালে অনুষ্ঠিত বিজ্ঞানীদের যৌথ সম্মেলনে এ সাতটি রাশিকে মৌলিক রাশি হিসেবে চূড়ান্ত সিদ্ধান্ত গ্রহণ করা হয়।"
p-203-a-9,মৌলিক রাশি বলতে কি বুঝায়?এবং মৌলিক রাশি কয়টি?,পদার্থবিজ্ঞান,2,+2,"1,646",https://www.sciencebee.com.bd/qna/17860/%E0%A6%AE%E0%A7%8C%E0%A6%B2%E0%A6%BF%E0%A6%95-%E0%A6%AC%E0%A7%81%E0%A6%9D%E0%A6%BE%E0%A6%AF%E0%A6%BC,"['মৌলিক', 'রাশি', 'কি', 'কয়টি']","যে সব রাশি অন্য কোন রাশির উপর নির্ভরশীল নয়, বরং অন্য সকল রাশি এদের উপর নির্ভরশীল, সে সব রাশিকে মৌলিক রাশি বলে।এ পর্যন্ত সাতটি রাশিকে বিজ্ঞানীদের সর্বসম্মতিতে মৌলিক রাশি হিসেবে নির্দিষ্ট করা হয়েছে।এগুলো হলঃভর, দৈর্ঘ্য, সময়, তাপমাত্রা, তড়িৎ প্রবাহ, দীপন তীব্রতা, পদার্থের পরিমাণ। ১৯৬০ সালে অনুষ্ঠিত বিজ্ঞানীদের যৌথ সম্মেলনে এ সাতটি রাশিকে মৌলিক রাশি হিসেবে চূড়ান্ত সিদ্ধান্ত গ্রহণ করা হয়।"
p-203-a-10,কোন শব্দের প্রতিধ্বনি শোনা যায় কেন?,পদার্থবিজ্ঞান,1,+1,78,https://www.sciencebee.com.bd/qna/17856/%E0%A6%AA%E0%A7%8D%E0%A6%B0%E0%A6%A4%E0%A6%BF%E0%A6%A7%E0%A7%8D%E0%A6%AC%E0%A6%A8%E0%A6%BF,"['শব্দের', 'প্রতিধ্বনি']",সকল প্রতিফলিত শব্দ প্রতিধ্বনি নয়। এর কারণ শব্দের উৎস ও প্রতিফলকের মধ্যে একটি ন্যূনতম দূরত্ব থাকা প্রয়োজন। তা না হলে প্রতিফলিত শব্দ 0.1 s এর আগেই শ্রোতার কানে পৌঁছাবে। অর্থাৎ প্রতিধ্বনি শোনা যাবে না।
p-203-a-11,চুম্বক লোহাকে আকর্ষণ করে কেন?,পদার্থবিজ্ঞান,3,+2,299,https://www.sciencebee.com.bd/qna/17853/%E0%A6%9A%E0%A7%81%E0%A6%AE%E0%A7%8D%E0%A6%AC%E0%A6%95-%E0%A6%B2%E0%A7%8B%E0%A6%B9%E0%A6%BE%E0%A6%95%E0%A7%87,"['চুম্বক', 'আকর্ষণ']",ইলেকট্রন বিন্যাস দিয়ে এর ব্যাখ্যা দেওয়া যায় । লোহা/এ জাতীয় বস্তুুর সুস্থিত আয়নের ইলেকট্রন বিন্যাসে বেশ কিছু সংখ্যক অযুগ্ম ইলেকট্রন দেখা যায় ।এভাবে অনেকগুলো পরপমানুর অযুগ্ম ইলেকট্রন ( প্রায় 10^16 থেকে 10^19 সংখ্যক ) পরস্পর ডোমেইন এর সৃষ্টি করে । তাই কোন চুম্বক এর কাছে লোহা জাতীয় বস্তুুকে নিয়ে আসলে এসব ডোমেইন এ শক্তিশালী চুম্বকভ্রামক এর সৃষ্টি হয় ফলে এটি চুম্বক কর্তৃক আকর্ষিত হয় ।
p-203-a-12,চুম্বক লোহাকে আকর্ষণ করে কেন?,পদার্থবিজ্ঞান,3,+2,299,https://www.sciencebee.com.bd/qna/17853/%E0%A6%9A%E0%A7%81%E0%A6%AE%E0%A7%8D%E0%A6%AC%E0%A6%95-%E0%A6%B2%E0%A7%8B%E0%A6%B9%E0%A6%BE%E0%A6%95%E0%A7%87,"['চুম্বক', 'আকর্ষণ']","লিপিডের বৈশিষ্ট্য: লিপিড পানিতে অদ্রবণীয় এটি বর্ণহীন, স্বাদহীন ও গন্ধহীন। এরা ইথার, অ্যালকোহল, বেনজিন, ক্লোরোফর্ম, অ্যাসিটোন, পেট্রোলিয়াম ইত্যাদি দ্রবণে দ্রবণীয়। এরা ফ্যাটি অ্যাসিডের এস্টার হিসেবে বিরাজ করে। লিপিড পানির চেয়ে হালকা, তাই এরা পানিতে ভাসে।"
p-203-a-13,চুম্বক লোহাকে আকর্ষণ করে কেন?,পদার্থবিজ্ঞান,3,+2,299,https://www.sciencebee.com.bd/qna/17853/%E0%A6%9A%E0%A7%81%E0%A6%AE%E0%A7%8D%E0%A6%AC%E0%A6%95-%E0%A6%B2%E0%A7%8B%E0%A6%B9%E0%A6%BE%E0%A6%95%E0%A7%87,"['চুম্বক', 'আকর্ষণ']","আপনি যখন চুম্বক বরাবর লোহার টুকরো ঘষেন, তখন লোহার পরমাণুর উত্তর-সন্ধানী খুঁটি একই দিকে সারিবদ্ধ হয়। সারিবদ্ধ পরমাণু দ্বারা উত্পন্ন বল একটি চৌম্বক ক্ষেত্র তৈরি করে । লোহার টুকরো চুম্বক হয়ে গেছে। কিছু পদার্থ বৈদ্যুতিক প্রবাহ দ্বারা চুম্বকীয় হতে পারে।ধন্যবাদ।"
p-203-a-14,ধান উৎপাদনের ক্ষেত্রে উত্তাপ কেমন প্রয়োজন?,পরিবেশ,1,0,68,https://www.sciencebee.com.bd/qna/17851/%E0%A6%89%E0%A7%8E%E0%A6%AA%E0%A6%BE%E0%A6%A6%E0%A6%A8%E0%A7%87%E0%A6%B0-%E0%A6%95%E0%A7%8D%E0%A6%B7%E0%A7%87%E0%A6%A4%E0%A7%8D%E0%A6%B0%E0%A7%87,"['ধান', 'উৎপাদন']",ধান চাষের জন্য সাধারণত ১৮&deg;-২৭&deg; সে উত্তাপের  প্রয়োজন।ধান বীজের অঙ্কুরোদগমের জন্য ১৬&deg;সে অপেক্ষা অধিক তাপমাত্রা প্রয়োজন।চারা বৃদ্ধিকালীন সময় তাপমাত্রা ২২&deg;-২৪&deg; সে. এর মধ্যে থাকা আবশ্যক। বিশ্বের প্রায় ৯৫% ধান উষ্ণ ও আর্দ্র অঞ্চলে উৎপন্ন হয়।
p-203-a-15,রেগে গেলে গাধা পেছনের পা দুটো শুন্যে তুলে শত্রুকে লাথি মারে কেন?,প্রাণিবিদ্যা,1,+1,110,https://www.sciencebee.com.bd/qna/17846/%E0%A6%B6%E0%A7%81%E0%A6%A8%E0%A7%8D%E0%A6%AF%E0%A7%87-%E0%A6%B6%E0%A6%A4%E0%A7%8D%E0%A6%B0%E0%A7%81%E0%A6%95%E0%A7%87,"['পা', 'তুলে']","কার্টুন বা বিভিন্ন অ্যানিমেশনে আমরা দেখেছি গাধা রেগে গেলে পেছনের পা দুটো শুন্যে তুলে শত্রুকে লাথি মারে। কিন্তু কেন এমনটা করে গাধা? বিভিন্ন পরিস্থিতির কারণে গাধা আক্রমণাত্মক হয়ে লাথি মারতে পারে।যেমন :১. এলাকা রক্ষা :গৃহপালিত গাধা মূলত বন্য পূর্বপুরুষদের বংশধর। বন্য গাধা এমন পরিবেশে বাস করত যেখানে জল সীমিত ছিল এবং পর্যাপ্ত খাবারের অভাব ছিলো। যেসকল গাধা পর্যাপ্ত খাবার ও জলের জোগান করতে পারতো তারা সহজেই স্ত্রী গাধাকে আকর্ষণ করতে পারতো। তারপর গাধা তার এলাকায় শত্রুর আক্রমণ প্রতিহত করার জন্য দাঁত ও পিছনের পা ব্যবহার করতো। গৃহপালিত নিরীহ গাধা পূর্বপুরুষ থেকে এই আচরণ উত্তরাধিকার সূত্রে পেয়েছে এবং তারা নিজেদের এলাকায় বিপদ লক্ষ্য করলে শত্রুকে প্রতিহত কর‍তে পিছনের পা দিয়ে লাথি মারে।২. আধিপত্য বিস্তার :ঘোড়া যেমন নিজেদের মধ্যে লড়াই করে, গাধার মাঝে সেই বৈশিষ্ট্য নেই। পশুপালের ভিতর একটি মদ্দা ঘোড়া নেতার ভূমিকা পালন করে। মদ্দা ঘোড়ার এলাকায় অন্য কোন মদ্দা ঘোড়া আক্রমণ করলে তাকে প্রতিহত করার জন্য ঘোড়া তার শক্তিশালী পা ও দাঁত ব্যবহার করে। গাধা যদি কোন মানুষকে নিজ এলাকায় হুমকি হিসেবে দেখে, তবে সে নিজ এলাকায় আধিপত্য বিস্তার ও নিজ এলাকার ঘোড়াদের রক্ষা করার জন্য তাকে কামড় দেওয়ার জন্য ধাওয়া করতে পারে, লেজ নাড়াতে পারে, এমন কি পিছনের পা দিয়ে লাথিও দিতে পারে।৩. আত্মরক্ষা :গাধা আত্মরক্ষার জন্য লাথি মারার মূলর দুটি কারণ রয়েছে। গাধা তার পিছনে কি আছে তা সরাসরি দেখতে পারেনা। বন্য পরিবেশে গাধার শিকারীর তালিকায় আছে সিংহ, নেকড়ে, শেয়াল ইত্যাদি। গাধা নিজের পেশিবহুল পা ও পশ্চাদ্দেশ শিকারীর থেকে রক্ষা করার জন্য গাধা তার শক্তিশালী পশ্চাৎপদ ব্যবহার করে। দ্বিতীয় কারণ হচ্ছে গাধা ঘোড়ার মতো দ্রুত দৌড়াতে পারেনা এবং শিকারীর হাত থেকে নিজেকে রক্ষা করার মতো দৌড়ানোর স্ট্যামিনাও তাদের মাঝে নেই। তাই দৌড়ানোর পরিবর্তে তারা পিছনের পা দিয়ে লাথি মারে। কোন মানুষ যদি গাধার পিছন থেকে তার দিকে অগ্রসর হয় তাহলে গাধা মানুষকে শিকারী ভেবে আত্মরক্ষার তাহিদে লাথি মারতে পারে।৪. এছাড়াও স্ত্রী ঘোড়া মূলত নবজাতক ঘোড়াকে শিকারীর হাত থেকে রক্ষা করার জন্য আক্রমণাত্মক হয়ে উঠতে পারে এবং কোন বিপদ অনুভব করলে লাথি মারতে পারে। স্ত্রী ঘোড়া মূলত লেজ নাড়িয়ে, কান মুচড়িয়ে, মাটিতে থাবা দিয়ে মানুষকে নিজের অস্বস্তি বুঝানোর চেষ্টা করে। তখন সেই স্থান ত্যাগ না করলে ঘোটকী রেগে গিয়ে লাথি মারতে পারে। তাছাড়াও গাধা যখন ভয় পায়, বিরক্তি অনুভব করে বা ব্যথা পায় তখন মানুষকে নিজের অস্বস্তি জানাতে সহিংসতার আশ্রয় নিতে পারে।এইসব কারণেও মূলত গাধা আক্রমণাত্মক আচরণ করে এবং রেগে গিয়ে লাথি মারে।© নিশাত তাসনিমরেফারেন্স :https://bestfarmanimals.com/everything-about-donkey-kicking-understanding-donkey-behavior/"
p-203-a-16,লোহিত রক্তকণিকার বৈশিষ্ট্য কী?,প্রাণিবিদ্যা,1,+1,95,https://www.sciencebee.com.bd/qna/17844/%E0%A6%B0%E0%A6%95%E0%A7%8D%E0%A6%A4%E0%A6%95%E0%A6%A3%E0%A6%BF%E0%A6%95%E0%A6%BE%E0%A6%B0,"['এইচএসসি-প্রাণীবিজ্ঞান', 'লোহিত', 'রক্তকণিকা', 'বৈশিষ্ট্য']","লোহিত রক্তকণিকার বৈশিষ্ট্য:১. এদের আকৃতি অনেকটা দ্বি অবতল চাকতির মত।২. এদের নিউক্লিয়াস নেই।৩. লোহিত কণিকার বাইরের দিকে প্লাজমা আবরণী থাকে।৪. মানব ভ্রূণের প্রাথমিক পর্যায়ে কুসুম থলিতে, শেষ পর্যায়ে যকৃতে এবং জন্মের পর তা অস্থিমজ্জায় লোহিত রক্তকণিকা তৈরী করে।৫. এদের নিউক্লিয়াস, মাইটোকন্ড্রিয়া, RNA, গলগি বস্তু কিছুই থাকে না।৬. লোহিত রক্তকণিকার গড় আয়ু ১২০ দিন।৭. লোহিত রক্তকণিকা গুলো যকৃত ও প্লীহায় ধ্বংস প্রাপ্ত হয়।"
p-203-a-17,রক্তের সংজ্ঞা কী?,প্রাণিবিদ্যা,1,+1,355,https://www.sciencebee.com.bd/qna/17842/%E0%A6%B0%E0%A6%95%E0%A7%8D%E0%A6%A4%E0%A7%87%E0%A6%B0-%E0%A6%B8%E0%A6%82%E0%A6%9C%E0%A7%8D%E0%A6%9E%E0%A6%BE,"['এইচএসসি-প্রাণীবিজ্ঞান', 'রক্ত', 'সংজ্ঞা']",রক্ত হচ্ছে এক ধরণের লাল বর্ণের তরল যোজক কলা। এটি পূর্ণাঙ্গ সুস্থ মানুষের দেহে ৫-৬ লিটার থাকে। রক্তের PH ৭.৩৫-৭.৪৫। অর্থাৎ রক্ত সামান্য ক্ষারীয়। এর তাপমাত্রা ৩৬°C-৩৮°C। এর আপেক্ষিক গুরুত্ব পানির চেয়ে বেশি। রক্তের আপেক্ষিক গুরুত্ব ১.০৬৫। অজৈব লবনের উপস্থিতির জন্য এর স্বাদ নোনতা।রক্তকে টেস্টটিউবে সেন্ট্রিফিউগাল যন্ত্রের সাহায্যে ১৫ – ৩০ মিনিটে ১০০০ বার করে ২০০০ বার ঘুরালে দুটি স্তরে বিভক্ত হবে। এর উপরে হালকা হলুদ বর্ণের যে ৫৫% যে স্তরটি দেখা যাবে তার নাম হচ্ছে রক্তরস। আর বাকি ৪৫% নিচের দিকে গাঢ়তর অংশটি হচ্ছে রক্ত কণিকা।
p-203-a-18,Pupil ও Student এর মধ্যে পার্থক্য কী?,লাইফ,1,+2,95,https://www.sciencebee.com.bd/qna/17807/student-%E0%A6%AA%E0%A6%BE%E0%A6%B0%E0%A7%8D%E0%A6%A5%E0%A6%95%E0%A7%8D%E0%A6%AF,"['pupil', 'student']","সাধারণত কোনো শিক্ষকের সরাসরি তত্ত্বাবধানে শিক্ষা গ্রহণকারী বা নিচের শ্রেণীর শিক্ষার্থীর ক্ষেত্রে Pupil (স্কুল মাধ্যমিক),আর কলেজ ও বিশ্ববিদ্যালয় শিক্ষার্থীদের ক্ষেত্রে Student ব্যবহৃত হয়।"
p-203-a-19,নটিক্যাল মাইল বলতে কী বোঝায়?,প্রযুক্তি,1,+2,82,https://www.sciencebee.com.bd/qna/17803/%E0%A6%A8%E0%A6%9F%E0%A6%BF%E0%A6%95%E0%A7%8D%E0%A6%AF%E0%A6%BE%E0%A6%B2-%E0%A6%AC%E0%A7%8B%E0%A6%9D%E0%A6%BE%E0%A6%AF%E0%A6%BC,"['নটিক্যাল', 'মাইল']","নটিক্যাল মাইল হলো নাবিকদের দুরত্ব নির্ণায়ক মাপবিশেষ বা নৌমাইল।১নটিক্যাল মাইল সমান ১.৮৫২কিমি বা ৬,০৭৬ ফুট(প্রায়)।"
p-203-a-20,জিনোটাইপ ও ফিনোটাইপ বলতে কী বোঝায়?,জীববিজ্ঞান,1,+9,"1,673",https://www.sciencebee.com.bd/qna/17801/%E0%A6%9C%E0%A6%BF%E0%A6%A8%E0%A7%8B%E0%A6%9F%E0%A6%BE%E0%A6%87%E0%A6%AA-%E0%A6%AB%E0%A6%BF%E0%A6%A8%E0%A7%8B%E0%A6%9F%E0%A6%BE%E0%A6%87%E0%A6%AA,"['জিনোটাইপ', 'ফিনোটাইপ']","ফিনোটাইপ হল বাহ্যিক বৈশিষ্ট্য, আর জিনোটাইপ হল যে জিনের কারণে কোন ফিনোটাইপ পাওয়া যায়, সেই জিনযুগলের গঠন।যখন কোন জনগোষ্ঠীতে বিভিন্ন প্রাণী একই জিনের বিভিন্ন সংস্করণ বহন করে, তখন ওই প্রত্যেকটি সংস্করণকে এলেল বলে। এই জিনগত প্রকরণই ফেনোটাইপিক বৈশিষ্ট্যসমূহের ভিত্তি। একটা প্রচলিত উদাহরণ হল চোখের রঙের জন্য কিছু বিশেষ জিন মিশ্রণ যা মানুষের ক্ষেত্রে, কাল, নীল, সবুজ প্রভৃতি রঙের চোখ সৃষ্টি করতে পারে। একই জনপুঞ্জের সদস্যরা সবাই যদি একটা বিশেষ বৈশিষ্ট্যের এলেল বহন করে এবং এই অবস্থা যদি সুস্থিত হয়, তবে বলা হয়ে থাকে যে এলেলটি জনপুঞ্জে প্রোথিত হয়ে গিয়েছে। কিছু কিছু বৈশিষ্ট্য শুধু একটি জিন দ্বারা নির্ধারিত হয়, কিন্তু বেশিরভাগ বৈশিষ্ট্যের পেছনেই একাধিক জিনের ভূমিকা থাকে। ওই জিনসমষ্টির যেকোন একটি পরিবর্তিত হলে ফেনোটাইপে খুবই ক্ষুদ্র পরিবর্তন পরিলক্ষিত হতে পারে; এই জিনসমষ্টির মধ্যে প্রকরণ এভাবে সম্ভাব্য ফেনোটাইপের একটি পরম্পরা সৃষ্টি করতে পারে।আর জিনোটাইপ হল যে জিনের কারণে কোন ফিনোটাইপ পাওয়া যায়, সেই জিনযুগলের গঠন।"
p-203-a-21,ফাইবার গ্লাস কী?,প্রযুক্তি,1,+2,49,https://www.sciencebee.com.bd/qna/17799/%E0%A6%AB%E0%A6%BE%E0%A6%87%E0%A6%AC%E0%A6%BE%E0%A6%B0-%E0%A6%97%E0%A7%8D%E0%A6%B2%E0%A6%BE%E0%A6%B8,"['ফাইবার', 'গ্লাস']",ফাইবার গ্লাস হল খুব সুক্ষ্ম কাচের বস্তু।এর ব্যাস এক মিটারের দশ লক্ষ ভাগের এক ভাগেরও কম।গাড়ির বিভিন্ন অংশ ও অন্যান্য দ্রব্য তৈরিতে এটা ব্যবহৃত হয়।
p-203-a-22,এমন ১০ টি সমস্যা কথা বলুন যা সমাধান করা সম্ভব না।,চিন্তা ও দক্ষতা,1,+3,92,https://www.sciencebee.com.bd/qna/17785/%E0%A6%B8%E0%A6%AE%E0%A6%B8%E0%A7%8D%E0%A6%AF%E0%A6%BE-%E0%A6%B8%E0%A6%AE%E0%A6%BE%E0%A6%A7%E0%A6%BE%E0%A6%A8,"['সমস্যা', 'জেনেটিক', '#biology']","সমস্যা যদি একটা শক্তির উৎস হত তবে একে খুব করে নবায়নযোগ্য বলা যেত। কারণ, আমাদের জীবনে একটা সমস্যা শেষ হতে না হতেই উৎপত্তি ঘটে যায় আরো বহু সমস্যার। এভাবে জীবন সামনে এগুতেই থাকে একেকটা সমস্যার উপরে ভর করে। কিন্তু, আমাদের জীবনে এমন কোনো সমস্যাই নেই যার কিনা সমাধান করা সম্ভব না। কোনো সমস্যাই বড় না, যদি সমাধানটা তার চেয়েও বড় হয় আর সেই বড় সমাধান বের করার ১০টি ধাপই আজকে আমরা জানব।"
p-203-a-23,ঘাসফড়িং এর দেহে কত ধরণের অন্তঃক্ষরা গ্রন্থি পাওয়া যায়?,প্রাণিবিদ্যা,1,+1,775,https://www.sciencebee.com.bd/qna/17782/%E0%A6%85%E0%A6%A8%E0%A7%8D%E0%A6%A4%E0%A6%83%E0%A6%95%E0%A7%8D%E0%A6%B7%E0%A6%B0%E0%A6%BE,"['এইচএসসি-প্রাণীবিজ্ঞান', 'ঘাসফড়িং', 'দেহ', 'অন্তঃক্ষরা', 'গ্রন্থি']",ঘাসফড়িং এর দেহে ৪ ধরণের অন্তঃক্ষরা গ্রন্থি পাওয়া যায়। যথাঃইন্টারসেরিব্রাল গ্রন্থি কোষঃ মস্তিষ্কে অবস্থানকারী এ গ্রন্থিকোষগুলো প্রোথোরাসিকোট্রপিক হরমোন বা মস্তিষ্ক হরমোন নিঃসরণ করে যা প্রোথোরাসিক গ্রন্থিকে হরমোন নিঃসরণে উদ্দীপিত করে।প্রোথোরাসিক গ্রন্থিঃ অগ্রবক্ষে অবস্থিত এ গ্রন্থিগুলো একডাইসোন হরমোন নিঃসরণ করে যা নিম্ফ দশায় নির্মোচন বা মোল্টিং নিয়ন্ত্রণ করে দেহের টিস্যু বৃদ্ধিতে সহায়তা করে।করপোরা অ্যালাটাঃ নিম্ফ দশায় এ গ্রন্থি জুভেনাইল হরমোন নিঃসরণ করে যা নিম্ফদশার বৈশিষ্ট্য নির্ধারণ করে। প্রাপ্ত বয়স্কদের গোনাডোট্রপিক হরমোন নিঃসৃত হয় যা প্রাপ্তবয়স্কদের জনন অঙ্গের পরিণতি ঘটায়।করপোরা কার্ডিয়াকাঃ এ হরমোন রূপান্তরে প্রধান ভুমিকা পালন না করলেও গ্রোথ হরমোন নিঃসরণ করে।
