id,question,question_category,number_of_answer,number_of_vote,number_of_view,answer_link,question_tag,answer
p-197-a-0,মোটিভেশন (Motivation) বা প্রেরণাদায়ক উদ্দীপনা বলতে কী বুঝায়?,প্রাণিবিদ্যা,1,0,73,https://www.sciencebee.com.bd/qna/18275/%E0%A6%AA%E0%A7%8D%E0%A6%B0%E0%A7%87%E0%A6%B0%E0%A6%A3%E0%A6%BE%E0%A6%A6%E0%A6%BE%E0%A7%9F%E0%A6%95,"['এইচএসসি-প্রাণীবিজ্ঞান', 'মোটিভেশন', 'motivation', 'প্রেরণাদায়ক', 'উদ্দীপনা']",যেকোনো প্রকারের উদ্দীপনার প্রতি আচরণগত সাড়াকে মোটিভেশন বলা হয়। উদ্দীপনার প্রতি সাড়া দেওয়ার ইচ্ছাটাই মূলত মোটিভেশন। উদ্দীপনাগুলো বাহ্যিক হতে পারে আবার অভ্যন্তরীণও হতে পারে। যেমন: শীতকালে বেশিরভাগ সরিসৃপ শীতযাপন করে। এখানে শীতকালের পরিবেশগত পরিবর্তন বাহ্যিক উদ্দীপনা হিসেবে কাজ করে। আবার শীতযাপনের সময় দেহের সঞ্চিত চর্বি থেকে সরিসৃপরা শক্তি আহরণ করে আর এটি এক ধরনের অভ্যন্তরিণ উদ্দীপনা।
p-197-a-1,এইডসের প্রতীক লাল ফিতার তাৎপর্য কী?,মিথোলজি,2,+7,99,https://www.sciencebee.com.bd/qna/18270/%E0%A6%8F%E0%A6%87%E0%A6%A1%E0%A6%B8%E0%A7%87%E0%A6%B0-%E0%A6%A4%E0%A6%BE%E0%A7%8E%E0%A6%AA%E0%A6%B0%E0%A7%8D%E0%A6%AF,"['প্রতীক', 'এইডস']",লাল ভালােবাসার রঙ- আক্রান্তদের প্রতি ভালােবাসা। লাল অর্থ রক্ত- আক্রান্তদের কষ্টের প্রকাশ। লাল সাবধানতার প্রতীক- আক্রান্তদের সতর্ককরণ। ১৯৯২ সালের ইস্টার সানডেতে ইউরােপে লাল ফিতাকে এইডসের প্রতীক হিসেবে প্রথম ব্যবহার করা হয় ।
p-197-a-2,এইডসের প্রতীক লাল ফিতার তাৎপর্য কী?,মিথোলজি,2,+7,99,https://www.sciencebee.com.bd/qna/18270/%E0%A6%8F%E0%A6%87%E0%A6%A1%E0%A6%B8%E0%A7%87%E0%A6%B0-%E0%A6%A4%E0%A6%BE%E0%A7%8E%E0%A6%AA%E0%A6%B0%E0%A7%8D%E0%A6%AF,"['প্রতীক', 'এইডস']","Inspired by the yellow ribbons honoring American soldiers serving in the Gulf war, the artists chose to create a red ribbon tosymbolize support and solidarity for people living with HIVand to remember those who have died from AIDS-related illnesses.Source: unaids"
p-197-a-3,বাংলাদেশের কোন কোন জেলার ওপর দিয়ে ৯০° দ্রাঘিমা রেখা অতিক্রম করেছে?,বাংলাদেশ ও বিশ্ব,2,+5,162,https://www.sciencebee.com.bd/qna/18267/%E0%A6%AC%E0%A6%BE%E0%A6%82%E0%A6%B2%E0%A6%BE%E0%A6%A6%E0%A7%87%E0%A6%B6%E0%A7%87%E0%A6%B0,"['বাংলাদেশ', 'দ্রাঘিমা', 'জেলা']","৯০° দ্রাঘিমা রেখা বাংলাদেশে যে জেলাগুলাে অতিক্রম করেছে সেগুলাে হলাে- শেরপুর, জামালপুর, টাঙ্গাইল, মানিকগঞ্জ, ফরিদপুর, মাদারিপুর, গােপালগঞ্জ, বরিশাল, পিরােজপুর ও বরগুনা।"
p-197-a-4,বাংলাদেশের কোন কোন জেলার ওপর দিয়ে ৯০° দ্রাঘিমা রেখা অতিক্রম করেছে?,বাংলাদেশ ও বিশ্ব,2,+5,162,https://www.sciencebee.com.bd/qna/18267/%E0%A6%AC%E0%A6%BE%E0%A6%82%E0%A6%B2%E0%A6%BE%E0%A6%A6%E0%A7%87%E0%A6%B6%E0%A7%87%E0%A6%B0,"['বাংলাদেশ', 'দ্রাঘিমা', 'জেলা']","৯০&deg; দ্রাঘিমা যে জেলার মধ্যে দিয়ে অতিক্রম করেছে তা হলো-বরিশাল,শেরপুর,জামালপুর,টাঙ্গাইল,ফরিদপুর, মানিকগঞ্জ,পিরোজপুর ও বরগুনা।"
p-197-a-5,অ্যান্টার্কটিক তুন্দ্রা বলতে কী বুঝায়?,জীববিজ্ঞান,1,0,109,https://www.sciencebee.com.bd/qna/18265/%E0%A6%85%E0%A7%8D%E0%A6%AF%E0%A6%BE%E0%A6%A8%E0%A7%8D%E0%A6%9F%E0%A6%BE%E0%A6%B0%E0%A7%8D%E0%A6%95%E0%A6%9F%E0%A6%BF%E0%A6%95,"['এইচএসসি-উদ্ভিদবিজ্ঞান', 'অ্যান্টার্কটিক', 'তুন্দ্রা']","দক্ষিণ মেরু বা অ্যান্টার্কটিক এলাকার আবহাওয়া গাছপালা এবং প্রাণীকূলের বেঁচে থাকার জন্যে ভীষণ প্রতিকূল। উপকূলীয় অঞ্চলে তাপমাত্রা কিছুটা কম হলেও গভীর এলাকায় শীতকালীন তাপমাত্রা  -২৮ থেকে -৬০ ডিগ্রি, যেখানে সর্বনিম্ন রেকর্ড করা হয়েছে -৮৯.২ ডিগ্রি। পৃথিবীর সবচেয়ে শীতল, শুষ্ক এবং সর্বাধিক ঝড়ো-হাওয়াময় এহেন অঞ্চলে তুষারপাত হয় কিন্তু সে তুষার গলতে পারে না যথেষ্ট তাপের অভাবে, বছরের পর বছর কেবল জমতেই থাকে।সংখ্যায় নগণ্য হলেও দক্ষিণ মেরুর তুন্দ্রা অঞ্চলে পেঙ্গুয়িন এবং সিল জাতীয় কিছু প্রাণী বাস করে, কিছু গাছও জন্মায় বিশেষ করে যে সব জায়গায় শিলাখণ্ড উন্মুক্ত হয়ে যায় বা মাটি বেরিয়ে পড়ে।"
p-197-a-6,অ্যালপাইন তুন্দ্রা বলতে কী বুঝায়?,জীববিজ্ঞান,1,0,106,https://www.sciencebee.com.bd/qna/18263/%E0%A6%85%E0%A7%8D%E0%A6%AF%E0%A6%BE%E0%A6%B2%E0%A6%AA%E0%A6%BE%E0%A6%87%E0%A6%A8-%E0%A6%A4%E0%A7%81%E0%A6%A8%E0%A7%8D%E0%A6%A6%E0%A7%8D%E0%A6%B0%E0%A6%BE,"['এইচএসসি-উদ্ভিদবিজ্ঞান', 'অ্যালপাইন', 'তুন্দ্রা']","হিমালয়, উত্তর আমেরিকা, নরওয়ে ও সাইবেরিয়ান অঞ্চলের উঁচু উঁচু পাহাড় এই তুন্দ্রার অন্তর্ভুক্ত। এখানকার বাতাসে অক্সিজেনের পরিমাণ অনেক কম। এছাড়াও এখানকার উদ্ভিদ সারা বছরে মাত্র ৬ থেকে ৮ সপ্তাহ সালোকসংশ্লেষণ করতে পারে বলে এদের বৃদ্ধি খুব কম। তাই এখানে ছোট প্রজাতির উদ্ভিদ জন্মে থাকে।"
p-197-a-7,আর্কটিক তুন্দ্রা বলতে কী বুঝায়?,জীববিজ্ঞান,1,0,70,https://www.sciencebee.com.bd/qna/18261/%E0%A6%86%E0%A6%B0%E0%A7%8D%E0%A6%95%E0%A6%9F%E0%A6%BF%E0%A6%95-%E0%A6%A4%E0%A7%81%E0%A6%A8%E0%A7%8D%E0%A6%A6%E0%A7%8D%E0%A6%B0%E0%A6%BE,"['এইচএসসি-উদ্ভিদবিজ্ঞান', 'আর্কটিক', 'তুন্দ্রা']","প্যালিআর্কটিক ও নিআর্কটিক এর বিশাল অংশ জুড়ে এই ধরণের তুন্দ্রা বায়োম অবস্থিত। উত্তর আমেরিকা, ইউরোপের উত্তরাংশ এবং সাইবেরিয়ার প্রায় ৫০ লক্ষ একর এলাকার আর্কটিক তুন্দ্রার অন্তর্ভুক্ত। এখানে মস, লাইকেন, ঘাস জন্মালেও কোনো প্রকারের বৃক্ষ প্রজাতির উদ্ভিদ জন্মায় না। এখান বসবাস করা প্রাণীদের মধ্যে রয়েছে, বল্গা হরিণ, মেরু খেঁক শিয়াল ইত্যাদি।"
p-197-a-8,মরুভূমির উদ্ভিদ ও প্রাণীর অভিযোজন কেমন হয়?,জীববিজ্ঞান,2,0,554,https://www.sciencebee.com.bd/qna/18259/%E0%A6%AE%E0%A6%B0%E0%A7%81%E0%A6%AD%E0%A7%82%E0%A6%AE%E0%A6%BF%E0%A6%B0-%E0%A6%AA%E0%A7%8D%E0%A6%B0%E0%A6%BE%E0%A6%A3%E0%A7%80%E0%A6%B0,"['এইচএসসি-উদ্ভিদবিজ্ঞান', 'মরুভূমির', 'উদ্ভিদ', 'প্রাণী', 'অভিযোজন']","মরুভূমির উদ্ভিদের ক্ষেত্রে মূলত দুই ধরনের অভিযোজন দেখা যায়। প্রথমত, বেশী করে পানি শোষন করা, আর দ্বিতীয়ত পানি অপচয় রোধ করা।মরুভূমিতে মাটির অনেক গভীর পর্যন্ত পানি থাকে না, তাই মাটির অনেক গভীর পর্যন্ত মূল বিস্তৃত থাকে।অতিরিক্ত পানি অপচয় রোধের জন্য গাছ গুলো সাধারণত ঝোপাকৃতির হয়। অর্থাৎ, অতিরিক্ত পাতা ঝরে গিয়ে, যে সব পাতা থাকে তাদের কিউটিকল আবরণের পুরুত্ব বাড়িয়ে প্রস্বেদন হার কমিয়ে ফেলে।অনেক সময় গাছের পাতা গুলো কাঁটার মত হয়ে যায়। পাতার টিস্যুর অনেক গভীরে পাতার পত্ররন্ধ্র লুকানো থাকে। অতিরিক্ত পানি জমিয়ে রাখার জন্য পাতা গুলো অনেক রসালো হয়ে যায়।আবার মরুভূমিতে খুব কম প্রাণীই থাকে। যারা থাকে তারা দিনের তীব্র রোদের মধ্যে গর্তে লুকানো থাকে, রাতে খাবারের খোঁজে বের হয়। এদের দেহের ত্বক পুরু থাকে বলে পানি অপচর কম হয় ও বেশী তাপ সহ্য করতে পারে। এদের নাকের ছিদ্র অনেক সরু থাকে, কানের ছিদ্র লোমাবৃত থাকে এবং চোখ ঢেকে রাখার আলাদা ব্যবস্থা থাকে। এরা নিশাচর হয়।"
p-197-a-9,মরুভূমির উদ্ভিদ ও প্রাণীর অভিযোজন কেমন হয়?,জীববিজ্ঞান,2,0,554,https://www.sciencebee.com.bd/qna/18259/%E0%A6%AE%E0%A6%B0%E0%A7%81%E0%A6%AD%E0%A7%82%E0%A6%AE%E0%A6%BF%E0%A6%B0-%E0%A6%AA%E0%A7%8D%E0%A6%B0%E0%A6%BE%E0%A6%A3%E0%A7%80%E0%A6%B0,"['এইচএসসি-উদ্ভিদবিজ্ঞান', 'মরুভূমির', 'উদ্ভিদ', 'প্রাণী', 'অভিযোজন']","মরূভূমির উদ্ভিদের অভিযোজনঃমরুজ উদ্ভিদ বা জেরোফাইট (গ্রীকξηρόςxerosশুষ্ক, φυτόνphutonউদ্ভিদ) হ'লউদ্ভিদ-এর একটি প্রজাতি, যারাঅভিযোজনক্ষমতার সাহায্যেমরুভূমিরমতো শুষ্ক বালুকাময় বাআল্পস,আর্কটিক-এর মতো বরফ অথবা তুষর-আচ্ছাদিত অঞ্চল, যেখানে অতি সামান্য তরল জল মেলে, তেমন পরিবেশে টিকে থাকতে পারে। মরুজ উদ্ভিদের জনপ্রিয় উদাহরণ,ক্যাকটাস,আনারসএবং কিছুজিমনোস্পার্ম উদ্ভিদ।মরুজ উদ্ভিদের গঠনগত বৈশিষ্ট্য (মরফোলজি) এবং মৌলিক রাসায়নিক প্রক্রিয়া (ফিজিওলজি)গুলির প্রায় সবই হলো মূলত জল সংরক্ষণের জন্য বিভিন্নভাবে অভিযোজিত হওয়া, এবং শুকনো মৌসুমের জন্য প্রচুর পরিমাণে জল সঞ্চয় করা। কিছু প্রজাতির উদ্ভিদ দীর্ঘমেয়াদী প্রচন্ড শুষ্কতায় বা তাদেরকলাসমষ্টিরবিশুষ্কীকরণ-এও বেঁচে থাকে। সে সময়ে তারা তাদেরবিপাকীয় কার্যাবলীকেকার্যত বন্ধ করে দেয়। উদ্ভিদের এই রকম গঠনগত ও শারীরবৃত্তীয় অভিযোজনকে বলা হয়জেরোমরফিক।[১]ক্যাকটাসের মতো মরুজ উদ্ভিদ, মাটির গভীরে তাদের শিকড় প্রসারিত করে জল সঞ্চয় করার ক্ষমতা রাখে এবং শুষ্ক পরিবেশ সামাল দেয়। কাঁটাযুক্ত পাতাগুলিতে মোমের আস্তরণ থাকায়, জল এবং আর্দ্রতা হ্রাস, রোধ করে। এমনকি তাদের মাংসল কাণ্ড, জল সঞ্চয় করতে পারে।মরুজ উদ্ভিদ নিম্নলিখিত অভিযোজন গুলো দেখা যায়-১)কাণ্ড চ্যাপ্টা, সবুজ ও রসালো এবং কিউটিকল পুরু এবং মম জাতীয় আবরণে আবৃত থাকে। কাণ্ড সবুজ হওয়াই সালোক সংশ্লেষ হতে সক্ষম। পত্ররন্দ্র থাকে না এবং পুরু কিউটিকল এর জন্য জল বাষ্পীভূত হতে পারে না।২)পাতা কাঁটাই রুপান্তরিত হয় অথবা ক্ষুদ্রাকার এবং পুরু কিউটিকোল যুক্ত, যাতে বস্পোমোচোন রোধ হয় ।৩)প্রধান মূল খুব দীর্ঘ হওয়াই জলের সন্ধানে মাটির গভীরে প্রবেশ করে ।৪)পার্শীয় মূলগুলো মাটির নীচেই ছড়িয়ে থাকে, যাতে অল্প বৃষ্টির জলও দ্রুত শোষণ করতে পারে ।৫)কণ্টক এবং রোম তৃণভোজী প্রাণীদের থেকে আত্মরক্ষায় সাহায্য করে ।(উইকিপিডিয়া)মরুভূমির প্রাণীদের অভিযোজনঃকিছুমরুভূমি প্রাণীবেশিরভাগ প্রতিনিধি হলেন উট, ডিঙ্গো, কোয়োট, জারবিল, মরুভূমি বিচ্ছু, অন্যদের মধ্যে। মরুভূমিতে বাস করা প্রাণীগুলির প্রায়শই অভিযোজন পদ্ধতি রয়েছে যা তাদের এই বাস্তুতন্ত্রের চরম পরিস্থিতিতে বেঁচে থাকতে দেয়। উদাহরণস্বরূপ, উট এবং ড্রোমডারিগুলি জল খাওয়া ছাড়াই দীর্ঘ সময় ধরে যেতে পারে।মরুভূমি এমন অঞ্চল যেখানে বৃষ্টিপাত খুব কম এবং গরম বা ঠান্ডা হতে পারে। এটি বিভিন্ন ধরণের মরুভূমি, যেমন সাহারা মরুভূমি, মার্কিন যুক্তরাষ্ট্রের দক্ষিণ-পশ্চিম মরুভূমি এবং অ্যান্টার্কটিকার মরুভূমি তৈরি করে।এই কঠোর পরিস্থিতি সত্ত্বেও, মরুভূমিগুলি উদ্ভিদ এবং প্রাণী উভয় প্রকারের বিভিন্ন প্রজাতির বাসস্থান। তদুপরি, এটিও বলা যেতে পারে যে, এই অবস্থার কারণে এমন কোন পরিবেশ নেই যেখানে প্রজাতির বিবর্তন মরুভূমি বাস্তুতন্ত্রের চেয়ে বেশি সঠিকভাবে প্রমাণিত। (লেখাঃWARBLETONCOUNCIL)"
p-197-a-10,ইকোলজিক্যাল পিরামিড বলতে কী বুঝায়?,জীববিজ্ঞান,1,0,129,https://www.sciencebee.com.bd/qna/18257/%E0%A6%87%E0%A6%95%E0%A7%8B%E0%A6%B2%E0%A6%9C%E0%A6%BF%E0%A6%95%E0%A7%8D%E0%A6%AF%E0%A6%BE%E0%A6%B2,"['এইচএসসি-উদ্ভিদবিজ্ঞান', 'ইকোলজিক্যাল', 'পিরামিড']","প্রতিটি অঞ্চলে বিস্তর উৎপাদক থাকে, এদের চেয়ে সংখ্যায় অনেক কম থাকে প্রাথমিক স্তরের খাদক বা প্রাইমারী খাদক , এই প্রাথমিক স্তরের খাদকের চেয়ে সংখ্যায় কম থাকে দ্বিতীয় স্তরের খাদক বা সেকেন্ডারী খাদক , এদের চেয়ে সংখ্যায় আরো কম থাকে তৃতীয় স্তরের খাদক বা টারশিয়ারী খাদক । এই ভাবে ক্রমান্বয়ে চলতে চলতে সব শেষে পাওয়া যায় সর্বোচ্চ স্তরের খাদক । এই সকল স্তরের খাদক গুলো মিলিয়ে তৈরী হয় খাদ্যশৃঙ্খল। যেহেতু খাদ্যশৃঙ্খলে বিভিন্ন জীব স্তরে স্তরে বিভক্ত থাকে। কোন এলাকায় খাদ্যশৃঙ্খলের বিভিন্ন স্তরের প্রাণীদের সংখ্যা, তাদের ভর ও খাদ্য গ্রহনের পরে এক স্তর থেকে পরের স্তরে কতটুক শক্তি প্রবাহিত হচ্ছে তার উপর ভিত্তি করে উৎপাদক থেকে শুরু করে সর্বোচ্চ স্তরের খাদক পর্যন্ত প্রাণীদের কে সাজালে একটি সুন্দর পিরামিড আকারের নকশা পাওয়া যায়। একে ইকোলজিক্যাল পিরামিড বলে।"
p-197-a-11,ইরাইথ্রোপোয়েটিনের কাজ কী?,জীববিজ্ঞান,1,+1,86,https://www.sciencebee.com.bd/qna/18254/%E0%A6%87%E0%A6%B0%E0%A6%BE%E0%A6%87%E0%A6%A5%E0%A7%8D%E0%A6%B0%E0%A7%8B%E0%A6%AA%E0%A7%8B%E0%A7%9F%E0%A7%87%E0%A6%9F%E0%A6%BF%E0%A6%A8%E0%A7%87%E0%A6%B0,"['এইচএসসি-উদ্ভিদবিজ্ঞান', 'ইরাইথ্রোপোয়েটিন', 'কাজ']",ইরাইথ্রোপয়েটিন কিডনি থেকে আমাদের রক্তে আসে এবং রক্তের মাধ্যমে প্রবাহিত হয়ে Bone marrow বা অস্থি মজ্জায় চলে আসে। এখানে আসার পর এখানের স্থানীয় কোষ গুলোকে উত্তেজিত করে। এর ফলে অস্থি মজ্জার স্থানীয় কোষ গুলো লোহিত রক্ত কণিকা তৈরী করে।
p-197-a-12,ইনসুলিনের কাজ কী?,জীববিজ্ঞান,1,+1,195,https://www.sciencebee.com.bd/qna/18252/%E0%A6%87%E0%A6%A8%E0%A6%B8%E0%A7%81%E0%A6%B2%E0%A6%BF%E0%A6%A8%E0%A7%87%E0%A6%B0-%E0%A6%95%E0%A6%BE%E0%A6%9C,"['এইচএসসি-উদ্ভিদবিজ্ঞান', 'ইনসুলিন', 'কাজ']","কার্বহাইড্রেট জাতীয় খাবার খেলে আমাদের রক্তে শর্করার পরিমাণ বেড়ে যায়। আমাদের অগ্নাশয়ের বিটা কোষের গায়ে কিছু রিসিপ্টর প্রোটিন লেগে থাকে যা রিসিপ্টরের সাহায্যে বিটা কোষকে খবর পৌঁছে দেয় যে রক্তে শর্করার পরিমাণ বেড়ে গেছে, তোমার এখন ইনসুলিন ক্ষরণ করা লাগবে। তখন বিটা কোষ ইনসুলিন রক্তে ছেড়ে দেয়, যা রক্তের মাধ্যমে আমাদের যকৃত কোষ ও পেশী কোষে যে রিসিপ্টর প্রোটিন থাকে সেগুলোর মাধ্যমে যকৃত ও পেশী কোষকে খবর দেয় যে রক্তে শর্করার পরিমাণ বেড়ে গেছে এবং তোমাদের এখন নিজেদের ভিতরে শর্করা ঢুকিয়ে ফেলতে হবে। তখন, যকৃত ও পেশী কোষ বিভিন্ন ভাবে নিজেদের মধ্যে শর্করা ঢুকিয়ে ফেলে। এই কারণে রক্তে যে শর্করার পরিমাণ বেড়ে গেছিলো তা আবার কমে যায়।"
p-197-a-13,টিস্যু কালচার পদ্ধতির কী কী সুবিধা আর অসুবিধা রয়েছে?,জীববিজ্ঞান,1,0,526,https://www.sciencebee.com.bd/qna/18250/%E0%A6%AA%E0%A6%A6%E0%A7%8D%E0%A6%A7%E0%A6%A4%E0%A6%BF%E0%A6%B0-%E0%A6%85%E0%A6%B8%E0%A7%81%E0%A6%AC%E0%A6%BF%E0%A6%A7%E0%A6%BE,"['এইচএসসি-উদ্ভিদবিজ্ঞান', 'টিস্যু', 'কালচার', 'সুবিধা', 'অসুবিধা']","সুবিধা:১. এই পদ্ধতিতে যেহেতু সরাসরি মাতৃউদ্ভিদের কোষ ব্যবহার করে নতুন চারার জন্ম দেয়া হচ্ছে, সুতরাং এই পদ্ধতিতে মাতৃউদ্ভিদের সকল গুণাগুণ নতুন উদ্ভিদে বজায় থাকে। চারা উৎপাদনের ক্ষেত্রে মাতৃউদ্ভিদের যেকোন ধরণের কোষ ব্যবহার করা যায়।২. এই পদ্ধতিতে কম সময়ে অধিক পরিমাণে চারা উৎপাদন করা যায়। এছাড়াও যে সকল গাছের বীজের মাধ্যমে বংশবৃদ্ধি হয় না, তাদের ক্ষেত্রে এই টিস্যু কালচার পদ্ধতি ব্যবহার করা হয়।অসুবিধা:টিস্যু কালচার পদ্ধতি বেশ ব্যয়বহুল পদ্ধতি। এছাড়াও, এই পদ্ধতিতে ব্যবহৃত যন্ত্রপাতি ও রাসায়নিক উপাদান গুলো দুষ্প্রাপ্য। সবচেয়ে বেশী সমস্যা যেটা হয়, তা হল এই পদ্ধতিতে উদ্ভিদের কোন নতুন বৈশিষ্ট্যের সৃষ্টি হয় না।"
p-197-a-14,শ্বসন বলতে কী বুঝায়?,জীববিজ্ঞান,1,0,194,https://www.sciencebee.com.bd/qna/18248/%E0%A6%B6%E0%A7%8D%E0%A6%AC%E0%A6%B8%E0%A6%A8-%E0%A6%AC%E0%A7%81%E0%A6%9D%E0%A6%BE%E0%A7%9F,"['এইচএসসি-উদ্ভিদবিজ্ঞান', 'শ্বসন']","আমরা জানি যেকোনো কিছু করার জন্যই শক্তি প্রয়োজন। ঠিক তেমনই সকল জীবের প্রতিদিন প্রতিনিয়ত বিরতিহীনভাবে বিভিন্ন কাজ করতে হয়। তা যেকোনো বাহ্যিক কাজই হোক বা কোষের অভ্যন্তরীণ রাসায়নিক ক্রিয়া বিক্রিয়া। এদের সবার জন্য চাই শক্তি। আর ইঞ্জিনের মতো এই সকল শক্তির জ্বালানি হিসেবে কাজ করে আমরা খাদ্য হিসেবে যা গ্রহন করি। যেমন- কার্বোহাইড্রেট, প্রোটিন, লিপিড ইত্যাদি। আর এর মধ্যে কার্বোহাইড্রেটই হল শক্তির প্রধান উৎস।আমরা ইঞ্জিন এ যে জ্বালানি দেই তা কি একবারেই সব শক্তি দিয়ে দেয়? না, আমরা একটু একটু করে শক্তি পাই। ঠিক তেমনি জীবদেহেও একই ঘটনা ঘটে। গ্লুকোজে যে স্থির শক্তি জমা থাকে তা একবারে সবটুকু মুক্ত হয় না। বরং একটু একটু করে মুক্ত হয়। আর এই শক্তির নিয়ন্ত্রিত মুক্তি নিয়ন্ত্রণ করে বিভিন্ন এনজাইম। এনজাইমগুলো বিভিন্ন ক্রিয়া বিক্রিয়ার মাধ্যমে শক্তিকে ক্রমান্বয়ে স্থির শক্তি থেকে কাজ করার উপযোগী গতিশক্তিতে পরিণত করে। আর এই গতি শক্তি কাজে লাগিয়ে জীবদেহের সকল কাজ পরিচালিত হয়।অর্থাৎ ইঞ্জিনের জ্বালানি যেমন জারিত হয়ে শক্তি সরবরাহ করে, তেমনি জীবদেহে কার্বোহাইড্রেটও বিভিন্ন নিয়মবদ্ধ জারণ বিজারণ বিক্রিয়ার মাধ্যমে শক্তি সরবরাহ করে। এই বিক্রিয়াগুলোকেই একসাথে শ্বসন বলে।"
p-197-a-15,বেলুগা তিমি কী?,প্রাণিবিদ্যা,1,0,174,https://www.sciencebee.com.bd/qna/18246/%E0%A6%AC%E0%A7%87%E0%A6%B2%E0%A7%81%E0%A6%97%E0%A6%BE-%E0%A6%A4%E0%A6%BF%E0%A6%AE%E0%A6%BF,"['বেলুগা', 'তিমি']","প্রচণ্ড ঠাণ্ডা আবহাওয়ায় বরফের মাঝে টিকে থাকার ক্ষমতাসম্পন্ন প্রাণীর সংখ্যা কম নয়। তাই আর্কটিক বা উত্তর মেরুর বরফাচ্ছাদিত অঞ্চলে গড়ে উঠেছে স্বতন্ত্র এক বাস্তুসংস্থান। এ ধরনের পরিবেশে কয়েক কোটি বছরের বেশি সময় ধরে বাস করছে বেলুগা তিমি। এরা সাদা তিমি নামেও পরিচিত। সুমধুর কণ্ঠের জন্য এরা বিখ্যাত। পূর্ণবয়স্ক বেলুগা তিমির সারা শরীর সাদা হলেও বাচ্চা অবস্থায় গায়ের রং থাকে গাঢ় ধূসর। মাথা সামনের দিকে উঁচু। তাই এদের আলাদা করে চিনে নিতে কোনো বেগ পেতে হয় না। এরা সমুদ্রের আটশ’ মিটার গভীর পর্যন্ত যেতে পারে এবং এক ডুবে প্রায় ২৫ মিনিট পানির নিচে থাকতে পারে। অন্যান্য তিমির মতো বেলুগার পিঠে পাখনা নেই।অতিরিক্ত ঠাণ্ডায় শরীরের তাপমাত্রা ধরে রাখতে বেলুগার শরীরে বেশ কিছু অভিযোজন ঘটেছে। পিঠের পাখনা বিলুপ্তিও এ ধরনের একটি প্রক্রিয়া। বেলুগা তিমি মাথা ওপর-নিচে, ডানে-বায়ে বিভিন্ন দিকে ঘোরাতে পারে। এরা সামাজিক দলবদ্ধ প্রাণী এবং এক একটি দলে সাধারণত দশটি তিমি থাকে। পরিযায়নের সময় কয়েকটি দল মিলে কয়েকশ’ তিমির দল হয়। এরা নিজেদের মধ্যে কথা বার্তা বলে, যেমন- শিস দিয়ে, ঝনঝন শব্দ করে ভাব বিনিময় করে। স্তন্যপায়ী বেলুগা তিমি মাছ, খোলসওয়ালা প্রাণী, কৃমি সবই খায়। প্রতি তিন বছর পরপর একটি শাবকের জন্ম দেয়।ক্রেডিট: যুগান্তর"
p-197-a-16,উটকে জীবিত সাপ খাওয়ানো হয় কেন?,তত্ত্ব ও গবেষণা,2,0,309,https://www.sciencebee.com.bd/qna/18244/%E0%A6%9C%E0%A7%80%E0%A6%AC%E0%A6%BF%E0%A6%A4-%E0%A6%96%E0%A6%BE%E0%A6%93%E0%A7%9F%E0%A6%BE%E0%A6%A8%E0%A7%8B,"['উট', 'সাপ', 'খাওয়া']","অনেক সময় উট নিজ থেকেই সাপ খেয়ে ফেলে অথবা তাকে সাপ খাওয়ানো হয়, যার কারনে উটের প্রচন্ড তৃষ্ণা হয়। এবং উটের চোখ থেকে পানি বের হতে থাকে আর এর পানির ব্যাপারে গবেষকগন বলেন যে উটের এ চোখের পানি খুবই মূল্যবান পানি। সে জন্য এ চোখের পানিকে বিজ্ঞ লোকেরা ছোট চামড়ার থলেতে সংরক্ষন করে রাখে। কেননা এ পানি অন্য পানি থেকে সম্পূর্ণ আলাদা। পরবর্তীতে এই পানি থেকে বিভিন্ন বিষাক্ত প্রাণী কামড়ের প্রতিষেধক তৈরি করা হয়।তবে এর কোনো বৈজ্ঞানিক ভিত্তি নেই এখন পর্যন্ত।ক্রেডিট: নাফিসা তাসমিয়া"
p-197-a-17,উটকে জীবিত সাপ খাওয়ানো হয় কেন?,তত্ত্ব ও গবেষণা,2,0,309,https://www.sciencebee.com.bd/qna/18244/%E0%A6%9C%E0%A7%80%E0%A6%AC%E0%A6%BF%E0%A6%A4-%E0%A6%96%E0%A6%BE%E0%A6%93%E0%A7%9F%E0%A6%BE%E0%A6%A8%E0%A7%8B,"['উট', 'সাপ', 'খাওয়া']","""উটের একটি রোগ আছে যে রোগ হলে উট একদম খাওয়া-দাওয়া ছেড়ে দেয় এবং মৃত্যুর আগ পর্যন্ত উট তখন শুধু সুর্যের দিকেই শুধু তাকিয়ে থাকে। এ রোগটির নাম হল হায়াম।অনেকেরই এ রোগের বিষয়ে ধারণা না থাকায় উট খাওয়া-দাওয়া ছেড়ে দিলে উটের উপর নানা ধরনের জুলুম করে। কিন্তু এমন কাজ বর্জনীয়। উটের &ldquo;হায়াম&rdquo; নামক এ রোগের সুস্থতা নির্ভর করে জীবিত সাপকে গিলে ফেলার মাধ্যমে।আর সাপ গিলে ফেলার পর উটের ধীরে ধীরে তৃষ্ণার অনুভূতি হয় এবং ৮ ঘন্টা এ অবস্থায় থাকার পর সাপের বিষের যন্ত্রনায় উটের চোখ থেকে অঝোরে পানি পড়তে থাকে। এক পর্যায়ে প্রচন্ড তৃষ্ণার কারণে উট একদমে প্রচুর পানি পান করে। আর এভাবে উট পুনরায় খাওয়া-দাওয়া শুরু করে অর্থাৎ আরোগ্য লাভ করে।""এটা সব জায়গায় প্রচলিত। তবে এর কোনো সত্য ভিত্তি নেই/ট্রাস্টেড সোর্স নেই। বিষধর সাপ কামড় না দিলে যন্ত্রণা হবে না ৷ খেয়ে ফেললে সুন্দর করে হজম হয়ে যাবে কারণ সাপের মাংস তো প্রোটিন, বিষও প্রোটিন। ধর্মগত বিশ্বাস থেকে সাধারণত এটা খাওয়ানো হয়। তবে কোনো স্কোলার এ নিয়ে কিছু এখনো বলেনি।"
p-197-a-18,Sex এবং Gender শব্দ দুটির পার্থক‍্য কী?,বিবিধ,1,0,440,https://www.sciencebee.com.bd/qna/18242/gender-%E0%A6%AA%E0%A6%BE%E0%A6%B0%E0%A7%8D%E0%A6%A5%E0%A6%95%E2%80%8D%E0%A7%8D%E0%A6%AF,"['sex', 'gender']","Sex ও Gender দুটি শব্দ একই অর্থ প্রকাশের জন্য ব্যবহার করা হয়, যেটা আসলে ভুল। সেক্স ও জেন্ডার দুটি শব্দের অর্থ ভিন্ন ভিন্ন।Sex : সেক্স বলতে বুঝায় নারী, পুরুষ ও উভলিঙ্গ মানুষদের শারীরিক পার্থক্য। মানুষ জন্মের সময় থেকে শারীরবৃত্তীয় বৈশিষ্ট্য, ক্রোমোজম, যৌনাঙ্গ ইত্যাদির ভিত্তিতে নারী, পুরুষ ও উভলিঙ্গ ক্যাটাগরিতে বিভক্ত থাকে। জন্ম থেকে নির্ধারিত সেক্সকে বলা হয় Natal Sex। সেক্সকে জৈব লিঙ্গ হিসেবে অভিহিত করা হয়। সেক্স হচ্ছে শারীরিক ও প্রাকৃতিক বৈশিষ্ট্য। একজন মানুষের সেক্স অপরিবর্তনীয়।Gender : জেন্ডার হচ্ছে নারী ও পুরুষের সামাজিক পরিচয়। মানুষের সেক্স একটি হলেও জেন্ডার ভিন্ন হতে পারে। যেমন : ট্রান্সজেন্ডার, নন-বাইনারি, জেন্ডার নিউট্রাল। সামাজিকভাবে একজন নারী বা পুরুষের আচরন, মানসিক গঠন, পোশাক-পরিচ্ছদ, বৈশিষ্ট্যের উপর ভিত্তি করে জেন্ডার ভিন্ন ভিন্ন হতে পারে। যেমন : পুরুষালি ও মেয়েলি আচরন। জেন্ডারকে সামাজিক লিঙ্গও বলা হয়। জেন্ডার সমাজ বা সময়ের সাথে সাথে পরিবর্তন হতে পারে।- নিশাত তাসনিম"
p-197-a-19,লম্বা শ্বাস নেওয়ার উপকারিতা কী কী?,বিবিধ,1,0,252,https://www.sciencebee.com.bd/qna/18241/%E0%A6%A8%E0%A7%87%E0%A6%93%E0%A7%9F%E0%A6%BE%E0%A6%B0-%E0%A6%89%E0%A6%AA%E0%A6%95%E0%A6%BE%E0%A6%B0%E0%A6%BF%E0%A6%A4%E0%A6%BE,"['শ্বাস', 'প্রশ্বাস']","বাঁচতে গলে শ্বাস তো নিতেই হবে। কিন্তু এ খবর কি রাখেন যে মাঝে-মধ্যে গভীর শ্বাস নিলে শরীরের দারুন উপকারে লাগে। কীভাবে? জোরে শ্বাস নেওয়ার সঙ্গে শরীরের ভাল-মন্দের কী সম্পর্ক? সেই উত্তর খোঁজারই তো চেষ্টা চালানো হল বাকি প্রবন্ধজুড়ে।কাজের ফাঁকে বা বাসে যেতে-আসতে কয়েক মিনিট লম্বা শ্বাস নিন আর ছাড়ুন। এমনটা করলে শরীরে অক্সিজেনের মাত্রা বৃদ্ধি পায়। ফলে নিমেষ মন ভাল হয়ে যায়। সেই সঙ্গে শরীরের প্রতিটি অঙ্গে অক্সিজেনের যোগান বেড়ে যাওয়ার কারণে নানাবিধ রোগ ব্যাধিও কমতে শুরু করে। তবে এখানেই শেষ নয়। মাঝে মাঝে লম্বা শ্বাস নেওয়ার অভ্যাস করলে আরও আনেক উপকার মেলে। যেমন...উপকারিতা ১:শরীরে টক্সিক উপাদান জমে থাকা মোটও স্বাস্থ্যকর নয়। তাই তো শরীর কখনও প্রস্রাবের সঙ্গে তো কখনও ঘামের মাধ্যমে এই বিষকে বাইরে বের করে দেয়। আরেকভাবেও এই কাজটি হয়ে থাকে। কীভাবে জানেন? আমরা যখন লম্বা শ্বাস নি, তখন অক্সিজেন শরীরে প্রবেশ করে, আর কার্বন ডাইঅক্সাইড বাইরে বেরিয়ে আসে। যত কার্বন ডাইঅক্সাইড বরতে থাকে, তত টক্সিক উপাদানের মাত্রাও কমতে থাকে শরীরে।উপকারিতা ২:জোরে জোরে শ্বাস নিলে স্ট্রেস লেভেল নিমেষে কমে যায়। কারণ এক্ষেত্রেও অক্সিজেন বিশেষ ভূমিকা পালন করে থাকে। শরীরে অক্সিজেনের মাত্রা বৃদ্ধি পেলে পেশীদের কমক্ষমতা বেড়ে যেতে শুরু করে। সেই সঙ্গে রক্ত প্রবাহের উন্নতি ঘটার কারণে মানসিক চাপও কমে যায়। তাই এবার থেকে যখন স্ট্রেসের কারণে পাগল পাগল লাগবে, তখনই এক টানা লম্বা শ্বাস নিতে থাকবেন। তাহলেই দেখবেন উপকার মিলছে।উপকারিতা ৩:বিশেষ মুহূর্তে স্বামী-স্ত্রীর শারীরিক সক্ষমতা বাড়াতে শ্বাস-প্রশ্বাস বিশেষ ভূমিকা পালন করে থাকে। আসলে জোরে জোরে শ্বাস নিলে দেহে রক্ত প্রবাহ বেড়ে যায়। ফলে সার্বিকবাবে শরীরের সক্ষমতা বৃদ্ধি পায়।উপকারিতা ৪:অল্পতেই ক্লান্ত বোধ করেন নাকি? তাহেল কিছু সময় অন্তর অন্তরই জোরে জোরে শ্বাস নেওয়ার অভ্যাস করুন। এমনটা করলে দেখবেন ক্লান্তি তো দূর হবেই। সেই সঙ্গে ফুসফুসে অক্সিজেনের মাত্রা বৃদ্ধি পাওয়ার কারণে সহজে হাঁপিয়ে পরার সমস্যাও দূরে পালাবে। এই কারণেই তো অ্যাথেলিটদের জোরে জোরে শ্বাস নেওয়ার ট্রের্নিং দেওয়া হয়, যাতে তারা সহজে হাপিঁয়ে না পরতে পারেন।উপকারিতা ৫:একাধিক গবেষণায় দেখা গেছে টানা ৬ মাসা নিয়মিত জোরে জোরে শ্বাস নেওয়ার অভ্য়াস করলে ধূমপানের নেশা ছাড়তে কোনও সমস্যাই হয় না। তাই তো যারা স্মোমিকং ছাড়ার সিদ্ধান্ত নেয়ে ফেলেছেন তারা শ্বাস-প্রশ্বাসের উপর গুরুত্ব দেওয়া শুরু করুন। দেখবেন লক্ষ পূরণে কোনও কষ্টই হবে না।উপকারিতা ৬:লম্বা শ্বাস-প্রশ্বাস নেওয়ার সময় ফুসফুসের সংকোচন-প্রসারণ বেড়ে যায়। ফলে ধীরে ধীরে লাং-এর কর্মক্ষমতা বাড়তে শুরু করে। আর একবার ফুসফুসের ধকল নেওয়া ক্ষমতা বেড়ে গেলে ঠান্ডা লাগা, ব্রঙ্কাইটিস এবং সাইনুসাইটিসের মতো রোগে আক্রান্ত হওয়ার আশঙ্কাও একেবারে কমে যায়।উপকারিতা ৭:দেহে অক্সিজেনের মাত্রা যত বৃদ্ধি পাবে, তত রক্ত পরিশুদ্ধ হয়ে ওঠবে। ফলে একাদিক যেমন রোগের প্রকোপ হ্রাস পাবে, তেমনি শরীর ও মন, উভয়ই চনমনে হয়ে উঠবে।ক্রেডিট: Bengali Boldsky"
p-197-a-20,এক ভাষার শব্দ অন্য ভাষার শব্দ কিভাবে করে?,চিন্তা ও দক্ষতা,1,+3,114,https://www.sciencebee.com.bd/qna/18240/%E0%A6%AD%E0%A6%BE%E0%A6%B7%E0%A6%BE%E0%A6%B0-%E0%A6%95%E0%A6%BF%E0%A6%AD%E0%A6%BE%E0%A6%AC%E0%A7%87,"['ভাষা', 'শব্দ', 'বাক্য']","এক ভাষার শব্দ অন্য ভাষার হতে হলে ঐ ভাষা সার্বজনিন হতে হবে অর্থাৎ লোক মুখে প্রচলিত থাকতে হবে। তবে সবসময়ই যে একদম একই উচ্চারন থাকতে হবে তা নয়। যেমন টেবিল এর আসল উচ্চারন টেবল। আর অভিধানে যুক্ত করতে ঐ ভাষার বোর্ড এর ভাষানিদ, গবেষক রা সিদ্ধান্ত নেন। বাংলা ভাষার বোর্ড হলো বাংলা একাডেমি।"
p-197-a-21,ক্যারোটিন বলতে কী বুঝায়?,জীববিজ্ঞান,1,0,693,https://www.sciencebee.com.bd/qna/18232/%E0%A6%95%E0%A7%8D%E0%A6%AF%E0%A6%BE%E0%A6%B0%E0%A7%8B%E0%A6%9F%E0%A6%BF%E0%A6%A8-%E0%A6%AC%E0%A7%81%E0%A6%9D%E0%A6%BE%E0%A7%9F,"['এইচএসসি-উদ্ভিদবিজ্ঞান', 'ক্যারোটিন']","সালোকসংশ্লেষণের জন্য যে শুধু ক্লোরোফিল কাজ করে, তা না। ক্যারোটিন নামক আরেক ধরণের রঙিন যৌগ আছে। এই যৌগ সূর্যের আলো থেকে কেবল লাল রঙের আলো ছেড়ে দেয়, বাকী সব রঙের আলো শোষণ করে বলে লাল রঙের হয়। যে সব গাছের পাতা লাল রঙের হয়, তাদের ক্যারোটিনের পরিমাণ বেশী থাকে।"
p-197-a-22,প্লাস্টিকের বােতলের তলায় তীরযুক্ত ত্রিভুজ সদৃশ চিহ্ন দ্বারা কী বােঝানাে হয়?,আইকিউ,2,+5,257,https://www.sciencebee.com.bd/qna/18231/%E0%A6%AA%E0%A7%8D%E0%A6%B2%E0%A6%BE%E0%A6%B8%E0%A7%8D%E0%A6%9F%E0%A6%BF%E0%A6%95%E0%A7%87%E0%A6%B0,"['নাম্বার', 'চিহ্ন', 'প্লাস্টিক']","তীরযুক্ত ত্রিভুজ সদৃশ ও মাঝে সংখ্যা লেখা চিহ্ন দ্বারা এটি যে পুন:ব্যবহারযােগ্য (Recycle) এবং এর মাঝে সংখ্যার (যেমন : ০১, ০২, ০৩,...) দ্বারা এটি কী ধরনের প্লাস্টিক তা বােঝানাে হয়।যেমন : #1 PETE অর্থ Polyethylene Terephthalate, #2 HDPE অর্থ High-density Polyethylene, #3 PVC অর্থ Polyvinyl Chloride ইত্যাদি।"
p-197-a-23,প্লাস্টিকের বােতলের তলায় তীরযুক্ত ত্রিভুজ সদৃশ চিহ্ন দ্বারা কী বােঝানাে হয়?,আইকিউ,2,+5,257,https://www.sciencebee.com.bd/qna/18231/%E0%A6%AA%E0%A7%8D%E0%A6%B2%E0%A6%BE%E0%A6%B8%E0%A7%8D%E0%A6%9F%E0%A6%BF%E0%A6%95%E0%A7%87%E0%A6%B0,"['নাম্বার', 'চিহ্ন', 'প্লাস্টিক']","@ ঠাণ্ডা পানীয় থেকে পানির বোতল, কখনও কি লক্ষ্য করেছেন, এগুলির নিচে থাকে ত্রিকোণ চিহ্ন? হয়তো লক্ষ্য করেছেন কিন্তু সে নিয়ে বিশেষ চিন্তা-ভাবনা করেননি। চলুন জেনে নেই এটা কি অর্থ বহন করে।**বিভিন্ন প্লাস্টিক বোতলের চারিত্রিক ইনডেক্স জানাতেই এই চিহ্ন ব্যবহৃত হয়। বোতলটি যে বিধিসম্মতবাবে তৈরি তারই প্রমাণ দেয় এই চিহ্ন। তবে এর মধ্যে থাকা সংখ্যা নির্দেশ দেয় এই বোতলটি কতটা নির্ভরযোগ্য।ত্রিকোণের মাঝে ১ লেখা- এর অর্থ বোতলটি তৈরির ক্ষেত্রে পলিথিলিন টেরেপথ্যালেট প্লাস্টিক ব্যবহার করা হয়েছে, তাই একবারের বেশি এর ব্যবহার স্বাস্থ্যের পক্ষে হানিকারক হতে পারে।ত্রিকোণের মাঝে ২ লেখা- মূলত সাবান গুঁড়া, শ্যাম্পুর ক্ষেত্রে এই ধরনের ঘন পলিথিন ব্যবহার করা হয়।ত্রিকোণের মাঝে ৩ লেখা- এই ধরনের প্ল্যাস্টিকে ‘পোলিভিনিল ক্লোরাইড’ বা ‘পিভিসি’-র ব্যবহার হয়ে থাকে। এই ধরনের বোতল বেশি ব্যবহারে ক্যানসারের ঝুঁকি থাকে বলে আশঙ্কা করা হয়।ত্রিকোণের মাঝে ৪ লেখা- দামি বোতল থেকে প্ল্যাস্টিক প্যাকেটে এই সংখ্যা হয়তো লক্ষ্য করে থাকবেন। এর অর্থ আপনি একাধিকবার ব্যবহার করতে পারেন সেটি।ত্রিকোণের মাঝে ৫ লেখা- খাবারের কন্টেনারে এই সংখ্যা থাকলে বুঝতে হবে তা অনেকবারই ব্যবহার করতে পারবেন এবং তা যথেষ্ট নিরাপদও।ত্রিকোণের মাঝে ৬ লেখা- এই ধরনের প্লাস্টিক তৈরি হয় পলিস্টিরিন এবং পলিকার্বনেট বিসপেনল-এ। এর থেকে ক্যানসারের সম্ভাবনাও রয়েছে বলে মত অনেকের। তাই এর ব্যবহারে ক্ষতির আশঙ্কা থেকেই যায়।ত্রিকোণের মাঝে ৭ লেখা- এক্ষেত্রেও তাই। মানবশরীরের হরমোনজনিত সমস্যা হওয়ার সম্ভাবনা থেকে যায় বলে মনে করেন অনেকে।তবে প্ল্যাস্টিকের ওপর চিহ্ন বা সংখ্যা যাই থাকুক, তার অর্থ নিয়ে যতই তর্ক-বিতর্ক থাকুক, এর ব্যবহারের বিষয়ে বেশিরভাগ জনই কিন্তু সতর্কবাণী দিয়ে থাকেন। তাই প্লাস্টিকের ব্যবহার সম্পর্কে আপনিও সতর্ক থাকুন।তথ্যসুত্রেঃ তালহা এবং নিশাত/ কুওরা"
p-197-a-24,ক্লোরোফিল বলতে কী বুঝায়?,জীববিজ্ঞান,1,0,178,https://www.sciencebee.com.bd/qna/18228/%E0%A6%95%E0%A7%8D%E0%A6%B2%E0%A7%8B%E0%A6%B0%E0%A7%8B%E0%A6%AB%E0%A6%BF%E0%A6%B2-%E0%A6%AC%E0%A7%81%E0%A6%9D%E0%A6%BE%E0%A7%9F,"['এইচএসসি-উদ্ভিদবিজ্ঞান', 'ক্লোরোফিল']","গাছের পাতা যে সবুজ রঙের হয়, এই ক্লোরোফিলের জন্যই। ক্লোরোফিল সবুজ রঙের হয়, কারণ এরা শুধু সবুজ রঙ এর আলো ছেড়ে দিয়ে সুর্যের আলোর বাকী ৬ রঙই শোষণ করে। ক্লোরোফিল দুই ধরণের হয়। একটিকে বলা হয় ক্লোরোফিল-এ অন্যটিকে বলে ক্লোরোফিল-বি। এদের আনবিক গঠনে কিছু ভিন্নতা আছে। ক্লোরোফিল- এ কে আবার দুই ভাগে ভাগ করা হয়েছে। যে ক্লোরোফিল-এ ৬৭৩ ন্যানোমিটার তরঙ্গদৈর্ঘ্যের আলো শোষণ করে তাকে ch- a 673 বলে। আর ক্লোরোফিল-এ ৬৮৩ ন্যানোমিটার তরঙ্গদৈর্ঘ্যের আলো শোষণ করে তাকে ch- a 683 বলে। এরা ছাড়াও আরো কয়েক ধরণের ক্লোরোফিল রয়েছে। এদের মধ্যে এক ধরণ ৭০০ ন্যানোমিটার তরঙ্গদৈর্ঘ্যের আলো শোষণ করে তাকে P700 বলে। অন্য আরেক ধরনের ক্লোরোফিল ৬৮০ ন্যানোমিটার তরঙ্গদৈর্ঘ্যের আলো শোষণ করে তাকে P680 বলে।"
