id,question,question_category,number_of_answer,number_of_vote,number_of_view,answer_link,question_tag,answer
p-163-a-0,"দুপুর বেলায় সূর্য যখন মাথার উপরে থাকে তখন বস্তুর ওপর সূর্যের আকর্ষন পৃথিবীর আকর্ষণের বিপরীতে কাজ করে। আবার, মধ্যরাতে বস্তুর উপর সূর্যের আকর্ষন পৃথিবীর আকর্ষনের সাথে যুক্ত হয়। এতে কি দিন অপেক্ষা রাতে কোনো বস্তু বেশি ভারী অনুভূত হয়?",পদার্থবিজ্ঞান,1,+3,101,https://www.sciencebee.com.bd/qna/19932/%E0%A6%86%E0%A6%95%E0%A6%B0%E0%A7%8D%E0%A6%B7%E0%A6%A3%E0%A7%87%E0%A6%B0-%E0%A6%86%E0%A6%95%E0%A6%B0%E0%A7%8D%E0%A6%B7%E0%A6%A8%E0%A7%87%E0%A6%B0,"['আকর্ষণ', 'সূর্য']","পার্থক্য হতে পারে। কিন্তু সেটা খুবই সামান্য, যা আপনি সাধারণভাবে বুঝতে পারবেন না। আর কোনদিকে সূর্য আর কোনদিকে চাঁদ, সেটার উপরেও নির্ভর করে।"
p-163-a-1,জগতে এনট্রপি ক্রমাগত বাড়ছে কেন [poll],পদার্থবিজ্ঞান,1,+2,66,https://www.sciencebee.com.bd/qna/19931/%E0%A6%8F%E0%A6%A8%E0%A6%9F%E0%A7%8D%E0%A6%B0%E0%A6%AA%E0%A6%BF-%E0%A6%95%E0%A7%8D%E0%A6%B0%E0%A6%AE%E0%A6%BE%E0%A6%97%E0%A6%A4,"['#এনট্রপি', '#তাপগতিবিদ্যা']","কোন ভৌত ব্যবস্থায় বিদ্যমান বিশৃঙ্খলার মাত্রাকে এনট্রপির সাহায্যে প্রকাশ করা হয়। কোন প্রক্রিয়ায় আগাগোড়াই যদি তাপীয় সাম্যাবস্থা সংরক্ষিত থাকে তাহলে সেখানে এনট্রপির মানও অপরিবর্তিত থাকে। তাপগতিবিদ্যার দ্বিতীয় স্বীকার্যে বলা হয়েছে যে, কোনো বিক্রিয়াতে কখনোই মোট এনট্রপির মান হ্রাস পায় না। সহজভাবে বলতে গেলে, কোনো এক সিস্টেমের বিশৃঙ্খলাই হচ্ছে এন্ট্রপি। অর্থাৎ, সহজ অর্থে এনট্রপির মান বাড়বে বৈকি কমবে না ।সহজ উদাহরনে ভাবা যাক, গরমের দিনে লেবুর শরবত বা ঠাণ্ডার দিনে চা বা কফি আমরা কে না খাই । শরবতে বা চায়ে চিনি গুলিয়ে নেওয়ার পরে কিন্তু সাধারন অর্থে আর চিনি আলাদা করা সম্ভব না । আপনি হয়ত কোন রসায়ন ল্যাবে গিয়ে পুনরায় পরিস্রুত করে দ্রবন থেকে চিনি আলাদা করে ভাববেন যে এনট্রপিকে তো উল্টা দিকে চালনা করা সম্ভব । কিন্তু বাস্তবে কিন্তু তা হবে না , কারন ইনভার্স এনট্রপি অর্জনের জন্য কিন্তু আপনি ঠিকই কাজ করে এনট্রপি বাড়িয়েছেন । গোলমেলে মনে হলে সিগারেটের কথা ভাবুন । সিগারেট খাওয়ার পরে কি সিগারেটকে আর আগের অবস্থায় ফেরত আনতে পারবেন ? দুনিয়ার সবচিতে বড় ল্যাবরেটরিতে গেলেও কিন্তু তাকে আর আগের রূপে ফিরিয়ে আনা আমাদের পক্ষে অসম্ভব । একইভাবে আমাদের মহাবিশ্বেও নক্ষত্ররা প্রতিনিয়ত শক্তি উৎপন্ন করছে, গ্রহরা নক্ষত্রদের প্রদক্ষিন করছে , ব্লাকহোলরা গিলছে । আর এতে এনট্রপি বৃদ্ধি পাচ্ছে।আসলে বিগ ব্যাং এর পর থেকে মহাবিশ্বের সম্প্রসারণ হয়ে চলেছে,মহাবিশ্বের তাপমাত্রাও হ্রাস পেতে পেতে একসময় পরমশূন্য তাপমাত্রা লাভ করবে,তখন মহাবিশ্বের তাপীয় মৃত্যু ঘটবে।বিগ ব্যাং এর পর থেকেই মহাবিশ্ব সৃষ্টি থেকে ধ্বংসের দিকে এগিয়ে যাচ্ছে,অর্থাৎ বিশৃঙ্খলা (এনট্রপি) বাড়ছে,মহাবিশ্বের সিস্টেমটাই এমন।এই সিস্টেমে ধ্বংস হয়ে যাওয়াকিছুকে পুনরায় আগের অবস্থায় ফিরিয়ে আনা যায় না।"
p-163-a-2,ক্রিয়া ও প্রতিক্রিয়া পরস্পর সমান ও বিপরীত হলেও এরা কখনো সাম্য প্রতিষ্ঠা করতে পারে না কেন?,পদার্থবিজ্ঞান,1,+2,88,https://www.sciencebee.com.bd/qna/19929/%E0%A6%AA%E0%A7%8D%E0%A6%B0%E0%A6%A4%E0%A6%BF%E0%A6%95%E0%A7%8D%E0%A6%B0%E0%A6%BF%E0%A7%9F%E0%A6%BE,"['ক্রিয়া', 'প্রতিক্রিয়া']","যখন দুটি সমান ও বিপরীতমুখী বল একই বস্তুর ওপর প্রযু্ক্ত হয়, অর্থাৎ প্রয়োগবিন্দু একই হয়, তখন সাম্য প্রতিষ্ঠা করতে পারে কিন্তু ক্রিয়া ও প্রতিক্রিয়া বল দুটি সব সময় দুটি আলাদা বস্তুর ওপর ক্রিয়া করে, কখনই একই বস্তুর ওপর ক্রিয়া করে না।"
p-163-a-3,বাংলাদেশের পাঠ্যক্রমে ভালো লাগা নামে যে বিষয়টি যুক্ত করা হয়েছে সেটার সম্পর্কে বিস্তারিত জানতে চাই।,বাংলাদেশ ও বিশ্ব,1,+2,137,https://www.sciencebee.com.bd/qna/19928/%E0%A6%AC%E0%A6%BE%E0%A6%82%E0%A6%B2%E0%A6%BE%E0%A6%A6%E0%A7%87%E0%A6%B6%E0%A7%87%E0%A6%B0,"['ভালো-লাগা', 'বাংলাদেশ']","ভালো থাকা বিষয়টিতে শারীরিক শিক্ষা, স্বাস্থ্য সম্পর্কিত বিষয়, খেলাধুলার সাথে মানসিক স্বাস্থ্য, পরিচ্ছন্নতা সম্পর্কিত এবং প্রজনন স্বাস্থ্য বিষয়কে যুক্ত করা হবেমাধ্যমিক বা নবম-দশম শ্রেণির পাঠ্যক্রমে নতুন তিনটি বিষয় সংযুক্ত করার কথা জানা গেছে তার একটি 'ভালো থাকা'।বিস্তারিত তথ্য এনসিটিবির ওয়েবসাইট থেকে পাওয়া যায়নি। তবে বিবিসি এর একটি নিউজে এমন তথ্য দিয়েছেন।সোর্স:https://www.bbc.com/bengali/news-55140993"
p-163-a-4,আমাদের মাথা ব্যাথা হলে অনেকেই মনে করে মাইগ্রেন।তাহলে আমরা কিভাবে বোঝব মাথাব্যথা না মাইগ্রেন?,স্বাস্থ্য ও চিকিৎসা,1,+1,152,https://www.sciencebee.com.bd/qna/19926/%E0%A6%AE%E0%A6%BE%E0%A6%87%E0%A6%97%E0%A7%8D%E0%A6%B0%E0%A7%87%E0%A6%A8%E0%A5%A4%E0%A6%A4%E0%A6%BE%E0%A6%B9%E0%A6%B2%E0%A7%87,"['মাথা', 'ব্যাথা']","মাথা ব্যাথা মাইগ্রেন নয়ঃমাথাব্যথা হলেই অনেকে মাইগ্রেন ভেবে নেন। এমন ধারণা আমাদের মধ্যে অনেকেরই আছে। কিন্তু সব মাথাব্যথাই মাইগ্রেন নয়। মাথাব্যাথার বিভিন্ন কারণের মধ্যে অন্যতম হচ্ছে মাইগ্রেন। মেয়েদের মধ্যে এ রোগ বেশি দেখা যায়।মাইগ্রেন কেন হয় তা বিজ্ঞানীরা আজও সুনির্দিষ্টভাবে জানতে পারেননি। মাথায় রক্ত চলাচলের তারতম্যের কারণে মাইগ্রেন হয় বলে কেউ কেউ বলেন। কিছু কিছু বিষয় মাইগ্রেনের ব্যথা বাড়িয়ে দিতে পারে। যেমন চকোলেট, পনির, কফি ইত্যাদি বেশি খেলে মাইগ্রেনের ব্যথা হতে পারে। জন্মবিরতিকরণ ওষুধ, দুশ্চিন্তা করা, ভ্রমণ, তীব্র আলো, জোরাল শব্দ ইত্যাদি মাইগ্রেনের ব্যথা শুরু করতে সহায়তা করে।মাইগ্রেনের ব্যথা মাথার এক পাশে হয়। সাথে বমি বমি ভাব হয়। এই ব্যথা শুরু হলে কয়েক ঘণ্টা থেকে কয়েক দিন পর্যন্ত স্থায়ী হতে পারে। মাইগ্রেনের ব্যথার তীব্রতা আলোতে বাড়ে। রোগী অন্ধকারে থাকতে পছন্দ করে। অনেক রোগী মাইগ্রেন ব্যথা শুরু হওয়ার আগেই বুঝতে পারে। এসময় কিছু বিশেষ লক্ষণ দেখা দেয়। চোখের সামনে আঁকাবাঁকা রেখা দেখা দিতে পারে। ঝাপসা দেখা, কথা বলতে অসুবিধা হতে পারে। শরীরের কোনো অংশ ঝিনঝিন করা বা অবশ লাগতে পারে।"
p-163-a-5,পেনিসিলিয়াম কে যে সর্বরোগের ঔষধ বলা হয় - এই কথাটার মানে কি? এটা সব রোগ সারতে পারে?,স্বাস্থ্য ও চিকিৎসা,1,+1,74,https://www.sciencebee.com.bd/qna/19923/%E0%A6%AA%E0%A7%87%E0%A6%A8%E0%A6%BF%E0%A6%B8%E0%A6%BF%E0%A6%B2%E0%A6%BF%E0%A7%9F%E0%A6%BE%E0%A6%AE,"['ঔষধ', 'পেনিসিলিয়াম']","পেনিসিলিয়াম (/ ˌpɛnɪˈsɪliəm/) হল অ্যাসকোমাইসেটাস ছত্রাকের একটি প্রজাতি যা অনেক প্রজাতির মাইকোবায়োমের অংশ এবং প্রাকৃতিক পরিবেশে, খাদ্যের ক্ষতিসাধনে এবং খাদ্য ও ওষুধ উৎপাদনে গুরুত্বপূর্ণ।বংশের কিছু সদস্য পেনিসিলিন তৈরি করে, একটি অণু যা অ্যান্টিবায়োটিক হিসাবে ব্যবহৃত হয়, যা নির্দিষ্ট ধরণের ব্যাকটেরিয়াকে মেরে ফেলে বা বৃদ্ধি বন্ধ করে। অন্যান্য প্রজাতি পনির তৈরিতে ব্যবহৃত হয়। ছত্রাকের অভিধান (10তম সংস্করণ, 2008) অনুসারে, বিস্তৃত জেনাসে 300 টিরও বেশি প্রজাতি রয়েছে।"
p-163-a-6,কোন প্রাণির প্রতিবর্তী ক্রিয়া (Reflexive action) সবচেয়ে বেশি এবং কেন?,জীববিজ্ঞান,1,+1,61,https://www.sciencebee.com.bd/qna/19922/%E0%A6%AA%E0%A7%8D%E0%A6%B0%E0%A6%A4%E0%A6%BF%E0%A6%AC%E0%A6%B0%E0%A7%8D%E0%A6%A4%E0%A7%80,"['প্রতিবর্তী', 'প্রাণী']",রিফ্লেক্স: একটি ক্রিয়া যা সচেতন চিন্তা ছাড়াই একটি উদ্দীপকের প্রতিক্রিয়া হিসাবে সঞ্চালিত হয়। তাই মূলত এটি একটি প্রতিক্রিয়া সময়। সাধারনত আমরা যে সবথেকে দ্রুত রিফ্লেক্সিভ প্রাণী খুঁজে পাই তা হল বিড়াল এবং সবচেয়ে দ্রুত রিফ্লেক্সিভ পাখি হল হামিং বার্ড। কিন্তু বৃহত্তর দৃষ্টিভঙ্গিতে আরও অনেক প্রাণী রয়েছে যেগুলি এই দুটির চেয়ে বেশি প্রতিফলিত (গিরগিটির জিভের মতো) এর মধ্যে এমন একটি রয়েছে যা সমস্ত কিছুকে ছাড়িয়ে যায় অর্থাৎ ফাঁদ-চোয়ালের পিঁপড়া। এই পোকাটি যে গতিতে তার ম্যান্ডিবলগুলিকে বন্ধ করতে পারে তা প্রায় 78 - 145 mph এর মধ্যে যা 0.13 মিলিসেকেন্ড। পাখিদের মধ্যে সবচেয়ে দ্রুত পরিচিত এখনও 5 মিলিসেকেন্ড সময় নেয় (কোর্টশিপ প্রদর্শনের সময় পুরুষ হামিংবার্ড @ 200 বিট প্রতি সেকেন্ডে)। দ্রুততম পোকা ডানার বীট হল 3 মিলিসেকেন্ড একটি মানুষের চোখের পলক প্রায় 300-400 মিলিসেকেন্ডের হয়!
p-163-a-7,ফুসফুস ক্যান্সারের লক্ষণগুলো কি কি?,স্বাস্থ্য ও চিকিৎসা,2,+2,70,https://www.sciencebee.com.bd/qna/19921/%E0%A6%95%E0%A7%8D%E0%A6%AF%E0%A6%BE%E0%A6%A8%E0%A7%8D%E0%A6%B8%E0%A6%BE%E0%A6%B0%E0%A7%87%E0%A6%B0,"['ক্যান্সার', '-', 'লক্ষণ']",ফুসফুস ক্যান্সারের লক্ষণগুলো হলোঃ​​​কাশির সাথে রক্ত আসা।বুকে ব্যাথা করা।অজানা কারণে ওজন হ্রাস হওয়া।নিঃশ্বাস ছোট হয়ে আসা।স্বর ভগতা।একের পর এক শ্বাসনিক সংক্রমণ।এগুলো ফুসফুস ক্যান্সার হওয়ার লক্ষণ।
p-163-a-8,ফুসফুস ক্যান্সারের লক্ষণগুলো কি কি?,স্বাস্থ্য ও চিকিৎসা,2,+2,70,https://www.sciencebee.com.bd/qna/19921/%E0%A6%95%E0%A7%8D%E0%A6%AF%E0%A6%BE%E0%A6%A8%E0%A7%8D%E0%A6%B8%E0%A6%BE%E0%A6%B0%E0%A7%87%E0%A6%B0,"['ক্যান্সার', '-', 'লক্ষণ']",ফুসফুস ক্যান্সারের লক্ষণগুলো হলোঃ​​​কাশির সাথে রক্ত আসা।বুকে ব্যাথা করা।অজানা কারণে ওজন হ্রাস হওয়া।নিঃশ্বাস ছোট হয়ে আসা।স্বর ভগতা।একের পর এক শ্বাসনিক সংক্রমণ।
p-163-a-9,টরিসেলির শূন্যস্থান কি প্রকৃতপক্ষে শূন্য?,পদার্থবিজ্ঞান,1,+3,741,https://www.sciencebee.com.bd/qna/19920/%E0%A6%AA%E0%A7%8D%E0%A6%B0%E0%A6%95%E0%A7%83%E0%A6%A4%E0%A6%AA%E0%A6%95%E0%A7%8D%E0%A6%B7%E0%A7%87,"['টরিসেলির', 'শূন্যস্থান', 'প্রকৃতপক্ষে']",একমুখ বন্ধ এক মিটার লম্বা একটি পারদপূর্ণ কাচ নলকে পারদপূর্ণ পাত্রে উল্টা করে খাড়াভাবে রাখলে পারদস্তম্ভের উচ্চতা 76 cm এ নেমে আসে। কাচনলের বাকি অংশ অর্থাৎ পারদের উপরিতল হতে কাচনলের বন্ধ প্রান্ত পর্যন্ত স্থানটুকু শূন্য থাকে। এই শূন্য স্থানকে টরিসেলির শূন্যস্থান বলে।
p-163-a-10,মানুষ থেকে বুদ্ধিমান প্রানি কোনটি?,চিন্তা ও দক্ষতা,1,+1,79,https://www.sciencebee.com.bd/qna/19916/%E0%A6%AC%E0%A7%81%E0%A6%A6%E0%A7%8D%E0%A6%A7%E0%A6%BF%E0%A6%AE%E0%A6%BE%E0%A6%A8-%E0%A6%AA%E0%A7%8D%E0%A6%B0%E0%A6%BE%E0%A6%A8%E0%A6%BF,"['মানুষ', 'হাসি']","মানুষ থেকে বুদ্ধিমান প্রাণী এখন অবদি কেউ নয়।  তবে শিম্পান্জীর বুদ্ধিমত্তাকে মানুষের কাছাকাছি ধরা হয়।কারণ---১) মানুষ এবং শিম্পাঞ্জীর ডিএনএ এর মধ্যে ৯৮% সাদৃশ্য বিদ্যমান।২) শিম্পাঞ্জী সমাজ এবং দলগত জীবনযাপন পছন্দ করে ।সচরাচর ৬ থেকে ১৫ টি শিম্পাঞ্জী মিলে একটি দল গঠিত হয় ।শিম্পাঞ্জী সমাজ পুরুষ শাসিত হলেও অনেকসময় দলনেতারা নারী শিম্পাঞ্জী দ্বারা প্রভাবিত । এইজন্য একটি শিম্পাঞ্জী সমাজ অথবা সম্প্রদায়ের প্রধানকে আলফা মেল (Alfa male) বলা হয় ।৩) শিম্পাঞ্জী একে অপরের সাথে যোগাযোগের জন্য বেশ উন্নত পন্থা অবলম্বন করে, যেটা অন্য প্রাণীদের মধ্যে লক্ষ্য করা যায় না ।এরা শুভেচ্ছা বিনিময় করে, দৈহিক অঙ্গভঙ্গি এবং মুখায়ববের মাধ্যমে রাগ, অভিমান এবং উচ্ছাস প্রকাশ করে ।সন্তান লালন পালনের জন্য শিম্পাঞ্জী মানুষের মতোই পন্থা অবলম্বন করে ।৪) মানুষের মতো শিম্পান্জীও নিজেদের কার্য সম্পাদনের জন্য বিভিন্ন প্রযুক্তি এবং সাধনী ব্যবহার করে।পাথরকে হাতুড়ি হিসেবে, গাছের ডাল অথবা চিকন কান্ডকে মাছ শিকার করার যন্ত্র হিসেবে এবং গাছের পাতা অথবা বাকলকে শরীরের মুছুনি হিসেবে ব্যবহার করতে দেখা যায়  ।মানুষকে অনুকরণ করেও এরা খেতে পারে ।৫) শিম্পাঞ্জীর বিশ্লেষণ ক্ষমতা এবং স্মৃতিশক্তি বেশ ভালো, এরাও মানুষের মতো বিভিন্ন গঠন মনে রাখতে পারে এবং বিন্যাস অনুযারী পুনরায় সাজাতে পারে ।তবে কিছু কিছু ক্ষেত্রে বিজ্ঞানীরা দাবি করছেন, মানুষের পর ডলফিনই পৃথিবীর সবচেয়ে বুদ্ধিমান প্রাণী!"
p-163-a-11,ঢাকার ট্রাফিক সমস্যার কোন বাস্তবিক সমাধান আছে কি??,চিন্তা ও দক্ষতা,1,0,164,https://www.sciencebee.com.bd/qna/19915/%E0%A6%9F%E0%A7%8D%E0%A6%B0%E0%A6%BE%E0%A6%AB%E0%A6%BF%E0%A6%95-%E0%A6%AC%E0%A6%BE%E0%A6%B8%E0%A7%8D%E0%A6%A4%E0%A6%AC%E0%A6%BF%E0%A6%95,"['ট্রাফিক', 'ঢাকা']","ট্রাফিক সমস্যার বাস্তবিক সমাধান হচ্ছে ট্রাফিক আইন ট্রাফিক পুলিশ কতৃক যথাযথভাবে নিয়ন্ত্রণ করা, রাস্তায় গাড়ি চালানোর জন্য সংবিধানে যেসকল আইন রয়েছে সেগুলো অনুযায়ী যদি ট্রাফিক পুলিশরা ব্যবস্থা নেয় তাহলে এটি সম্ভব হবে।"
p-163-a-12,হাতের রেখা দেখে কি সত্যিই কারো ভবিতব্য বলে দেয়া যায়?,জ্যোতির্বিজ্ঞান,1,0,61,https://www.sciencebee.com.bd/qna/19914/%E0%A6%B8%E0%A6%A4%E0%A7%8D%E0%A6%AF%E0%A6%BF%E0%A6%87-%E0%A6%AD%E0%A6%AC%E0%A6%BF%E0%A6%A4%E0%A6%AC%E0%A7%8D%E0%A6%AF,"['হাতের-রেখা', 'ভবিতব্য']","তাহলে, আপনি কি জানেন কিভাবে তালু পড়তে হয়? সমস্ত ভবিষ্যদ্বাণী অনুশীলনের মধ্যে, পাম রিডিং, যা হস্তরেখাবিদ্যা বা কাইরোম্যানসি নামেও পরিচিত, এটি সবচেয়ে বেশি সম্মানিত, যদিও বোঝা কঠিন (শ্লেষ অবশ্যই উদ্দেশ্য)। সহজ কথায়, হস্তরেখাবিদ্যা হল ব্যক্তিত্বের বৈশিষ্ট্য ব্যাখ্যা করতে এবং ভবিষ্যতের ঘটনাগুলির ভবিষ্যদ্বাণী করার জন্য হাতের শারীরিক বৈশিষ্ট্যগুলি বিশ্লেষণ করার শিল্প। পাম পড়ার মধ্যে, হাতগুলিকে পোর্টাল হিসাবে বিবেচনা করা হয় যা অমূল্য অন্তর্দৃষ্টি দেয়। তবে, বিশ্বাস করুন বা না করুন, পাম পড়ার মূল বিষয়গুলি বোঝা &mdash; জীবন রেখা এবং প্রেমের রেখা সহ &mdash; আপনি ভাবতে পারেন ততটা কঠিন নয়। সামনে, আসুন আপনাকে আপনার অনন্য পদ্ধতির চাষ করতে সাহায্য করার জন্য টিপস এবং কৌশলগুলির সাথে পাম পড়ার মৌলিক তত্ত্ব এবং কৌশলগুলি অন্বেষণ করি। সর্বোপরি, একবার আপনি এই শক্তিশালী জাদুকরী সরঞ্জামটিকে কীভাবে ব্যাখ্যা করবেন তা শিখলে, আপনার ভবিষ্যত আক্ষরিক অর্থে আপনার হাতের তালুতে রয়েছে।"
p-163-a-13,পৃথিবী ছাড়া আর কয়টি বাসযোগ্য গ্রহ আছে আর সেগুলো কি কি?,পদার্থবিজ্ঞান,1,0,77,https://www.sciencebee.com.bd/qna/19913/%E0%A6%AA%E0%A7%83%E0%A6%A5%E0%A6%BF%E0%A6%AC%E0%A7%80-%E0%A6%AC%E0%A6%BE%E0%A6%B8%E0%A6%AF%E0%A7%8B%E0%A6%97%E0%A7%8D%E0%A6%AF,"['পৃথিবী', 'গ্রহ']","বিজ্ঞানীরা বহু দশক ধরে খোঁজ চালাচ্ছেন এমন জগতের, যেখানে প্রাণের অস্তিত্ব সম্ভব৷ শুধু মঙ্গলগ্রহ নয়, তাঁরা নজর রাখছেন মহাকাশের গভীরেও৷ কিন্তু সমুদ্র সৈকতে বালুকণা খোঁজার মতো কঠিন।জার্মানির পটসডাম শহরের বিজ্ঞানীরা সদ্য আবিষ্কৃত বিভিন্ন মহাজাগতিক বস্তু পরীক্ষা করেন৷ তাঁরা জানতে চান, দূরের এই জগত প্রাণের বিকাশের জন্য কতটা উপযুক্ত? পৃথিবীর সঙ্গে মিল আছে, এমন গ্রহ খোঁজা কেন এত কঠিন? গ্রহ গবেষক ভ্যার্নার ফন ব্লো বলেন, &lsquo;&lsquo;এক্সট্রা-সোলার গ্রহ খোঁজার সমস্যা হলো, নক্ষত্রের আলো সংলগ্ন গ্রহের আলোকে পুরোপুরি ম্লান করে দেয়৷ রাতের আকাশে শুধু নক্ষত্রগুলি দেখা যায়, তাদের আশেপাশে গ্রহ থাকলেও সেগুলি দেখা যায় না৷'পৃথিবীর মতো ছোটো আকারের পাথরের গ্রহ দেখা যায় একমাত্র মহাকাশ থেকে, যখন তারা তাদের সূর্যের আলোকে ঢেকে ফেলে৷ তাই মার্কিন মহাকাশ সংস্থা নাসা কেপলার স্যাটেলাইট কক্ষপথে পাঠিয়েছিলেন৷ কেপলার স্যাটেলাইটে দেড় মিটার বড় টেলিস্কোপ ছিল৷ এই অভিযানের লক্ষ্য ছিল প্রাণের বিকাশের উপযুক্ত গ্রহের সন্ধান করা৷ কোনো গ্রহ তার সূর্যের পাশ দিয়ে যাবার সময় আলো ঢাকা পড়ে যায়৷ অর্থাৎ নক্ষত্রের আলোয় সামান্য তারতম্য ঘটলেই স্যাটেলাইটকে তা টের পেতে হবে৷ তখনই গ্রহ আবিষ্কার করা যায়৷ যেমন আমাদের এই পৃথিবী সূর্য প্রদক্ষিণ করার সময় যে ছায়া সৃষ্টি করে, তার মাত্রা সূর্যের আলোর দশ হাজার গুণেরও কম৷ আরেকটি সমস্যা হলো, নক্ষত্রের উপর গ্রহের ছায়া পড়ার ঘটনা খুবই বিরল৷তাই কেপলার স্যাটেলাইট মহাকাশের একটা বড় অংশের উপর নজর রেখেছিল৷ সিগনাস নক্ষত্রপুঞ্জের আশেপাশে প্রায় দেড় লক্ষ নক্ষত্রপুঞ্জের দিকে নিস্পলক দৃষ্টিতে তাকিয়ে ছিল টেলিস্কোপ৷ স্যাটেলাইটকে এমন অবস্থান বজায় রাখতে হয়েছে, যাতে প্রত্যেকটি নক্ষত্র ডিটেক্টরে সরে না যায়৷একমাত্র এভাবেই কেপলার গ্রহের ছায়ার কারণে আলোর সামান্য তারতম্য টের পেয়েছে৷ দূরের এই সব গ্রহে প্রাণের স্পন্দন সম্ভব কিনা, তা দেখার কাজ গবেষকদের৷ এটা অনেকটা নির্ভর করছে নক্ষত্র থেকে গ্রহের দূরত্বের উপর৷ পৃথিবীর মতো সেই গ্রহেও তরলকে তরল থাকতে থাকতে হবে, বাষ্প বা বরফ হয়ে গেলে চলবে না৷ ভ্যার্নার ফন ব্লো বলেন, &lsquo;&lsquo;তরল পানি বা জল প্রাণের স্পন্দনের পূর্বশর্ত, যেমনটা পৃথিবীতে ঘটেছিল৷ অন্য কোনো গ্রহের তাপমাত্রা যতি আনুমানিক শূন্য থেকে ১০০ ডিগ্রি সেলসিয়াস পর্যন্ত ঘোরাফেরা করে, তখন সেখানে তরল জল থাকা সম্ভব৷ এমন পরিবেশে প্রাণের বিকাশ ঘটা সম্ভব৷''কিন্তু কেপলার আর দ্বিতীয় পৃথিবীর সন্ধান করতে পারেনি ৷ কারণ গত বছরের আগস্ট মাসে স্যাটেলাইটের দুটি গুরুত্বপূর্ণ যন্ত্রাংশ বিকল হয়ে গেছে৷ চোখ ঘোরানোর ক্ষমতা ছাড়া ফোকাস করা সম্ভব নয়৷ অথচ ঠিক তার আগেই অভিযানের সময়কাল আরও ৩ বছর বাড়ানো হয়েছিল৷ কেপলার মোট ১৩৫টি নতুন গ্রহ আবিষ্কার করেছে৷ সবচেয়ে ছোট গ্রহটি আমাদের চাঁদের চেয়ে সামান্য বড়৷সবচেয়ে চাঞ্চল্যকর আবিষ্কার ছিল প্রায় আমাদের মতোই একটি সৌরজগত৷ সেই নক্ষত্রকে প্রদক্ষিণ করছে পৃথিবীর মতো দুটি গ্রহ৷ এমন আদর্শ &lsquo;এক্সোপ্ল্যানেট' আর পাওয়া যায়নি৷ তবে বিশ্বব্রহ্মাণ্ডে এমন আরও গ্রহের অস্তিত্ব রয়েছে বলে অনুমান করা হয়৷ ভ্যার্নার ফন ব্লো বলেন, &lsquo;&lsquo;কেপলারের আবিষ্কার থেকে মোটামুটি অনুমান করা যায়, মিল্কি ওয়ে গ্যালাক্সিতে সম্ভবত ৫,০০০ কোটি গ্রহ রয়েছে৷ তার মধ্যে ৫০ কোটি গ্রহে প্রাণের বিকাশ সম্ভব৷''তবে এই সব গ্রহের সঙ্গে পৃথিবীর মিল কতটা বা সেখানে প্রাণ আছে কিনা, ভবিষ্যতের অভিযানগুলিতে তা জানার চেষ্টা চালানো হবে৷"
p-163-a-14,কিভাবে এন্টিবায়োটিক ভাইরাস মেরে ফেলে?,জীববিজ্ঞান,1,+2,57,https://www.sciencebee.com.bd/qna/19910/%E0%A6%8F%E0%A6%A8%E0%A7%8D%E0%A6%9F%E0%A6%BF%E0%A6%AC%E0%A6%BE%E0%A6%AF%E0%A6%BC%E0%A7%8B%E0%A6%9F%E0%A6%BF%E0%A6%95,"['অ্যান্টিবায়োটিক', 'ভাইরাস']","অ্যান্টিবায়োটিক ভাইরাস মেরে ফেলে না। ভাইরাসগুলিকে হত্যা করা যায় না কারণ তারা প্রথম স্থানে জীবিত নয়। জন কার্টার এবং ভেনেশিয়া সন্ডার্সের মতো যে কোনও ভাইরোলজি পাঠ্যপুস্তকে উপস্থাপিত হয়েছে, ভাইরাসগুলি খাবার খায় না, বিপাক করে না, বা নিজেরাই পুনরুত্পাদন করে এবং জীবনকে বিবেচনা করা যায় না। এগুলি একটি প্রোটিন শেলের ভিতরে ডিএনএর বিট। জীবগুলি যে কাজগুলো করে তা করার জন্য একটি ভাইরাসকে আপনার কোষ দখল করতে হয়। কিন্তু তখন আসলেই ভাইরাসটি জীবিত নয়। এটা আপনার সেল যে জীবিত; এটি শুধু একটি জম্বি অবস্থায়। একটি ভাইরাসকে থামাতে আপনার নিজের কোষগুলিকে হত্যা করতে হবে যার ভিতরে ভাইরাসের ডিএনএ আছে, অথবা তাদের প্রজনন বন্ধ করা প্রয়োজন। অ্যান্টিবায়োটিক সাধারণত তা করে না।"
p-163-a-15,আমাদের শরীরে কি পারমাণবিক বিক্রিয়া চলছে?,পদার্থবিজ্ঞান,1,0,67,https://www.sciencebee.com.bd/qna/19907/%E0%A6%AA%E0%A6%BE%E0%A6%B0%E0%A6%AE%E0%A6%BE%E0%A6%A3%E0%A6%AC%E0%A6%BF%E0%A6%95-%E0%A6%AC%E0%A6%BF%E0%A6%95%E0%A7%8D%E0%A6%B0%E0%A6%BF%E0%A6%AF%E0%A6%BC%E0%A6%BE,"['শরীর', 'জীববিজ্ঞান']","হ্যাঁ, আমাদের দেহে প্রতিনিয়ত পারমাণবিক বিক্রিয়া ঘটছে, কিন্তু রাসায়নিক বিক্রিয়াগুলির তুলনায় তাদের মধ্যে খুব কমই আছে এবং সেগুলো আমাদের শরীরে খুব বেশি প্রভাব ফেলে না। সমস্ত ভৌত বস্তু অণু দিয়ে তৈরি।"
p-163-a-16,একই মৌলের দুটি পরমাণু কি অভিন্ন?,পদার্থবিজ্ঞান,1,0,67,https://www.sciencebee.com.bd/qna/19905/%E0%A6%AA%E0%A6%B0%E0%A6%AE%E0%A6%BE%E0%A6%A3%E0%A7%81-%E0%A6%85%E0%A6%AD%E0%A6%BF%E0%A6%A8%E0%A7%8D%E0%A6%A8,"['পারমাণবিক', 'কী']","না। একই রাসায়নিক উপাদানের দুটি পরমাণু সাধারণত অভিন্ন নয়। প্রথমত, সম্ভাব্য অবস্থার একটি পরিসীমা রয়েছে যা একটি পরমাণুর ইলেকট্রন দখল করতে পারে। একই মৌলের দুটি পরমাণু ভিন্ন হতে পারে যদি তাদের ইলেকট্রন বিভিন্ন অবস্থায় থাকে। যদি একটি তামার পরমাণু উত্তেজিত অবস্থায় একটি ইলেকট্রন থাকে এবং অন্য একটি তামার পরমাণুতে তার সমস্ত ইলেকট্রন স্থল অবস্থায় থাকে, তাহলে দুটি পরমাণু আলাদা।#collected"
p-163-a-17,ডিম পাড়ার পর পুরুষ ও স্ত্রী উভয় ঘাস ফড়িংই মারা যায় কেন??,জীববিজ্ঞান,1,+1,438,https://www.sciencebee.com.bd/qna/19901/%E0%A6%AA%E0%A6%BE%E0%A7%9C%E0%A6%BE%E0%A6%B0-%E0%A6%B8%E0%A7%8D%E0%A6%A4%E0%A7%8D%E0%A6%B0%E0%A7%80,"['ঘাসফড়িং', 'মারা-যাওয়া', 'পুরুষ', 'স্ত্রী']","প্রজনন মৌসুমে পুরুষ ঘাসফড়িং অতিরিক্ত মিলনের কারণে দেহের সব শক্তি হারিয়ে ফেলে। তাই ওদের দেহের ইমিউন সিস্টেম দেহের জীবাণুর বিরুদ্ধে প্রতিরোধ গড়তে অক্ষম হয়ে পড়ে। আবার স্ত্রী ঘাসফড়িং একসাথে ২০০+ ডিম পাড়ার কারণে এদের মৃত্যু ঘটে।আর এই ২০০ টা ডিমের জন্য শুক্রাণু দিতে গিয়ে পুরুষ ঘাসফড়িং মারা যায়। তাছাড়া, অনেকের মতে,মিলনের সময় স্ত্রী ঘাসফড়িং এর চাহিদা না মিটলে সে পুরুষ ঘাসফড়িং এর মাথা চিবিয়ে খেয়ে ফেলে।এজন্য, ডিম পাড়ার পর পুরুষ ও স্ত্রী ঘাসফড়িং মারা যায়।"
p-163-a-18,দুটি ফোটন কণার যখন ধ্বংসাত্মক ব্যাতিচার ঘটে তখন তাদের শক্তি কোথায় যায় ?,পদার্থবিজ্ঞান,1,+2,58,https://www.sciencebee.com.bd/qna/19899/%E0%A6%A7%E0%A7%8D%E0%A6%AC%E0%A6%82%E0%A6%B8%E0%A6%BE%E0%A6%A4%E0%A7%8D%E0%A6%AE%E0%A6%95,"['শক্তি', 'ফোটন']","যখন/যেখানে আলোর ধ্বংসাত্মক হস্তক্ষেপ ঘটে তখন ফোটনের কী ঘটে? ফোটনগুলির কেবল সেই বিন্দুর কাছে সনাক্ত হওয়ার কোনও সম্ভাবনা নেই। আপনি এটিকে এমন শব্দ করছেন যেন সেই বিন্দুর কাছে একটি ফোটন ছিল এবং তারপরে হস্তক্ষেপ প্রক্রিয়া দ্বারা এটি ব্যাখ্যাতীতভাবে ধ্বংস হয়ে গেছে। কিন্তু এর পরিবর্তে, সত্য হল যে যখন ফোটন একে অপরের সাথে হস্তক্ষেপ করে, তখনও ফোটনের সংখ্যা একই থাকে; স্থানের নির্দিষ্ট অঞ্চলে ফোটনগুলি খুঁজে পাওয়ার সম্ভাবনাগুলি কেবল পরিবর্তিত হয়। এটা কি ফোটন যা সাইনোসয়েডাল পথে দোদুল্যমান/ভ্রমণ করে? না, একটি ফোটনের সাইনোসয়েডাল পথ নেই। আলো সরলরেখায় ভ্রমণ করে। ইলেক্ট্রোম্যাগনেটিক তরঙ্গের প্রতিনিধিত্ব করতে ব্যবহৃত সাইনোসয়েডগুলি আসলে একটি রৈখিকভাবে মেরুকৃত ইলেক্ট্রোম্যাগনেটিক সমতল তরঙ্গের বৈদ্যুতিক এবং চৌম্বক ক্ষেত্রের মাত্রার প্রতিনিধিত্ব করে, ফোটনের পথ নয়। উল্লেখ্য যে একটি সাধারণ ইলেক্ট্রোম্যাগনেটিক তরঙ্গে প্রচুর সংখ্যক ফোটন থাকে। একটি একক-ফটোন তরঙ্গের ক্ষেত্রের মানগুলির মধ্যে একটি বড় আপেক্ষিক অনিশ্চয়তা রয়েছে।"
p-163-a-19,ডায়াবেটিস হলে কি কি খাওয়া যাবে না?,স্বাস্থ্য ও চিকিৎসা,1,+1,89,https://www.sciencebee.com.bd/qna/19895/%E0%A6%A1%E0%A6%BE%E0%A7%9F%E0%A6%BE%E0%A6%AC%E0%A7%87%E0%A6%9F%E0%A6%BF%E0%A6%B8-%E0%A6%96%E0%A6%BE%E0%A6%93%E0%A7%9F%E0%A6%BE,"['ডায়াবেটিস', 'খাওয়া']","ডায়াবেটিস হলে যা খাবেন না বা কম খাবেন---* কখনও বেশি পরিমাণে খাওয়া চলবে না* যেসব খাদ্য বা পানীয়তে চিনির পরিমাণ বেশি থাকে সেসব বর্জন করতে হবে* কাঁচা লবণ নয়* বেশি ভাজা ও তৈলাক্ত খাবার খাওয়া যাবে না* প্রতিদিন দু কাপের বেশি চা বা কফি* দুধ খেতে হলে ফ্যাট কমিয়ে খেতে হবে* পনির খেতে হবে ফ্যাট ছাড়া* ভাত, আলু, কলা এবং গাজর রক্তে চিনির পরিমাণ বাড়ায়। সুতরাং যত কম খাবেন, তত ভালো।"
p-163-a-20,মরিশাসের সব বাড়ির রং সাদা কেন?,বাংলাদেশ ও বিশ্ব,1,+2,75,https://www.sciencebee.com.bd/qna/19894/%E0%A6%AE%E0%A6%B0%E0%A6%BF%E0%A6%B6%E0%A6%BE%E0%A6%B8%E0%A7%87%E0%A6%B0-%E0%A6%AC%E0%A6%BE%E0%A7%9C%E0%A6%BF%E0%A6%B0,"['ৃমরিশাস', 'সাদা']","মরিশাস ভারতীয় মহাসাগরের একটি দ্বীপ রাষ্ট্রের নাম। বিশ্বব্যাপী এই দ্বীপটি পর্যাটন স্পট হিসেবে বেশি পরিচিত। কেননা এটি  সমুদ্র সৈকত, লেগুন এবং বিভিন্ন রীফ বা সমুদ্রের নিচে ডুবে থাকা পাহাড়ের অবস্থান হিসেবে উল্লেখযোগ্যা। এই জন্য সারা বছর এই দ্বীপটিতে মানুষের আনাগোনা লেগেই থাকে। তবে একটি কথা কোন ভাবেই অস্বীকার করা যায় না যে দ্বীপটি অত্যান্ত ব্যায়বহুল। বেশিভাগ তারকারা এই খানে ঘুরতে যায়। এই দ্বীপের প্রাকৃতিক সৌন্দর্য ভাষায় বর্ণনা করা যায় না। ফলে যে কারও এই অঞ্চল ভাল লেগে থাকে। বীচ অনেক থাকায় সমুদ্রের নিচের সৌন্দর্য আরও বেশি সুন্দর। সমুদ্রের পানি রং নীল হওয়াই দেখতে অপূর্ব লাগে। পানির নিচের সম্পূর্ন সৌন্দর্য পানির উপর থেকেই খালি চোখে দেখা যায়।দ্বীপটি অনেক সুন্দর হলেও এখানের প্রাকৃতিক পরিবেশ এবং আবহাওয়া মানুষ এবং প্রানীদের জন্য উপকারী। এখানের পরিবেশে ফ্রেশ এয়ার পাওয়া যায়। ফলে দূষনমুক্ত পরিবেশ সবারই পছন্দ হয়। ধারনা করা হয় কোন আগ্নেয়গিরিতর অগ্ন্যুৎপাত হতে এই দ্বীপের সৃষ্টি হয়েছে। আজকে ঐ দ্বীপে যে সমস্ত প্রানীদের দেখা মিলবে তাদের সম্পর্কে আলোকপাত করা হল। চলুন জেনে নেওয়া যাক।আলডাবরা কচ্ছপঃপর্যাটন স্পট ছাড়াও এখানে প্রানীদের বৈচিত্র্যতাও লক্ষ্য করা যায়। এই খানে। এই প্রজাতির কচ্ছপ ৩০০ কেজি পর্যন্ত হয়ে থাকে।এই দ্বীপকে আলডাবরা কচ্ছপের হোম আইল্যান্ড বলে হয়। এদের আকৃতি অনেক বড় হওয়াই মানুষ জায়ান্ট কচ্ছপ বলে থাকে।ছবিঃআলডাবরা কচ্ছপগোলাপি কবুতরঃএদের অপর নাম পিজিয়ন রোজ। এদের কোন এক সময় এদের খুঁজে পাওয়া গেলেও বর্তমানে এদের অস্তিত্ব হুমকির মুখে। এদের মাথার থেকে লেজ পর্যন্ত হরেক রকম রঙের সমাহার দেখা যায়। এদের ঠোঁট হালকা সাদা লাল রংয়ে, মাথা সাদা এবং ঘাড় ধূসর বর্নের। বন্য পরিবেশে ৪৭৫ ধরনের প্রজাতি দেখা মিলেছে।ছবিঃগোলাপি কবুতরমরিশাস কেস্ট্রেলঃএদের অনেক মজার সার্ভাইভাল স্টোরি রয়েছে। এরা আকারে ছোট হলেও এদের বুক সাদা ক্রিম কালারের। এই সম্পুর্ন শরীরের উপর কালো রংয়ের ছোপ ছোপ দাগ বিশিষ্ট ডট রয়েছে। ধারনা করা হয়ে থাকে এদের অস্তিত্ব খুঁজে পাওয়া গিয়েছিল ২ মিলিয়ন বছর পূর্বে।এদের বেশিভাগ ক্ষেত্রে  মরিশাস দ্বীপেই দেখতে পাওয়া যায়।ছবিঃকেস্ট্রেল পাখিইকোপার্কিট পাখিঃএই প্রজাতির পাখি দ্বীপের শেষ প্রান্তে দেখতে পাওয়া যায়। এরা মুলত এই আইল্যন্ডে বসবাস করা ৬ ধরনের টিয়া পাখিদের মধ্যে একটি। ৮০’ এর দশকে এদের সর্বপ্রথম দেখা মিলে। বর্তমানে এদের ৩০০ প্রজাতির পাখি দেখতে পাওয়া যায়।ছবিঃটিয়া পাখিফ্লাইং ফক্সঃএরা মুলত উড়ন্ত চামবাদুড়। দ্বীপ এলাকা হওয়াই এখানে নারিকেলের গাছ সবচেয়ে বেশি চোখে পড়ে। এরা নিশাচর প্রানী হওয়াই এদের রাতের বেলা বেশি দেখতে পাওয়া যায়। কিন্তু মাঝে মাঝে দিনের বেলা দেখতে পাওয়া যায়। কিন্তু প্রানীদের শিকার অবৈধ হওয়ার পরও এদের সংখ্যা দিন দিন কমতেছে।ছবিঃবাদুড়পরিশেষে, মরিশাসের মত সুন্দর দ্বীপের কিংবা উক্ত অঞ্চলের প্রানীদের বৈচিত্র্যের শেষ নেই। এইখানে যেমন সুন্দর প্রানীর দেখা মিলে জলের উপরে একইভাবে জলের নিচেও আরও বেশি ধরনের প্রানীদের সৌন্দর্যের দেখা মিলে। মরিশাসের সুন্দর সুন্দর প্রানীদের সম্পর্কে  আরও জানতে আমাদের সাথেই থাকুন। আপনাদের মুল্যবান মন্তব্য আমাদের সাথে কমেন্ট বক্সের মাধ্যমে শেয়ার করুন।ভাইয়া আমরা সব কিছু কেন উত্তর দেওয়া সম্ভব নয়।আপনি যদি বলেন আমরা দেশ এমন তাহলে কি উত্তর হবে বলতে পারেন কখনো এগুলোর উত্তর হয় না।তাদের কাছে ভাল লাগে দ্বীপের মধ্যে হয়ত কোনো তাদের আদি পুরুষ এসব ব্যবহার করেছেন এইরকম হতে পারে।বিভিন্ন কারণে হতে পারে কিন্তু স্পেসিফিক উত্তর দেওয়া সম্ভব না ভাইয়া।যদি কখনো এদম সঠিক কারণ পায় জানানোর জন্য চেষ্টা করব।ধন্যবাদ।"
