id,question,question_category,number_of_answer,number_of_vote,number_of_view,answer_link,question_tag,answer
p-374-a-0,মাঝে মাঝে কলম কেন ব্লাস্ট হয়?,চিন্তা ও দক্ষতা,1,+7,115,https://www.sciencebee.com.bd/qna/9281/%E0%A6%AE%E0%A6%BE%E0%A6%9D%E0%A7%87-%E0%A6%AC%E0%A7%8D%E0%A6%B2%E0%A6%BE%E0%A6%B8%E0%A7%8D%E0%A6%9F,"['কলম', 'ব্লাস্ট']","দেহের তাপ(Body heat ).

 আপনার বলপয়েন্ট কলমটি যখন আপনার পকেটে থাকে তখন এটি আপনার শরীরের তাপমাত্রার কারণে আরও গরম হয়। এর অর্থ অভ্যন্তরের কালি আরও তরল হয়ে যায় এবং টিপটি থেকে বেরিয়ে যায় এবং মহাকর্ষের কারণে শেষ হয়।"
p-374-a-1,অনেকেই বলেন ব্রনের মুখে ফেসওয়াশ মাখতে হয় না। এটা কি সঠিক? সঠিক হলে কেন কেন সঠিক?,লাইফ,1,+9,186,https://www.sciencebee.com.bd/qna/9280/%E0%A6%85%E0%A6%A8%E0%A7%87%E0%A6%95%E0%A7%87%E0%A6%87-%E0%A6%AB%E0%A7%87%E0%A6%B8%E0%A6%93%E0%A6%AF%E0%A6%BC%E0%A6%BE%E0%A6%B6,['ব্রণ'],"ভাল স্কিনকেয়ার স্পষ্টতই ময়লা, অতিরিক্ত তেল, মেকআপ এবং এর মতো অপসারণ করতে সহায়তা করে এবং ছিদ্রের বাধা হ্রাস করতে সহায়তা করতে পারে। তবে ব্রণ পরিষ্কার করার জন্য সাধারণ সাবান বা ফেস ওয়াশ দিয়ে পরিষ্কার করা উচিত নয়।  কেননা এতে ত্বকের ক্ষতি বেশি হয় এবং এতে মুখ ফেটে যাওয়া , ব্রণের পরিমাণ বেড়ে যাওয়া , দাগ বসে যাওয়া ইত্যাদি হতে পারে ৷"
p-374-a-2,অর্জুন গাছ কি হার্টের রোগীদের জন্য ভালো??,স্বাস্থ্য ও চিকিৎসা,2,+7,174,https://www.sciencebee.com.bd/qna/9277/%E0%A6%B9%E0%A6%BE%E0%A6%B0%E0%A7%8D%E0%A6%9F%E0%A7%87%E0%A6%B0-%E0%A6%B0%E0%A7%8B%E0%A6%97%E0%A7%80%E0%A6%A6%E0%A7%87%E0%A6%B0,[],অর্জুন গাছ হার্টের রোগীদের জন্য যথেষ্ট উপকারী।অর্জুন ছালের রস কো-এনজাইম কিউ-১০ সমৃদ্ধ। এই কো-এনজাইম কিউ-১০ হৃদরোগ এবং হার্ট অ্যাটাক প্রতিরোধ করে। বাকলের রস ব্লাড প্রেসার এবং কোলেস্টেরল লেভেল কমায়। অর্জুনের ছাল বেটে রস খেলে হৃদপিন্ডের পেশি শক্তিশালী হয় এবং হৃদযন্ত্রের ক্ষমতা বাড়ে। বাকলের ঘন রস দুধের সাথে মিশিয়ে প্রতিদিন সকালে খালি পেটে খেতে হবে। বাকলে রস না থাকলে শুকনো বাকলের গুঁড়া ১-২ গ্রাম দুধের সাথে মিশিয়ে সকালে খালি পেটে খেতে হবে।
p-374-a-3,অর্জুন গাছ কি হার্টের রোগীদের জন্য ভালো??,স্বাস্থ্য ও চিকিৎসা,2,+7,174,https://www.sciencebee.com.bd/qna/9277/%E0%A6%B9%E0%A6%BE%E0%A6%B0%E0%A7%8D%E0%A6%9F%E0%A7%87%E0%A6%B0-%E0%A6%B0%E0%A7%8B%E0%A6%97%E0%A7%80%E0%A6%A6%E0%A7%87%E0%A6%B0,[],"হ্যাঁ, অর্জুন গাছ হার্টের রোগীদের জন্য যথেষ্ট উপকারী। অর্জুন ছালের রস কো-এনজাইম কিউ-১০ সমৃদ্ধ। এই কো-এনজাইম কিউ-১০ হৃদরোগ এবং হার্ট অ্যাটাক প্রতিরোধ করে। বাকলের রস ব্লাড প্রেসার এবং কোলেস্টেরল লেভেল কমায়। অর্জুনের ছাল বেটে রস খেলে হৃদপিন্ডের পেশি শক্তিশালী হয় এবং হৃদযন্ত্রের ক্ষমতা বাড়ে। বাকলের ঘন রস দুধের সাথে মিশিয়ে প্রতিদিন সকালে খালি পেটে খেতে হবে। বাকলে রস না থাকলে শুকনো বাকলের গুঁড়া ১-২ গ্রাম দুধের সাথে মিশিয়ে সকালে খালি পেটে খেতে হবে।"
p-374-a-4,সুর্যের আলো কিভাবে বিদ্যুৎ ও চৌম্বকীয় ক্ষেত্র উৎপন্ন করে??,পদার্থবিজ্ঞান,1,+6,96,https://www.sciencebee.com.bd/qna/9270/%E0%A6%B8%E0%A7%81%E0%A6%B0%E0%A7%8D%E0%A6%AF%E0%A7%87%E0%A6%B0-%E0%A6%9A%E0%A7%8C%E0%A6%AE%E0%A7%8D%E0%A6%AC%E0%A6%95%E0%A7%80%E0%A7%9F,[],এই ব্লগটি পুরোটা পড়ে দেখুনঃআলোর ফটো তড়িৎ ক্রিয়া ও আজকের সৌর কোষ
p-374-a-5,High commode এর কী কোনো ক্ষতিকর দিক আছে??,তত্ত্ব ও গবেষণা,2,+7,435,https://www.sciencebee.com.bd/qna/9269/commode-%E0%A6%95%E0%A7%8D%E0%A6%B7%E0%A6%A4%E0%A6%BF%E0%A6%95%E0%A6%B0,[],"হ্যা! হাই কমোডে স্বাস্থ্যঝুকি আছে।এগুলাতে বসে আরাম লাগলেও বসে পায়খানা করলে আমাদের মলাশয় বা রেকটামের anorectal কোণ টা অনেক বাঁকা থাকে তাই শরীরকে বেশি প্রেশার দিতে হয় মল বের করার জন্য।বিশেষজ্ঞরা বলছেন, হাই কমোডের কারণে বিভিন্ন অন্ত্রের সমস্যা যেমন হেমোরয়েডস, অন্ত্রের প্রদাহ, কোলন ক্যানসার, পেলভিক ক্যানসার ও মলত্যাগে সমস্যার আশঙ্কা বাড়তে পারে। যারা হাই কমোডের বদলে নিচু কমোড ব্যবহার করেন তাদের এসব রোগে আক্রান্ত হওয়ার হার কম দেখা যায়।দেশি লো কমোড টয়লেটে বসার ভঙ্গিটিকেই স্বাভাবিক বলছেন গবেষকরা। এটি অনেকটা স্কোয়াটের ভঙ্গি। অন্যদিকে হাই কমোডে বসার ভঙ্গিটি মোটেই স্বাভাবিক নয়। এতে টেনশন ও দেহে বাড়তি স্ট্রেচ তৈরি করে।"
p-374-a-6,High commode এর কী কোনো ক্ষতিকর দিক আছে??,তত্ত্ব ও গবেষণা,2,+7,435,https://www.sciencebee.com.bd/qna/9269/commode-%E0%A6%95%E0%A7%8D%E0%A6%B7%E0%A6%A4%E0%A6%BF%E0%A6%95%E0%A6%B0,[],"ক্ষতি আছে কারণ এখানে মানবদেহের মলাশয় বা রেকটামের anorectal কোণ টা অনেক বাঁকা থাকে তাই শরীরকে বেশি প্রেশার দিতে হয় মল বের করার জন্য।বিশেষজ্ঞরা বলছেন, হাই কমোডের কারণে বিভিন্ন অন্ত্রের সমস্যা যেমন হেমোরয়েডস, অন্ত্রের প্রদাহ, কোলন ক্যানসার, পেলভিক ক্যানসার ও মলত্যাগে সমস্যার আশঙ্কা বাড়তে পারে। যারা হাই কমোডের বদলে নিচু কমোড ব্যবহার করেন তাদের এসব রোগে আক্রান্ত হওয়ার হার কম দেখা যায়।"
p-374-a-7,ফলের রাজা কেন আম??,বাংলাদেশ ও বিশ্ব,2,+6,347,https://www.sciencebee.com.bd/qna/9268/%E0%A6%AB%E0%A6%B2%E0%A7%87%E0%A6%B0-%E0%A6%B0%E0%A6%BE%E0%A6%9C%E0%A6%BE-%E0%A6%95%E0%A7%87%E0%A6%A8,[],"আমের বহুমুখী পুষ্টিগুণের কারণেই মূলত আমকে ফলের রাজা বলা হয়। আচ্ছা তাইলে জেনে আসা যাক,প্রথমত আমে থাকা অনেক রকম অ্যান্টিঅক্সিডেন্ট থাকে যা সব ধরণের ক্যান্সার প্রতিরোধে সহায়তা করে।আমে থাকা ভিটামিন সি আর ফাইবার সমৃদ্ধ এই ফল খেলে ক্ষতিকর কোলেস্টেরলের (এলডিএল) কমে যায়।আম চোখের জন্য উপকারী। কারণ ভিটামিন এ থাকার কারণে আপনার রাতকানা রোগ প্রতিরোধে সাহায্য করে।সর্বোপরি বহুমুখী পুষ্টিগুণের কারণেই আমকে ফলের রাজা বলা হয়।"
p-374-a-8,ফলের রাজা কেন আম??,বাংলাদেশ ও বিশ্ব,2,+6,347,https://www.sciencebee.com.bd/qna/9268/%E0%A6%AB%E0%A6%B2%E0%A7%87%E0%A6%B0-%E0%A6%B0%E0%A6%BE%E0%A6%9C%E0%A6%BE-%E0%A6%95%E0%A7%87%E0%A6%A8,[],"আমগাছগুলো অনেক ছোট জায়গাতেই বেশী ফলন হয় যেমন মল্লিকা,আম্রপালী ইত্যাদি। এই সংকর জাতীয় আমগুলি যদি গুদামে ঠিক ভাবে সংরক্ষণ করার ব্যবস্থা থাকে তাহলে এই আম বিদেশে রপ্তানি করে প্রচুর মুনাফা লাভ করতে পারা যাবে। এই ফলটির কদর সারা পৃথিবী জুড়ে। এমন বিভিন্ন কারণে আমকে বলা ফলের রাজা।"
p-374-a-9,গর্ভাবস্থায় মেয়েদের বমি আসে কেন??,স্বাস্থ্য ও চিকিৎসা,2,+8,178,https://www.sciencebee.com.bd/qna/9267/%E0%A6%97%E0%A6%B0%E0%A7%8D%E0%A6%AD%E0%A6%BE%E0%A6%AC%E0%A6%B8%E0%A7%8D%E0%A6%A5%E0%A6%BE%E0%A7%9F,[],"হিউম্যান কোরিওনিক গনাডোট্রোফিন (Human Chorionic Gonadotropin -hCG) নামক হরমোনটি গর্ভকালীন শরীরে খুব দ্রুত বৃদ্ধি পায়। এই হরমোন বৃদ্ধি পাওয়ার ফলে বমি বমি ভাবের ব্যাপারটি হয়ে থাকে। আবার মা যদি গর্ভে জমজ সন্তান ধারণ করেন, তবে এর মাত্রা আরও বেশি পরিমাণে বৃদ্ধি পায়।"
p-374-a-10,গর্ভাবস্থায় মেয়েদের বমি আসে কেন??,স্বাস্থ্য ও চিকিৎসা,2,+8,178,https://www.sciencebee.com.bd/qna/9267/%E0%A6%97%E0%A6%B0%E0%A7%8D%E0%A6%AD%E0%A6%BE%E0%A6%AC%E0%A6%B8%E0%A7%8D%E0%A6%A5%E0%A6%BE%E0%A7%9F,[],হিউম্যান কোরিওনিক গনাডোট্রোফিন (Human Chorionic Gonadotropin - hCG) নামক হরমোনটির জন্য এটি হয়। গর্ভকালীন শরীরে হরমোনটি খুব দ্রুত বৃদ্ধি পায়। এই হরমোন বৃদ্ধি পাওয়ার ফলে বমি বমি ভাব হয়ে থাকে।
p-374-a-11,সমুদ্রের পানি নোনতা হওয়ার কারণ কী??,বিবিধ,1,+6,278,https://www.sciencebee.com.bd/qna/9266/%E0%A6%B8%E0%A6%AE%E0%A7%81%E0%A6%A6%E0%A7%8D%E0%A6%B0%E0%A7%87%E0%A6%B0-%E0%A6%A8%E0%A7%8B%E0%A6%A8%E0%A6%A4%E0%A6%BE,[],"সমুদ্রের পানির ভেতরে লবণ আসে মূলত ডাঙা বা স্থলের পাথর থেকে। বৃষ্টিপাতের সময় বৃষ্টির যে ফোঁটাগুলো ডাঙায় পড়ে সেগুলোতে আশপাশের বাতাস থেকে কার্বন-ডাইঅক্সাইড মিশে যায়। কার্বন-ডাইঅক্সাইড আর পানি মিলে তৈরি করে কার্বনিক অ্যাসিড, যার ফলে বৃষ্টির পানি একটু অ্যাসিডিক হয়ে যায়।এই বৃষ্টির পানি যখন পাথরের গায়ে পড়ে, তখন এর ভেতরের অ্যাসিড পাথরের গা বেয়ে নামে এবং আয়ন তৈরি করে।এই আয়নগুলো আবার গড়িয়ে পড়ে নদী বা হ্রদের জলে। সেখান থেকে গিয়ে মেশে সমুদ্রের পানিতে।এভাবে বিভিন্ন রকম আয়ন সমুদ্রের পানিতে থাকে। এগুলোর মধ্যে কিছু সামুদ্রিক জীব খাদ্য উৎপাদন ও অন্যান্য কাজে ব্যবহার করে এবং সমুদ্রের পানি থেকে সরিয়ে ফেলে। বাকিগুলো সমুদ্রের পানিতেই মিশে থাকে। দীর্ঘ সময় এভাবে সমুদ্রের পানিতে থেকে আয়নগুলোর পরিমাণ বাড়তে থাকে।এসব আয়নের মধ্যে সবচেয়ে বেশি পাওয়া যায় সোডিয়াম ও ক্লোরিন। সমুদ্রের পানিতে এই দুটোর পরিমাণ ৯০ শতাংশ। সোডিয়াম ও ক্লোরিন লবণাক্ত। মূলত এই দুটো মৌল একত্রিত হয়ে তৈরি করে সোডিয়াম ক্লোরাইড, যাকে আমরা বলি লবণ।সমুদ্রের পানিতে সোডিয়াম ও ক্লোরিন আয়ন মিলে লবণ তৈরি করে। এই দুটোর পরিমাণ অনেক বেশি হওয়ায় সমুদ্রের পানিতে লবণের পরিমাণও অনেক বেশি থাকে।এজন্যই সমুদ্রের পানি লবণাক্ত হয়।"
p-374-a-12,"""মাইন্ড রিডিং"" কি আসলেই সম্ভব? এর বৈজ্ঞানিক ব্যাখ্যা কি?",মনোবিজ্ঞান,1,+9,"1,391",https://www.sciencebee.com.bd/qna/9260/%E0%A6%AC%E0%A7%88%E0%A6%9C%E0%A7%8D%E0%A6%9E%E0%A6%BE%E0%A6%A8%E0%A6%BF%E0%A6%95-%E0%A6%AC%E0%A7%8D%E0%A6%AF%E0%A6%BE%E0%A6%96%E0%A7%8D%E0%A6%AF%E0%A6%BE,[],"মাইন্ড রিডিং বৈজ্ঞানিক ভাবে সম্ভব নয়।তবে যেটা করা যায় সেটা হলো আচরণ,কথা বলার ধরণ থেকে মনে কি চলছে তা অনুমান করে নেওয়া।যদি পর্যবেক্ষণ ক্ষমতা ভালো থাকে তবে অনুমান ঠিক হয়ে যেতে পারে!তবে ডিরেক্টলি মাইন্ড বা মস্তিষ্কে কি চলছে তা পড়া সম্ভব নয়।"
p-374-a-13,আমাদের মস্তিস্কের স্মৃতি কোনভাবে কোন ডিভাইসে সংরক্ষণ করা সম্ভব?,প্রযুক্তি,1,+8,58,https://www.sciencebee.com.bd/qna/9259/%E0%A6%AE%E0%A6%B8%E0%A7%8D%E0%A6%A4%E0%A6%BF%E0%A6%B8%E0%A7%8D%E0%A6%95%E0%A7%87%E0%A6%B0,[],বর্তমানের প্রযুক্তির সাহায্যে তো সম্ভব নয় মস্তিষ্কের স্মৃতি অন্য ডিভাইসে সেভ করা।আর ভবিষ্যতে এরকমকিছু আবিষ্কার হতে পারে কিনা তাও বলা মুশকিল!
p-374-a-14,ছেলেদের টাখনুর উপর প্যান্ট পরা নিয়ে বিজ্ঞান কি বলে??,বিবিধ,2,+7,686,https://www.sciencebee.com.bd/qna/9251/%E0%A6%9B%E0%A7%87%E0%A6%B2%E0%A7%87%E0%A6%A6%E0%A7%87%E0%A6%B0-%E0%A6%AA%E0%A7%8D%E0%A6%AF%E0%A6%BE%E0%A6%A8%E0%A7%8D%E0%A6%9F,[],"পুরুষের পায়ের টাখনুতে থাকে টেস্টোস্টেরন নামক যৌন হরমোন, যা সঠিকভাবে কাজ করার জন্য প্রাকৃতিক আলো-বাতাসের প্রয়োজন। টাখনুকে ঢেকে রাখলে টেস্টোস্টেরন হরমোন শুকিয়ে যায়। যার প্রভাবে শরীরে অনেক রকম সমস্যা দেখা দেয়। শুক্রাণু কমে যায়। ফলে সহজে বাচ্চা হয় না। এ সমস্যাটি আমাদের সমাজে মহামারি আকার ধারণ করছে। তা ছাড়া টেস্টোস্টেরনের অভাব মস্তিষ্ক &lsquo;ঘোলাটে&rsquo; করে দেয়। এতে মনোযোগ নষ্ট হয়। স্মৃতিশক্তিও কমে আসে ধীরে ধীরে। এ কারণেই টাকনুর উপর প্যান্ট পড়তে বলা হয়।"
p-374-a-15,ছেলেদের টাখনুর উপর প্যান্ট পরা নিয়ে বিজ্ঞান কি বলে??,বিবিধ,2,+7,686,https://www.sciencebee.com.bd/qna/9251/%E0%A6%9B%E0%A7%87%E0%A6%B2%E0%A7%87%E0%A6%A6%E0%A7%87%E0%A6%B0-%E0%A6%AA%E0%A7%8D%E0%A6%AF%E0%A6%BE%E0%A6%A8%E0%A7%8D%E0%A6%9F,[],আপনি ধর্মীয় দৃষ্টিকোণ থেকে উত্তর দিয়েছেন। আপনার উত্তরের কোন ভিত্তি নাই। পারলে রেফারেন্স দিন!!
p-374-a-16,দাঁড়িয়ে পানি খেলে কী ক্ষতি হতে পারে??,বিবিধ,2,+7,550,https://www.sciencebee.com.bd/qna/9250/%E0%A6%A6%E0%A6%BE%E0%A6%81%E0%A7%9C%E0%A6%BF%E0%A7%9F%E0%A7%87-%E0%A6%95%E0%A7%8D%E0%A6%B7%E0%A6%A4%E0%A6%BF,[],"স্নায়বিক উত্তেজনার দিক খতিয়ে দেখলে বসে পানি পান করাই ভালো। চিকিৎসকদের মতে, দাঁড়িয়ে পানি পান করলে স্নায়ু উত্তেজিত হয় ও বাড়ে রক্তচাপ।বেশিরভাগ সময়ে দাঁড়িয়ে পানি পান করলে কিডনির কার্যক্ষমতা কমে যায়। শরীরের ভিতরের ছাঁকনিগুলি কুঁচকে যায় ও নেফ্রনগুলো শরীর থেকে টক্সিন সরানোর সুযোগ পায় কম। তাই শরীরকে পরিশ্রুত করার কাজ বাধা পায়দাঁড়িয়ে পানি পান করলে তা সরাসরি পাকস্থলীতে গিয়ে ধাক্কা দেয়। পাচকরসের ক্ষরণ কমে হজমের সমস্যা দেখা যায়।এভাবে পানি খেলে তা হৃদযন্ত্রের উপরেও অতিরিক্ত চাপ ফেলে। বুকের পেশির উপর এই চাপের ফলে বিষম খাওয়া থেকে শুরু করে শ্বাসরোধ পর্যন্ত হতে পারে।"
p-374-a-17,দাঁড়িয়ে পানি খেলে কী ক্ষতি হতে পারে??,বিবিধ,2,+7,550,https://www.sciencebee.com.bd/qna/9250/%E0%A6%A6%E0%A6%BE%E0%A6%81%E0%A7%9C%E0%A6%BF%E0%A7%9F%E0%A7%87-%E0%A6%95%E0%A7%8D%E0%A6%B7%E0%A6%A4%E0%A6%BF,[],"দাঁড়িয়ে পানি খেলে বিভিন্ন ধরণের ক্ষতি হতে পারে। নিচে কয়েকটি ক্ষতিকর দিক উল্লেখ করা হলোঃউদ্বেগ বাড়েদাঁড়িয়ে পানি খেলে আমাদের স্নায়ু উত্তেজিত হয়ে পড়ে। বেড়ে যায় রক্তচাপ। ফলে এভাবে পানি খেলে উদ্বেগ বাড়তে থাকে।শরীরে টক্সিনের পরিমাণ বৃদ্ধি পায়দাঁড়িয়ে পানি খেলে শরীরের ভিতরে থাকা ছাকনিগুলো সংকুচিত হয়ে যায়। ফলে শরীর পরিশ্রুত করার কাজ বিঘ্নিত হয়। আর শরীরে টক্সিনের মাত্রা বাড়তে থাকে।কিডনি ক্ষতিগ্রস্থ হয়দাঁড়িয়ে পানি খেলে কিডনির কর্মক্ষমতা কমে। ফলে কিডনি ক্ষতিগ্রস্ত বা বিকল হওয়ার আশঙ্কা থাকে।হৃদযন্ত্রে চাপ পড়েদাঁড়িয়ে পানি খেলে আমাদের বুকের পেশিতে চাপ পড়ে। ফলে আমাদের হৃদযন্ত্রের উপরেও চাপ সৃষ্টি হয় যা মারাত্মক বিপদ ডেকে আনতে পারে।পাকস্থলীতে কর্মক্ষমতা কমিয়ে দেয়দাঁড়িয়ে পানি খেলে তা সরাসরি পাকস্থলীতে গিয়ে আঘাত করে। পাকস্থলী থেকে নিঃসৃত পাচক রসের কর্মক্ষমতা কমিয়ে দেয়। ফলে হজমের নানা সমস্যা তৈরি হয়। হতে পারে গ্যাস্ট্রো ইসোফেগাল রিফ্লাক্স ডিজিজ-এর মতো হজমের অসুখও।এবার চলুন জেনে নেওয়া যাক পানি খাওয়ারসঠিক নিয়ম-১) বসে পানি খান।২) ছোট ছোট চুমুকে পানি খান।৩) ছোট ছোট চুমুকে মুখ নামিয়ে বা সামনের দিকে তাকিয়ে ঢোক গিলে পানি খাওয়ার অভ্যাস করুন।এই পদ্ধতি মেনে চলতে পারলে সহজেই সুস্থ, সতেজ থাকা সম্ভব। থাকবে না কোনও বিপদের ঝুঁকিও।© একুশে টিভি"
p-374-a-18,ঘামলে জীবাণুর জন্য দুর্গন্ধ হয় জানি।তবে এই জীবানুর জন্য কেন দুর্গন্ধ বের হয়?,বিবিধ,1,+6,86,https://www.sciencebee.com.bd/qna/9249/%E0%A6%A6%E0%A7%81%E0%A6%B0%E0%A7%8D%E0%A6%97%E0%A6%A8%E0%A7%8D%E0%A6%A7-%E0%A6%9C%E0%A6%BE%E0%A6%A8%E0%A6%BF%E0%A5%A4%E0%A6%A4%E0%A6%AC%E0%A7%87,[],এই নিউজটি পুরোটা  পড়ুনঃঘামে গন্ধের পেছনে দায়ী জীবানু শনাক্ত করেছেন বিজ্ঞানীরা
p-374-a-19,বাঁশে পানি আসে কোথা থেকে??,বিবিধ,1,+7,141,https://www.sciencebee.com.bd/qna/9248/%E0%A6%AC%E0%A6%BE%E0%A6%81%E0%A6%B6%E0%A7%87-%E0%A6%AA%E0%A6%BE%E0%A6%A8%E0%A6%BF-%E0%A6%95%E0%A7%8B%E0%A6%A5%E0%A6%BE,[],"বর্ষাকালে বাঁশ প্রচুর পরিমাণে জল শোষণ করে, এটি ডালপালা এবং মাটির মতোই তার রাইজোমে জল সঞ্চয় করে।  এর অর্থ হল বাঁশের উচ্চ জল সঞ্চয় ক্ষমতা রয়েছে।  পরবর্তীতে, ঘনত্বের প্রভাবের কারণে, শুষ্ক মৌসুমে পানি মাটি, নদী ও স্রোতে ফিরে আসে।"
p-374-a-20,ধৈর্য্যশক্তি বাড়াতে কী করতে পারি??,মনোবিজ্ঞান,1,+7,239,https://www.sciencebee.com.bd/qna/9247/%E0%A6%A7%E0%A7%88%E0%A6%B0%E0%A7%8D%E0%A6%AF%E0%A7%8D%E0%A6%AF%E0%A6%B6%E0%A6%95%E0%A7%8D%E0%A6%A4%E0%A6%BF,[],"কথায় বলে, সবুরে মেওয়া ফলে। ধৈর্য ধরে কাজ করলে অবশ্যই আপনি সফলতা পাবেন। কিন্তু অনেকেই অল্পতেই হতাশ হয়ে ধৈর্য হারিয়ে ফেলেন। ধৈর্যের পরীক্ষা সাধারণত বন্ধ দরজার ভেতরেই ঘটে থাকে। ধৈর্য না থাকলে দীর্ঘমেয়াদী কোনো কাজ করা সম্ভব নয়। ভাল কিছু করতে হলে অবশ্যই আপনাকে ধৈর্যশীল হতে হবে।আপনি যদি ধৈর্যশীল হতে চান, তবে আপনার জন্যই লেখা ধৈর্যশক্তি বাড়ানোর কিছু উপায়-ডায়েরি লেখার অভ্যাস:ডায়েরি লেখার অভ্যাস ধৈর্যশক্তি বৃদ্ধি করবে। বিশেষ বিশেষ দিনের ঘটনা, যে ঘটনা খুব ভাবাচ্ছে, তাই ডায়েরিতে লিখে রাখতে পারেন। যেকোনো ঘটনা বিস্তারিত লিখতে ধৈর্যের প্রয়োজন। তাই নিয়মিত ডায়েরি লেখার অভ্যাস করুন।বই পড়া:ধৈর্যশক্তি বাড়ানোর অন্যতম উপায় হচ্ছে বই পড়া। তাই ধৈর্যশক্তি বাড়ানোর অন্যতম উপায় হচ্ছে বই পড়া। বই পড়া মানসিক চাপ কমায়। মনকে ধীর স্থির করে তোলে।মেডিটেশন (ধ্যান) করুন:মেডিটেশন বা ধ্যান ধৈর্য বাড়ানোর একটি অন্যান্য কার্যকরি উপায়। যেকোনো মানসিক চাপ থেকে মুক্তি লাভের উপায় হলো মেডিটেশন।আত্মবিশ্বাসী হয়ে উঠুন:আত্মবিশ্বাস শুধু ধৈর্য বাড়ায় তা নয়, সফলতা অর্জনেও সাহায্য করে। তাই নিজে নিজের প্রতি আত্মবিশ্বাসী হয়ে উঠুন। আত্মবিশ্বাস আপনার সফলতা চাবিকাঠি।নিজেকে সময় দিন:নিজেকে সময় দেওয়া খুব জরুরী। দৈনন্দিন কাজের ফাঁকে আমরা নিজেকে ভুলে যাই। ভুলে যাই আমাদেরও দরকার বিশ্রাম। কিন্তু শরীর মন ভাল রাখতে হলে অবশ্যই নিজেকে সময় দিতে হবে। শরীর মন ভাল থাকলে আপনি ধৈর্য ধারণে সক্ষম হবেন।তুলনা করবেন না:অন্যের সাথে কখনোই নিজের তুলনা করবেন না। অন্যরা কি করল তাতে নজর না দিয়ে নিজের প্রতি মনোযোগ দিতে হবে। তাই দূরে কোথাও ঘুরে আসতে পারেন। দেখে আসতে পারেন সমুদ্র, ঝর্ণা কিংবা পাহাড়।বাস্তববাদী হয়ে উঠুন:বাস্তবতা কঠিন আমরা সবাই জানি। তাই ঘটে যাওয়া ছোট কোনো ঘটনা নিয়ে মন খারাপ করবেন না। যা ভবিষ্যতে হওয়ার, তাই হবে। এ নিয়ে হা-হুতাশ করে লাভ নেই। তবে চেষ্টায় কোন ত্রুটি রাখা চলবে না ।"
p-374-a-21,কোন ভাইরাসের জন্য প্ল্যাগ ছড়ায় মূলত?,তত্ত্ব ও গবেষণা,3,+6,115,https://www.sciencebee.com.bd/qna/9246/%E0%A6%AD%E0%A6%BE%E0%A6%87%E0%A6%B0%E0%A6%BE%E0%A6%B8%E0%A7%87%E0%A6%B0-%E0%A6%AA%E0%A7%8D%E0%A6%B2%E0%A7%8D%E0%A6%AF%E0%A6%BE%E0%A6%97,[],"প্লেগ কোন ভাইরাসের কারণে ছড়ায়না।এটি Yersinia pestisনামক ব্যাকটেরিয়াঘটিত মারাত্মক সংক্রামক ব্যাধি।Y. pestisএকটি গ্রাম-নেগেটিভ ব্যাকটেরিয়া যা ইঁদুরের ফ্লিXenopsylla chaeopisনামক পতঙ্গের অন্ত্রে বাস করে। ফ্লি ইঁদুর ও ইঁদুরজাতীয় প্রাণীর বহিঃপরজীবী এবং পোষকের ত্বকে দংশনের মাধ্যমে এর অন্ত্র থেকে ব্যাকটেরিয়াকে পোষকের দেহে চালান করে। কাজেই, ফ্লি ইঁদুর থেকে ইঁদুরে, কখনও কখনও ইঁদুর থেকে মানুষে প্লেগ জীবাণু স্থানান্তরের মাধ্যম হিসেবে কাজ করে এবং রোগের উপসর্গ সৃষ্টি করে।"
p-374-a-22,কোন ভাইরাসের জন্য প্ল্যাগ ছড়ায় মূলত?,তত্ত্ব ও গবেষণা,3,+6,115,https://www.sciencebee.com.bd/qna/9246/%E0%A6%AD%E0%A6%BE%E0%A6%87%E0%A6%B0%E0%A6%BE%E0%A6%B8%E0%A7%87%E0%A6%B0-%E0%A6%AA%E0%A7%8D%E0%A6%B2%E0%A7%8D%E0%A6%AF%E0%A6%BE%E0%A6%97,[],প্লেগ রোগ ভাইরাস নয় বরং Yersinia pestis নামক ব্যাকটেরিয়ার জন্য ছড়ায়।।
p-374-a-23,কোন ভাইরাসের জন্য প্ল্যাগ ছড়ায় মূলত?,তত্ত্ব ও গবেষণা,3,+6,115,https://www.sciencebee.com.bd/qna/9246/%E0%A6%AD%E0%A6%BE%E0%A6%87%E0%A6%B0%E0%A6%BE%E0%A6%B8%E0%A7%87%E0%A6%B0-%E0%A6%AA%E0%A7%8D%E0%A6%B2%E0%A7%8D%E0%A6%AF%E0%A6%BE%E0%A6%97,[],প্লেগ একটি ব্যাকটেরিয়াজনিত রোগ।তাই এটি কোনো ভাইরাস দ্বারা ছড়ায় না।এটি Yersinia pestis নামক ব্যাকটেরিয়াঘটিত একটি রোগ।
p-374-a-24,"মাছ,মাংস ইত্যাদি আমিষজাতীয় খাদ্য কেন মানে কোন উপাদানের জন্য এগুলো কে আমিষজাতীয় খাদ্য বলে আর ঐ উপাদান আসে কিভাবে এদের দেহে??",লাইফ,1,+6,119,https://www.sciencebee.com.bd/qna/9245/%E0%A6%86%E0%A6%AE%E0%A6%BF%E0%A6%B7%E0%A6%9C%E0%A6%BE%E0%A6%A4%E0%A7%80%E0%A7%9F-%E0%A6%86%E0%A6%AE%E0%A6%BF%E0%A6%B7%E0%A6%9C%E0%A6%BE%E0%A6%A4%E0%A7%80%E0%A7%9F,[],"মাছ, মাংস খাবারগুলো প্রাণিজ উৎস থেকে পাওয়া যায়। প্রাণিদেহ প্রোটিন বা আমিষ দিয়ে গঠিত, আর আমিষ অনেকগুলো অ্যামাইনো এসিড অণুর সমন্বয়ে গঠিত। যেকোনো প্রাণিদেহ গঠনের জন্য অ্যামাইনো এসিড মৌলিক উপাদান হিসেবে কাজ করে। মানবদেহ গঠনের জন্যও প্রোটিন (অ্যামাইনো এসিড) প্রয়োজন, যা আমরা অন্য প্রাণিকে খাবার হিসেবে গ্রহণ করে অভাব পূরণ করে থাকি। যেহেতু আমরা আমিষ (প্রোটিনের) এর অভাব মেটানোর জন্য অন্য প্রাণিকে খাবার হিসেবে গ্রহণ করি যা মূলত অ্যামাইনো এসিডের মাধ্যমে গঠিত, এ কারণেই মাছ, মাংসকে আমিষজাতীয় খাবার বলা হয়।আমিষজাতীয় খাবার মানুষের জন্য অতিঅত্যাবশ্যকীয় এবং অত্যাবশ্যকীয় অ্যামাইনো এসিডের উৎস হিসেবে কাজ করে।প্রাণিদেহ মানেই তা প্রোটিন দিয়ে গঠিত। আর প্রোটিন মানেই অ্যামাইনো এসিডের পলিমার। মাছ, ছাগল, গরু, মুরগি এগুলোও প্রাণি। এদের দেহ গঠনের সময় এদের জেনেটিক সিকোয়েন্স অনুযায়ী অ্যামাইনো এসিড অণুগুলো যুক্ত হয়ে শরীরের কাঠামো গঠন করে (এদের দেহে মাংস উৎপন্ন করে যা আমরা খাবার হিসেবে খাই) ।"
p-374-a-25,কান্না করলে চোখ লাল হয়ে যায় কেন??,বিবিধ,2,+7,359,https://www.sciencebee.com.bd/qna/9244/%E0%A6%95%E0%A6%BE%E0%A6%A8%E0%A7%8D%E0%A6%A8%E0%A6%BE-%E0%A6%95%E0%A6%B0%E0%A6%B2%E0%A7%87,[],"আমরা যখন কান্না করি তখন চোখের ল্যাক্রিমাল গ্ল্যান্ড থেকে পানির ফ্লো হওয়ার জন্য ল্যাক্রিমাল গ্ল্যান্ডে ফ্লুইড জমা হতে হয়। এই ফ্লুইড জমা হওয়ার জন্য চোখে এবং মুখমণ্ডলের দিকে রক্তের প্রবাহমাত্রা বেড়ে যায়। যেহেতু চোখের আশেপাশের স্কিন খুবই পাতলা, তাই এই অতিরিক্ত রক্তপ্রবাহ চোখের আশেপাশে ফুঁটে উঠে। তাই ফর্সা মানুষের পুরো মুখ লাল হয়ে যায় কারণ তাদের চামড়ায় স্পষ্ট দেখা যায়। আর চোখে রক্তের প্রবাহ বেড়ে যায় বলে চোখও লাল দেখায়!&copy;Zaima(বিঃদ্রঃ প্রশ্নটি এখানে পূর্বেও করা হয়েছে। সার্চ দিলেই পেতেন)"
p-374-a-26,কান্না করলে চোখ লাল হয়ে যায় কেন??,বিবিধ,2,+7,359,https://www.sciencebee.com.bd/qna/9244/%E0%A6%95%E0%A6%BE%E0%A6%A8%E0%A7%8D%E0%A6%A8%E0%A6%BE-%E0%A6%95%E0%A6%B0%E0%A6%B2%E0%A7%87,[],"কান্না করার সময় চোখের ল্যাক্রিমাল গ্ল্যান্ড থেকে পানির ফ্লো হওয়ার জন্য ল্যাক্রিমাল গ্ল্যান্ডে ফ্লুইড জমা হতে হয়। এই ফ্লুইড জমা হওয়ার জন্য চোখে এবং মুখমণ্ডলের দিকে রক্তের প্রবাহমাত্রা বেড়ে যায়। যেহেতু চোখের আশেপাশের স্কিন খুবই পাতলা, তাই এই অতিরিক্ত রক্তপ্রবাহ চোখের আশেপাশে ফুঁটে উঠে। তাই ফর্সা মানুষের পুরো মুখ লাল হয়ে যায় কারণ তাদের চামড়ায় স্পষ্ট দেখা যায়। আর চোখে রক্তের প্রবাহ বেড়ে যায় বলে চোখও লাল দেখায়!"
p-374-a-27,মশা বা কোনো কিছু কামড় দিলে শরীর ফুলে উঠে কেন??,বিবিধ,1,+5,80,https://www.sciencebee.com.bd/qna/9243/%E0%A6%95%E0%A7%8B%E0%A6%A8%E0%A7%8B-%E0%A6%95%E0%A6%BF%E0%A6%9B%E0%A7%81-%E0%A6%95%E0%A6%BE%E0%A6%AE%E0%A7%9C,[],মশা যখন কামড়ায় তখন মশার হুল থেকে স্পোরোজয়েট ( এক ধরণের রাসায়নিক পদার্থ ) গুলো দেহে প্রবেশ করে। অনাকাঙ্খিত ভাবে এসব রাসায়ানিক উপাদান দেহে প্রবেশের ফলে দেহের স্বাভাবিক রাসায়ানিক উপাদান গুলোর অনুপাতের মাঝে ভারসাম্য নষ্ট হওয়ায় সাময়িক ভাবে দেহ ত্বক ফুলে যায় হয়ে এবং সেই স্থানে জ্বালা করে ।
p-374-a-28,মোরগ কেন ভোরবেলা ডেকে উঠে??মুরগি কেন ডাকে না??,লাইফ,1,+5,680,https://www.sciencebee.com.bd/qna/9242/%E0%A6%AD%E0%A7%8B%E0%A6%B0%E0%A6%AC%E0%A7%87%E0%A6%B2%E0%A6%BE-%E0%A6%AE%E0%A7%81%E0%A6%B0%E0%A6%97%E0%A6%BF,[],"জাপানের নাগোয়া বিশ্ববিদ্যালয়ের জৈবঘড়ি বিশেষজ্ঞ তাকাশি ইউশিমুরা ও তাঁর সহকর্মী শুয়োশি শিমুরা এক পরীক্ষায় দেখিয়েছেন যে এই ডাক দেয়ার সঙ্গে একটা জিনগত যোগসূত্র আছে।এই পরীক্ষার জন্য তারা একজাতের মোরগ বেছে নেন যেগুলো জিনগত সাদৃশ্যের কারণে গবেষণাগারে প্রায়শই ব্যবহৃত হয়। এই মোরগগুলো দুই ভাগে ভাগ করে দুই ভিন্ন আলোর ব্যবস্থায় রাখা হয়। প্রথম গ্রুপটিকে ১২ ঘণ্টা আলোয় এবং ১২ ঘণ্টা ফিকে আলোয় ১৪ দিন রাখা হয়। গোটা সময় গবেষকদ্বয় লক্ষ্য করেন যে, মোরগরা দিনের আলো ফুটে ওঠার ২ ঘণ্টা আগে বাগ দিতে শুরু করেছে। এ হলো ঊষার আগমণ ধারণা করে ডাক দেয়া। বনমোরগের ক্ষেত্রেও একই আচরণ লক্ষ্য করা যায়। তারা ঊষার সময় চিৎকার দিয়ে ওঠে।দ্বিতীয় গ্রুপটিকে ১৪ দিন ধরে ফিকে আলোয় সর্বক্ষণ তথা ২৪ ঘণ্টা রাখা হয়। এক্ষেত্রে গবেষকদ্বয় লক্ষ্য করেছেন যেÑ এই ২৪ ঘণ্টার মধ্যে মোরগরা প্রায় পৌনে চব্বিশ ঘণ্টাই জেগে থেকেছে এবং যখন ভোর হয়েছে বলে তাদের মনে হয়েছে তখন ডেকে উঠেছে।মোরগের ডাক দেয়ার ব্যাপারে বাইরের কোন সূত্র প্রভাব রাখে কিনা দেখার জন্য গবেষকরা এই মোরগগুলোকে শব্দ ও আলোর দ্বারা উদ্দীপ্ত করার চেষ্টা করেন এবং লক্ষ্য করেন; এরা দিনের অন্য সময়ের চেয়ে সকালের দিকেই আলো ও শব্দের দ্বারা বেশি উদ্দীপ্ত হয় এবং ডাক দিয়ে ওঠে। এর অর্থ হলো, বাইরের শক্তিগুলো তাদেরকে যতটা প্রভাবিত করে তার চেয়ে অভ্যন্তরীণ দেহঘড়ি বা জৈবঘড়িই তাদের প্রভাবিত করে বেশি।গবেষকরা আরও লক্ষ্য করেছেন যে সব মোরগ একসঙ্গে ডাক দেয় না। কোনটা আগে দেয়, কোনটা পরে। এক্ষেত্রে মোরগদের মধ্যে সামাজিক স্তরবিন্যাসের একটা ভূমিকা আছে। ডাক দেয়াটা একটা হুঁশিয়ারি সংকেত, যার মাধ্যমে জানা দেয়া হয় যে, এই তল্লাট আমার। সামাজিক স্তরবিন্যাসে যে মোরগের অবস্থান সবার ওপর সেই প্রথম ডাক দিয়ে উঠে ভোরের নৈঃশব্দকে ভেঙ্গে দেয়ার অগ্রধিকার পায়। সামাজিক স্তরবিন্যাসে যাদের অবস্থান নীচে তারা পরে ডাক দেয়। এই ব্যাপারটি প্রতিদিন সকালেই ঘটে।মোরগের ডাক দেয়ার একটা অর্থ হচ্ছেÑনিজ তল্লাটের সার্বভৌমত্ব দাবি করা। তাকে একসঙ্গে বেশ ক’টা ডিমপাড়া মুরগির পালের দেখাশোনা করতে হয়। ডাক দিয়ে সে তার উপস্থিতি জানান দেয় এবং বলে দেয় এই তল্লাটে কেউ এসো না। মোরগ সাধারণত চারমাস বয়স হবার আগে ডাক দেয়ার ক্ষমতা অর্জন করে। ভোরবেলা ছাড়াও তারা অনেক সময় দিনেরবেলাতেও ডাক দেয়। উল্লেখ করা যেতে পারে যে, প্রায় ৪ হাজার বছর আগে মোরগ-মুরগি মানুষের পোষ মেনে গৃহপালিত হয়েছিল। ২৪ ঘণ্টার মধ্যে একটা নির্দিষ্ট সময় তাদের ডেকে ওঠার ব্যাপারটা জিনগতভাবে প্রোগ্রাম করা। এটাই তাদের জৈবিক ঘড়ি বা দেহঘড়ি হিসেবে কাজ করে।সূত্র: এ্যানিমেল সায়েন্স"
