id,question,question_category,number_of_answer,number_of_vote,number_of_view,answer_link,question_tag,answer
p-45-a-0,"কোনো বস্তুর উপর আলো পরে তা ফিরে না আসলে আমরা সেটা চোখে দেখার কথা না, তবে ব্লাক হোল আমরা কিভাবে দেখতে পাই? আলো কি ব্লাক হোল থেকে ফিরে আসতে পারে?",জ্যোতির্বিজ্ঞান,2,+2,81,https://www.sciencebee.com.bd/qna/30592/%E0%A6%AC%E0%A6%B8%E0%A7%8D%E0%A6%A4%E0%A7%81%E0%A6%B0-%E0%A6%95%E0%A6%BF%E0%A6%AD%E0%A6%BE%E0%A6%AC%E0%A7%87,"['আলো', 'প্রতিফলন']","আমরা সরাসরি ব্ল্যাক হোল বা কৃষ্ণগহবর দেখতে পাই না। বিশেষ প্রক্রিয়ায় সেগুলোর ছবি তুলে তারপর সেই ছবি থেকে ব্ল্যাক হোল বা কৃষ্ণগহ্বরকে দেখি।ব্ল্যাক হোল বা কৃষ্ণগহ্বরের চারপাশে গোল হয়ে রয়েছে প্রচুর আধানযুক্ত গ্যাসের বা কণার এক বিশালাকার বলয়। বৃত্তাকার এই এলাকার নাম হলো ঘটনা দিগন্ত বা ইভেন্ট হরিজন (Event Horizon) । আর এই আধানযুক্ত কণা বা গ্যাসের কারণে ব্ল্যাক হোল বা কৃষ্ণগহ্বরের চারপাশে তৈরি হয় বিশাল ম্যাগনেটিক ফিল্ড বা চৌম্বক ক্ষেত্র। এই চৌম্বক ক্ষেত্র বা ম্যাগনেটিক ফিল্ড থেকে সবসময় এক ধরনের তরঙ্গ নিঃসৃত হতে থাকে, যা আসলে বৈশিষ্ট্যমূলক রেডিও তরঙ্গ। আর এই রেডিও তরঙ্গ শক্তিশালী রেডিও টেলিস্কোপের সাহায্যে শনাক্ত করে ছবি তোলা হয়েছিল ব্ল্যাক হোল গুলোর। ব্ল্যাকহোলের এই ছবি সাধারণ কোনো ছবি নয়, বরং এটি আসলে অনেক সময় ধরে শনাক্তকৃত রেডিও তরঙ্গের সমাহার, যাদের একসাথে করে বিচার-বিশ্লেষণের পর মানুষের বোঝার উপযোগী ছবি হিসেবে তৈরি করা যায়।"
p-45-a-1,"কোনো বস্তুর উপর আলো পরে তা ফিরে না আসলে আমরা সেটা চোখে দেখার কথা না, তবে ব্লাক হোল আমরা কিভাবে দেখতে পাই? আলো কি ব্লাক হোল থেকে ফিরে আসতে পারে?",জ্যোতির্বিজ্ঞান,2,+2,81,https://www.sciencebee.com.bd/qna/30592/%E0%A6%AC%E0%A6%B8%E0%A7%8D%E0%A6%A4%E0%A7%81%E0%A6%B0-%E0%A6%95%E0%A6%BF%E0%A6%AD%E0%A6%BE%E0%A6%AC%E0%A7%87,"['আলো', 'প্রতিফলন']","ব্ল্যাকহোলের ঘটনা দিগন্তের(Event Horizon) মধ্যে থাকা কোনো বস্তু আমরা দেখতে পারিনা।কারণ এই সীমানার ভেতর প্রবেশ করলে সবকিছু ব্ল্যাকহোলের মধ্যে চলে যায়।কিন্তু কোনো বস্তু যখন ব্ল্যাকহোলে পতিত হয়,সেটা কখনোই সরলরেখা বরাবর গিয়ে ব্ল্যাকহোলে প্রবেশ করেনা।মহাবিশ্বের সবকিছুই চলমান,এই বস্তুগুলোও।এগুলো প্রথমে ব্ল্যাকহোলের চারপাশে প্রচন্ড গতিতে ঘুরতে থাকে,ধীরে ধীরে ব্ল্যাকহোলের নিকটে যেতে থাকে,ঘটনা দিগন্তের ভেতর চলে গেলে তখন ব্ল্যাকহোল একে গ্রাস করে।ব্ল্যাকহোলে পতিত হওয়ার পূর্বে চারপাশে উচ্চ গতিতে ঘোরার সময় এগুলো অন্যান্য ঘূর্ণায়মান বস্তর সাথে সংঘর্ষে লিপ্ত হয় এবং প্রচন্ড তাপ ও আলো সৃষ্টি হয়।তাই আমরা এই অংশকে উজ্জ্বল দেখি।ঘটনা দিগন্তের বাইরে এই উজ্জ্বল অংশকে বলা হয় 'অ্যাক্রিশন ডিস্ক'।এটা অনেক বড় অঞ্চল জুড়ে থাকে।যেমনঃ মিল্কিওয়ের কেন্দ্রে থাকা Sagittarius A* এর অ্যাক্রিশন ডিস্ক অঞ্চলটি আমাদের সৌরজগতের ব্যাসের চেয়েও কয়েকগুণ বড়।আমরা ব্ল্যাকহোলের ছবিতে মূলত এই অ্যাক্রিশন ডিস্কটি দেখতে পাই।যেহেতু এটা ব্ল্যাকহোলের চারপাশে থাকে,তাই খুব সহজেই এর মধ্যে থাকা অন্ধকার অঞ্চলটুকু যে ব্ল্যাকহোল এটা চিহ্নিত করা যায়।তথ্যসূত্রঃ নাসা,এস্ট্রোনমি ডট কম"
p-45-a-2,প্লেন ল্যান্ড করার সময় কানে ব্যথা হয়ে কেন?,স্বাস্থ্য ও চিকিৎসা,1,0,52,https://www.sciencebee.com.bd/qna/30584/%E0%A6%AA%E0%A7%8D%E0%A6%B2%E0%A7%87%E0%A6%A8-%E0%A6%B2%E0%A7%8D%E0%A6%AF%E0%A6%BE%E0%A6%A8%E0%A7%8D%E0%A6%A1,"['প্লেন', 'কান', 'ব্যথা']",প্লেন টেক-অফ বা ল্যান্ড করার সময় কানে ব্যথা বা কোনো অস্বস্তি অনুভব হলে তাকে Airplane ear বা ear barotrauma বলে। মূলত মানুষের মধ্যকর্ণের বায়ুচাপ এবং প্লেনের পরিবেশের বায়ুচাপের তারতম্য হলে কানের পর্দায় অস্বাভাবিক চাপ বা স্ট্রেস অনুভব হয়। আবার অনেক সময় কানে তালা লেগে যাওয়ার মতো অনুভব হয়।
p-45-a-3,Golden Tortoise Beetle নিয়ে বিস্তারিত জানতে চাই।,জীববিজ্ঞান,1,0,25,https://www.sciencebee.com.bd/qna/30582/tortoise-%E0%A6%AC%E0%A6%BF%E0%A6%B8%E0%A7%8D%E0%A6%A4%E0%A6%BE%E0%A6%B0%E0%A6%BF%E0%A6%A4,"['golden', 'tortoise', 'beetle']","Golden Tortoise Beetle :সোনালী রঙের জন্যই মূলত এরা বিখ্যাত। এদের কিছু প্রজাতির দেহের রঙ ক্রমবিকাশ, প্রজননের সাথে সাথে পরিবর্তন হতে পারে। আবার এরা কোনোভাবে বিরক্ত অনুভব করলেও চকচলে সোনালী রঙ থেকে লালচে বাদামী রঙ ধরাণ করতে পারে। প্রাপ্তবয়স্ক গোল্ডেন টরটয়েজ বিটল প্রায় ৫-৭ মি.মি পর্যন্ত হয়। এরা Insecta শ্রেণীর অন্তর্ভুক্ত, অন্যদিকে কচ্ছপ Reptilia শ্রেণীর। এদের মাঝে কোনো যোগসূত্র নেই।"
p-45-a-4,গ্লাস বা কাচের পৃষ্ঠে লিখা কঠিন কেন?,পদার্থবিজ্ঞান,1,0,37,https://www.sciencebee.com.bd/qna/30580/%E0%A6%97%E0%A7%8D%E0%A6%B2%E0%A6%BE%E0%A6%B8-%E0%A6%AA%E0%A7%83%E0%A6%B7%E0%A7%8D%E0%A6%A0%E0%A7%87,"['গ্লাস', 'কাচ', 'লিখা', 'কঠিন']",কাগজের পৃষ্ঠের তুলনায় কাচের পৃষ্ঠ অনেক মসৃণ। কাচের পৃষ্ঠ সূক্ষ্মভাবে পলিশ করা থাকে তাই কলম বা পেন্সিল দিয়ে লিখার সময় কলমের বল বা পেন্সিলের গ্রাফাইটে পর্যাপ্ত ঘর্ষণ তৈরি হয়না। তাই কাচের পৃষ্ঠে লিখা কঠিন।
p-45-a-5,মানবদেহের কোষ কিভাবে গণনা করা হয়?,জীববিজ্ঞান,1,0,37,https://www.sciencebee.com.bd/qna/30578/%E0%A6%AE%E0%A6%BE%E0%A6%A8%E0%A6%AC%E0%A6%A6%E0%A7%87%E0%A6%B9%E0%A7%87%E0%A6%B0-%E0%A6%95%E0%A6%BF%E0%A6%AD%E0%A6%BE%E0%A6%AC%E0%A7%87,"['মানবদেহ', 'কোষ', 'গণনা']","মাইক্রোস্কোপের নিচে ট্রিলিয়ন ট্রিলিয়ন কোষ গণনা করা অসম্ভব।স্বাভাবিক পদ্ধতি হল মানবদেহের আয়তন অনুমান করা, একটি কোষের আয়তন অনুমান করা এবং একটিকে অন্যটি দিয়ে ভাগ করে দেওয়া। এক্ষেত্রে মানবদেহ ও কোষের আয়তন একই ইউনিটে থাকতে হবে।আরও একটি পদ্ধতি হচ্ছে কোষের আনুমানিক গড় ওজনের উপর ভিত্তি করে হিসেব করা, এটি তুলনামূলক পুরানো পদ্ধতি। গণনার ভিত্তিতে এক ন্যানোগ্রামের ওজন (১ গ্রামের ১ বিলিয়ন ভাগ) ব্যবহার করে ৭০ কেজি ওজনের একজন প্রাপ্তবয়স্কের ৭x১০^১৩ (প্রায় ৭০ ট্রিলিয়ন) কোষ থাকা উচিত। আর যদি ভিত্তি হিসাবে কোষের গড় আকার ১/৪০ মিলিমিটার ধরা হয় তাহলে গড়ে ১.৬৩x১০^১৩ (প্রায় ১৬ ট্রিলিয়ন) কোষ দিয়ে মানবদেহ গঠিত।এই ধরনের বৈজ্ঞানিক গণনাভিত্তিক সমস্যাকে Classic Fermi Estimation Problem বলে। এখানে প্রায় লিখা আবশ্যক।- নিশাত তাসনিম"
p-45-a-6,গ্যামিট ও গ্যামিটোফাইটের পার্থক্য কি?,জীববিজ্ঞান,1,0,31,https://www.sciencebee.com.bd/qna/30576/%E0%A6%97%E0%A7%8D%E0%A6%AF%E0%A6%BE%E0%A6%AE%E0%A6%BF%E0%A6%9F%E0%A7%8B%E0%A6%AB%E0%A6%BE%E0%A6%87%E0%A6%9F%E0%A7%87%E0%A6%B0,"['গ্যামিট', 'গ্যামিটোফাইট']","গ্যামিটোফাইট = গ্যামিট + ফাইট (উদ্ভিদ)।উদ্ভিদের হ্যাপ্লয়েড (n) দশাকে গ্যামিটোফাইট বলে। গ্যামিটোফাইট উদ্ভিদে গ্যামিট বা জনন কোষ (শুক্রাণু বা ডিম্বাণু) সৃষ্টি হয়। অর্থাৎ, যেসব উদ্ভিদ গ্যামিট উৎপন্ন করে তাদের বলে গ্যামিটোফাইট। স্পোর বা রেণু অঙ্কুরিত হয়ে হ্যাপ্লয়েড গ্যামিটোফাইটিক বা লিঙ্গধর উদ্ভিদ তৈরি করে।  এই গ্যামিটোফাইটে পুং ও স্ত্রী জননাঙ্গ তৈরি হয় যেখান থেকে পুং ও স্ত্রী গ্যামিট উৎপন্ন হয়।একসময়, পুং ও স্ত্রী গ্যামিটের মিলনের মাধ্যমে নিষেক প্রক্রিয়া সংঘটিত হয়ে ঊস্পোর বা জাইগোট তৈরি করে। জাইগোট থেকে মাইটোসিসের মাধ্যমে আবার স্পোরাফাইট তৈরি হয়।"
p-45-a-7,ড্ডবৃষ্টির পানির ফোটার গতিবেগ বৃদ্ধি পায় না কেন নিচে নামাকালীন,রসায়ন,1,+2,40,https://www.sciencebee.com.bd/qna/30571/%E0%A6%A1%E0%A7%8D%E0%A6%A1%E0%A6%AC%E0%A7%83%E0%A6%B7%E0%A7%8D%E0%A6%9F%E0%A6%BF%E0%A6%B0,"['পানি', 'হ্রাস-বৃদ্ধি']",বাতাসের কারণে বাঁধা প্রাপ্ত হওয়ার ফলে বৃষ্টির ফোঁটার বেগ বৃদ্ধি পায় না।(গ্যাস বা তরল জাতীয় পদার্থ গুলোর বাঁধা দানকারী ধর্মকে সান্দ্রতা বলে। সান্দ্রতা অনেকটা ঘর্ষণের মতো।)বৃষ্টির ফোঁটা নিচে পরার সময় এর অভিকর্ষজ ত্বরণ বৃদ্ধি পেতে থাকে। আবার একই সাথে সান্দ্রতার কারণে বাতাসের বাঁধাদানকারী বলও বৃদ্ধি পেতে থাকে। যার ফলে এর ত্বরণ এক সময় শূণ্য হয়ে যায়।
p-45-a-8,Creatonotos gangis নিয়ে বিস্তারিত জানতে চাই।,জীববিজ্ঞান,2,0,537,https://www.sciencebee.com.bd/qna/30566/creatonotos,"['creatonotos', 'gangis', 'moth']","বৈজ্ঞানিক নাম : Creatonotos gangis। এই পোকার মধ্যে প্রাপ্তবয়স্কদের সাদা পশ্চাদ্দেশ এবং বাদামী অগ্রভাগের ডানা থাকে, যার প্রত্যেকটির গাঢ় ধারা এবং ডানার বিস্তার 4 সেমি হয়। এদের পেট লাল বা অল্প কিছুর হলুদ হয়। পুরুষদের চারটি বৃহৎ এভারসিবল কোরেমাটা (সুগন্ধি অঙ্গ) থাকে, যা স্ফীত হলে পেটের দৈর্ঘ্য অতিক্রম করতে পারে।এদের ডিমগুলি হলদে এবং গোলাকার হয়। এরা সাধারণত ক্ষুদ্র কীটপতঙ্গ হিসাবে পরিচিত যা চীনাবাদাম, চাল, কফি, মিষ্টি আলু ইত্যাদি শস্য খায়। এই প্রাণীগুলো দক্ষিণ এশিয়ায় এবং অস্ট্রেলিয়ায় পাওয়া যায়।সোর্স : উইকিপিডিয়া"
p-45-a-9,Creatonotos gangis নিয়ে বিস্তারিত জানতে চাই।,জীববিজ্ঞান,2,0,537,https://www.sciencebee.com.bd/qna/30566/creatonotos,"['creatonotos', 'gangis', 'moth']",এরা Creatonotos গণের আর্কটিন মথ ৷ এক জাতীয় ফুদকি পোকা ৷ এটা পুরুষ ৷ এদের লোমশ এই চারটা অঙ্গকে কোরমাটা বলে যা সঙ্গিনীকে আকৃষ্ট করতে সুগন্ধি ফেরোমন নির্গত করে ৷ ফেরোমনে ভরে ফেঁপে উঠলে এগুলো অনেক বড় আর লোমশ দেখায় ৷- রাশিক আজমাইন
p-45-a-10,মাঝে মাঝে চোখের সামনে উড়তে থাকা স্বচ্ছ জিনিসগুলো আসলে কী?,জীববিজ্ঞান,1,0,768,https://www.sciencebee.com.bd/qna/30559/%E0%A6%B8%E0%A7%8D%E0%A6%AC%E0%A6%9A%E0%A7%8D%E0%A6%9B-%E0%A6%9C%E0%A6%BF%E0%A6%A8%E0%A6%BF%E0%A6%B8%E0%A6%97%E0%A7%81%E0%A6%B2%E0%A7%8B,"['চোখ', 'স্বচ্ছ', 'জিনিস', 'floaters']","চোখের এই ঘটনাটি স্বাভাবিক। একে বলা হয় Muscae Volitantes বা Floaters। ল্যাটিন এই শব্দ-যুগলকে বাংলা করলে দাঁড়ায় ‘উড়ন্ত মাছি’ (flying flies)।এই জিনিসগুলোর তৈরি হয় মূলত চোখের অভ্যন্তরের ক্ষুদ্র টিস্যু বা প্রোটিনের আবরণ কিংবা রক্তকণিকার কারণে। কোনো বস্তু থেকে আলোক রশ্মি যখন চোখের রেটিনায় এসে পড়ে তখন এই পথের মাঝে যদি এই উপাদানের কোনো একটা আড়াল হিসেবে পড়ে তখন তার ফলাফল হিসেবে দৃষ্টিক্ষেত্রে স্বচ্ছ কোনোকিছুর উপস্থিতি দেখা যায়।মাঝে মাঝে কারো কারো ক্ষেত্রে এরকম বস্তুগুলো কিছুটা অস্বচ্ছও হতে পারে। ঐ পরিস্থিতিতে মনে হবে ক্ষুদ্র ক্ষুদ্র বস্তু সাপের চলার মতো এদিক ওদিকে সামান্য দ্রুত বেগে চলাচল করছে। এমন হলেও আসলে ভয় পাবার কিছু নেই। চোখের রক্তনালী খুব সরু হয়ে থাকে। শ্বেত রক্তকণিকাগুলো অন্য রক্তকণিকা থেকে বড় হয়ে থাকে। তুলনামূলকভাবে বড় আকৃতির কণিকা যখন সরু রক্তনালী দিয়ে যায় তখন  দিয়ে যায় তখন নালীর পথ এক অর্থে সবটাই দখল হয়ে যায়। পেছনে লোহিত রক্তকণিকা জমতে শুরু করে। সম্মিলিত অবস্থায় শ্বেত কণিকার পেছনে পেছনে চলতে থাকে। লোহিত কণিকা অস্বচ্ছ পদার্থ। তারা যখন সম্মিলিত অবস্থায় থাকে তখন আলোকরশ্মি তাদের অতিক্রম করতে পারে না। তাই চোখের দেখায় মনে হয় কালো রকমের কী যেন চলাফেরা করছে। এগুলো ক্ষতিকর নয়। এগুলোকে দূর করা সম্ভব নয়।©Mayoclinic, Wikipedia"
p-45-a-11,সময়ের সজ্ঞা কি?,পদার্থবিজ্ঞান,1,0,96,https://www.sciencebee.com.bd/qna/30558/%E0%A6%B8%E0%A6%AE%E0%A7%9F%E0%A7%87%E0%A6%B0-%E0%A6%B8%E0%A6%9C%E0%A7%8D%E0%A6%9E%E0%A6%BE,"['#পদার্থবিজ্ঞান', '#সময়']","একটি মতানুসারেসময়মহাবিশ্বের মৌলিক কাঠামোর একটি অংশ যেটি একটি বিশেষ মাত্রা এবং যেখানে ভৌত ঘটনাসমূহ একটি ক্রমধারায় ঘটে। এটি বাস্তববাদী দৃষ্টিভঙ্গি যা আইজ্যাক নিউটনের তত্ত্বসম্মত। এই মতানুসারেসময়একটি ভৌত রাশি, যা পরিমাপযোগ্য। অতীত বর্তমান ও ভবিষ্যতের মধ্যে পার্থক্যকারীকেসময়বলা হয়।তথ্যসুত্রেঃ উইকিপিডিয়া"
p-45-a-12,টিনের বা মাটির বাড়িতে নেটওয়ার্ক কম থাকে কেন?,সৃজনশীলতা,2,0,147,https://www.sciencebee.com.bd/qna/30545/%E0%A6%AC%E0%A6%BE%E0%A7%9C%E0%A6%BF%E0%A6%A4%E0%A7%87-%E0%A6%A8%E0%A7%87%E0%A6%9F%E0%A6%93%E0%A7%9F%E0%A6%BE%E0%A6%B0%E0%A7%8D%E0%A6%95,"['টিনের', 'নেটওয়ার্ক', 'কম']","Network এর frequency ধাতব পদার্থের উপরে পরলে রিফ্লেক্ট করে, অনেক টা ডিশ এন্টিনা তে ফ্রিকুয়েন্সি পরার পরে যেমন এল এন বি তে যায় সেরকম.. তাই কেউ টিনের তৈরি ঘরের ভিতরে অবস্থান করলে নেটওয়ার্ক ফ্রিকুন্সি রিফ্লেক্ট করে, ঘরের ভিতরে ঢুকতে পারেনা.."
p-45-a-13,টিনের বা মাটির বাড়িতে নেটওয়ার্ক কম থাকে কেন?,সৃজনশীলতা,2,0,147,https://www.sciencebee.com.bd/qna/30545/%E0%A6%AC%E0%A6%BE%E0%A7%9C%E0%A6%BF%E0%A6%A4%E0%A7%87-%E0%A6%A8%E0%A7%87%E0%A6%9F%E0%A6%93%E0%A7%9F%E0%A6%BE%E0%A6%B0%E0%A7%8D%E0%A6%95,"['টিনের', 'নেটওয়ার্ক', 'কম']","মোবাইল ফোন একরকম রেডিও। বিদ্যুৎ-চৌম্বকীয় তরঙ্গকে প্রথমে বৈদ্যুতিক, এবং শব্দ তরঙ্গে পরিণত করে এটি, এবং উল্টোটাও করে থাকে। একটি টিনের ঘর বিদ্যুতের সুপরিবাহী। তাই বিদ্যুৎ চৌম্বকীয় তরঙ্গ এটিকে স্পর্শ করা মাত্র বিদ্যুৎ তরঙ্গে পরিণত হয়। কিন্তু টিনের ঘরটি যেহেতু ভূমি স্পর্শ করে থাকে তাই অধিকাংশ বিদ্যুৎ তরঙ্গই ভূমিতে প্রবাহিত হয়ে নষ্ট হয়ে যায়। মোবাইল ফোনটির ব্যবহার্য্য বিদ্যুৎ তরঙ্গ অপেক্ষাকৃত কম থাকার জন্য মোবাইল ফোনে সিগনাল কম থাকে। একই কারণে রেডিও ঠিক চলে না।সমাধানঃচুম্বকে তাঁর পেঁচিয়ে নিন (যেটা দিয়ে বিদ্যুৎ প্রবাহ হয় ) , এবার চুম্বক  উপরে টিনে লাগিয়ে দিন তাঁর মোবাইলের কাছাকাছি রাখুন । এটা করার কারন যাতে টিন থেকে তারের মাধ্যমে আপনার কাছে নেটওয়ার্ক  আসে।সতর্কতাঃএকাজ করলে বাজ পরার সম্ভাবনা বেড়ে যায়, তাই ভুলেও বৃষ্টির সময় এমন করবেন না । তাই আমি বলবো এটা করার দরকারই নেই শুধু জেনে রাখুন ।- Kazi Mahbubur Rahman"
p-45-a-14,জ্যোতির্বিদ্যা এবং জ্যোতিষবিদ্যা মধ্যে পার্থক্য কি?,জ্যোতির্বিজ্ঞান,1,0,92,https://www.sciencebee.com.bd/qna/30544/%E0%A6%9C%E0%A7%8D%E0%A6%AF%E0%A7%8B%E0%A6%A4%E0%A6%BF%E0%A6%B0%E0%A7%8D%E0%A6%AC%E0%A6%BF%E0%A6%A6%E0%A7%8D%E0%A6%AF%E0%A6%BE,"['এবং', 'পার্থক্য']","জ্যোতির্বিজ্ঞান(ইংরেজিAstronomyপ্রতিশব্দটিগ্রিক: ἀστρονομία শব্দটি থেকে উদ্ভূত) হলপ্রাকৃতিক বিজ্ঞানেরএকটি শাখা। এই শাখায়গ্রহ,প্রাকৃতিক উপগ্রহ,তারা,ছায়াপথওধূমকেতুইত্যাদিমহাজাগতিক বস্তুএবংঅতিনবতারা বিস্ফোরণ,গামা রশ্মি বিচ্ছুরণওমহাজাগতিক অণুতরঙ্গ পটভূমি বিকিরণপ্রভৃতিঘটনাবলিএবং সেগুলিরবিবর্তনের ধারাটিকেগণিত,পদার্থবিজ্ঞান,রসায়নওভূগোলএর মাধ্যমে পর্যবেক্ষণ ও ব্যাখ্যা করা হয়। সাধারণভাবে বললে,পৃথিবীর বায়ুমণ্ডলেরবাইরে ঘটা সকল ঘটনাই জ্যোতির্বিজ্ঞানের এক্তিয়ারভুক্ত বিষয়।ভৌত বিশ্বতত্ত্বনামে আরেকটি পৃথক শাখাও জ্যোতির্বিজ্ঞানের সঙ্গেই সম্পর্কিত। এই শাখায় সামগ্রিকভাবেমহাবিশ্বনিয়ে বৈজ্ঞানিক পর্যালোচনা করা হয়।[১]অন্যদিকে,জ্যোতিষশাস্ত্রএমন একটি শাস্ত্র যা নভোমণ্ডলে বিভিন্ন জ্যোতিষ্ক অর্থাৎ গ্রহ-নক্ষত্রের অবস্থান বিবেচনা করে মানুষের ভাগ্যগণনা তথা ভাগ্য নিরূপণ করে। যারা এরূপে ভাগ্য গণনা করে তাদের বলা হয়জ্যোতিষ।জ্যোতিষ একটি সংস্কৃত শব্দ। এই শব্দের একটি অর্থ হল “জ্যোতির্বিষয়ক” এবং অস্ত্যর্থে এই শব্দের একটি অর্থ হল “জ্যোতিষশাস্ত্রবিৎ” এবং অন্য অর্থ “জ্যোতির্ব্বিৎ”[১]। জ্যোতিষ ৬ টি বেদাঙ্গের অন্যতম। বেদাঙ্গ জ্যোতিষের উপলব্ধ শ্লোকগুলিতে মূলতঃ সূর্য্য-চন্দ্রের আবর্তন ও ঋতুপরিবর্তন সংক্রান্ত বিষয় আলোচিত হয়েছে। বেদের লিপিবদ্ধকরণের সময় যজ্ঞানুষ্ঠানের দিন, ক্ষণ ও মূহুর্তাদি নির্ণয়েও জ্যোতিষের বহুল ব্যবহার ছিল। উল্লেখ্য এই যে সেই সময়জ্যোতির্বিদ্যাও জ্যোতিষবিদ্যা অভিন্ন ছিল।বর্তমানে প্রশ্নকর্তার জন্মসময়, তারিখ এবং জন্মস্থানের ভিত্তিতে, জন্মকালে মহাকাশে গ্রহের অবস্থান নিরুপণ করে অথবা প্রশ্নের সময় গ্রহাদির অবস্থান নির্ণয় করে, অথবা হস্তরেখাবিচার, শরীরের চিহ্নবিচার ইত্যাদি বিভিন্ন পদ্ধতির ব্যবহারে প্রশ্নকর্তার ভবিষ্যতের গতিপ্রকৃতি নির্ধারণ করার জ্ঞান ও পদ্ধতিকেজ্যোতিষশাস্ত্রবলা হয়। আবার জ্যোতিষশাস্ত্রের একটি বিভাগ দেশ, রাজ্য, শহর, গ্রাম ইত্যাদির এবং প্রাকৃতিক ঘটনাবলীর যেমন বৃষ্টি, অতিবৃষ্টি, অনাবৃষ্টি, ভূমিকম্প, ঝড়, ঝঞ্ঝা, মহামারী বা প্লাবণের ভবিষ্যদ্বাণী করতেও ব্যবহৃত হয়।￼সূর্য, পৃথিবী, চাঁদ এবং প্লুটো সহ জ্যোতিষের কয়েকটি গ্রহের জন্য জ্যোতিষশাস্ত্র বর্ণরূপ চিত্রযিনি জ্যোতিষশাস্ত্রের চর্চা করেন, তিনিজ্যোতিষীনামে পরিচিত। আধুনিককালের জ্যোতিষীগণ প্রতীকের মাধ্যমে জ্যোতিষশাস্ত্র অধ্যয়ন করে থাকেন। এছাড়াও এটি এক ধরনের কলাশাস্ত্র বা ভবিষ্যৎকথন হিসেবে পরিচিত।লক্ষণীয় এই যে জ্যোতিষশাস্ত্রের প্রয়োগসূত্রগুলি কেবল সম্ভাবনা নির্দেশ করে, কিন্তু কোন নিশ্চিত ঘটনার কথা বলে না। তার কারণ এই যে জ্যোতিষীগণ মনে করেন মানুষ সচেতন কর্মের সাহায্যে অথবা ঈশ্বরের আশীর্বাদে অথবা এই দুইয়ের মিশ্রিতফলে ভাগ্য অনেকাংশে নিয়ন্ত্রণ এবং পরিবর্তন করতে পারে। এই নিশ্চয়তার তারতম্যের কারণে অনেক বিজ্ঞানী জ্যোতিষশাস্ত্রকে মান্যতা দেন না। একদিকে যেমন বিখ্যাত বিজ্ঞানীইয়োহানেস কেপলারএকই সাথে জ্যোতির্বিজ্ঞানী এবং জ্যোতিষী ছিলেন, আবার অন্যদিকে বিজ্ঞানীদের অনেকে জ্যোতিষশাস্ত্রকে ভ্রান্ত প্রতিপন্ন করতে চেয়েছেন। যেমন, ১৯৭৫ সালের সেপ্টেম্বরেদ্য হিউম্যানিস্টপত্রিকায় অনেক বিজ্ঞানী আনুষ্ঠানিকভাবে জ্যোতিষশাস্ত্রের বিরুদ্ধে হুঁশিয়ারি উচ্চারণ করেন।[২]এছাড়া বিখ্যাত বিজ্ঞান কাহিনী লেখককার্ল সেগানতার একটি প্রামাণ্য চিত্রে এ নিয়ে আলোচনা করেছেন।[৩]তৎসত্ত্বেও জ্যোতিষশাস্ত্রের প্রতি বহু মানুষের বিশ্বাস এখনও অটুট আছে।"
p-45-a-15,Atlas Moth নিয়ে বিস্তারিত জানতে চাই।,জীববিজ্ঞান,1,0,296,https://www.sciencebee.com.bd/qna/30542/atlas-%E0%A6%AC%E0%A6%BF%E0%A6%B8%E0%A7%8D%E0%A6%A4%E0%A6%BE%E0%A6%B0%E0%A6%BF%E0%A6%A4,"['atlas', 'moth']","মৌ-প্রজাপতি বা Atlas Moth :মথের ডানার উপরভাগের দিকটা অনেকটা সাপের মত দেখতে হওয়ায় হংকংয়ে একে সর্প প্রজাপতি বলা হয়। মথের ডানার দৈঘ্য প্রায় ২৪ সে.মি পর্যন্ত হয়। মথের ডানায় বাদামী, খয়েরী, বেগুনী, লাল, হলুদ, সাদা, কালো রঙের সংমিশ্রণ থাকে। এদের ডানার তুলনায় দেহ তূলনামূলক ছোট আকৃতির। প্রাপ্তবয়স্ক মথের মুখ পুরোপুরি গঠিত না হওয়ায় এরা খেতে পারেনা এবং লার্ভা দশায় মজুদ করা চর্বির উপর নির্ভর করে বেঁচে থাকে। এরা মাত্র এক থেকে দুই সপ্তাহ পর্যন্ত বাঁচে। এদের দক্ষিণ এশিয়া, দক্ষিণ-পূর্ব এশিয়ার দেশ ও ট্রপিক্যাল বনাঞ্চলে পাওয়া যায়।- নিশাত তাসনিম"
p-45-a-16,প্লাস্টার অব প্যারিস কাকে-কেন বলে?,রসায়ন,1,0,283,https://www.sciencebee.com.bd/qna/30541/%E0%A6%AA%E0%A7%8D%E0%A6%B2%E0%A6%BE%E0%A6%B8%E0%A7%8D%E0%A6%9F%E0%A6%BE%E0%A6%B0-%E0%A6%AA%E0%A7%8D%E0%A6%AF%E0%A6%BE%E0%A6%B0%E0%A6%BF%E0%A6%B8,"['কী', 'কাকে']","CaSO₄ .1/2 H₂Oএটিকেপ্লাস্টারঅফপ্যারিসবলা হয়, কারন ডাক্তাররা ফ্র্যাকচার হাড়কে সঠিক অবস্থানে রাখার জন্য প্লাস্টার হিসাবে এটি ব্যবহার করেন।প্যারিসের মন্টমার্ত্রে পাহাড়ে প্রচুর পরিমাণে ক্যালসিয়াম সালফেট হেমি হাইড্রেট জমা থাকায় প্লাস্টার অফ প্যারিস নামটি উদ্ভূত হয়েছে।"
p-45-a-17,আম খাওয়ার পর পানি খাওয়া যাবে না কেন?,জীববিজ্ঞান,1,0,85,https://www.sciencebee.com.bd/qna/30537/%E0%A6%96%E0%A6%BE%E0%A6%93%E0%A7%9F%E0%A6%BE%E0%A6%B0-%E0%A6%96%E0%A6%BE%E0%A6%93%E0%A7%9F%E0%A6%BE,"['আম', 'পানি']","ফল খাওয়ার পরপরই পানি পান করা যাবে না। এটি আমের ক্ষেত্রেও কার্যকরী। আপনি যদি আম খাওয়ার পরপরই পানি পান করেন তবে দেখা দিতে পারে অ্যাসিডিটির সমস্যা। সেইসঙ্গে হতে পারে পেট ব্যথাও। তাই আম খাওয়ার পর যদি পানি পান করতে চান তাহলে মাঝখানে বিরতি নিতে হবে অন্তত আধাঘণ্টার। বিশেষজ্ঞরা বলছেন, আমে আছে প্রচুর হাইড্রেটিং শক্তি যা তৃষ্ণা নিবারণে সাহায্য করে। তবে আপনি যদি আম খাওয়ার পরও তৃষ্ণার্ত অনুভব করেন সেক্ষেত্রে ত্রিশ মিনিট পর পানি পান করতে পারবেন। বেশিরভাগ  চিকিৎসক এবং ডায়েটিশিয়ানরা ফল ও পানির মধ্যে অন্তত আধাঘণ্টা বিরতি রাখার পরামর্শ দেন। আবার আপনি যদি খুব বেশি তৃষ্ণার্ত হন তবে এক-দুই চুমুক পানি পান করতে পারেন, সে হিসাব ভিন্ন।- মাহফুজুর রহমান রিদোয়ান"
p-45-a-18,বিদুৎ এর তারে হাত দিলে শক করে কেনো?,পদার্থবিজ্ঞান,1,0,81,https://www.sciencebee.com.bd/qna/30536/%E0%A6%AC%E0%A6%BF%E0%A6%A6%E0%A7%81%E0%A7%8E-%E0%A6%A4%E0%A6%BE%E0%A6%B0%E0%A7%87-%E0%A6%A6%E0%A6%BF%E0%A6%B2%E0%A7%87,"['বৈদ্যুতিক', 'তার', 'শক', 'কারেন্ট']","কারেন্ট বা বিদ্যুতের ধর্ম হলো পরিবাহী পদার্থের মধ্যে দিয়ে ভ্রমণ করা।এই পথে কোন প্রতিবন্ধক থাকলে বিকল্প পরিবাহকের মধ্যে দিয়ে ভ্রমণ চালিয়ে যাওয়া।সকল প্রাণির দেহ বিদ্যুৎ পরিবাহী অর্থাৎ প্রাণিদেহের মধ্যে দিয়ে খুব সহজে বিদ্যুৎ যাওয়া আসা করতে পারে।কিন্তু আপনি বিদ্যতুতের তারকে ধরলেই যে শক খাবেন বেপারটি পুরোপুরি এমনও নয়,ধরুন &ndash; আপনি(১ম মাধ্যম) ডান হাতে শুধু পজেটিভ তার(২য় মাধ্যম)ধরলেন কিন্তু আপনার পা সরাসরি মাটি(৩য় মাধ্যম) বা অন্যকোন মাধ্যমে সংযুক্ত নেই,মানে আপনার পায়ে মোটা স্যান্ডেল আছে,এই স্যান্ডেল বিদ্যুৎ কুপরিবাহী তাই আপনার দেহের ভিতর দিয়ে কারেন্ট/বিদ্যুৎ ৩য় মাধ্যম বা মাটিতে যাবে না এতে আপনি করেন্ট শক খাবেন না।কিন্তু স্যান্ডেল না থাকলে বিদ্যুৎ ৩য় মাধ্যমে প্রবেশ করবে এবং বর্তনি পূর্ণ করবে ফলে আপনি শক খাবেন।তৃতীয় মাধ্যমে অল্প বিদ্যুত যাওয়ার সুযুগ পেলেও আপনি শক খাবেন।তবে, প্রাণিদেহ খুব অল্প মাত্রায় বিদ্যুৎ উৎপাদন করতে পারে (যেমন-একটি মানব দেহ মাত্র 10 থেকে 20 মিলিভোল্ট কারেন্ট/বিদ্যুৎ উৎপন্ন করতে পারে)।এর থেকে বেশি কারেন্ট/বিদ্যুৎ প্রাণিদেহে প্রবেশ করলেই দেহের পেশি বেশি সংবেদনশীল হয়ে পরে অর্থাৎ দেহের পেশি স্বাভাবিক  অবস্থার তুলনায় বেশি সংকুচিত হয়।পেশীর অতিসংবেদনশীলতার কারণে মানবদেহ বা প্রাণিদেহ দেহে ঝাকুনি হয় এই ঘটনাকে বলে কারেন্ট শক। এজন্য আমরা বুদ্যুতের তারে হাত দিলে শক অনুভব করি।"
p-45-a-19,বাংলাদেশে ঘন ঘন বজ্রপাত হওয়ার কারণ কি?,পরিবেশ,2,0,52,https://www.sciencebee.com.bd/qna/30534/%E0%A6%AC%E0%A6%BE%E0%A6%82%E0%A6%B2%E0%A6%BE%E0%A6%A6%E0%A7%87%E0%A6%B6%E0%A7%87-%E0%A6%AC%E0%A6%9C%E0%A7%8D%E0%A6%B0%E0%A6%AA%E0%A6%BE%E0%A6%A4,"['বজ্রপাত', 'বাংলাদেশ']","বাংলাদেশে বজ্রপাত নিয়ে গবেষণা করেছেন বাংলাদেশ কৃষি বিশ্ববিদ্যালয়ের পরিবেশ বিজ্ঞান বিভাগের অধ্যাপক ড. এম এ ফারুখ।তিনি বলছেন, ''বাংলাদেশে বজ্রপাতের মূল কারণ দেশটির ভৌগলিক অবস্থান। বাংলাদেশের একদিকে বঙ্গোপসাগর, এরপরই ভারত মহাসাগর। সেখান থেকে গরম আর আর্দ্র বাতাস আসছে। আবার উত্তরে রয়েছে পাহাড়ি এলাকা, কিছু দূরেই হিমালয় রয়েছে, যেখান থেকে ঠাণ্ডা বাতাস ঢুকছে। এই দুইটা বাতাসের সংমিশ্রণ বজ্রপাতের জন্য অনুকূল পরিবেশ তৈরি করছে''।তিনি বলেন, ''শীতের পর বঙ্গোপসাগর থেকে উষ্ণ বাতাস আসতে শুরু করে, অন্যদিকে হিমালয় থেকে আসে ঠাণ্ডা বাতাস। দক্ষিণের গরম আর উত্তরের ঠাণ্ডা বাতাসে অস্থিতিশীল বাতাস তৈরি হয় আর এর থেকে তৈরি হয় বজ্র মেঘের। এরকম একটি মেঘের সঙ্গে আরেকটি মেঘের ঘর্ষণে বজ্রের তৈরি হয়। এরকম উচ্চ ভোল্টের বৈদ্যুতিক তরঙ্গ যখন মাটিতে নেমে আসে, তখন সবচেয়ে কাছে যা পায়, তাতেই আঘাত করে।''source : BBC Bangla"
p-45-a-20,বাংলাদেশে ঘন ঘন বজ্রপাত হওয়ার কারণ কি?,পরিবেশ,2,0,52,https://www.sciencebee.com.bd/qna/30534/%E0%A6%AC%E0%A6%BE%E0%A6%82%E0%A6%B2%E0%A6%BE%E0%A6%A6%E0%A7%87%E0%A6%B6%E0%A7%87-%E0%A6%AC%E0%A6%9C%E0%A7%8D%E0%A6%B0%E0%A6%AA%E0%A6%BE%E0%A6%A4,"['বজ্রপাত', 'বাংলাদেশ']","সাধারণত কিউমুলোনিম্বাস মেঘ থেকে বজ্রপাত ও বৃষ্টি হয়। সেই কারণে এই মেঘকে বজ্রগর্ভ মেঘ বলা হয়। গত কয়েক বছর ধরে এপ্রিল থেকে জুন মাসে বাংলায় এই বজ্রগর্ভ মেঘের পরিমাণ বেড়েছে। তার একটা অন্যতম কারণ হচ্ছে, বাতাসে জলীয় বাষ্পের আধিক্য। তেমনই আর একটা কারণ, তাপমাত্রা বেড়ে যাওয়া।এই কিউমুলোনিম্বাস মেঘের গভীরতা সাধারণত খুবই বেশি। যেমনটা তার গভীরতা ছিল ১২ কিলোমিটার। এই ব্যাপারে ইন্ডিয়ান ইনস্টিটিউট অফ ট্রপিক্যাল মেটেরওলজির বিজ্ঞানী প্রমিত দেববর্মন বলেন, &ldquo;ক্লাইমেট চেঞ্জ হচ্ছে।পরিবেশে দূষণ বেড়ে যাওয়ায় তাপমাত্রা আগের থেকে অনেক বেশি থাকছে। এর ফলে বজ্রপাতের পরিমাণও বাড়ছে। এই বজ্রপাত সাধারণত অল্প জায়গায় মধ্যে &lsquo;ক্লাউড টু গ্রাউন্ড&rsquo; অর্থাৎ মেঘ থেকে মাটির দিকে হচ্ছে।&rdquo;তথ্যসুত্রেঃ গ্রিনপেজ-মাহফুজুর রহমান রিদোয়ান"
p-45-a-21,প্রায় সব যানবাহনের চাকা কালো হয় কেন?,বিবিধ,4,+1,210,https://www.sciencebee.com.bd/qna/30532/%E0%A6%AA%E0%A7%8D%E0%A6%B0%E0%A6%BE%E0%A7%9F-%E0%A6%AF%E0%A6%BE%E0%A6%A8%E0%A6%AC%E0%A6%BE%E0%A6%B9%E0%A6%A8%E0%A7%87%E0%A6%B0,"['কালো', 'টায়ার']","গাড়ির টায়ার কেন কালো হয়?প্রতিদিনই রাস্তায় হরেক রকম গাড়ির দেখা মেলে। আকার আকৃতি বা বর্ণে সেসবে থাকে নানা বৈচিত্র্য। যে কোনো গাড়ি বা যানবাহনের জন্য অত্যাবশ্যকীয় অংশ হচ্ছে এর চাকা। প্রায় সব গাড়ির চাকা তৈরি হয় রাবারের টায়ার ব্যবহার করে। গাড়ি যেমনই হোক, টায়ারের রঙটা কিন্তু সবসময় কালো হয়। কালো রঙের টায়ার তৈরির পিছনে আসলে কারণ কী?রাবারের প্রাকৃতিক রঙ হচ্ছে দুধসাদা। প্রথম দিককার টায়ারগুলো সাদা রঙেরই হতো। পরে এর স্থায়ীত্ব এবং কর্মদক্ষতা বৃদ্ধির জন্য তাতে কার্বন ব্ল্যাক মিশিয়ে টায়ার তৈরি শুরু হয়। কার্বন ব্ল্যাক হচ্ছে তেল বা গ্যাসের মতো জীবাশ্ম জ্বালানীর উপজাত। স্ট্যাবিলাইজিং পদার্থ হিসেবে এর পরিচিতি আছে। এটা অন্যন্য পলিমারের সাথে যুক্ত হয়ে টায়ারের ট্রেড যৌগ তৈরি করে। কার্বন ব্ল্যাক তাপ ও অতিবেগুনী রশ্মি শোষণ করে রাবারের গুণগত মান বজায় রাখতে সাহায্য করে। ফলে স্বায়ীত্ব বৃদ্ধি পায় টায়ারের।সাদা টায়ার যেখানে ৫ হাজার মাইল পর্যন্ত ঠিকঠাক থাকত। সেখানে কার্বন ব্ল্যাকের তৈরি টায়ার ৫০ হাজার মাইল বা তার বেশি পথও নির্বিঘ্নে ব্যবহার করা যায়। টায়ারের কালো রঙ কেবল এর শক্তি এবং স্থায়ীত্ব বৃদ্ধিই করে না, একইসঙ্গে এটা ড্রাইভিংয়ের নিরাপত্তাকেও প্রভাবিত করে। যেহেতু টায়ারে ভর দিয়েই গাড়ি চলে, তাই টায়ারকে গাড়ির সবচেয়ে গুরুত্বপূর্ণ অংশ হিসেবে বিবেচনা করা যেতে পারে। টায়ারের ওপর একটি গাড়ির হ্যন্ডেলিং, ত্বরণ বা ব্রেকিংসহ পুরো নিয়ন্ত্রণ ব্যবস্থা অনেকখানিই নির্ভর করে। টায়ার শক্তিশালী এবং দীর্ঘস্থায়ী হওয়ার কারণে যানবাহনের সার্বিক নিরাপত্তা বেড়ে যায়।এছাড়া কালো রঙের টায়ারের আরেকটা ভালো দিক হচ্ছে, এটা সহজে ময়লা হয় না। আবার পরিষ্কার করাও সহজ। সাদা বা অন্য রঙের টায়ারের গাড়ি যে বর্তমানে একেবারেই নেই এমন নয়। তবে, সেগুলো দৈনন্দিন জীবনে ব্যবহার করার জন্য উপযুক্ত নয়। এসব কারণে, নির্মাতা কোম্পানিগুলো সাধারণত কালো রঙের টায়ারই তৈরি করে।লেখা : আব্দুল্লাহ্&zwnj; আল মাকসুদসূত্র : লাইভ সায়েন্স"
p-45-a-22,প্রায় সব যানবাহনের চাকা কালো হয় কেন?,বিবিধ,4,+1,210,https://www.sciencebee.com.bd/qna/30532/%E0%A6%AA%E0%A7%8D%E0%A6%B0%E0%A6%BE%E0%A7%9F-%E0%A6%AF%E0%A6%BE%E0%A6%A8%E0%A6%AC%E0%A6%BE%E0%A6%B9%E0%A6%A8%E0%A7%87%E0%A6%B0,"['কালো', 'টায়ার']","কেন গাড়ির টায়ার কালো হয়?গাড়ির টায়ারের রং কালো হয় মূলত &lsquo;সুট&rsquo; এর কারণে। সুট হচ্ছে কার্বন জাতীয় জৈব, মিহি (গুড়াজাতীয়) , পদার্থ। অনেকে মনে করেন যে, এই সুট টায়ারের সাথে মিশিয়ে নিলে টায়ারের স্থায়ীত্ব বৃদ্ধি পায় , টায়ার হঠাৎ গরম হয়ে যাওয়া প্রতিহত হয় এবং টায়ার টেকসই হয়।সে যাই হোক, বর্তমানে গাড়ির টায়ার কালো হবার কারন হচ্ছে , কালো কার্বনের রাসায়নিক যৌগ। অন্যান্য পলিমারের সাথে যোগ করে এই কার্বন টায়ারের উপরিভাগে প্রলেপের মতো দেওয়া হয়। চালক এবং প্রস্তুতকারকদের কাছে এই কালো রং অনেক বেশি কাঙ্ক্ষিত রং হয়। তারা মনে করেন এই রং চাকার স্থায়িত্ব বৃদ্ধি করে আর চাকাকে আরো বেশি শক্তিশালী করে তোলে।collected"
p-45-a-23,প্রায় সব যানবাহনের চাকা কালো হয় কেন?,বিবিধ,4,+1,210,https://www.sciencebee.com.bd/qna/30532/%E0%A6%AA%E0%A7%8D%E0%A6%B0%E0%A6%BE%E0%A7%9F-%E0%A6%AF%E0%A6%BE%E0%A6%A8%E0%A6%AC%E0%A6%BE%E0%A6%B9%E0%A6%A8%E0%A7%87%E0%A6%B0,"['কালো', 'টায়ার']","টায়ারের রঙ কিছু ক্ষেত্রে আগে সাদা ছিল। টায়ার তৈরি হয় রাবার দিয়ে, যার রং হয় হালকা ধূসর। এর সঙ্গে টায়ার মজবুত করতে আগে মেশানো হতো জিঙ্ক অক্সাইড। যার ফলে টায়ার হয়ে যেত সাদা। পরবর্তীতে টায়ার কালো রঙ্গেরই দেখা যায়।টায়ারের এই রং বদলের বিষয়টি প্রথম লক্ষ্য করেন এক সাংবাদিক ডেভিড ট্রেসি। ডেট্রয়েডের &lsquo;ফোর্ড পিকিউ অ্যাভিনিউ প্লান্ট মিউজিয়াম&rsquo;-এ ফোর্ড গাড়ির একটি মডেলে দেখেন সাদা টায়ারের। খোঁজ নিলে জানতে পারেন টায়ার প্রস্তুতকারক সংস্থাগুলো ১৯১৭ সাল থেকে টায়ার প্রস্তুতকরণে কার্বন ব্লাকের ব্যবহার শুরু করেন।কার্বন ব্লাক হল মৌলিক কার্বন যা গ্যাস বা তেলের অসম্পূর্ণ জ্বলনের ফলে সৃষ্টি হয়। এটি টায়ারকে ইউভি রশ্মি থেকে রক্ষা করে, যার ফলে অতিরিক্ত গরমেও টায়ার ফেটে কোনো বিপত্তি ঘটে না। কার্বন ব্লাক ব্যবহারে টায়ারের কর্মক্ষমতাও বৃদ্ধি পায় আগের তুলনায়।কার্বন কার্বন ব্লাক হল মৌলিক কার্বন যা গ্যাস বা তেলের অসম্পূর্ণ জ্বলনের ফলে সৃষ্টি হয়। এটি টায়ারকে ইউভি রশ্মি থেকে রক্ষা করে, যার ফলে অতিরিক্ত গরমেও টায়ার ফেটে কোনো বিপত্তি ঘটে না। কার্বন ব্লাক ব্যবহারে টায়ারের কর্মক্ষমতাও বৃদ্ধি পায় আগের তুলনায়। হল মৌলিক কার্বন যা গ্যাস বা তেলের অসম্পূর্ণ জ্বলনের ফলে সৃষ্টি হয়। এটি টায়ারকে অতিবেগুনি রশ্মি থেকে রক্ষা করে। যার ফলে অতিরিক্ত গরমেও টায়ার ফেটে বিপত্তি ঘটে না।সংস্থাগুলোর দাবি, আগে যে সব টায়ারে কার্বন ব্লাক ব্যবহার করা হত না, সেগুলো পাঁচ হাজার কিলোমিটার পর্যন্ত ভালো অবস্থায় চলত। কার্বন ব্লাক ব্যবহার শুরু করার পর টায়ারগুলো এখন চলে প্রায় ৫০ হাজার কিলোমিটার।তবে কার্বন ব্লাক ব্যবহারের পিছনে রয়েছে অন্য একটি কারণও। প্রথম বিশ্বযুদ্ধের সময় বুলেট তৈরি করতে প্রয়োজন পড়েছিল প্রচুর পরিমাণে জিঙ্ক ওক্সাইডের। তাই টায়ার প্রস্তুতকারক সংস্থাগুলো এক রকম বাধ্য হয়েই কার্বন ব্লাকের ব্যবহার শুরু করেন।তবে এখনও কার্বন ব্লাকের সঙ্গে সামান্য পরিমাণ জিঙ্ক ওক্সাইড ব্যবহার করেই টায়ার তৈরি করা হয়। বর্তমানে প্রায় ৭০ শতাংশ কার্বন ব্লাকই টায়ার প্রস্তুত করাতে ব্যবহৃত হয়।তথ্য সংগ্রহেঃ মাহফুজুর রহমান রিদোয়ানকালেক্টেড ফ্রম জাগো নিউজ"
p-45-a-24,প্রায় সব যানবাহনের চাকা কালো হয় কেন?,বিবিধ,4,+1,210,https://www.sciencebee.com.bd/qna/30532/%E0%A6%AA%E0%A7%8D%E0%A6%B0%E0%A6%BE%E0%A7%9F-%E0%A6%AF%E0%A6%BE%E0%A6%A8%E0%A6%AC%E0%A6%BE%E0%A6%B9%E0%A6%A8%E0%A7%87%E0%A6%B0,"['কালো', 'টায়ার']","আপনি কি চাকা বুঝাতে চেয়েছেন নাকি টায়ার?কারণ গাড়ির টায়ার সাধারণত কালো হয়ে থাকে, চাকা নয়।"
p-45-a-25,হাইড্রোজেন পার-অক্সাইড কি কাজে ব্যবহার করা হয় ..?,রসায়ন,2,0,57,https://www.sciencebee.com.bd/qna/30530/%E0%A6%B9%E0%A6%BE%E0%A6%87%E0%A6%A1%E0%A7%8D%E0%A6%B0%E0%A7%8B%E0%A6%9C%E0%A7%87%E0%A6%A8,"['হাইড্রোজেন', 'পার', 'অক্সাইড', 'h2o2']",">>>হাইড্রোজেন পার-অক্সাইড কি?এটি একটি রাসায়নিক যৌগ। বিশুদ্ধ অবস্থায় এটি বর্ণহীন তরল। নানা কাজেই এর ব্যবহার রয়েছে। খুবই হালকা ঘনত্বের হাইড্রোজেন পার-অক্সাইড আপনার বাথরুম পরিষ্কার করা থেকে শুরু করে, কাপড় থেকে দাগ দূর করা, আপনার দাঁত সাদা করা সবকিছুর জন্য ব্যবহার করা যেতে পারে। নানা কাজে এই রাসায়নিক ব্যবহার হয়ে থাকলেও, সঠিকভাবে ব্যবহার না করলে এটি বিপজ্জনক হতে পারে। বিশেষ করে, এর উচ্চ ঘনত্ব বিপজ্জনক।হাইড্রোজেন পার-অক্সাইড উচ্চ ঘনত্বে একটি আক্রমণাত্মক অক্সিডাইজার এবং এটি মানুষের ত্বক সহ অনেক উপাদানকে ক্ষয় করে।>>>হাইড্রোজেন পার-অক্সাইড কী দাহ্য পদার্থ?হাইড্রোজেন পার-অক্সাইড দাহ্য পদার্থ নয়, তবে কিছুক্ষেত্রে এটি আগুনের তীব্রতা ঘটাতে পারে। এটি নিজ থেকে আগুন জ্বালাবে না, তবে অন্যান্য পদার্থের সঙ্গে মিলিত হলে আগুনের ঝুঁকি হতে পারে। বিশেষ করে, হাইড্রোজেন পার-অক্সাইড যদি বিশুদ্ধ বা মিশ্রিত আকারে হয় তাহলে বিভিন্ন ঝুঁকি সৃষ্টি করতে পারে, প্রধানটি হলো এটি জৈব যৌগের সংস্পর্শে বিস্ফোরক মিশ্রণ তৈরি করে।হাইড্রোজেন পার-অক্সাইড নিজে আগুনের জ্বালানি হিসেবে কাজ করে না কিন্তু এটি আগুনকে তীব্র করে তুলতে পারে। হাইড্রোজেন পার-অক্সাইডের সঙ্গে সম্পর্কিত আগুনের বিপদগুলো বুঝার জন্য আগে আগুনের জন্য প্রয়োজনীয় উপাদানগুলো জানা জরুরি।যেকোনো ধরনের আগুনের ৩টি জিনিস প্রয়োজন: তাপ, জ্বালানি এবং অক্সিজেন। আগুন লাগার জন্য এবং জ্বলতে থাকা চালিয়ে যাওয়ার জন্য সঠিক পরিমাণে এই তিনটি জিনিসেরই প্রয়োজন। এই উপাদানগুলোর যেকোনো একটি সরানো হলে আগুন নিভে যাবে। মূলত এভাবেই আগুন নিয়ন্ত্রণ করা হয় এবং নিভিয়ে ফেলা হয়।হাইড্রোজেন পার-অক্সাইড নিজে আগুন সৃষ্টি না করলেও, এটি একটি অক্সিডাইজার হিসেবে কাজ করে। অক্সিডাইজার হলো একটি রাসায়নিক যা অক্সিজেন বা অন্যান্য উপাদান (ফ্লোরিন বা ক্লোরিন) যোগ করে। যার মানে হলো, অক্সিজেন ছাড়াই আগুন জ্বলতে পারে যদি একটি অক্সিডাইজার উপস্থিত থাকে। অর্থাৎ অক্সিডাইজারগুলো আগুনকে ব্যাপকভাবে তীব্র করতে পারে এবং এমনকি বিস্ফোরণ ঘটাতে পারে। এ কারণে হাইড্রোজেন পার-অক্সাইডের অক্সিজেন আগুনের তীব্রতা বাড়াতে পারে এবং পর্যাপ্ত জ্বালানি এবং তাপ থাকলে আগুন জ্বলার সম্ভাবনা বেশি করে।credit: Kazi hasan Mujahid"
p-45-a-26,হাইড্রোজেন পার-অক্সাইড কি কাজে ব্যবহার করা হয় ..?,রসায়ন,2,0,57,https://www.sciencebee.com.bd/qna/30530/%E0%A6%B9%E0%A6%BE%E0%A6%87%E0%A6%A1%E0%A7%8D%E0%A6%B0%E0%A7%8B%E0%A6%9C%E0%A7%87%E0%A6%A8,"['হাইড্রোজেন', 'পার', 'অক্সাইড', 'h2o2']",হাইড্রোজেন পার অক্সাইডের কিছু ব্যবহারঃ১)পানি বিশুদ্ধিকরণ২) কন্টেক লেন্স পরিষ্কারে৩) ডেন্টাল ক্লিনিক এর বিভিন্ন যন্ত্রপাতি পরিষ্কারে৪) দাত সাদা করা৫) স্কিন কেয়ার ট্রিট্মেন্টে ব্যবহার৬) কাপড় সাদা করতে লন্ড্রিতে ব্যবহার৭) প্রাথমিক চিকিৎসা সাধারণ ব্যবহার8)  ফল এবং শাকসবজি দীর্ঘদিন সতেজ রাখতে৯) রকেটের জ্বালানি হিসেবে১০)ক্রমবর্ধমান মাশরুমে অক্সিজেন দিতেতবে এগুলো হাইড্রোজেন পার অক্সাইডের হালকা ঘনত্বের ব্যবহার। উচ্চ ঘনত্বের হাই ড্রোজেন পার অক্সাইড বিপদজনক।মাহফুজুর রহমান রিদোয়ান
p-45-a-27,গাছের কি মস্তিষ্ক আছে?,জীববিজ্ঞান,1,0,91,https://www.sciencebee.com.bd/qna/30526/%E0%A6%97%E0%A6%BE%E0%A6%9B%E0%A7%87%E0%A6%B0-%E0%A6%AE%E0%A6%B8%E0%A7%8D%E0%A6%A4%E0%A6%BF%E0%A6%B7%E0%A7%8D%E0%A6%95,"['প্রাণ', 'গাছ', 'উদ্ভিদ']","মূলত ব্যথা পাওয়ার অনুভূতি নির্ভর করে তার মস্তিষ্ক, স্নায়ুতন্ত্র ইত্যাদি আছে কি না তার ওপর। গাছের সেইরকম কিছু নেই। তাই এক অর্থে বলা যায়, গাছ আমাদের মতো ব্যথা অনুভব করে না। কিন্তু আঘাত করলে গাছ একধরনের প্রতিক্রিয়া প্রকাশ করে। একে যদি ব্যথা পাওয়া বলি, তাহলে গাছ অবশ্যই ব্যথা পায় (তবে এটাকে ঠিক ব্যাথা পাওয়া বলে কিনা সেটা নিয়ে যথেষ্ট মতবিরোধ আছে কেননা গাছের তো মস্তিষ্কই নেই!!) । একটা ডাল কেটে ফেললে গাছ এক ধরনের রাসায়নিক সংকেত বাতাসে ছড়িয়ে দেয়। এভাবে সে মূলত তার শাখা-প্রশাখা ও পার্শ্ববর্তী গাছপালাকে সতর্ক করে। এর ফলে গাছ তার কোষপুঞ্জের মাধ্যমে আত্মরক্ষাব্যবস্থা সক্রিয় করার চেষ্টা করে। তখন সে অন্যদিকে তার ডালপালা বিস্তৃত করে, যেন আবার বিপদে পড়তে না হয়।গাছের ব্যাথা পাওয়া নিয়ে সায়েন্স লাইভ এর একটা আর্টিকেল রয়েছে তবে সেটা এখনো পিয়ার রিভিউড হয়নি বলে এখানে তার লিংক দিলাম না। কেননা এতে করে অনেকেরই বিভ্রাত হওয়ার সম্ভাবনা আছে।"
